{"type": "FeatureCollection", "note_he": "גרסה 2 — פוליגונים המחושבים מנקודות מקורבות וגזורים לגבול המדינה האמיתי (לא תיבות מלבניות).", "features": [{"type": "Feature", "properties": {"id": "golan", "name_he": "רמת הגולן", "name_en": "Golan Heights", "color": "#8e6b4f"}, "geometry": {"type": "Polygon", "coordinates": [[[35.57328621427109, 32.726443699030405], [35.575669384648634, 32.71908506512594], [35.576080821756854, 32.71898971800157], [35.58123204821946, 32.72943006094432], [35.5851686192247, 32.73552509968448], [35.590366563621906, 32.74136786374622], [35.60310494958207, 32.75334959831889], [35.606323026050305, 32.75729421831931], [35.60832289929475, 32.76071777308219], [35.609634284692014, 32.76427902541455], [35.610341385946235, 32.76872584045782], [35.61030497794059, 32.773321357353055], [35.60928591108172, 32.783466347195436], [35.60915730204985, 32.78808030429592], [35.60970205717685, 32.793324294446954], [35.611044342156355, 32.79840877862753], [35.61780169993858, 32.81464554236524], [35.62260958985508, 32.82974278791133], [35.62498090523183, 32.83538617189482], [35.62692365586717, 32.83882115117952], [35.62924496717288, 32.842180418330145], [35.638013644876715, 32.85266197690702], [35.640924350279036, 32.85666807112064], [35.64306159893603, 32.86082885668333], [35.64418479062195, 32.86519245364033], [35.64428636148609, 32.86899566887926], [35.64368865887197, 32.87293873881385], [35.6422523846819, 32.87781422894599], [35.63717172203724, 32.891830361474874], [35.636118563983544, 32.89662922837973], [35.63574971640918, 32.90129123318877], [35.636143842593924, 32.90775153555689], [35.63755839648518, 32.91313157617161], [35.63824372595483, 32.91837188301503], [35.6381159611754, 32.93247697127488], [35.63845430281449, 32.93783294072851], [35.639698216775, 32.94366830274164], [35.643608126017654, 32.95564624966079], [35.64413960723122, 32.96015658925628], [35.643804834633684, 32.96417443012212], [35.64267312536997, 32.96845791654336], [35.64031892741028, 32.97393014919654], [35.62843543614346, 32.994297562952184], [35.62419330087763, 33.00352410804079], [35.622253798510286, 33.00963935882991], [35.618274204689314, 33.02580964010356], [35.613747489422124, 33.04059979519264], [35.61253294858791, 33.04725464213736], [35.61276604275311, 33.05264569408229], [35.61408034317788, 33.05689509394071], [35.61672248633093, 33.06148312955635], [35.62403547487932, 33.071545466706894], [35.62570205093379, 33.07489619135541], [35.6266303733459, 33.07771175055136], [35.62742713613175, 33.08369616295608], [35.627017142269345, 33.0955515775769], [35.62715706587882, 33.10019243637372], [35.62776224888098, 33.10412383985109], [35.629012712125125, 33.108092699072486], [35.630338546481454, 33.110978556579354], [35.632056997361545, 33.11366721275736], [35.63855446760538, 33.12157681468185], [35.64107232537779, 33.12526619502195], [35.64303942505828, 33.12935334509507], [35.646722912516665, 33.13954465934065], [35.64942272351497, 33.144020601213526], [35.6515162265205, 33.146180515604485], [35.65469381378573, 33.14847545244824], [35.66363327283333, 33.1530348428208], [35.66709036575475, 33.15512791446842], [35.669952281449696, 33.15765083633517], [35.67171168638177, 33.16005204377917], [35.672724668715006, 33.16207436201524], [35.67371763716986, 33.16502910691496], [35.675849892343464, 33.17634075558844], [35.677169664895445, 33.18089541969883], [35.67906608936215, 33.18503361298192], [35.68378350314504, 33.192642258267924], [35.68587482944825, 33.19663968911352], [35.687464567928245, 33.20099937783148], [35.69051479032021, 33.212566022376535], [35.691792056891714, 33.215315440858724], [35.69353556758853, 33.21772812747257], [35.69581567542239, 33.21975327170969], [35.69941316734915, 33.22174494407568], [35.7036884338912, 33.22324711255284], [35.71662652440972, 33.22675454681059], [35.720647222510124, 33.2284405702734], [35.72410336074758, 33.23053433141496], [35.72706559110725, 33.23298480380162], [35.73347820820895, 33.23936913557958], [35.73645663905393, 33.24180790761575], [35.74051208934165, 33.24438680447257], [35.750859864923875, 33.24976502173981], [35.75527515507169, 33.253002006449165], [35.75864978641016, 33.256990578076355], [35.762982846221604, 33.26487681234173], [35.76502056734955, 33.26799498584019], [35.766166919727326, 33.26925226419975], [35.769429921745186, 33.2717742293145], [35.775625, 33.264896], [35.79197000864534, 33.25530597118434], [35.79403062590297, 33.25032682098284], [35.79588085516439, 33.24327157856564], [35.79554154274429, 33.2419413835098], [35.79411883983782, 33.24165121771057], [35.79270738518081, 33.24215716481057], [35.791126269868414, 33.24370441496854], [35.79157086476644, 33.23896135117721], [35.79337032093028, 33.231758780299096], [35.797845650953576, 33.21963654668683], [35.79938287229832, 33.21461868729258], [35.80033484187848, 33.20955035616277], [35.80096814004944, 33.20169099540788], [35.801711459455774, 33.198677917819374], [35.803481303611214, 33.196221495784876], [35.808582778926805, 33.1920258802465], [35.81551511337008, 33.18547767098086], [35.820114763339994, 33.18211677222511], [35.82057465067129, 33.17833162648122], [35.82060751776015, 33.173952623194985], [35.820112535216055, 33.16951502278368], [35.81918729907123, 33.16502965948217], [35.81846036550106, 33.16292043254217], [35.81804693052184, 33.16398597883119], [35.81787376836725, 33.165860484266574], [35.81634292613077, 33.162251476659506], [35.815270797831545, 33.157231026811736], [35.81404130126831, 33.144056730233984], [35.81215352319946, 33.13895552006755], [35.80748580614129, 33.12968342873373], [35.80660023296771, 33.12655497059704], [35.80629374074838, 33.12267932499999], [35.80643424757196, 33.119707925], [35.80694826204594, 33.116736525], [35.80806249362179, 33.11315941897118], [35.80974340906555, 33.110092627718444], [35.81154867739228, 33.108670051558136], [35.81402560483023, 33.10739327077341], [35.816108977476276, 33.10690807498739], [35.81831814580524, 33.106778625208946], [35.823842535726115, 33.107539300912585], [35.848902, 33.098678], [35.845801, 33.085423], [35.85903, 32.99021], [35.864611, 32.97773], [35.888073, 32.944941], [35.874017, 32.922333], [35.866885, 32.920782], [35.849729, 32.895823], [35.83805, 32.866031], [35.841874, 32.853577], [35.834226, 32.827946], [35.784203, 32.777949], [35.75759, 32.744347], [35.75210886574297, 32.743125741305846], [35.745292667182824, 32.746446531699696], [35.74191772930163, 32.74777084654167], [35.73886129051535, 32.74832572104921], [35.73568397984984, 32.748147194533004], [35.73203252851526, 32.74714026622053], [35.72926770881007, 32.74601995490835], [35.720442986113675, 32.74049979324964], [35.71647455053739, 32.73848381526541], [35.71217833869413, 32.737082916980256], [35.703172241114075, 32.73505738897971], [35.699706256831874, 32.73367568935298], [35.696645018547116, 32.73153447455871], [35.69358499016784, 32.727813849589026], [35.69147487673646, 32.72388782714526], [35.686049430410314, 32.71169145797782], [35.652015, 32.686171], [35.63945616762933, 32.68066129995747], [35.636428820572085, 32.68144953932869], [35.632352375861366, 32.68374930572856], [35.62873039892216, 32.684865472136416], [35.624303026359385, 32.68540363997914], [35.61543911405089, 32.68568091763303], [35.6122024561468, 32.686324184509], [35.609600868743044, 32.68500908486338], [35.605799080248055, 32.6817886211314], [35.60228798864208, 32.67956477984764], [35.602768577326394, 32.68178379416154], [35.601623540692884, 32.685915395077195], [35.59971343983577, 32.690502090824936], [35.59754715432622, 32.69366772608676], [35.5959589875233, 32.695237512389944], [35.593533316725335, 32.69697842929618], [35.58525056062535, 32.70105175863651], [35.58266641128445, 32.70261155720799], [35.579887153028864, 32.70507665218862], [35.57809319953313, 32.70753953172597], [35.57580262118286, 32.71281967407897], [35.57191215014453, 32.72642586987941], [35.56822227486882, 32.734579309405106], [35.57109263108223, 32.73072448234573], [35.57229085663927, 32.728648868519386], [35.57328621427109, 32.726443699030405]]]}}, {"type": "Feature", "properties": {"id": "hula-valley", "name_he": "עמק החולה", "name_en": "Hula Valley", "color": "#6fae5f"}, "geometry": {"type": "Polygon", "coordinates": [[[35.525234985751865, 33.058372553143315], [35.525135119634854, 33.05009713431264], [35.52254442530719, 33.066522380211204], [35.52202973794567, 33.07486163931843], [35.52287240845715, 33.08299729474473], [35.526303878167305, 33.09900668629424], [35.526685400315515, 33.10345603397365], [35.52654526375915, 33.10798363045877], [35.52600789779693, 33.11181971535446], [35.52490815792029, 33.116491252337596], [35.51903623440088, 33.13389615287154], [35.51710248718759, 33.140946078956], [35.51572482176908, 33.14866368877153], [35.514718600410234, 33.158960408383244], [35.517656, 33.172886], [35.520033, 33.222185], [35.527784, 33.244251], [35.53688, 33.257868], [35.53844024221704, 33.26148799501316], [35.54249785999123, 33.260772914920736], [35.551496696283635, 33.25858977615241], [35.556746017454216, 33.257835552550254], [35.562745241649154, 33.257839778726094], [35.57399378701466, 33.258918157329916], [35.580233086857874, 33.25858419319522], [35.585042, 33.252209], [35.598064, 33.244251], [35.603852, 33.240091], [35.603970990468746, 33.24077661777956], [35.60700042596588, 33.235187600639826], [35.61521424410685, 33.22261310865711], [35.617258484785694, 33.21850481729485], [35.61854990709285, 33.21497821326165], [35.62003460117158, 33.20765046756135], [35.620989355364046, 33.19403110151351], [35.621755868282676, 33.1880635943672], [35.626611394113446, 33.16772050200896], [35.6290695872246, 33.1521673199248], [35.63040486935933, 33.1463420050825], [35.63191545721592, 33.14210030051466], [35.63431321386331, 33.13731049622253], [35.643257007010284, 33.124148606069326], [35.645998068199916, 33.119444627912735], [35.6480327689545, 33.11456405964742], [35.64929584771408, 33.10949058588332], [35.64992975996787, 33.10425982049278], [35.650809009800675, 33.08908179451104], [35.65340935295056, 33.07125447417057], [35.65395175261865, 33.06292126294562], [35.65356925349393, 33.049443971066125], [35.650413528774884, 33.03547236993896], [35.64882546102844, 33.0304987902629], [35.646675768307006, 33.02569369807932], [35.635698927203876, 33.00796532183884], [35.628689620438486, 32.993718113868454], [35.62605956522121, 32.989057130433636], [35.62336150416653, 32.98519512017861], [35.62021634557135, 32.98146723918575], [35.60997913487982, 32.97124642839589], [35.60286458333333, 32.972474419649714], [35.58901041666667, 32.97671857954826], [35.58317708333333, 32.97747414698877], [35.57953125, 32.97729945449372], [35.575885416666665, 32.97664648628826], [35.561711642458356, 32.972382621846926], [35.55483675887922, 32.98161245838699], [35.551566348870914, 32.9873785691723], [35.55030097635862, 32.99085772502141], [35.54946013347453, 32.99454914568463], [35.548033724002224, 33.01028330936955], [35.547329337617946, 33.014042958282644], [35.54624790316727, 33.017614083162584], [35.54376882458371, 33.02295349123921], [35.5363324027238, 33.03568264873034], [35.529404839984856, 33.05195570946611], [35.52721253670865, 33.05579376835432], [35.525234985751865, 33.058372553143315]]]}}, {"type": "Feature", "properties": {"id": "galilee-upper", "name_he": "הגליל העליון", "name_en": "Upper Galilee", "color": "#3f7d4f"}, "geometry": {"type": "MultiPolygon", "coordinates": [[[[35.07222788667438, 32.92633709129787], [35.07666500758745, 32.92968075339031], [35.07881695279089, 32.93178803089835], [35.08088853229644, 32.93511028013754], [35.081677617812815, 32.938160915240466], [35.08196990180018, 32.94311256765659], [35.08108089364354, 32.949201740595456], [35.07945814541545, 32.95462570602277], [35.07486134850327, 32.96714748118835], [35.078461, 32.998847], [35.09197, 33.031195], [35.096202, 33.05036], [35.092133, 33.067694], [35.096446, 33.071357], [35.101817, 33.077623], [35.106456, 33.080756], [35.09962, 33.087592], [35.104259, 33.088528], [35.105235, 33.089016], [35.169685345046666, 33.08495836126977], [35.17314110002836, 33.08272396584124], [35.17668790890497, 33.08104634476767], [35.18097854880807, 33.07958069896836], [35.18542167645535, 33.078599175235155], [35.191539820579024, 33.07917640093116], [35.19936148139638, 33.080847827727474], [35.20379270076304, 33.08130232816085], [35.20548123418774, 33.08120962489516], [35.206486223856494, 33.0806843734782], [35.207236529515086, 33.079826617582754], [35.209550425162845, 33.07898240594919], [35.209428204145276, 33.07823647332822], [35.20860148226285, 33.07717575924898], [35.20853405094152, 33.0764121899439], [35.20989104294881, 33.07495911523094], [35.21042131489753, 33.07277331772628], [35.211435288629566, 33.07066776239451], [35.21659166605039, 33.06407146647104], [35.21980001164843, 33.06128174293308], [35.22455143214252, 33.05893963987717], [35.230103375504626, 33.05710708174055], [35.235460589583695, 33.05648553001613], [35.23971133481008, 33.05647504650213], [35.247989700642485, 33.05735923687677], [35.251117657181936, 33.057131868132856], [35.25595457136106, 33.056267882994355], [35.26581924894426, 33.05385153083755], [35.27062461901278, 33.05310132344252], [35.27525445169344, 33.05298426903548], [35.280827185597985, 33.05360496208594], [35.274662360255235, 33.05195706045046], [35.28029550127445, 33.05033775251255], [35.27368550270742, 33.05063688256898], [35.27181808698385, 33.05144062711555], [35.2732144822565, 33.05067998359601], [35.271810295707674, 33.050838395838866], [35.272270188933334, 33.049768451081725], [35.270127763197955, 33.051070429996756], [35.26835312315287, 33.05115888261558], [35.27248203575575, 33.049264818973995], [35.27415494332944, 33.04368684431597], [35.27383236531538, 33.04356098917436], [35.27236226187091, 33.04427582964489], [35.26832486115371, 33.04725440776775], [35.2679932247805, 33.04727747831585], [35.2679228982362, 33.04694720500343], [35.269095866482495, 33.04365644934151], [35.27044323043712, 33.04126267197293], [35.27424139251293, 33.03590414284443], [35.278554979148076, 33.030902822883405], [35.28350800900999, 33.02657249125463], [35.289645571485266, 33.0237579602754], [35.30131495832023, 33.01550029615004], [35.305805623289004, 33.01282776349103], [35.31052882306197, 33.010598541931785], [35.31548455763914, 33.0088126314723], [35.32947127598944, 33.005538297835784], [35.336803265304695, 33.00629761449251], [35.34639735465646, 33.00680731842537], [35.351720867162406, 33.00782748961018], [35.357963406258456, 33.00999544248569], [35.359064036195846, 33.010628208612346], [35.36028182502119, 33.01181872620981], [35.36863100777599, 33.020953463179616], [35.37231909419696, 33.02436638256495], [35.37684508253109, 33.02732823881075], [35.381623736727946, 33.02913567943822], [35.38587527764704, 33.02997420802268], [35.39165599834162, 33.03058052708058], [35.4179220974477, 33.032185153383864], [35.42401386938221, 33.031184622996484], [35.43824349591099, 33.02702928917603], [35.44159118621914, 33.02657100330498], [35.444726469067156, 33.02670071476024], [35.4482998962844, 33.027819773225126], [35.45209353889606, 33.03053146096874], [35.45549115680983, 33.03433944478097], [35.46116162714588, 33.04180817955113], [35.46058912798724, 33.042504353333506], [35.45596815940301, 33.043001331349124], [35.46116086363732, 33.0434332609204], [35.4731944566458, 33.04181351697977], [35.478795752123915, 33.041922256236006], [35.49701169683205, 33.04831431355893], [35.50068384458832, 33.050415461680174], [35.50159205368195, 33.04505815276981], [35.50186645540961, 33.040603836478866], [35.50064403160242, 33.023149907847255], [35.5007906959617, 33.01867430199492], [35.50136050508392, 33.015019228588365], [35.502375449351476, 33.01143834437272], [35.503801538999674, 33.007925984387235], [35.51053387777746, 32.99554789111337], [35.51248605371416, 32.99137320385721], [35.514128410127974, 32.98639687169522], [35.51492433792058, 32.982029476415015], [35.515221509550415, 32.97532893015162], [35.51463183781156, 32.961730501791635], [35.51441215267767, 32.948193737865836], [35.5141101699339, 32.954377676806644], [35.514502092134094, 32.96250328021452], [35.51425829356265, 32.963381067242345], [35.51378633284313, 32.96358380726262], [35.50669845512766, 32.95890406190985], [35.503467154214846, 32.956407870261], [35.50033318654456, 32.95304064356982], [35.498510574857995, 32.94984010730782], [35.49757587924199, 32.94701798143165], [35.49704103512349, 32.94399592980672], [35.496517804069924, 32.93192201901767], [35.49559757508934, 32.92580318613956], [35.49396426404154, 32.920863262716054], [35.489941935367746, 32.91218363757926], [35.48835835334254, 32.90804121806559], [35.48719262174063, 32.9036898733402], [35.485494907417674, 32.89467030944903], [35.48433134098037, 32.89064229005724], [35.495875, 32.89337906508804], [35.484625, 32.886257915772745], [35.47984721480431, 32.88373055974082], [35.47724340475053, 32.88152632394054], [35.4744335673692, 32.87964176894698], [35.46309193518935, 32.87297705872109], [35.47012439258537, 32.88139019683739], [35.460625, 32.881013133151356], [35.455375, 32.88016899323529], [35.449374999999996, 32.87801695492661], [35.440374999999996, 32.87338419417694], [35.436625, 32.871763063691034], [35.432874999999996, 32.87080316201405], [35.429125, 32.87074774416274], [35.425374999999995, 32.87170693209188], [35.421625000000006, 32.87362285918527], [35.417875, 32.87628357548306], [35.408875, 32.88356645717259], [35.40437500000001, 32.88639790676686], [35.399875, 32.88802473475499], [35.395375, 32.8883142395068], [35.390125000000005, 32.887221060387894], [35.38037500000001, 32.8835266401367], [35.375875, 32.88217602530003], [35.370625, 32.8812964536837], [35.359375, 32.88040826521881], [35.35637500000001, 32.87974909651477], [35.353375, 32.878682272857525], [35.35037500000001, 32.877151161392604], [35.346624999999996, 32.87459542472803], [35.335375, 32.86465438775617], [35.331625, 32.86172827085672], [35.327875, 32.85958077285325], [35.324125, 32.85843620638154], [35.320375000000006, 32.85836550212871], [35.316624999999995, 32.85926871393923], [35.312875, 32.86090272211909], [35.303125, 32.86602208290791], [35.300125, 32.86716051369909], [35.297125, 32.86788776055578], [35.294125, 32.86817520500421], [35.291125, 32.86805661955835], [35.279125, 32.86577093272687], [35.27312500000001, 32.865420606750384], [35.267875000000004, 32.86617872903142], [35.25662500000001, 32.8693932363871], [35.251375, 32.870019938860864], [35.247625000000006, 32.86962912942301], [35.243875, 32.86848598643544], [35.240125000000006, 32.8667089290721], [35.231875, 32.862026723318614], [35.228125000000006, 32.860383335298565], [35.224375, 32.859543644654174], [35.221375, 32.85960136875823], [35.217625000000005, 32.860653767450295], [35.213875, 32.86272458398504], [35.210125000000005, 32.86559872750775], [35.204125000000005, 32.87102297314574], [35.203366403910906, 32.87232970128483], [35.20335780782182, 32.872940326216266], [35.20518397266103, 32.87618362332184], [35.204785757662364, 32.87737142240847], [35.20065802962266, 32.881551701189466], [35.19087074126071, 32.89004917987495], [35.180902058345836, 32.90036868388755], [35.17779553512711, 32.90288015916003], [35.17447670780402, 32.90475472211921], [35.169446811371536, 32.90622849572185], [35.15794111911107, 32.90720455372615], [35.152843959386324, 32.90847653745188], [35.14815411074778, 32.910970454436246], [35.13807107326781, 32.918580685767736], [35.13464859237055, 32.920144288004664], [35.13170596620067, 32.92078124543774], [35.12857012115005, 32.920838546228744], [35.1252586159745, 32.920368866645084], [35.10859721234867, 32.91534262649609], [35.103519513793465, 32.914306784744774], [35.09755918994017, 32.91357158465724], [35.09538905722585, 32.91710037068534], [35.09189860028875, 32.92421192341595], [35.09037904805672, 32.926229652661064], [35.08852996980997, 32.92775915170317], [35.08635136554849, 32.92880042054228], [35.08384323527229, 32.92935345917839], [35.08000124609241, 32.9296631496847], [35.07866738718872, 32.9294198015549], [35.07222788667438, 32.92633709129787]]], [[[35.514384250247666, 33.1454209434708], [35.513230005250435, 33.15190329284802], [35.51530945094157, 33.16176150607339], [35.51608271398655, 33.161782369543694], [35.5166015571987, 33.161058590915445], [35.51697569186092, 33.15967189247852], [35.51727686934165, 33.1564234949263], [35.514384250247666, 33.1454209434708]]]]}}, {"type": "Feature", "properties": {"id": "galilee-lower", "name_he": "הגליל התחתון", "name_en": "Lower Galilee", "color": "#5a9a63"}, "geometry": {"type": "MultiPolygon", "coordinates": [[[[35.06042830493497, 32.83681801411802], [35.06664302375527, 32.83651532996656], [35.07113765099376, 32.835467032398086], [35.075632278232256, 32.83373947804843], [35.08611974178874, 32.82883087159206], [35.09211257810673, 32.82695511467412], [35.09810541442472, 32.82633014702122], [35.1100910870607, 32.826588808033456], [35.113087505219696, 32.82620365152918], [35.116083923378696, 32.82540521836681], [35.119080341537696, 32.82414497739998], [35.12282586423644, 32.82194009372494], [35.13406243233267, 32.81308585778209], [35.13855705957116, 32.81001157032156], [35.143051686809656, 32.808008870325416], [35.1467972095084, 32.80737631890796], [35.15054273220714, 32.807701845638015], [35.15428825490589, 32.808859651956546], [35.167023032081616, 32.81546903084333], [35.17226676385987, 32.817734754081194], [35.17676139109835, 32.8191167020677], [35.18724885465484, 32.82160346983887], [35.19249258643308, 32.823579747392294], [35.195489004592076, 32.825162259569176], [35.19923452729082, 32.82761803383049], [35.209721990847314, 32.83590407630258], [35.21346751354605, 32.83849953875256], [35.217962140784536, 32.840701920599955], [35.221707663483286, 32.841546053514264], [35.22470408164229, 32.84153012622858], [35.22844960434103, 32.8407173394489], [35.23219512703977, 32.839217852097406], [35.24343169513601, 32.83381528534122], [35.2479263223745, 32.83258986268012], [35.25167184507325, 32.83229818768221], [35.25616647231173, 32.83276408593059], [35.26740304040797, 32.83559305421451], [35.27339587672596, 32.836374937032865], [35.27863960850421, 32.83611774788123], [35.29062528114018, 32.83408005931419], [35.29661811745818, 32.83411200999362], [35.30261095377617, 32.835636849999695], [35.313098417332654, 32.840458173797415], [35.316843940031404, 32.841871241030475], [35.32058946273014, 32.84262407684632], [35.32433498542889, 32.8425089755674], [35.32808050812763, 32.84144592088837], [35.33182603082638, 32.839505689591874], [35.33557155352513, 32.836892358906894], [35.3460590170816, 32.828641220591834], [35.34980453978035, 32.82629542880822], [35.3535500624791, 32.82457127818818], [35.35954289879709, 32.82308749560598], [35.370779466893325, 32.822311718286386], [35.37527409413181, 32.82167096799638], [35.38051782591005, 32.82030889309247], [35.39025618492679, 32.81705036927892], [35.39549991670503, 32.816112187581865], [35.39999454394352, 32.81639902069693], [35.40224185756277, 32.8169861838499], [35.405238275721764, 32.81822077140015], [35.40973290296026, 32.82088652652941], [35.419471261976994, 32.82782122571334], [35.42471499375524, 32.830565841784335], [35.42920962099373, 32.83166251875191], [35.431456934612974, 32.831726774456115], [35.43445335277197, 32.83133667662019], [35.43894798001047, 32.82991774307667], [35.44793723448745, 32.825829079025], [35.45243186172594, 32.82411686553979], [35.45692648896444, 32.82301862016493], [35.4624008493244, 32.822476801933995], [35.469258039517705, 32.8105766415981], [35.47150880204063, 32.80577126200939], [35.47299667503651, 32.80078983099136], [35.47373555340587, 32.795635555059455], [35.47425905069075, 32.78282473819358], [35.47497979430217, 32.77690559355693], [35.476336043595964, 32.771133104077705], [35.480867550299074, 32.75620447741944], [35.48304685689888, 32.74333162765896], [35.47548780497359, 32.735038275140184], [35.47190279132914, 32.73160804774555], [35.468136686148775, 32.72876636784257], [35.45897310927478, 32.723357775291824], [35.45453244528629, 32.72019482455866], [35.450325767625856, 32.716271418259424], [35.44161712446153, 32.7068707041957], [35.43916756005653, 32.7047774406858], [35.43660046472541, 32.7030661526859], [35.43390439540491, 32.701774030151434], [35.43036420921298, 32.70071170049261], [35.414735338252875, 32.698720205025985], [35.40047321189867, 32.69480037654672], [35.39811640823336, 32.69463480859388], [35.39696258652891, 32.69589628885475], [35.395875, 32.6965958512386], [35.384625, 32.702246099870806], [35.380874999999996, 32.70341155431399], [35.377125, 32.70376201618148], [35.374125, 32.703376040890426], [35.370374999999996, 32.702091066835216], [35.366625, 32.70008017250043], [35.355375, 32.69285706692916], [35.35162499999999, 32.69118637425535], [35.347874999999995, 32.69026248108458], [35.344874999999995, 32.69008525832575], [35.341874999999995, 32.690354108919], [35.329125, 32.69358254959026], [35.323875, 32.69424891958978], [35.318625000000004, 32.69400835925946], [35.308125000000004, 32.692337922711324], [35.303625000000004, 32.69225719411186], [35.299875, 32.692892155535404], [35.295375, 32.6945937582174], [35.291625, 32.69667929323053], [35.283375, 32.70204444513633], [35.278875, 32.704364939883575], [35.275125, 32.70546494728154], [35.271375, 32.70560957434482], [35.268375, 32.70501912632242], [35.264625, 32.70350084739182], [35.251875, 32.69554217474395], [35.245875, 32.69280014885267], [35.242875, 32.69201375574182], [35.239875, 32.69159612164498], [35.227875, 32.69149501273993], [35.221875, 32.69060109705718], [35.216625, 32.688759904920445], [35.205375, 32.683288061075025], [35.200874999999996, 32.68183021912056], [35.196374999999996, 32.68143622783907], [35.192625, 32.682027674261725], [35.188125, 32.68371038560637], [35.176125, 32.68975689271466], [35.171625000000006, 32.69092226340658], [35.167875, 32.69095733553017], [35.164875, 32.69034608093755], [35.161875, 32.68922696604936], [35.149125000000005, 32.681988489492426], [35.143125000000005, 32.6794748123892], [35.137125000000005, 32.67839043913254], [35.126625, 32.6783126770443], [35.121375, 32.677743346699906], [35.11837500000001, 32.67697357382772], [35.114625, 32.675530875487084], [35.104125, 32.670022243290106], [35.10227526157348, 32.66934686621545], [35.09995920524494, 32.66878696160778], [35.09752682582029, 32.66859121013161], [35.0930466468959, 32.66922908815827], [35.08946950566448, 32.67050154024927], [35.08568713056011, 32.673107903308235], [35.082766317928076, 32.67597337238884], [35.07546208060077, 32.684293218546486], [35.071369889956564, 32.68829571638132], [35.05976611182663, 32.69767042850316], [35.050229719871766, 32.70627055496412], [35.0471045693444, 32.70852301035878], [35.04445652377955, 32.709881199245615], [35.04090852087553, 32.71086509751032], [35.03627758121411, 32.71092576689813], [35.03130080772812, 32.70994893481227], [35.01930760228243, 32.70652745801008], [35.01525568333562, 32.7059996081464], [35.01143899353117, 32.7061774457098], [35.00647384508651, 32.70756107014328], [34.99777086226103, 32.71168467980637], [34.99360522483599, 32.713141255903295], [34.98844482663827, 32.71393913107761], [34.982206430977854, 32.71382859525916], [34.979821144278986, 32.71446936697562], [34.97637124176073, 32.71611024993045], [34.97514513402434, 32.71731188363903], [34.9745509467881, 32.718769695673956], [34.97458868005201, 32.72048368603525], [34.97589393984311, 32.72407196750402], [34.977063008686144, 32.726252025346554], [34.98615788516752, 32.736640281025096], [34.98906002812502, 32.73932356001359], [34.992331327187685, 32.74180806263777], [35.00537948510752, 32.75006762831098], [35.00782502485996, 32.75214757629371], [35.009866810889235, 32.75444493012736], [35.01146294909897, 32.75698224817152], [35.012859035408354, 32.760476480739776], [35.01372773398624, 32.764254691317305], [35.01533354432771, 32.77442954972095], [35.017251994041686, 32.780190092496866], [35.01987651337325, 32.784721249670184], [35.026346324594364, 32.79312622494716], [35.02882112461881, 32.79688880593887], [35.03089239754768, 32.8008686707513], [35.03452217804393, 32.80910450480156], [35.036332792473985, 32.81237552992021], [35.038571785940306, 32.81541588940396], [35.04129991558515, 32.818192867868504], [35.051893651980194, 32.8260756565919], [35.05492361056592, 32.828690111780595], [35.05785514237091, 32.8322067602751], [35.05875983118064, 32.833784579447325], [35.058832359476646, 32.83443116151525], [35.05861646583199, 32.83437633427492], [35.06042830493497, 32.83681801411802]]], [[[35.47373917137772, 32.82184305284657], [35.47865052061716, 32.82061340181298], [35.4823960433159, 32.81907242621001], [35.49587992503138, 32.81163934019359], [35.48341675943151, 32.81580986736931], [35.47840794934132, 32.81842092195482], [35.47373917137772, 32.82184305284657]]]]}}, {"type": "Feature", "properties": {"id": "jezreel-valley", "name_he": "עמק יזרעאל", "name_en": "Jezreel Valley", "color": "#c9b458"}, "geometry": {"type": "Polygon", "coordinates": [[[35.399153285599375, 32.66657462640862], [35.40254656984217, 32.66631291376055], [35.406134289823186, 32.66537821886344], [35.41780692496009, 32.65992260075299], [35.42277034942815, 32.65835669937387], [35.425720510094706, 32.65795554374377], [35.42875372212238, 32.65791427734515], [35.4420536106018, 32.65951009038563], [35.44809854208577, 32.659334423112426], [35.45383363549895, 32.657816124199186], [35.46561046107994, 32.65281199801306], [35.47067044895451, 32.651664538062136], [35.476726586009676, 32.651537428264156], [35.489255432087404, 32.65308835386021], [35.495405811167316, 32.6533696261695], [35.51184705454171, 32.652096495606656], [35.52625365191474, 32.65189545459352], [35.529762526910574, 32.651112105623504], [35.53052493484005, 32.65062617903775], [35.53147419097056, 32.649043986278215], [35.53263577364867, 32.63947712504825], [35.53258143670509, 32.63404342613133], [35.531626137159336, 32.61875858742363], [35.531910108126226, 32.61322339613356], [35.53334304816647, 32.599557799835765], [35.533325771234686, 32.59567012577245], [35.53298166765761, 32.592659071131294], [35.531828929505274, 32.588333464005565], [35.52993769028191, 32.584229407201136], [35.522126237358904, 32.572558557363756], [35.51922401645376, 32.56720065220673], [35.517911478483015, 32.5637015564551], [35.516976610260905, 32.56008915977887], [35.515436524871156, 32.549651185395795], [35.511922937485394, 32.54206411844451], [35.51021413190552, 32.53997118063248], [35.50814043641492, 32.538371444717335], [35.5057018510136, 32.53726491069909], [35.49880239269328, 32.536097975423004], [35.49750988499706, 32.536157704389616], [35.49041636531138, 32.538663225579775], [35.48573734499439, 32.5399169663166], [35.481905305424085, 32.540402216703974], [35.478151910018305, 32.54023209905382], [35.47520819204577, 32.539604351999536], [35.47231093277671, 32.538589449082934], [35.46015712861117, 32.53294654728789], [35.456487068584806, 32.53208196814252], [35.45271980786499, 32.53202739477584], [35.4496304641497, 32.53261319557794], [35.44568181503833, 32.53407019214093], [35.43193580268899, 32.54169569187744], [35.42558184508089, 32.544327878294226], [35.420168656590434, 32.54541000460355], [35.408053367775246, 32.5457358240952], [35.402672089548766, 32.546552031538006], [35.39637351856178, 32.54872266277886], [35.38675647933173, 32.55338846588644], [35.382786385674606, 32.55502416699726], [35.37889372624792, 32.556014582854765], [35.37510350587486, 32.556151339931645], [35.37142474346709, 32.55535928063141], [35.367848757536535, 32.553710750687785], [35.36434966959268, 32.551421404188005], [35.35464602704303, 32.5442295365461], [35.35110917040798, 32.542254929139865], [35.34750356240616, 32.540853249789876], [35.342346743279975, 32.539798964730345], [35.3303600589853, 32.53905307988439], [35.32443675620186, 32.53809647609561], [35.304799183403595, 32.53192148750978], [35.2988874837511, 32.5308681909631], [35.28697188566501, 32.52952992104559], [35.28107375552385, 32.52836354523775], [35.26219235106531, 32.522176836360515], [35.251091386317626, 32.519344569431325], [35.233618006820464, 32.51859573702058], [35.21537393258268, 32.52006787051372], [35.21063955083851, 32.51985802660457], [35.198563217359975, 32.51853215310471], [35.19546994780663, 32.518602206974485], [35.19251080654151, 32.519119355138386], [35.189039537133965, 32.5205246475894], [35.18582948381288, 32.52280066032864], [35.18284135435354, 32.52581641927373], [35.17603446101181, 32.53426963194412], [35.17307821259132, 32.53739166101869], [35.169267259182554, 32.54025991156091], [35.165838643747286, 32.54180738391953], [35.16070229210941, 32.542852878459954], [35.14764684868984, 32.54345378134706], [35.13112609871237, 32.54547985285077], [35.1248344474378, 32.545269586697444], [35.11187718627536, 32.543602525679766], [35.10646225963181, 32.543719436867946], [35.10351677181176, 32.5442820965154], [35.10068034307177, 32.54520828642972], [35.0891764481242, 32.55098101755682], [35.08422482692052, 32.55264228021126], [35.079740924572725, 32.55326736762338], [35.06724623800642, 32.55314222192619], [35.061993917678485, 32.553801154166365], [35.056371120286414, 32.555820400954744], [35.04838014508635, 32.56032667409736], [35.04139944789828, 32.56371468081495], [35.032019186194006, 32.56983168619401], [35.020648364837605, 32.5740858648376], [35.01648752830406, 32.576175028304064], [35.01307586895286, 32.57901336895287], [35.01012721176939, 32.583356378436044], [35.00545688404722, 32.595352717380536], [35.003815915773544, 32.59892008244023], [35.00151381888888, 32.60286798555556], [34.996466989598424, 32.61032115626511], [34.99425522590187, 32.61435939256853], [34.99245885332064, 32.618813019987314], [34.98895423761737, 32.629891737617356], [34.98766913720253, 32.6327733038692], [34.98608071017151, 32.63535154350483], [34.98414795803586, 32.63758545803586], [34.98188212108141, 32.63948628774808], [34.9712415987698, 32.645512432103125], [34.96656088260634, 32.64916504927301], [34.96330802941589, 32.65320386274923], [34.95862578751425, 32.66102162084758], [34.95600409575272, 32.66464992908605], [34.95232724044526, 32.66826474044525], [34.94745045669487, 32.6717212900282], [34.94462321641845, 32.67497948275174], [34.94337178145115, 32.67674333645104], [34.9426690487332, 32.67855599295975], [34.942515018264615, 32.680417452277865], [34.9429096900454, 32.682327714405375], [34.944676371379956, 32.68589902487039], [34.94809676993001, 32.69107815784662], [34.94947644596731, 32.69371987140688], [34.95392869235431, 32.70692480426367], [34.95560447999778, 32.710263551766374], [34.95733498138261, 32.71264214631597], [34.959437794284256, 32.71474150722796], [34.9618808370084, 32.716585695773105], [34.97107807485275, 32.72163629680161], [34.97547683198474, 32.72445593922444], [34.97825773211451, 32.72537826527493], [34.979712216454494, 32.72539938964725], [34.983617836997695, 32.72450759165271], [34.98956302720556, 32.721785899133565], [34.994659324526516, 32.72006652454968], [35.00870407172218, 32.71762502258646], [35.01455452541905, 32.71593421902772], [35.020289845683216, 32.713034514425544], [35.0301532166734, 32.70613891691471], [35.03370332973099, 32.70396474940951], [35.03731180389786, 32.70240337355158], [35.04099858026322, 32.70166417077793], [35.04477108379203, 32.701825103220536], [35.0486234780937, 32.70282488877824], [35.05253751010109, 32.704471870245875], [35.06279215996273, 32.709574771807254], [35.06899901504758, 32.71162618282224], [35.07506605176213, 32.71220950094917], [35.086256309652626, 32.711356144969635], [35.09153815918484, 32.711585068603924], [35.09691015903482, 32.7127605705749], [35.11010720367034, 32.717198333574075], [35.113910011973985, 32.71767746615232], [35.11689265123731, 32.71743489472928], [35.12053700344623, 32.716250238313094], [35.12409067518126, 32.71411343692093], [35.1275704567044, 32.71120078830404], [35.13857871094045, 32.70054632303081], [35.14209933933765, 32.69806256659147], [35.14569494524813, 32.69636607404155], [35.148626165924185, 32.695583607452306], [35.15234869184403, 32.695219775000645], [35.163682912097485, 32.695878023832165], [35.169668895267876, 32.69561027974541], [35.174828816602066, 32.69455895730039], [35.185787980647405, 32.69127911594676], [35.19170806680793, 32.69031945325628], [35.19697011655599, 32.69034047915708], [35.20987407371386, 32.69170082364101], [35.213617403442484, 32.6915554311816], [35.216573461940534, 32.69103376172314], [35.2202156121579, 32.689825984395554], [35.22451342310735, 32.68761257383275], [35.23858508160994, 32.67756356967036], [35.245707666036594, 32.67344999693033], [35.2536895010036, 32.67046848394211], [35.26326813048774, 32.66847317153977], [35.27147598223626, 32.66786483475733], [35.27905329731241, 32.66852593383706], [35.28598357305547, 32.670283190841346], [35.29921817477843, 32.67511530325858], [35.30462979566008, 32.676706826062045], [35.31074136273804, 32.67775771300482], [35.318280706022236, 32.67802010826899], [35.33925332318064, 32.6773106026167], [35.34370817585768, 32.67674613019357], [35.34737987060256, 32.67584857040484], [35.3510053449987, 32.67446569695434], [35.3545841976394, 32.67259329507187], [35.36516977338871, 32.665390776609826], [35.36872452585821, 32.6632653229296], [35.372333101083015, 32.66170500818004], [35.37526990816173, 32.66098119881881], [35.37900873644606, 32.66078854119434], [35.38281735930882, 32.661328726643404], [35.38667874182605, 32.66242288846439], [35.397529446306464, 32.666290125387526], [35.399153285599375, 32.66657462640862]]]}}, {"type": "Feature", "properties": {"id": "carmel", "name_he": "הכרמל", "name_en": "Mount Carmel", "color": "#4f6d3f"}, "geometry": {"type": "Polygon", "coordinates": [[[34.92167537036158, 32.62249669746703], [34.92110359967255, 32.62437781253948], [34.921091041820794, 32.62792001115935], [34.919119, 32.642971], [34.942068, 32.724514], [34.94752, 32.814154], [34.955577, 32.834377], [34.956334937732656, 32.83473319460088], [34.960334161059876, 32.83367939341621], [34.971739189198146, 32.826156763598235], [34.984392277566315, 32.819567994523716], [34.988892942987086, 32.816786356112985], [34.991927491645924, 32.81440300435073], [34.99480357967526, 32.81167103920355], [35.005796149104555, 32.79961725670113], [35.00876461046616, 32.79708851288494], [35.01189289550136, 32.79491138115069], [35.02654260572966, 32.7872795648814], [35.0389543966231, 32.78015994136244], [35.04373816375944, 32.77800112672601], [35.04553040012912, 32.77757631089168], [35.04395461860196, 32.76960448972433], [35.04184510015675, 32.7525955751775], [35.0404028651393, 32.745321561036235], [35.0378261209034, 32.73754867295391], [35.03105989257625, 32.721614383764454], [35.029596595204694, 32.716627281448496], [35.02877373505112, 32.71225306968906], [35.028206300925234, 32.70477717841896], [35.02827949790816, 32.68802524407248], [35.02761003881353, 32.66916264061569], [35.02822017867339, 32.65124336085313], [35.02712637275078, 32.64666896047613], [35.02633243088889, 32.645125702764346], [35.02524700245187, 32.64381492692427], [35.0222016858524, 32.6418908208592], [35.01790205429216, 32.640124104740444], [35.011238682158776, 32.638978202327905], [34.99651616438776, 32.638743737755114], [34.989791625697215, 32.63780172386643], [34.983446119837794, 32.63559626720734], [34.96984078281757, 32.62904262870336], [34.9655957802289, 32.627621208760814], [34.960497009935686, 32.62645044307154], [34.93372783758127, 32.62225244615767], [34.9275763323218, 32.62199555892732], [34.92167537036158, 32.62249669746703]]]}}, {"type": "Feature", "properties": {"id": "sharon", "name_he": "השרון", "name_en": "Sharon Plain", "color": "#e0c568"}, "geometry": {"type": "Polygon", "coordinates": [[[34.820136261979776, 32.196154516811525], [34.823665485840685, 32.21417188274828], [34.82489310300482, 32.218418022235994], [34.82631127200541, 32.22180763108621], [34.82983720842041, 32.22754234504933], [34.83926304657908, 32.23890234119018], [34.84301652390653, 32.24455134858287], [34.84556111738831, 32.24987094299613], [34.85092715432735, 32.26354487842819], [34.857000883889825, 32.27425454464184], [34.86317031322006, 32.28718197908332], [34.86577764303007, 32.2949217638395], [34.86878420613107, 32.30940626635719], [34.8703308505668, 32.31511829675748], [34.87240419219266, 32.32070513545511], [34.877909880338045, 32.3330757021223], [34.87979954112055, 32.33870620028486], [34.88071676668933, 32.343047924659444], [34.88120064170145, 32.3474926529897], [34.88137101620332, 32.36265129481649], [34.88181581807258, 32.36862522436792], [34.88278763081193, 32.37447388765742], [34.885755120289005, 32.387447763814386], [34.886601123616074, 32.39332633099332], [34.88689083533375, 32.39933712423135], [34.886740866187125, 32.41305199532897], [34.88753750279923, 32.42046221042868], [34.88840396612118, 32.42405654633203], [34.88984274832843, 32.4282899935827], [34.89565327144199, 32.441439358002306], [34.89774055916334, 32.447060781916626], [34.89934501151741, 32.45279681016234], [34.90198757703674, 32.46440329119778], [34.90371021396369, 32.470111267513424], [34.90594170749713, 32.47569846317565], [34.9113539442166, 32.487412150516136], [34.913674013531654, 32.494507536142514], [34.914703904950294, 32.50190915446274], [34.91462038226525, 32.51798572659138], [34.91516826509869, 32.524737145979635], [34.9163314133437, 32.53057792082385], [34.92083132716368, 32.5470957964729], [34.92168297110086, 32.552839151058265], [34.92157629128267, 32.55353689643611], [34.92103315994352, 32.55390661870964], [34.92109616070762, 32.55446653667273], [34.92473464548639, 32.56587753058608], [34.92525152401545, 32.57011386674743], [34.925668635258674, 32.57856769339867], [34.92670225981672, 32.5871010443957], [34.93452906066313, 32.579121568458625], [34.93935087565674, 32.57555939108621], [34.94510816876509, 32.573066331559204], [34.95879359057342, 32.56942706458212], [34.96543253955099, 32.56680750887787], [34.97622070873726, 32.560991198931944], [34.98631717985269, 32.556312693428474], [34.987969370631816, 32.555061080910825], [34.99336484135279, 32.54981575480062], [34.99649829928727, 32.54564941925718], [34.99847055815688, 32.54157878095372], [34.99984843933346, 32.53709207826513], [35.00275259524041, 32.52458840203414], [35.0041019785198, 32.520990287402874], [35.00581151648966, 32.517644281054956], [35.01521254905176, 32.50423719897039], [35.021988879373765, 32.491718435073835], [35.02486279003493, 32.48737041643909], [35.0288851429738, 32.48291777081337], [35.03796683543886, 32.47473837017306], [35.0417074910401, 32.470088536411005], [35.044449984376556, 32.464739989063595], [35.04979662853148, 32.45044162611422], [35.0490132821383, 32.449440311581085], [35.036915204495955, 32.44407155765843], [35.03345943784427, 32.44193551138251], [35.0310047091548, 32.440020084607184], [35.02730099035252, 32.43627338348084], [35.01844843720234, 32.425303500881505], [35.00810876639433, 32.41443705191197], [35.00434158957352, 32.40895669984716], [34.99834910333402, 32.396080105974036], [34.995130941821564, 32.39112172184572], [34.99091277077078, 32.38683001074298], [34.979327056487264, 32.37768223556586], [34.976729826777934, 32.37497383132837], [34.974475425565004, 32.372036874759935], [34.96615231020523, 32.358050099207425], [34.9630124139487, 32.353927516383926], [34.95672795016942, 32.346573443056464], [34.95372954478802, 32.342356532982855], [34.95126694284659, 32.33778242061592], [34.946455430966246, 32.32678244492959], [34.944547055542714, 32.32361480450159], [34.94221665744202, 32.32072851252501], [34.93884840297276, 32.317646146652024], [34.93441656978724, 32.31455184286309], [34.933486102392294, 32.31423113691845], [34.9311098259273, 32.31462082205034], [34.92987146902174, 32.31433905729405], [34.92557176625886, 32.31232297058325], [34.9223245760302, 32.31030700291717], [34.910877529579, 32.300701417789426], [34.89997956818333, 32.29265201076402], [34.89626789595363, 32.28899526194108], [34.892939876888065, 32.28390222837509], [34.887482624055494, 32.270412112786616], [34.88441793244631, 32.26505575176419], [34.88154314550558, 32.26161474923126], [34.8739303261199, 32.254490726511705], [34.87090714734621, 32.25119811581168], [34.867822775660194, 32.24691406644507], [34.86272892918555, 32.23832370239341], [34.860165112043696, 32.23457173006158], [34.85729255458055, 32.23112849805102], [34.850583045490126, 32.22415379661513], [34.84737402164247, 32.219994399410155], [34.844468106636675, 32.21447926178439], [34.83944846158234, 32.20160416999661], [34.83751589538916, 32.19827357829506], [34.83566487490912, 32.1959140724593], [34.83297604258139, 32.19333974689228], [34.82906265656451, 32.19050899857158], [34.82359177371488, 32.193457229423316], [34.820136261979776, 32.196154516811525]]]}}, {"type": "Feature", "properties": {"id": "samaria", "name_he": "השומרון", "name_en": "Samaria", "color": "#b5824a"}, "geometry": {"type": "Polygon", "coordinates": [[[35.00378062096578, 32.33769302285042], [35.00466615957343, 32.3464169202133], [35.006214665664835, 32.351476000500895], [35.008603345337676, 32.355281660664524], [35.016353980532806, 32.36390634306696], [35.01782390282465, 32.366504715254386], [35.01869544747301, 32.36940227626347], [35.018909875468594, 32.37262839559902], [35.01851216762502, 32.37616058285418], [35.01472958155122, 32.39138520922442], [35.01454420220793, 32.39481123222939], [35.01509291802891, 32.39787020765219], [35.01644571703906, 32.40052714148044], [35.01856128896911, 32.40280268884877], [35.022047401625215, 32.40522629918742], [35.029237575484856, 32.40913121225756], [35.032145463465646, 32.41101060160053], [35.03507442493534, 32.413712787532354], [35.03672100997319, 32.416222828346726], [35.03774536930314, 32.41904398201507], [35.03824343682146, 32.422128281589295], [35.038398529587084, 32.43288406853977], [35.03876782270217, 32.43686608864894], [35.03955615869661, 32.440638587318354], [35.04163386511318, 32.44793306744343], [35.042147521062844, 32.451842906135255], [35.041901628345954, 32.455299185827016], [35.04121676694632, 32.45814161652683], [35.04005211875966, 32.46122394062018], [35.03774359585108, 32.465711535407806], [35.03286104179319, 32.47315281243672], [35.01722724984154, 32.494303041745894], [35.01363891726955, 32.500263874698554], [35.011290589085576, 32.50560470545721], [35.01030252643726, 32.5094320701147], [35.00998079586665, 32.512926268733345], [35.011010640540974, 32.52407801306284], [35.01094618227121, 32.52911024219774], [35.01032299227944, 32.53358850386026], [35.00784153143496, 32.54566256761586], [35.00757419606943, 32.549129568631926], [35.00772357492944, 32.55155487920193], [35.00822005368566, 32.55380663982385], [35.00907326041924, 32.55588003645707], [35.010255220176504, 32.55778905657842], [35.0122561692568, 32.560121915371575], [35.026737511493295, 32.57456846958191], [35.031418255933694, 32.578010834859136], [35.03650703787375, 32.580523695419195], [35.04200385731346, 32.5821070512621], [35.05582724966277, 32.58332433481367], [35.05784092813332, 32.58323391611376], [35.061445602378, 32.58173558696467], [35.06512968657065, 32.58095194734789], [35.06816370160303, 32.58110576475859], [35.07050045527906, 32.58177230943223], [35.073702476063744, 32.583438178613356], [35.07783482990402, 32.58668896582468], [35.08976985756212, 32.59907110216504], [35.093936067919486, 32.60262659802999], [35.097930640086226, 32.60463735018015], [35.100225147812594, 32.604923681307085], [35.101709340555786, 32.604705257055414], [35.10456904491615, 32.60329027841773], [35.107960059145384, 32.599869009129335], [35.11056040449877, 32.596119799429154], [35.118839136222434, 32.58238335182964], [35.121484363203095, 32.57903807677466], [35.123529461066006, 32.577079719130374], [35.12634390474207, 32.57525739433443], [35.12925309265153, 32.57428776763878], [35.13223740679583, 32.57399427705663], [35.14131088262897, 32.574198605912486], [35.14425790590079, 32.57356949747812], [35.14712289935927, 32.572202120723524], [35.14989837988614, 32.570029127584405], [35.15259214904002, 32.567120732088576], [35.16179095214372, 32.55487684743916], [35.16451737932746, 32.55226237421192], [35.16663392297009, 32.550947028585185], [35.16882334637023, 32.55028760077589], [35.17032577686608, 32.55023331629806], [35.17186327476724, 32.550494638468095], [35.17423292132187, 32.55145721904917], [35.17667268124467, 32.55305081994365], [35.179170421802596, 32.55516624655445], [35.18939801971059, 32.56575767408415], [35.193572248338235, 32.56938533438173], [35.19600345869817, 32.570901989210476], [35.19836712814957, 32.5718107758626], [35.200659012741276, 32.57207349877762], [35.20287839465914, 32.57168369762779], [35.20573387681421, 32.57023071914257], [35.20849119117229, 32.567894230484285], [35.218505375568675, 32.556200697999], [35.223305032893165, 32.55188105762775], [35.22827401346075, 32.549085326444825], [35.239152267281725, 32.54516841878042], [35.24199773728006, 32.5436253308848], [35.24479074636892, 32.54161009480375], [35.24955032221899, 32.53692972116288], [35.26151585574081, 32.52243409239577], [35.2656334390505, 32.51876386536182], [35.26915982486442, 32.51656094033608], [35.274226465643125, 32.514644151053005], [35.28823664017159, 32.51176221187537], [35.30428170466342, 32.50683004395738], [35.31022298987473, 32.505996975097794], [35.321480372946034, 32.50549223068639], [35.325915752845646, 32.50468217296189], [35.330987493965694, 32.50281128675082], [35.34168474435051, 32.497265348161314], [35.34608135692677, 32.49610638452634], [35.34834011657002, 32.49607098290494], [35.35064660579165, 32.49646514748905], [35.354598557358244, 32.498092314237496], [35.35949601582807, 32.50144096364468], [35.36782986309785, 32.508564794370734], [35.37194503254156, 32.511660922013135], [35.37594873332396, 32.51375383170369], [35.379047419887165, 32.51448969289183], [35.38130692638785, 32.51446101298742], [35.38423962471386, 32.51370298004065], [35.38709882780594, 32.51228348998858], [35.3934228067015, 32.508106584816744], [35.39626708681567, 32.50655278796354], [35.39917800658747, 32.505598748028994], [35.40217677774429, 32.50543537055957], [35.40527170512743, 32.50613739912702], [35.408456779831496, 32.50765075358277], [35.4117123348132, 32.509798430537344], [35.419126579039826, 32.515433913345156], [35.42317414533159, 32.51792161262012], [35.42632029263119, 32.519084620435734], [35.42936415195572, 32.51932703647571], [35.43157715604842, 32.51887983489941], [35.43444347423205, 32.51752438067114], [35.436543588848814, 32.51606117381152], [35.442749335366464, 32.51082017723853], [35.44627526336741, 32.50861313189612], [35.44920594883696, 32.50783698324128], [35.4522657750304, 32.50822310110141], [35.45546790499065, 32.509889952862835], [35.459662991320236, 32.51370533247817], [35.46403039390364, 32.519071558377796], [35.47561721958806, 32.53510795642512], [35.47907338794484, 32.53906115375503], [35.482417822889055, 32.54200875037212], [35.48563621996968, 32.543822006217184], [35.4871983580062, 32.544305089605594], [35.48948583085121, 32.54452810680012], [35.49317677255422, 32.5438061847761], [35.49676922529166, 32.54219786206172], [35.51989894261879, 32.529667137052876], [35.525991206963425, 32.524549195265564], [35.530778506941736, 32.51836851905117], [35.53426084255373, 32.511125108409715], [35.539415800017714, 32.49182684742961], [35.54316305368404, 32.48109251392849], [35.54383912876605, 32.47720123997691], [35.54378323766598, 32.47418767934327], [35.54313448482225, 32.47127292900021], [35.54149368060269, 32.467767801598846], [35.539585228148425, 32.46506300119092], [35.53725598099419, 32.462428333233], [35.527779588645714, 32.45342766659827], [35.52409191944979, 32.44950796440543], [35.521050901888316, 32.44548048694019], [35.51870034184229, 32.441337933222364], [35.516641934338224, 32.436390968459975], [35.50902645981351, 32.41498864558664], [35.50810109526886, 32.41060855928526], [35.50810231243166, 32.40682976165355], [35.50908356310864, 32.40288762510281], [35.510710113189035, 32.399593657605756], [35.51313941388042, 32.3961658983402], [35.51636643100113, 32.39260518633641], [35.524905142370834, 32.38513631614082], [35.54306559551813, 32.37152950859012], [35.55024793446189, 32.36579813837396], [35.556132704968185, 32.36028302956406], [35.557343, 32.358207], [35.556517, 32.328209], [35.565612, 32.313352], [35.561167, 32.301699], [35.560857, 32.28263], [35.564578, 32.263587], [35.572536, 32.251908], [35.567575, 32.249506], [35.563751, 32.246818], [35.561064, 32.243149], [35.55941, 32.237594], [35.572536, 32.237594], [35.57235953383899, 32.23695169527352], [35.568551256081186, 32.233519643594335], [35.55592488875685, 32.22353253488042], [35.55275196744955, 32.22028276032705], [35.550338917643046, 32.21690634052355], [35.548732804480146, 32.21339543127945], [35.54785298377412, 32.20976347329245], [35.547188726985155, 32.19778267948942], [35.546408927360886, 32.19337833236796], [35.54369101520735, 32.186685642806644], [35.53798398280274, 32.17039933304439], [35.533552212028276, 32.161249120851714], [35.52719224376635, 32.151049739363344], [35.52601124041995, 32.14962284758472], [35.52260694316783, 32.14732869124219], [35.52085263590209, 32.14577923478536], [35.51943574812316, 32.144027326636376], [35.518450842037865, 32.142016229471196], [35.51795866896637, 32.13970949249776], [35.517913293173294, 32.13800202409603], [35.51876111452111, 32.13315659659341], [35.52075174652701, 32.12762548269599], [35.52783573963651, 32.111232229687445], [35.52921135352695, 32.10607012665929], [35.52949372753123, 32.10243131450162], [35.529048569364335, 32.09922902164666], [35.527988641308994, 32.096395590724846], [35.52277126374862, 32.0882505070569], [35.52076927597147, 32.08424761809054], [35.51791604859584, 32.07468404431197], [35.51679907930141, 32.07188483813348], [35.51518606863975, 32.06938325677528], [35.51354491297137, 32.067765909360006], [35.511482281973926, 32.06640144714219], [35.50898873138648, 32.06529553667835], [35.50286277083219, 32.06376703137822], [35.48638469800186, 32.06151101793354], [35.48236190304789, 32.06045530715082], [35.479024499584774, 32.05898836147358], [35.4764213478747, 32.05708086474453], [35.474480698169856, 32.0547758668124], [35.47048930223185, 32.0467625411099], [35.46834996325199, 32.043709409803874], [35.46663119216219, 32.042138631641414], [35.46452044337478, 32.04080304009753], [35.46011029277606, 32.03911239576296], [35.45357938278825, 32.03782686012301], [35.44021327216431, 32.036305710170765], [35.43343102116647, 32.035170979136836], [35.42741130651945, 32.03357872629248], [35.41624258719794, 32.02987179461997], [35.4084989024292, 32.02844657690981], [35.40322407453241, 32.02814208589278], [35.39572257299632, 32.02830625212059], [35.37378066322296, 32.03019588778051], [35.36593146605868, 32.030568671385204], [35.35808731733408, 32.0300710789873], [35.35319055379497, 32.028672402416895], [35.350335086356175, 32.026916295125076], [35.348269235417774, 32.024686417933005], [35.3467584685787, 32.02212349028136], [35.34360793798027, 32.01534033925265], [35.34102542089828, 32.011685767869196], [35.33756708010578, 32.00855669071205], [35.32891923612364, 32.00246988689724], [35.32578804772018, 31.999144518306665], [35.32462958069767, 31.997237557703844], [35.32350570390737, 31.994442496022916], [35.32173044782, 31.98596683334881], [35.32085567144259, 31.983022311420157], [35.31945913830701, 31.980390843546402], [35.31736022041919, 31.978180806523994], [35.31447774597679, 31.976440903434337], [35.31084737539862, 31.975149738026133], [35.3066192709732, 31.974217212926284], [35.29406320626913, 31.9722100354222], [35.29003681839176, 31.971156480393503], [35.287444524045384, 31.970109816184994], [35.284645810377945, 31.96831965663036], [35.282215102859716, 31.96544134644744], [35.283077137129126, 31.96562728042461], [35.28614296649327, 31.96774140190007], [35.28993500147201, 31.969552678248093], [35.293960712238615, 31.97031743192677], [35.295955257595324, 31.970263533072476], [35.29590773809524, 31.969958072712508], [35.27953869047618, 31.959092086207086], [35.26614583333333, 31.951213324342234], [35.25870535714286, 31.947491334068197], [35.250520833333326, 31.943815437003174], [35.23489583333333, 31.937808195959896], [35.22373511904762, 31.934842529591393], [35.21331845238095, 31.933500128505], [35.20513392857142, 31.933233555922126], [35.15974702380952, 31.933223232453837], [35.15081845238095, 31.932723100400786], [35.14263392857142, 31.93159424044275], [35.1344494047619, 31.92973950613051], [35.12403273809523, 31.926645428311193], [35.09947916666667, 31.918687468838694], [35.0719494047619, 31.909085479149113], [35.063020833333326, 31.906789785471855], [35.05483630952381, 31.905420255871693], [35.05186509615235, 31.905663796135187], [35.03628489009493, 31.909228542308973], [35.03033931121967, 31.91183417715701], [35.02512467362165, 31.91543060669135], [35.02064097730087, 31.920017830911988], [35.014195545267334, 31.930048641978786], [35.012562946330846, 31.933376207391568], [35.01199042544788, 31.93557854605727], [35.01637064202387, 31.945268654345263], [35.018160560545404, 31.950330280272688], [35.018859225696794, 31.95401294618174], [35.01876372325573, 31.95729852829455], [35.01785747768204, 31.960178738841012], [35.016233091835794, 31.96269987925122], [35.00695555394425, 31.971394443638776], [35.0051616583158, 31.973830829157908], [35.003902443644634, 31.976534555155663], [35.00331915609463, 31.978742911380646], [35.00296193435592, 31.981897633844618], [35.00321469834009, 31.992857349170038], [35.0028344058224, 31.997667202911195], [35.00171258597848, 32.00210629298925], [34.998836558662404, 32.00983494599786], [34.998158075387025, 32.013662371026854], [34.99833263927631, 32.01708298630483], [34.998991968761764, 32.01991265104755], [35.00177734703027, 32.02630534018179], [35.00633724671219, 32.03358529002276], [35.02123111720072, 32.05436555860034], [35.02465615084053, 32.06024474208694], [35.02654722251585, 32.06452361125793], [35.02767536691833, 32.068421016792485], [35.028142086542594, 32.07198770993794], [35.027468844498756, 32.084151088916016], [35.027758602423674, 32.08929596787852], [35.02856592034464, 32.09386629350566], [35.03106391216761, 32.10428195608383], [35.03171610136181, 32.10960805068091], [35.03132367255695, 32.11357850294512], [35.02995445282128, 32.11706055974395], [35.02773354039259, 32.120116770196326], [35.020807287146404, 32.12748697690654], [35.019325250261886, 32.13007929179764], [35.01849463167184, 32.132997315835915], [35.01838129825349, 32.13627398246004], [35.01894083401566, 32.13988708367448], [35.02308857750647, 32.1527942887532], [35.02423901576273, 32.15753617454806], [35.02446971894095, 32.1609848594705], [35.02393541547676, 32.16405104107167], [35.02260758690972, 32.166720460121496], [35.01995581198011, 32.16956123932343], [35.017247809251316, 32.17154057129233], [35.01048569397449, 32.17565951365391], [35.0100705924978, 32.1752677473571], [35.00998380146612, 32.17402258739098], [35.01174473619773, 32.16311482278235], [35.01272184225533, 32.15410447761194], [35.010424831415925, 32.16455223880597], [35.0050368081189, 32.18320895522388], [35.00359961629528, 32.19067164179104], [35.00326341748313, 32.195149253731344], [35.00335465153669, 32.19888059701492], [35.0038089703328, 32.20261194029851], [35.004834695473924, 32.2070895522388], [35.006348916192, 32.2115671641791], [35.00827258518291, 32.2160447761194], [35.018414904891976, 32.23544776119403], [35.022523388110145, 32.24514925373134], [35.024121533550094, 32.25037313432836], [35.02540433402753, 32.25634328358209], [35.0261537958197, 32.262313432835825], [35.02643400150784, 32.269029850746264], [35.02616430253164, 32.27574626865672], [35.025450541165796, 32.281716417910445], [35.02424249519481, 32.28768656716419], [35.02274117681414, 32.2929104477612], [35.02081442643822, 32.298134328358216], [35.018496381391216, 32.30335820895523], [35.009959775248205, 32.31977611940299], [35.00717464284685, 32.325746268656715], [35.00481360603629, 32.33246268656717], [35.00378062096578, 32.33769302285042]]]}}, {"type": "Feature", "properties": {"id": "jordan-valley", "name_he": "בקעת הירדן ועמק בית שאן", "name_en": "Jordan Valley & Beit She'an Valley", "color": "#a6c36f"}, "geometry": {"type": "Polygon", "coordinates": [[[35.46114694595319, 31.909624873050134], [35.45487990846402, 31.927103960396035], [35.45284343574913, 31.933787128712872], [35.45124779024745, 31.941212871287124], [35.449121834725176, 31.956806930693066], [35.44772074664392, 31.964232673267325], [35.44567121158656, 31.97165841584158], [35.440156907541436, 31.987995049504953], [35.4384615700741, 31.995420792079212], [35.43795733957344, 32.000618811881196], [35.4381169849553, 32.00655940594059], [35.438796096971124, 32.01175742574257], [35.441768526081404, 32.02809405940594], [35.442179003629036, 32.03403465346534], [35.44198648422635, 32.03923267326732], [35.4410296207504, 32.04591584158416], [35.43747072592725, 32.0615099009901], [35.4362322574974, 32.06893564356436], [35.435643401173145, 32.076361386138615], [35.43526366944293, 32.091955445544556], [35.43434586124805, 32.10012376237624], [35.43268632137915, 32.1075495049505], [35.427641933561276, 32.124628712871285], [35.426258638403255, 32.13279702970297], [35.42610891186891, 32.13799504950495], [35.426525259331, 32.14319306930693], [35.42993646858598, 32.16101485148515], [35.430764710139144, 32.169183168316835], [35.43029407029792, 32.178094059405936], [35.42686317010361, 32.19591584158417], [35.426357943708645, 32.202587512889245], [35.42727746419513, 32.213233576228916], [35.43029360987505, 32.22935670227575], [35.43119687990849, 32.23676334681264], [35.43130765557924, 32.24430207374332], [35.430390108397376, 32.261836534221345], [35.43062647070741, 32.267087173182745], [35.431199273690176, 32.27152601974444], [35.4326321727895, 32.27808867381616], [35.43739345278304, 32.295432382052496], [35.44196806579836, 32.318852953085894], [35.4438246899722, 32.325344986311826], [35.45006336164888, 32.343953900509504], [35.45166940009341, 32.35048769802365], [35.454161594401725, 32.36291955452782], [35.45600752394458, 32.369413370192234], [35.458047725641684, 32.3743633692558], [35.46068238408883, 32.37921429219436], [35.471090191203, 32.39410547466878], [35.47450404956906, 32.39958224990843], [35.477181052063735, 32.40518183445997], [35.47905104246344, 32.41091592102733], [35.480689011354485, 32.41971155366315], [35.48403499050096, 32.44862692968775], [35.48438773527791, 32.45763676634257], [35.48411001587278, 32.47430886990356], [35.484685585735235, 32.48177013113563], [35.48581086088525, 32.487628336911285], [35.48768400588222, 32.494117616666685], [35.48932397119185, 32.49878606779126], [35.49193758954144, 32.504284806151894], [35.49333713188541, 32.50608020625557], [35.495054972569946, 32.50746563503984], [35.49709111159504, 32.508441092504704], [35.50294682160698, 32.50972668985368], [35.51079236815828, 32.510440392114994], [35.52344548944731, 32.51272800716097], [35.52791129696108, 32.51319689355921], [35.53237710447485, 32.51323793653784], [35.54726312952076, 32.511499399699346], [35.55247323828682, 32.51138068348215], [35.558427648305184, 32.51226270696143], [35.56509429573794, 32.51452849990072], [35.568505, 32.510265], [35.570573, 32.506027], [35.579978, 32.497733], [35.579978, 32.49148], [35.570986, 32.489207], [35.564991, 32.48391], [35.561271, 32.477089], [35.55941, 32.470396], [35.563131, 32.468174], [35.565405, 32.466314], [35.568092, 32.46497], [35.572536, 32.464195], [35.572536, 32.456728], [35.566232, 32.453111], [35.55941, 32.450527], [35.565612, 32.443706], [35.551969, 32.436212], [35.554139, 32.434455], [35.556207, 32.434791], [35.55786, 32.43412], [35.55941, 32.429443], [35.551969, 32.429443], [35.551969, 32.423242], [35.55817, 32.417997], [35.5591, 32.413966], [35.554863, 32.411175], [35.545148, 32.409573], [35.549592, 32.39854], [35.551969, 32.395285], [35.556827, 32.390918], [35.560961, 32.384717], [35.563958, 32.377043], [35.565612, 32.367948], [35.55941, 32.367948], [35.55941, 32.374821], [35.551969, 32.374821], [35.551969, 32.367948], [35.557343, 32.358207], [35.556517, 32.328209], [35.565612, 32.313352], [35.561167, 32.301699], [35.560857, 32.28263], [35.564578, 32.263587], [35.572536, 32.251908], [35.567575, 32.249506], [35.563751, 32.246818], [35.561064, 32.243149], [35.55941, 32.237594], [35.572536, 32.237594], [35.555173, 32.174394], [35.55941, 32.162534], [35.55941, 32.155093], [35.551246, 32.151527], [35.546698, 32.147031], [35.546698, 32.141605], [35.551969, 32.135197], [35.535226, 32.110806], [35.534606, 32.09923], [35.545148, 32.086828], [35.528301, 32.075098], [35.522824, 32.057838], [35.524684, 32.011691], [35.535536, 31.988229], [35.537706, 31.977584], [35.538326, 31.963942], [35.53998, 31.955622], [35.545871, 31.944563], [35.545148, 31.936605], [35.5406, 31.932006], [35.533676, 31.9303], [35.527474, 31.927355], [35.524684, 31.919241], [35.531363886950615, 31.897101620910778], [35.52644504019419, 31.896472368974635], [35.521970208573066, 31.897335119101687], [35.510783129520256, 31.90015396105347], [35.50481668735877, 31.90098334800831], [35.499596050467446, 31.901024229381452], [35.48766316614446, 31.90015340133533], [35.48095091871277, 31.90070980333681], [35.47722189236184, 31.901698467801697], [35.472747060740716, 31.90351082372912], [35.46114694595319, 31.909624873050134]], [[35.56144498386039, 32.37005601386712], [35.56167629619859, 32.37049416857781], [35.561465583019896, 32.37048653680684], [35.56144498386039, 32.37005601386712]]]}}, {"type": "Feature", "properties": {"id": "coastal-plain-south", "name_he": "מישור החוף הדרומי", "name_en": "Southern Coastal Plain", "color": "#e8d9a0"}, "geometry": {"type": "Polygon", "coordinates": [[[34.82349419853623, 31.980450259106536], [34.82543155286216, 31.965401785714285], [34.82755145276606, 31.94456845238095], [34.82942939645804, 31.93340773809524], [34.83171849594687, 31.924479166666664], [34.83761941240259, 31.905877976190474], [34.83991053702522, 31.897693452380953], [34.84511714198861, 31.872395833333332], [34.84727406508266, 31.863467261904763], [34.85440950120934, 31.840401785714285], [34.856622867018594, 31.832217261904763], [34.858585920657795, 31.822544642857146], [34.862337766950716, 31.798735119047617], [34.86915811245247, 31.77046130952381], [34.8714642586165, 31.75706845238095], [34.87188398962216, 31.753125152574807], [34.87195872262579, 31.748885454319517], [34.8717263583512, 31.7456263075769], [34.87046637907587, 31.73728164722629], [34.87021054378689, 31.72242981873771], [34.86970588914312, 31.717094892298192], [34.86894407253188, 31.713418013558545], [34.867833250080295, 31.709857470099024], [34.8621919445132, 31.696014634847813], [34.86134142564208, 31.692367323528106], [34.86098838742793, 31.688554185322744], [34.8611579964078, 31.684566831386086], [34.8617910547226, 31.68042499433775], [34.86566125165025, 31.66498398529898], [34.86700206272302, 31.65746157657659], [34.86748137498149, 31.651798661169696], [34.86804449096313, 31.63746001244626], [34.86966827988141, 31.62198164255526], [34.86963207764518, 31.61570440179124], [34.86855303499709, 31.61056093801984], [34.86631604344038, 31.605803457217988], [34.86305712457863, 31.60138661885114], [34.854152014467616, 31.59177637253596], [34.85031346244435, 31.586766581700893], [34.84730893643563, 31.581478782194424], [34.84251535525471, 31.570498026235853], [34.840119378182834, 31.56579354060573], [34.8292679838877, 31.548970420465114], [34.82764048426662, 31.545582102728744], [34.82611979646946, 31.541372017529056], [34.822425490327134, 31.52688018246958], [34.81961453611973, 31.520741695507265], [34.8154131322198, 31.515066691775775], [34.80417788975849, 31.503088502155983], [34.801436255754005, 31.499285399025396], [34.7995658528138, 31.495978049062074], [34.797755206398264, 31.49186461673515], [34.792563942128055, 31.47787176771833], [34.785578338413764, 31.46447703184949], [34.783255737911, 31.458961923840988], [34.78171566752201, 31.452399808939212], [34.78110789655395, 31.44395460051976], [34.780662248798315, 31.44150027600788], [34.779021938675875, 31.435917746312622], [34.77730629788352, 31.432208485625075], [34.77320862929643, 31.42561808159911], [34.77121053465533, 31.42339641448468], [34.76883776516684, 31.421455753505832], [34.764660014408875, 31.419008709431438], [34.75449274973509, 31.414543384127246], [34.749405036787174, 31.411848752171526], [34.74494063989522, 31.40868663317382], [34.73747080968829, 31.402198232019504], [34.733784683670436, 31.39938246939002], [34.72125354722624, 31.392039750294607], [34.71739434472717, 31.38935379502605], [34.71463920355931, 31.3867698532829], [34.71234037450043, 31.38384367745801], [34.70613144294034, 31.37268936422332], [34.702936262356474, 31.368575332994546], [34.698215678606076, 31.364675294616873], [34.68659086066602, 31.357582896167145], [34.683612019582355, 31.35516672936085], [34.68151209462088, 31.353021434986722], [34.67877513690141, 31.349493796133466], [34.67215197305608, 31.339580216636506], [34.66349310349142, 31.32933329738144], [34.66044283655013, 31.324180521396926], [34.659393504960306, 31.32124728199405], [34.65854266919854, 31.31723511119634], [34.65756066847838, 31.3040207188793], [34.65680417029665, 31.299007735372754], [34.655372028340565, 31.29450148469695], [34.653233780320335, 31.290524813569274], [34.644598188391825, 31.27933037656327], [34.637364416856556, 31.267084574262338], [34.634225269339645, 31.262928518233373], [34.63036777037857, 31.2593112257875], [34.61912622794387, 31.251001311184957], [34.616551201850456, 31.248282283135953], [34.614075138468856, 31.244558973529323], [34.61193669126743, 31.242195780461053], [34.60792556097732, 31.238427887147004], [34.60548519235583, 31.2369634463331], [34.60284410564401, 31.236094098893034], [34.60000230084184, 31.2358198448268], [34.592618920357694, 31.236697489265488], [34.586169444098346, 31.237989464370493], [34.57548407166438, 31.23895221499314], [34.56967991211657, 31.240407660877988], [34.56558721815924, 31.242280522402215], [34.556462510711846, 31.247925267984627], [34.55174538342185, 31.250283320076857], [34.54677570411751, 31.251883716126102], [34.53502786477638, 31.254376047159347], [34.52949769049668, 31.25665344884855], [34.524999053025475, 31.259666970397173], [34.51646199122708, 31.267074652926514], [34.51205364232915, 31.27035904019499], [34.50742047904669, 31.272968984309852], [34.498518546390606, 31.276923563700098], [34.494501549513785, 31.27902351646589], [34.49062113230997, 31.281533208250654], [34.482408960765156, 31.287557070974714], [34.47843829316332, 31.289796011565407], [34.47492448813859, 31.291047049321417], [34.47120363141484, 31.291676931980362], [34.46730393269414, 31.29177028864844], [34.4569234065452, 31.291289087560138], [34.45311203062742, 31.291647412636976], [34.450650821578385, 31.292433698921585], [34.44607681384105, 31.295637123010142], [34.44495199210291, 31.297159004785357], [34.44449219124711, 31.298836038696816], [34.44469741127366, 31.300668224744513], [34.44715342493362, 31.30547373818831], [34.44786895677577, 31.306304575264235], [34.45108764259297, 31.308598675429824], [34.45394832132716, 31.311131446984085], [34.45586899257209, 31.313402912055775], [34.45741806009552, 31.315922112941788], [34.45929011873064, 31.32088992084624], [34.46167099792159, 31.33262234018342], [34.46351513868293, 31.33849673814581], [34.46583543454764, 31.343165721230534], [34.47269348676021, 31.35457729297953], [34.47451491380881, 31.358690877132936], [34.47824914882074, 31.368633081114044], [34.48071100805332, 31.373207688620184], [34.48454139957386, 31.377757919409774], [34.49409805992784, 31.38559446278034], [34.49776067040849, 31.389368569454444], [34.50087052617447, 31.394399157413744], [34.505575362347656, 31.407246206522323], [34.508398218062894, 31.41246812784878], [34.511670089772664, 31.416502727036793], [34.521864226366944, 31.426578220673402], [34.53120213948931, 31.438112508100012], [34.53461527018001, 31.441164956492013], [34.538697650301714, 31.44377123859668], [34.5425777615852, 31.445624388451392], [34.55100585677101, 31.449014894738], [34.55583459356852, 31.45166603654907], [34.559992310000524, 31.45458717833307], [34.56336671481838, 31.457899975924136], [34.566385904060965, 31.46222371463619], [34.57279868937459, 31.4748506553127], [34.579684975481534, 31.4855741789259], [34.5821970638238, 31.49015146808809], [34.584424493830504, 31.49653775308476], [34.58678744424716, 31.510356277876422], [34.58856819138248, 31.516132570975426], [34.59144048765934, 31.521363089503662], [34.59959658670168, 31.53228503998249], [34.60136689705269, 31.53556655147366], [34.60267910101072, 31.5390771161613], [34.603798705487236, 31.54435064725638], [34.60558957332403, 31.55928854667132], [34.60690679402901, 31.564463269652162], [34.61038253256426, 31.5743920670512], [34.611801117287406, 31.579516108022965], [34.61268419200127, 31.584907903999365], [34.61383212045946, 31.59683393977027], [34.61536813891312, 31.6027325972101], [34.61702361240181, 31.60607152713243], [34.619235771420946, 31.60913211428953], [34.62190442620306, 31.611964453565136], [34.630664160281825, 31.62008458652575], [34.63488806965928, 31.625472631837024], [34.63734248584874, 31.630078757075626], [34.64263299947823, 31.642433500260886], [34.64928863983852, 31.65410568008074], [34.651438323455864, 31.658864171605394], [34.652484731511954, 31.66250763424402], [34.65307885865538, 31.666377237338978], [34.6533145419602, 31.682092729019903], [34.65423321012207, 31.688300061605624], [34.65633067867576, 31.693917993995456], [34.66272431875592, 31.704887840622046], [34.66533724527487, 31.711081377362564], [34.66647988923382, 31.715510055383092], [34.66823429590747, 31.7254661853796], [34.669505118658506, 31.730664107337418], [34.671299468269474, 31.73560026586525], [34.67589798259141, 31.745801008704298], [34.67750059719723, 31.75083303473471], [34.67841216780403, 31.756210582764663], [34.679487140288956, 31.76983976318886], [34.68035971483486, 31.773570142582553], [34.681804981004944, 31.7770141761642], [34.683868477846865, 31.78014909440992], [34.68649388400507, 31.783003057997476], [34.70051187137725, 31.794327397644697], [34.710161599544506, 31.80366920022774], [34.71380554574149, 31.80684722712926], [34.72008647709422, 31.811206761452887], [34.73328863554539, 31.818772348893972], [34.736720558623, 31.821223054021832], [34.73912403862159, 31.82335464735587], [34.74296813234241, 31.828099267162123], [34.748635596360444, 31.83859886848645], [34.75156006458206, 31.842969967708974], [34.75769913777523, 31.8496882160709], [34.76659161458355, 31.85826613194436], [34.77104528731272, 31.863734662852693], [34.77378470648862, 31.868277784071218], [34.78028778522065, 31.880982108133963], [34.7832417149894, 31.88543942511535], [34.790174915386686, 31.894749478289768], [34.792107369614726, 31.898004274376333], [34.79333827169046, 31.90073413576826], [34.79441757366686, 31.904330192755474], [34.79505602906083, 31.908908143931228], [34.79499678350679, 31.921820731041723], [34.795373841849624, 31.927308796593486], [34.79632486927791, 31.9317617189555], [34.7981850783112, 31.936656524231076], [34.805206310344744, 31.949959142528773], [34.810539023732545, 31.9631316127292], [34.813237857133814, 31.968496523813137], [34.81734248051201, 31.974104674461856], [34.82349419853623, 31.980450259106536]]]}}, {"type": "Feature", "properties": {"id": "shfela", "name_he": "השפלה", "name_en": "Shfela (Judean Lowlands)", "color": "#cfa86a"}, "geometry": {"type": "MultiPolygon", "coordinates": [[[[34.85846259334649, 31.887778893512877], [34.86231343283582, 31.88754328184497], [34.86529850746269, 31.886854387501767], [34.877985074626864, 31.882159423731714], [34.881716417910454, 31.881655304199533], [34.88470149253732, 31.881959554483828], [34.88843283582089, 31.883337551115886], [34.89216417910448, 31.88578921549244], [34.89589552238806, 31.88910640713935], [34.90708955223881, 31.9003657270213], [34.910820895522384, 31.90317242217779], [34.91455223880597, 31.905038186107696], [34.91753731343284, 31.905819821207977], [34.92126865671642, 31.906012730857505], [34.93320895522389, 31.904127634547223], [34.9384328358209, 31.904061601166518], [34.943656716417905, 31.90511063821092], [34.95410447761195, 31.908873879977886], [34.95858208955223, 31.9098343597525], [34.96305970149253, 31.909721832232478], [34.96753731343283, 31.90839652565545], [34.97126865671642, 31.906512871307722], [34.97947761194029, 31.901583382323956], [34.98320895522387, 31.89991827301157], [34.98694029850746, 31.8991560242657], [34.98992537313433, 31.899350322187548], [34.99291044776119, 31.9003004273074], [34.99664179104478, 31.90247211968498], [35.00037313432835, 31.905503080797686], [35.010820895522386, 31.915218449957308], [35.01455223880596, 31.91793429803118], [35.01753731343284, 31.919542973041935], [35.02052238805969, 31.920627864098385], [35.02350746268657, 31.92124437454509], [35.0339552238806, 31.92168655206173], [35.03768656716419, 31.922131101159405], [35.04141791044775, 31.92311147324483], [35.04589552238805, 31.92505345659047], [35.05136557856645, 31.923963268561586], [35.062138993231436, 31.920412139145963], [35.06691971336841, 31.917264247660896], [35.070431526499014, 31.913051647071917], [35.072674432623266, 31.907774337379017], [35.07455563012247, 31.89299332577764], [35.07448882938588, 31.890896351769886], [35.07006977016987, 31.88260369302485], [35.065082621027656, 31.869836416970934], [35.06240000232701, 31.864255293652242], [35.057819005340995, 31.85752443422592], [35.04864730813083, 31.8471234795503], [35.04555370163797, 31.843153965554755], [35.04285843869922, 31.83834007696603], [35.041448813376924, 31.833269060854025], [35.04126179410463, 31.82948293529672], [35.04181055057226, 31.824784948709073], [35.04586534963927, 31.809444577130968], [35.0471572562443, 31.801539136986438], [35.047319399029234, 31.795389061370614], [35.04668706337211, 31.779456704972638], [35.04785552835604, 31.76087007079938], [35.04754260966804, 31.755579713360515], [35.04668077329457, 31.751163845341065], [35.04501237061181, 31.746144584701156], [35.040308405983936, 31.734850083509098], [35.03929139734336, 31.731229955825448], [35.03876516931149, 31.727511672020057], [35.038799946490876, 31.723681187172414], [35.039561350797726, 31.71894067101693], [35.04442446611087, 31.703438636189585], [35.04533186481257, 31.699433627037486], [35.04569575970377, 31.69630202452984], [35.04561791340272, 31.692494064378284], [35.044928671823754, 31.688808383282314], [35.04367628606023, 31.68523533102325], [35.04197345058472, 31.681752368706597], [35.03307929120321, 31.66747237705345], [35.02589250283487, 31.65514502884479], [35.02156277459046, 31.648650013647444], [35.01835369839194, 31.642690240094577], [35.01525594140428, 31.63836025894516], [35.01342137375655, 31.63645677743033], [35.00834446714656, 31.632348125709637], [35.00731761470386, 31.631697758272097], [35.000243420313815, 31.628989377725993], [34.99689874153597, 31.627346559827206], [34.99396232096854, 31.625091354612756], [34.991993561342305, 31.622716625199647], [34.990748656005884, 31.620588081564943], [34.98936796953219, 31.61733124242302], [34.985156530406485, 31.60233692570172], [34.98239968310658, 31.595816458946715], [34.98024677592886, 31.592385983647663], [34.974499599268924, 31.585023142080225], [34.97184460177925, 31.58101383503605], [34.96952610642894, 31.576499774782807], [34.965304294109444, 31.566848886704683], [34.96235887447952, 31.561943245657808], [34.96034083601555, 31.559642434501257], [34.95807650317924, 31.557711064903224], [34.94815793221795, 31.55127744593537], [34.94602454863226, 31.54914965246148], [34.944629172510034, 31.54724681500543], [34.94306026539801, 31.54427230682102], [34.941799220258766, 31.540836005677427], [34.93803718509815, 31.525167583008514], [34.9355245451082, 31.51828080528856], [34.93309098124166, 31.513939347809607], [34.92582995949249, 31.503519405023496], [34.91975068568749, 31.492658807534344], [34.91693561268865, 31.488889613753905], [34.91527568353351, 31.487383605847253], [34.913410385036805, 31.486185651952972], [34.91132351012932, 31.48532006267487], [34.90901800984036, 31.484782411468967], [34.90475198882368, 31.484521606928396], [34.898208347331106, 31.485013298675497], [34.886829014808086, 31.482840910327162], [34.86282927675831, 31.477495859993482], [34.84963371228089, 31.47679013034975], [34.83682000304179, 31.478447778977298], [34.82438814904099, 31.482468805876128], [34.80325888082872, 31.493860161212563], [34.79715034069166, 31.497489656375127], [34.79401252986729, 31.49974169653391], [34.79170677350844, 31.513060940175073], [34.79033157836629, 31.516894078366278], [34.78835050592659, 31.52012133925996], [34.785220879394444, 31.52324171272775], [34.777177548654635, 31.52874004865459], [34.77376323934434, 31.531575739344365], [34.770814461147644, 31.534876961147653], [34.76467506535495, 31.54332089868832], [34.76158856694392, 31.546484400277215], [34.75798340024685, 31.549129233580206], [34.74944172599926, 31.554129225999297], [34.746047363915686, 31.556984863915677], [34.74421507886318, 31.55931924552981], [34.74243552423161, 31.562748024231627], [34.73859068681689, 31.57556985348358], [34.73735171550612, 31.578497548839483], [34.73577596545388, 31.58108846545386], [34.7338352684302, 31.58331443509683], [34.73156309497959, 31.585208928312937], [34.72313139961987, 31.59031889961989], [34.71951412575375, 31.592951625753734], [34.71688371227117, 31.59552954560447], [34.71413029339818, 31.599026126731548], [34.70884186336641, 31.606676614906405], [34.698931982959955, 31.622591998360253], [34.695695534438556, 31.629735103173026], [34.69347814942135, 31.63714615199738], [34.692279827908365, 31.64482514483332], [34.692100569899594, 31.652772081680837], [34.69203638439738, 31.66579860547345], [34.692910660529265, 31.67250610318825], [34.69280903898058, 31.67787936867449], [34.69169372307948, 31.68422007891355], [34.68750863816637, 31.69882180177847], [34.68698284135796, 31.701985784669567], [34.68684430932345, 31.705072314605886], [34.68752847573053, 31.709523716618584], [34.68899589666105, 31.713053761844243], [34.691265458862226, 31.71642337881578], [34.694904940844815, 31.72028371771346], [34.69927812184358, 31.72399731680776], [34.715820006969, 31.736747763312074], [34.734933254597735, 31.753572172609868], [34.75406110593151, 31.768099543519575], [34.76011278944695, 31.773771559757666], [34.7627842301057, 31.777060801037685], [34.76530040818979, 31.781145800714988], [34.76718495615046, 31.785357126416972], [34.77065647903976, 31.79536870419205], [34.77314604962084, 31.80109578600887], [34.7742780770537, 31.802983103335542], [34.77639216390785, 31.805389884680757], [34.77841759758587, 31.80701316949477], [34.781240440115695, 31.80867132606536], [34.793142982562145, 31.813967595133327], [34.7974994321642, 31.816369299924087], [34.8018511399233, 31.81968286059028], [34.80886338536773, 31.82658526438894], [34.812432627258715, 31.82953801457743], [34.81724922315861, 31.832526153545068], [34.82772402703863, 31.837913303024173], [34.83197743533143, 31.841295673316772], [34.834178622669384, 31.844297525107052], [34.835660678388564, 31.847802769030448], [34.836578439616304, 31.85170301909784], [34.83819210082956, 31.861475895272978], [34.83935809071873, 31.865202385277364], [34.840685267059, 31.86790750818065], [34.84383440909226, 31.872062864854932], [34.85365865615247, 31.881539550449375], [34.85846259334649, 31.887778893512877]]], [[[34.856127493253965, 31.88755011590091], [34.85383010845118, 31.887049373727198], [34.85376426500612, 31.887058832720154], [34.856127493253965, 31.88755011590091]]]]}}, {"type": "Feature", "properties": {"id": "jerusalem-hills", "name_he": "הרי יהודה וירושלים", "name_en": "Judean Hills & Jerusalem", "color": "#a08064"}, "geometry": {"type": "MultiPolygon", "coordinates": [[[[35.186325834040574, 31.637309335638033], [35.17899762033546, 31.637639032066463], [35.16629740159216, 31.636113519412113], [35.1624901285346, 31.636282977906518], [35.15884183700392, 31.637088362508422], [35.153983794654586, 31.63921416412564], [35.14596056025639, 31.644077748271975], [35.14187913161976, 31.646230294595007], [35.13768414461767, 31.647928607456205], [35.1291398685685, 31.65070802499865], [35.124968952799485, 31.652502622792124], [35.12094693473704, 31.654892811411905], [35.11114667125904, 31.661887409673852], [35.10837195457168, 31.66310738350411], [35.10542926174491, 31.663655452776734], [35.10308894632641, 31.663533321537518], [35.10062457330055, 31.66291495986886], [35.09803514377233, 31.661796372190754], [35.09532624717411, 31.660199916232642], [35.089615470506686, 31.655835070432524], [35.07480145962103, 31.642774679063827], [35.070109051966426, 31.639403599170027], [35.06565883472699, 31.637001280936932], [35.06227180004308, 31.635771982780984], [35.059012984783166, 31.63505556232107], [35.04802319111494, 31.634212329677155], [35.04322995690968, 31.63351765372567], [35.02917616224923, 31.629657547547655], [35.02430254296232, 31.628641331269566], [35.018822071707916, 31.628277417266464], [35.00677942915104, 31.629382209357757], [35.002921412499965, 31.629348693478143], [34.9989328040056, 31.628792810225292], [34.997262660561596, 31.629223453950342], [34.98708528175198, 31.634036635351702], [34.98359160983659, 31.636912863089414], [34.98085788368862, 31.64047404972668], [34.978884103308076, 31.644720195263503], [34.9759269257742, 31.656419644403424], [34.97261804878403, 31.667033021281085], [34.96608716524329, 31.693815946315656], [34.965192923456854, 31.700766457201627], [34.96528107142666, 31.70377464169032], [34.96575405839917, 31.706718686345226], [34.96724754278524, 31.711004086006376], [34.969655623889025, 31.71513705288123], [34.9727987998656, 31.71914750394396], [34.98217764096707, 31.729675867028394], [34.98456112019667, 31.733057215261343], [34.98638466054646, 31.736531886640947], [34.98758953661434, 31.740109668734206], [34.9882038698037, 31.743785874640558], [34.98832252526676, 31.748300412455535], [34.9878472476397, 31.76047112866135], [34.98837120704126, 31.764918115819917], [34.989362907208545, 31.768531427229945], [34.99053587913224, 31.77135880772632], [34.99242776541781, 31.774822088116636], [35.00197608126923, 31.788345081226367], [35.00586059827117, 31.795254851268524], [35.007851878489845, 31.80021300391182], [35.01141008020029, 31.811711473561388], [35.013257715405935, 31.81669356704019], [35.022133001368296, 31.834863045523583], [35.023280750842105, 31.83845034871586], [35.02391807933124, 31.84212272207224], [35.023934989742045, 31.846654217395933], [35.02317367286096, 31.851315417268268], [35.02181335020859, 31.85607645143582], [35.017709572678726, 31.868096198671186], [35.016167272356164, 31.875154719313198], [35.015778827896575, 31.881265211690454], [35.016303096118094, 31.894780774829986], [35.015734494668564, 31.900921293372228], [35.01388656299844, 31.908030752572152], [35.00957219479026, 31.919329879299653], [35.00807141859553, 31.924114322390935], [35.007308283565784, 31.928775825288078], [35.00755178231715, 31.933269555888348], [35.00860762851718, 31.936872176292887], [35.01085739479057, 31.941031528972808], [35.01398435193755, 31.9450446831738], [35.0196280912183, 31.950905530548575], [35.027991884851545, 31.96365171382576], [35.031491417198005, 31.967576955221315], [35.03553731885104, 31.970717003671865], [35.04012958981067, 31.97307185917741], [35.05224956612392, 31.976562243561528], [35.05483630952381, 31.976858160988428], [35.063020833333326, 31.97603305426791], [35.07120535714286, 31.974783423466974], [35.09947916666667, 31.968865002913994], [35.12477678571428, 31.963928506688276], [35.13519345238095, 31.96208868583998], [35.14337797619047, 31.961008582375854], [35.15081845238095, 31.960408892197343], [35.15974702380952, 31.960107575367044], [35.210342261904756, 31.960035570839075], [35.21778273809523, 31.95969347902811], [35.22522321428571, 31.95894748468173], [35.23936011904762, 31.956409663861166], [35.257961309523814, 31.951722383412424], [35.27209821428571, 31.947273092921343], [35.286843549643734, 31.9416245942797], [35.28623990301594, 31.936159745309077], [35.28487033329492, 31.93129759607075], [35.28230702828424, 31.92543199389212], [35.27519487418723, 31.91253897483745], [35.27275209225367, 31.90746218315662], [35.27081548813398, 31.90172192115621], [35.27004779798405, 31.896215441949757], [35.270165008742005, 31.892415354689582], [35.27085502532118, 31.88796512271125], [35.2738840823704, 31.875570934121143], [35.2765319495487, 31.86233580167445], [35.27800162943327, 31.8572767964749], [35.279469876753595, 31.85374691652715], [35.28175910173567, 31.849616526229475], [35.29006952469771, 31.838278610821902], [35.2922357933519, 31.834888335140974], [35.29410884432203, 31.83067471004088], [35.29485836310387, 31.827001084385486], [35.294664466157045, 31.82237406970199], [35.29301290694021, 31.816690816682137], [35.291105128949056, 31.812485731672176], [35.284352093437384, 31.799664536334546], [35.281768495720016, 31.79303016973224], [35.280616988952715, 31.78668222131997], [35.28088940642346, 31.77985435187287], [35.283463411035534, 31.765839741030646], [35.28533159427211, 31.750919260030905], [35.286715334826766, 31.745078361082946], [35.288056828072115, 31.741523130320275], [35.28978566642508, 31.738045368579144], [35.29863989670082, 31.723757391104876], [35.30036868174845, 31.71951491282028], [35.30118035642641, 31.71579461482631], [35.30398018096316, 31.72229503862372], [35.307642729311276, 31.727879805717716], [35.31572896963924, 31.73664721544654], [35.3179460066514, 31.738721322614307], [35.31894565489569, 31.739255697984312], [35.31648164125812, 31.722972210243974], [35.31511310385961, 31.71703321306306], [35.31338893371457, 31.712959632215032], [35.31055888418136, 31.70921290323616], [35.30829610472281, 31.70727920357153], [35.302170339968484, 31.703148178571894], [35.2994876770079, 31.700915460238683], [35.298058959761306, 31.693817674305215], [35.29864041302083, 31.700053296604576], [35.297295973561845, 31.69847202326377], [35.294686405801286, 31.694394571625963], [35.28968348648385, 31.68458337683161], [35.286920486091105, 31.68073607414204], [35.2830027334692, 31.67728893258308], [35.27469198533586, 31.6724394810126], [35.27115859591205, 31.66974776186963], [35.26810480190801, 31.666336649597014], [35.26180292688333, 31.657141921150426], [35.25848429797051, 31.654128061240947], [35.2550654988519, 31.652596423853296], [35.25100988977151, 31.652020001408314], [35.24643164184908, 31.652227537226395], [35.23288109241268, 31.653905820397373], [35.2284996067018, 31.653818212898095], [35.2252910574861, 31.65330316786921], [35.22159554868437, 31.652186595006267], [35.2109978969266, 31.648103564446174], [35.20714689631827, 31.647220229293076], [35.19829894541983, 31.645840516296495], [35.19454217759153, 31.644815831973382], [35.19185474271934, 31.6435191154292], [35.19006978801323, 31.64220064584901], [35.18801042538408, 31.639961820940275], [35.186325834040574, 31.637309335638033]]], [[[35.29183512699746, 31.939606772692308], [35.29590773809524, 31.937975769255452], [35.29610959858801, 31.937876022817818], [35.2934620573087, 31.93875368041279], [35.29183512699746, 31.939606772692308]]]]}}, {"type": "Feature", "properties": {"id": "judean-desert", "name_he": "מדבר יהודה", "name_en": "Judean Desert", "color": "#d9b88a"}, "geometry": {"type": "MultiPolygon", "coordinates": [[[[35.42542533227217, 31.56149151508294], [35.42851969002767, 31.565474292929192], [35.431775644627734, 31.568250181449603], [35.432543353315666, 31.568716295446517], [35.43273754959552, 31.56856785593457], [35.43072339627372, 31.56492924985173], [35.42887577029909, 31.562372819961226], [35.42624718109092, 31.55965586770787], [35.42365221486632, 31.55762590246689], [35.42542533227217, 31.56149151508294]]], [[[35.232073588471195, 31.59044878258208], [35.24138923185149, 31.601184594845712], [35.250800339755955, 31.60971137561196], [35.25442442949115, 31.613599011500995], [35.25755130353182, 31.61823247093179], [35.26422466038619, 31.63086587827318], [35.26711211078945, 31.634526505946972], [35.26996402473476, 31.636908471094593], [35.27389039561119, 31.639010718058636], [35.2839788847114, 31.64252552539192], [35.288075546843935, 31.64437233547181], [35.29186382475765, 31.646681721879926], [35.299650543592676, 31.65231721739787], [35.303522308924066, 31.65450137267948], [35.30848536412056, 31.656380560376547], [35.31915013796851, 31.659030940588195], [35.323480099949705, 31.66052780089513], [35.32810809361445, 31.66290958088978], [35.33617371545818, 31.668126721894694], [35.3402544640321, 31.66999740231251], [35.344044599047436, 31.670972035855073], [35.34820344397805, 31.67139360452473], [35.36441297029407, 31.671054724886776], [35.368501421337655, 31.674078731663236], [35.375721040600894, 31.681062984664386], [35.37877322270141, 31.685461087742432], [35.38087638124339, 31.690270136619866], [35.38203051622681, 31.695490131296687], [35.38231052160101, 31.70551966567677], [35.38206965707301, 31.71061981376754], [35.37521349707158, 31.724542699414346], [35.37368907025021, 31.728826049344157], [35.37283932107715, 31.732479628921308], [35.37226100882407, 31.739246319411865], [35.37284826974921, 31.75236377159689], [35.37283419353487, 31.757713897530515], [35.37235122594372, 31.762970245188768], [35.37140718804754, 31.768134378785973], [35.367776067164186, 31.782702272256365], [35.364658306350165, 31.797372837740653], [35.36226081537838, 31.804540398369785], [35.36016762966837, 31.8087099965219], [35.357548894668874, 31.812774484816117], [35.34860685288811, 31.823986076459967], [35.34572653778251, 31.827998248732992], [35.34341873885454, 31.832124924241498], [35.341844347442446, 31.83639828125319], [35.3411181999133, 31.84007658115913], [35.34087338987638, 31.843851148563505], [35.342322905088615, 31.862493992782444], [35.342240952902415, 31.867830543521674], [35.34167146053543, 31.87306958622473], [35.33568461738981, 31.904754570536788], [35.333516260201165, 31.91120325204023], [35.33008043495555, 31.917519102813543], [35.34122687149749, 31.916840991850936], [35.346430003951, 31.915940955249216], [35.35138056482829, 31.914283203918814], [35.36100622943626, 31.910141329818238], [35.36604506277061, 31.90874839585899], [35.37134471971867, 31.908137932740914], [35.382234470068354, 31.90778831586545], [35.388143041869185, 31.906646106739625], [35.39363391892201, 31.904250813369813], [35.4027238037612, 31.89850159996284], [35.407394411803146, 31.896003990126424], [35.41227454186849, 31.894134946360182], [35.42370672611671, 31.890695650048244], [35.43075498308527, 31.88738354619861], [35.434601551686164, 31.871207264957263], [35.435059628204776, 31.86597222222222], [35.43485652171902, 31.861485042735044], [35.43334015821488, 31.85400641025641], [35.42828601101847, 31.839049145299143], [35.42658464013146, 31.832318376068372], [35.425712401297005, 31.824091880341882], [35.426139475273814, 31.80763888888889], [35.42561408936464, 31.80016025641026], [35.423762671889484, 31.79193376068376], [35.41856442675314, 31.776228632478634], [35.41761419615534, 31.771741452991453], [35.41726756681808, 31.768002136752138], [35.417472706582664, 31.763514957264956], [35.41858223311619, 31.758279914529915], [35.420822755736275, 31.75229700854701], [35.42659432661113, 31.7403311965812], [35.42875051930736, 31.735096153846154], [35.43040391599766, 31.72911324786325], [35.43104230209227, 31.723130341880342], [35.43077867723119, 31.717147435897438], [35.42879556101854, 31.703685897435896], [35.428212437440976, 31.696955128205126], [35.428304499335866, 31.690224358974362], [35.42961556177618, 31.674519230769228], [35.42953568722381, 31.670032051282053], [35.42910741388664, 31.666292735042738], [35.42810634783315, 31.661805555555553], [35.42659352344582, 31.657318376068375], [35.42001824869346, 31.643108974358974], [35.41789112144665, 31.63787393162393], [35.41661219061596, 31.633386752136754], [35.41597701903227, 31.62889957264957], [35.41602897470155, 31.624412393162395], [35.41671705114245, 31.619925213675216], [35.41789972236549, 31.61543803418804], [35.42249505317834, 31.60122863247863], [35.42345534646799, 31.596741452991452], [35.42390047812661, 31.593002136752133], [35.42400842838461, 31.58926282051282], [35.423740000883846, 31.584775641025644], [35.42119455167496, 31.566079059829057], [35.42112204411788, 31.56084401709402], [35.42148092739245, 31.55618119750139], [35.41591068157608, 31.55251717435719], [35.41200717364161, 31.549048665767092], [35.40910729483763, 31.545406680694377], [35.402755397761965, 31.534955018111148], [35.39947406763798, 31.530553242805315], [35.39629482684327, 31.52733030071871], [35.3860816567923, 31.518674645959095], [35.3766726744718, 31.507480742390662], [35.372708636305944, 31.50410302914764], [35.36937661533516, 31.502441224538234], [35.36478834663012, 31.50133182431711], [35.36056960873379, 31.50100009509605], [35.3491601383802, 31.500798726855933], [35.34270958696135, 31.499818816279294], [35.33830155754718, 31.498439057121843], [35.327126732906954, 31.49388981867235], [35.31467919818722, 31.489917678128997], [35.31067910713974, 31.487926011421536], [35.307206643903605, 31.485142902997033], [35.30428148382251, 31.48153883984002], [35.301031848417566, 31.476083725571602], [35.29663670727024, 31.48283294145884], [35.286782221627924, 31.493134869063432], [35.28451662087616, 31.496064359272633], [35.28304568723529, 31.498635649413686], [35.281921776268845, 31.501438288004366], [35.28098463078169, 31.50525341505664], [35.279562404689415, 31.519400892743757], [35.278817297982464, 31.5233440456495], [35.277926449915874, 31.526302059506747], [35.27538817664364, 31.53171370246187], [35.268425556624635, 31.543055562339916], [35.26218080434934, 31.555763978855833], [35.25964049781277, 31.559398310017258], [35.256469479831836, 31.562612166882445], [35.252713416513785, 31.565435993522836], [35.243945419692835, 31.571134378155868], [35.24098034673122, 31.57359755355851], [35.238946263256295, 31.575793410476887], [35.236494788201945, 31.579486962626444], [35.23463353610127, 31.5835739967451], [35.232073588471195, 31.59044878258208]]]]}}, {"type": "Feature", "properties": {"id": "dead-sea", "name_he": "ים המלח ובקעתו", "name_en": "Dead Sea Basin", "color": "#3f6f8f"}, "geometry": {"type": "MultiPolygon", "coordinates": [[[[35.354044117647064, 31.544834794017902], [35.37389705882353, 31.543312284739834], [35.392279411764704, 31.54018856032546], [35.39816176470588, 31.539507796105102], [35.405514705882354, 31.53940221313822], [35.41948529411765, 31.540268966541635], [35.42463235294118, 31.540077795718666], [35.43198529411765, 31.538676320248], [35.43930457663024, 31.535992691000363], [35.439285072713574, 31.529025698738778], [35.438855242075974, 31.523092603550293], [35.435395234779776, 31.50023439115765], [35.43520387316019, 31.494604606076706], [35.435835722447536, 31.490488130141497], [35.436345336074815, 31.494337892592167], [35.43792162633252, 31.497011870464323], [35.440917258062456, 31.500240579942368], [35.445332231264636, 31.5040240210263], [35.45116654593905, 31.50836219371612], [35.45578836879346, 31.511607759309598], [35.46021037652438, 31.51424950785865], [35.46002987071351, 31.511805544208695], [35.4582518067771, 31.509948657378686], [35.43537551084755, 31.489189910044185], [35.437184169155984, 31.481601348697538], [35.441245753314085, 31.46697046626511], [35.44294870048411, 31.457483136231147], [35.443387866886496, 31.450206324711182], [35.44330391055983, 31.43292090688486], [35.44371501711706, 31.42727454165422], [35.44431688337057, 31.42357206915645], [35.44515593913429, 31.4091379425048], [35.445171088388705, 31.402908180920193], [35.44333258566889, 31.399025026276966], [35.44088841104968, 31.39529932131492], [35.42777301394659, 31.38027062511889], [35.424457299068685, 31.375328140558103], [35.42053064175716, 31.368245728058987], [35.407344909557565, 31.3526128138465], [35.4049280271295, 31.34907387716958], [35.40294174579205, 31.345256629532095], [35.4000946772122, 31.335677981074497], [35.39981612143421, 31.33225689547333], [35.4002178957457, 31.328852381175754], [35.40130000014667, 31.325464438181776], [35.405589970052816, 31.3175147065012], [35.40678772738159, 31.31582219103177], [35.40875337541597, 31.313977244398163], [35.41103252444507, 31.307083171438816], [35.41162678655285, 31.306519443859305], [35.4124876864737, 31.30626941170647], [35.409378592398056, 31.30107568706687], [35.40200071019169, 31.291663966665787], [35.399011222503255, 31.286967523344305], [35.39737302806774, 31.282585169225854], [35.39382404088711, 31.269026646348728], [35.390471735850184, 31.25898219924961], [35.39058431456163, 31.25676762316482], [35.39454812422149, 31.245699909479583], [35.39896017068027, 31.228520998782344], [35.40234218929917, 31.221596262018494], [35.40784752990025, 31.21227446625005], [35.410686, 31.204608], [35.41706991103877, 31.19255263318916], [35.41925755140233, 31.187831906360667], [35.436214, 31.159546], [35.44191708095596, 31.137362573122783], [35.43349416794466, 31.12205182226298], [35.42638204564517, 31.103266595567305], [35.420191111905964, 31.090574520604783], [35.41845868415241, 31.08646756184194], [35.41716212499762, 31.082166883701877], [35.416393140978805, 31.07763172772358], [35.416110336567584, 31.072880491919715], [35.41620169207838, 31.065839824931103], [35.391565, 31.023947], [35.387643368929965, 31.006012898181368], [35.383724687782184, 31.004520080982765], [35.37658701786213, 31.004432998485484], [35.369424294550775, 31.00696837679918], [35.356812841684246, 31.01618513850453], [35.351257790972866, 31.02100623403391], [35.34895983626705, 31.039700753948264], [35.34457328308657, 31.0598843927877], [35.34395256007049, 31.066184257960344], [35.343410952631714, 31.078289327849095], [35.34230815786083, 31.085186331990535], [35.34117011005537, 31.088770761407936], [35.339303854090005, 31.092836500897626], [35.33219028812404, 31.104320873216174], [35.329420180008306, 31.109609263047794], [35.32745652399974, 31.114453163488214], [35.32277276573414, 31.12790497098974], [35.31560994299827, 31.144310141242883], [35.31437377246633, 31.148672391524777], [35.31360844302465, 31.15325621408443], [35.31284848297472, 31.169378511129096], [35.31201129871197, 31.175576512185657], [35.31064652225231, 31.180702238296135], [35.305809958518296, 31.19325814107677], [35.30392144455198, 31.19984889549253], [35.30411148961754, 31.20076324544697], [35.30600767939098, 31.203303382363032], [35.31106279340719, 31.2124177849612], [35.31295983612658, 31.21668673043228], [35.31442844257742, 31.221016881084584], [35.31544695395825, 31.2254113310326], [35.31606610755389, 31.22986283209278], [35.31696481922227, 31.246380933815708], [35.31791437231589, 31.25456852792581], [35.32536365896977, 31.28906729811328], [35.327195141183786, 31.295615585157766], [35.32927541450691, 31.301371672019584], [35.33687797401224, 31.31768873979002], [35.33894101267006, 31.322690630151246], [35.34052741233434, 31.327760611797256], [35.341549739875475, 31.332911175175184], [35.342087169720465, 31.338887668248173], [35.34224236752802, 31.35248535185434], [35.34266110769954, 31.35923545919063], [35.343471945468, 31.365172893988838], [35.346058276554, 31.379179931436603], [35.34677421987631, 31.386644239775546], [35.34661166406396, 31.394234047990846], [35.344923459165685, 31.411121709223313], [35.34503589576726, 31.419428891403697], [35.34618001133288, 31.426832032279325], [35.35036282326311, 31.44288097682196], [35.3519658213829, 31.450975221642643], [35.35298030059696, 31.459910199188332], [35.35475099163372, 31.48387031838647], [35.35495130164171, 31.49140828862744], [35.35454129966056, 31.49827678769983], [35.35349638225521, 31.50523598897565], [35.35053493676166, 31.52003556593478], [35.34986071311308, 31.527698469555276], [35.35015263353898, 31.53295337680678], [35.351092704960145, 31.538115691058962], [35.35320103085171, 31.54518425317724], [35.354044117647064, 31.544834794017902]]], [[[35.407236225647466, 31.317682435808436], [35.40659868712313, 31.320169360744234], [35.406395712272136, 31.32241310317884], [35.40852147135013, 31.314720150096278], [35.407236225647466, 31.317682435808436]]], [[[35.468306004716126, 31.650275027545412], [35.465251115678086, 31.661057692307693], [35.4641544745272, 31.66928418803419], [35.46409955801208, 31.676014957264957], [35.464930700965326, 31.6894764957265], [35.46504358235078, 31.696207264957266], [35.464690288900044, 31.70293803418803], [35.46325742019039, 31.717147435897438], [35.46312149534268, 31.724626068376065], [35.4636205659624, 31.72986111111111], [35.464844113609715, 31.735844017094013], [35.47012426469574, 31.75229700854701], [35.471510720226185, 31.75753205128205], [35.47236435584709, 31.762767094017093], [35.47257636614118, 31.768002136752138], [35.47168188987157, 31.776228632478634], [35.46809653204505, 31.79193376068376], [35.46681956376815, 31.80016025641026], [35.46645719215388, 31.80763888888889], [35.46675175560465, 31.824091880341882], [35.46615015097661, 31.832318376068372], [35.46497667353074, 31.839049145299143], [35.46149070360595, 31.85400641025641], [35.460505902574354, 31.86073717948718], [35.460300723437484, 31.865224358974356], [35.460546546294395, 31.8704594017094], [35.46268235197477, 31.883774517147774], [35.4666067779181, 31.882896740999254], [35.4708159334442, 31.881416662247446], [35.47477038721789, 31.879427179990806], [35.48296214005644, 31.87436417442595], [35.48752696177487, 31.871945696424802], [35.492330203277106, 31.870004057991274], [35.50502928547056, 31.86570705296623], [35.51700050517938, 31.859954322971888], [35.521128830958816, 31.858312584726754], [35.52477144700607, 31.857349158651253], [35.529417037197966, 31.856741949231065], [35.54376357305443, 31.856625957373026], [35.549075, 31.839195], [35.53788486403637, 31.826529261414557], [35.535963971440616, 31.819896965774056], [35.5359148167064, 31.81753084174447], [35.53704858038786, 31.811587669651736], [35.540064643906476, 31.800312084249313], [35.53859100585622, 31.797382772678134], [35.535472101505384, 31.789452444065333], [35.5323582796892, 31.779281508302486], [35.530622802801105, 31.769731983489073], [35.52900595990053, 31.753388911635515], [35.52121138942591, 31.746915114794767], [35.51755692520727, 31.74309624452435], [35.51461519856623, 31.738064241069395], [35.50968139310199, 31.726456589230132], [35.50691058313297, 31.721289314610157], [35.50344475034791, 31.716472984075725], [35.49447600347058, 31.706227333568613], [35.49151664693425, 31.701976059012217], [35.488633022206095, 31.696044963907497], [35.48449596522541, 31.68341802146973], [35.48227833522105, 31.678005858093275], [35.473363679374955, 31.66209497491062], [35.468306004716126, 31.650275027545412]]]]}}, {"type": "Feature", "properties": {"id": "negev-north", "name_he": "הנגב הצפוני", "name_en": "Northern Negev", "color": "#e0c48a"}, "geometry": {"type": "MultiPolygon", "coordinates": [[[[34.932177075456174, 31.085089333575183], [34.93548353662733, 31.085874220165053], [34.932172583254385, 31.083886737298176], [34.92999585509457, 31.083359794054232], [34.92779888731856, 31.083315817157096], [34.932177075456174, 31.085089333575183]]], [[[34.582529081377665, 31.29782177065842], [34.58395360363597, 31.301562327034922], [34.586171948569024, 31.304548865954207], [34.59692624933624, 31.313224211807338], [34.599803986625986, 31.316646265982893], [34.60509429622851, 31.324769307590522], [34.60723844462361, 31.326881434389428], [34.609979863575205, 31.328545608270993], [34.61343037150358, 31.32967796541992], [34.61874405939256, 31.330342997122248], [34.623655907786464, 31.330379348922072], [34.63687842500194, 31.329763056248556], [34.64293607537773, 31.329870116085743], [34.64802444295589, 31.330704138021176], [34.6519498967194, 31.332410345317594], [34.65377151063725, 31.333834313450634], [34.65568554224683, 31.336119027838684], [34.660273979694644, 31.344768473562354], [34.6623501992868, 31.347861606487278], [34.670201049177024, 31.355924361926757], [34.6727497418142, 31.359593199591725], [34.67383650259244, 31.362498367103285], [34.67440763459062, 31.366720315723704], [34.67431027094228, 31.37051357655519], [34.673019983423856, 31.38357206600353], [34.67322323804511, 31.387139863132838], [34.67377093055455, 31.389519272322193], [34.675076044254176, 31.392260675142698], [34.67700403118219, 31.39453492304192], [34.679414586444, 31.396447244690815], [34.68538306599907, 31.400341420738805], [34.68815651416597, 31.40291163223267], [34.69004392523037, 31.406146371553405], [34.69090998804168, 31.41014712206399], [34.69086871494442, 31.414828374505962], [34.68923905270608, 31.427211335470428], [34.6889044791089, 31.433042622811215], [34.68934177145797, 31.43829501069223], [34.691438793404586, 31.44881301804181], [34.69164697918565, 31.454237235848833], [34.69059836053049, 31.461534116506932], [34.686235406673305, 31.478757224756908], [34.68578367033295, 31.483746324631213], [34.68626349552991, 31.487106693828785], [34.687171605618886, 31.48921578983346], [34.688539889067556, 31.490979755818373], [34.69299709859501, 31.495351818557932], [34.69772212724398, 31.499274964996115], [34.702102290359555, 31.50212866886449], [34.70797643267669, 31.504002733989953], [34.710874512908916, 31.505271320424384], [34.712767925296326, 31.506502908037017], [34.71439371479486, 31.508002118538514], [34.71689513471974, 31.511750698613568], [34.720536135208455, 31.520609698124915], [34.72235136750423, 31.524002799162382], [34.724594369474964, 31.526968130525084], [34.730760142954445, 31.533302357045542], [34.732789438116335, 31.536481395217045], [34.73398949634793, 31.54048967031871], [34.734227054260124, 31.54546044573984], [34.73360472529524, 31.55129110803815], [34.73058137008829, 31.568897796578366], [34.73041018096074, 31.573235652372638], [34.73085369586622, 31.576958804133746], [34.73160576994395, 31.57933173005607], [34.73310585955372, 31.581998307113018], [34.74026265482515, 31.589424845174907], [34.742687452772074, 31.59325004722791], [34.74418242092518, 31.59800507907478], [34.74579050784061, 31.610980325492715], [34.74703126718839, 31.61598956614499], [34.749095843969585, 31.620174989363683], [34.7540902919729, 31.626638874693786], [34.755696728950966, 31.629199104382295], [34.75710936478072, 31.632994801885967], [34.757638194415044, 31.636632638918364], [34.76161680823731, 31.639807804545683], [34.769494236451166, 31.645196268564334], [34.79694553605361, 31.66261309177561], [34.813373690430154, 31.669902767225764], [34.83055494218621, 31.674667057324765], [34.84848929132178, 31.67690596207261], [34.89121608084291, 31.676532617377177], [34.89656797733385, 31.67673223388836], [34.900103610296924, 31.67790517051348], [34.90420201097021, 31.678407919702966], [34.90727884633215, 31.678204463524494], [34.91169279897673, 31.677295378062368], [34.919586299997135, 31.67503248489719], [34.92378357022007, 31.673473352169633], [34.92644084867986, 31.672011225284926], [34.92831106619374, 31.670546406128466], [34.930587935784516, 31.667943052636332], [34.93210695588056, 31.665424641226384], [34.93386257599437, 31.66125753930393], [34.93532326388355, 31.65620564070726], [34.94030016775575, 31.628683522135223], [34.941685277813335, 31.623404890043794], [34.94335787903154, 31.618988731434044], [34.945337344308825, 31.615493165001865], [34.94759655692203, 31.61283684057747], [34.95006674110131, 31.61081343085108], [34.95586520976954, 31.606982421761437], [34.95887304253419, 31.604213467225264], [34.961530025803924, 31.600391964204086], [34.963783177925905, 31.595358967739934], [34.966019678023144, 31.58791752463549], [34.96986040551852, 31.571137820329163], [34.97194282650772, 31.563234139900544], [34.97427326956461, 31.556074525674912], [34.98043802300998, 31.539191427520514], [34.98261888862197, 31.531583080960267], [34.987575506348584, 31.51107557564953], [34.98915461515442, 31.506378939802868], [34.9910159047701, 31.502528846385772], [34.992635538529306, 31.50031227596528], [34.994461042226845, 31.4987133153598], [34.99630343512135, 31.49783527723296], [34.99822172544905, 31.497517423802343], [35.00198012506353, 31.49474006253176], [35.01035220585124, 31.489759436258964], [35.01443470779525, 31.48680068723095], [35.01821684800565, 31.482858424002828], [35.02475297505113, 31.473626487525557], [35.028792716895396, 31.469813025114373], [35.03319809923623, 31.467015716284777], [35.04472251495616, 31.46111125747808], [35.04744554462359, 31.459139438978447], [35.0495762808515, 31.45687147375908], [35.05102686653174, 31.454263433265886], [35.051801146609435, 31.451317239971395], [35.05197095996255, 31.447235479981273], [35.05120507589133, 31.43851920461234], [35.05116886633439, 31.435167766500538], [35.05182531344036, 31.431329323386837], [35.05305801774829, 31.42861234220748], [35.054946160494865, 31.426223080247443], [35.05741506597741, 31.42412419965538], [35.06881065311418, 31.417321993223766], [35.07329942910038, 31.41373304788351], [35.07659938198228, 31.409549690991145], [35.08179333036679, 31.400479998516715], [35.085381823517146, 31.39644091175858], [35.08943711171752, 31.393468555858764], [35.10033483685247, 31.387250751759588], [35.102907126107894, 31.385203563053935], [35.104884375909904, 31.382858854621595], [35.10616755319265, 31.380167109929673], [35.106795974324996, 31.376314653829183], [35.10653063222291, 31.372015316111458], [35.1051008034829, 31.363800401741447], [35.10466198507787, 31.359414325872283], [35.10501414171621, 31.355423737524752], [35.106022600319776, 31.35259463349321], [35.10769915998993, 31.350099579994982], [35.11061045693978, 31.34738856180323], [35.12084063109035, 31.34083698221187], [35.12479979374703, 31.33781656354018], [35.12761583677273, 31.335057918386333], [35.134199910150926, 31.32751662174211], [35.13876410676442, 31.32396538671555], [35.14128988893645, 31.318678441512965], [35.145217090943106, 31.307581313398412], [35.146343482822765, 31.301243450836115], [35.146457488099436, 31.29484256263279], [35.145559106773106, 31.288378648788438], [35.13911613689342, 31.265688481129303], [35.13720822030855, 31.24948629230466], [35.1362458407474, 31.246594332286314], [35.13465734596945, 31.244078041397966], [35.132332661582964, 31.242003464274692], [35.12837361249323, 31.24004215903465], [35.12342400876085, 31.2386751865802], [35.10812258633227, 31.235713182894536], [35.10446434359625, 31.23443874078101], [35.101454316830356, 31.232775369085445], [35.0991254563029, 31.23070329764682], [35.0974074960982, 31.22826468601455], [35.09351612832725, 31.218456649534247], [35.09127077890035, 31.214599777557744], [35.08746129302531, 31.210814040511345], [35.077753229861266, 31.204496021266902], [35.07365114622597, 31.200885842876662], [35.07078531388806, 31.196533913707995], [35.06661856121734, 31.186891108167544], [35.06535638796708, 31.185046371301382], [35.06378120854551, 31.183389438137993], [35.06035013568725, 31.181111347159074], [35.05592367186048, 31.179430490761284], [35.041919936981444, 31.176557221484607], [35.036912365585685, 31.17522502962818], [35.032800258041526, 31.173355559460806], [35.03030229929091, 31.171384946956074], [35.02850911206133, 31.168991471538718], [35.027315893915045, 31.166238014671386], [35.02516169943338, 31.156255021156298], [35.02365162266935, 31.151956985582075], [35.02129865209394, 31.148164686294656], [35.014564205196066, 31.140929844229298], [35.01189663314058, 31.137326305829948], [35.00984160122704, 31.132487896406637], [35.007975395286635, 31.123199456705564], [35.00706166246431, 31.120278308643872], [35.00513272064001, 31.117098939044574], [35.00202844460485, 31.114624769971783], [34.99861124203838, 31.113205703756563], [34.994419068919434, 31.11225161987283], [34.98960867355541, 31.11166846933614], [34.971480557172114, 31.11040248202326], [34.96694075064284, 31.10965697818573], [34.9629587276082, 31.10857680425142], [34.95728191880745, 31.105911460960417], [34.948748615729976, 31.099755932602847], [34.94433192376786, 31.097201866147465], [34.93921163966152, 31.095069954978605], [34.9290251999691, 31.09164100246752], [34.92489144501617, 31.08978452074542], [34.92214043367971, 31.0879657397922], [34.91983608021847, 31.085591042278402], [34.909510537845144, 31.089894470001063], [34.90613413689361, 31.090851217593674], [34.90287445284315, 31.0913994560325], [34.898944457580875, 31.091578619778403], [34.887426633125095, 31.09116354635726], [34.87637103361713, 31.091845849553003], [34.87332268882585, 31.091654400584886], [34.87113661588229, 31.091160164084148], [34.869062250808724, 31.090274950038356], [34.867113278327636, 31.088950861918896], [34.86416075499464, 31.08570887391226], [34.86105056877474, 31.080303542075256], [34.85631846147889, 31.06971427826656], [34.85430880940061, 31.06588740480283], [34.85150156621113, 31.062136936293864], [34.84894682948537, 31.060217859096312], [34.846096908132665, 31.059331928093084], [34.84297316724784, 31.0594043654522], [34.8396323588655, 31.060236539052656], [34.830904705366535, 31.063631686954878], [34.82750604709666, 31.06466633516172], [34.82349249650538, 31.06513794255907], [34.82050587850908, 31.064730449808405], [34.81637771005775, 31.062888055781436], [34.80744896124169, 31.056126381555764], [34.80343238899304, 31.053893400819494], [34.79915963031757, 31.052557072577045], [34.78877344511289, 31.05089642571148], [34.78387549748339, 31.049033094873728], [34.779974888430914, 31.046394242950843], [34.771258394648015, 31.03888967610898], [34.768581371039346, 31.03739860300162], [34.766453825162095, 31.0366995217687], [34.76343940569525, 31.036389334164987], [34.75939208036867, 31.036979153135903], [34.755975986434215, 31.038074826168764], [34.74547050440588, 31.042262046054866], [34.739696559977574, 31.043464704012962], [34.73736590882257, 31.043476491252207], [34.7343829546992, 31.043056174946294], [34.724294229075355, 31.040354419547715], [34.72122037262525, 31.040252261385447], [34.71879484727375, 31.04059610831241], [34.716259082002274, 31.041325794959306], [34.71271538629831, 31.042868074185456], [34.70152688088343, 31.049445875924324], [34.69790532822345, 31.05126065449657], [34.69367927829686, 31.0524760095676], [34.691352111536794, 31.052475601424533], [34.68989797413781, 31.052134754452148], [34.68852220464242, 31.051519619817185], [34.68660372042042, 31.05008882279088], [34.68374863636114, 31.046505797326205], [34.68121396748253, 31.041801318729103], [34.67447103281848, 31.027389294971414], [34.67181198454763, 31.02312014424725], [34.66895667205673, 31.01953791829327], [34.65000519376809, 31.001698010336263], [34.646038393677635, 30.99929082704628], [34.64389763785099, 30.99863798063629], [34.64163119119859, 30.998425052116445], [34.63923012607539, 30.99868328824436], [34.63623750083657, 30.999580128581854], [34.63669803855157, 31.007296630100885], [34.6361877906977, 31.01206807238787], [34.63535779467547, 31.014407090450128], [34.634557348936426, 31.015719320767417], [34.63298735716515, 31.017318343080646], [34.63099470662457, 31.018494706624566], [34.626918166797395, 31.019699856938228], [34.61656837508594, 31.020969783536643], [34.611383000006214, 31.022122436625928], [34.60693535527764, 31.024012820066375], [34.59895739700425, 31.02871091813101], [34.59593392179133, 31.02991279503071], [34.59339814457984, 31.03054603190375], [34.58654607205055, 31.031088325571673], [34.57231695091299, 31.030591598800314], [34.56841460216791, 31.030914602167908], [34.5658252368321, 31.031494250916605], [34.5635514591379, 31.032389487306915], [34.5609912575146, 31.034054637796306], [34.55329931843059, 31.042207769134812], [34.550646519426955, 31.043780322243855], [34.54824490417316, 31.04454772107457], [34.544440284517215, 31.044968453531297], [34.53877962612375, 31.044589485278678], [34.5191699519693, 31.04082488154677], [34.510953636680355, 31.040002932454996], [34.50491921080969, 31.04030653475335], [34.495013806316464, 31.042020848569987], [34.490245524109795, 31.042534256504158], [34.4850311888535, 31.042601611388704], [34.46944915396836, 31.041808308897927], [34.46560142374194, 31.04218593078417], [34.46241254773274, 31.043222406887658], [34.46110455663121, 31.044027091842477], [34.45951699966094, 31.045608548956714], [34.457807739742435, 31.04918097917906], [34.457117949442875, 31.05271654099217], [34.45604573170137, 31.064320379588693], [34.455171806018406, 31.067671806018406], [34.454169468558376, 31.069838482642883], [34.45285156061523, 31.071689588784245], [34.45065015706828, 31.073713537349974], [34.441230131143776, 31.079082243819833], [34.43774676944061, 31.08193691028568], [34.43300250190802, 31.088506719011626], [34.431769672465805, 31.09092801298225], [34.43088514146647, 31.0934599011221], [34.43034890891003, 31.096102383431163], [34.43008495833741, 31.101106834432333], [34.4302686783828, 31.10410447761194], [34.43288598058516, 31.111567164179103], [34.433862045184824, 31.11529850746269], [34.43433208080843, 31.119776119402985], [34.43397708139525, 31.123507462686568], [34.43290230442865, 31.12723880597015], [34.431170689157604, 31.130970149253734], [34.423455094522595, 31.142910447761196], [34.420977759751665, 31.147388059701495], [34.419441906550475, 31.151865671641794], [34.41914077302847, 31.15634328358209], [34.42018439649479, 31.160820895522384], [34.42246583475146, 31.165298507462687], [34.42509054795165, 31.16902985074627], [34.43348181442446, 31.1794776119403], [34.43629954633761, 31.183955223880602], [34.43800070700716, 31.188432835820898], [34.438339039205744, 31.192910447761196], [34.43755349024804, 31.196641791044776], [34.43547588654826, 31.20111940298507], [34.433037931604005, 31.20485074626866], [34.42578758091209, 31.21455223880597], [34.42307614280884, 31.219029850746267], [34.421158901240176, 31.22425373134329], [34.420788428152726, 31.228731343283584], [34.421359743685, 31.232462686567168], [34.42260248398334, 31.236194029850747], [34.42965686179788, 31.251119402985076], [34.430719366445345, 31.254850746268655], [34.43112579005339, 31.257835820895522], [34.4310495884911, 31.261567164179105], [34.43037772637863, 31.26529850746269], [34.42661062462606, 31.276492537313434], [34.42565372425363, 31.280223880597013], [34.425309908830485, 31.283955223880596], [34.425632977285304, 31.286940298507467], [34.42657340784321, 31.289925373134327], [34.427708770590016, 31.29216417910448], [34.431482997497824, 31.29743117307877], [34.43731328708078, 31.30677441735487], [34.440164163738274, 31.309804369591472], [34.44348229191927, 31.31196047727198], [34.44726767162378, 31.3132427403964], [34.4548746498197, 31.313862470890225], [34.458888490975305, 31.313693774812705], [34.46080966012282, 31.31238181055715], [34.46311740548464, 31.309871084378457], [34.46968527173879, 31.2989143057824], [34.47241783055783, 31.295319529409348], [34.47424269453325, 31.293718649637505], [34.47622937317139, 31.292603213853788], [34.479910898872106, 31.291855338125742], [34.48484827549939, 31.29251652461138], [34.49538666090434, 31.295829794033754], [34.5004435784756, 31.29684960335132], [34.50519667810289, 31.296957958836963], [34.51505363727354, 31.29586845899042], [34.52071755821295, 31.296350787846386], [34.52688157292612, 31.29833339802366], [34.539831645383856, 31.304164747472335], [34.543319659891246, 31.305194828730343], [34.54579481550504, 31.305544823873568], [34.54888509726188, 31.30538170687991], [34.551744826238895, 31.304526931546892], [34.5550662653468, 31.3026987960404], [34.56211554227466, 31.297903230597584], [34.56485628130677, 31.296691485429754], [34.56703089204209, 31.296139845937617], [34.57009725650545, 31.2959049770635], [34.574158559354615, 31.29629643278077], [34.582529081377665, 31.29782177065842]], [[34.57660745463593, 31.272659736403988], [34.57723064243004, 31.273122405082223], [34.57734090517082, 31.27321571582896], [34.57702570059486, 31.272978247551467], [34.57660745463593, 31.272659736403988]]]]}}, {"type": "Feature", "properties": {"id": "negev-central", "name_he": "הנגב המרכזי (רמת הנגב)", "name_en": "Central Negev (Ramat HaNegev)", "color": "#d3a86a"}, "geometry": {"type": "MultiPolygon", "coordinates": [[[[34.65508931671418, 30.916024481664294], [34.65862644750724, 30.922650671429587], [34.660345769375766, 30.924778536692997], [34.662214780703266, 30.92638248885004], [34.66423633019897, 30.92745255741841], [34.666400301817035, 30.928024148558492], [34.66869130136375, 30.928151141948316], [34.67189940018316, 30.92778345181799], [34.69363316315231, 30.922309543721017], [34.69966150935648, 30.920216479547364], [34.703278755019426, 30.91841677546477], [34.7070423501918, 30.91610484809915], [34.71986611018605, 30.90651881926701], [34.72464352881103, 30.903373673751556], [34.72905788028457, 30.901499263266253], [34.731473711125346, 30.901189347126817], [34.73297460216256, 30.901366556365442], [34.73438669337616, 30.90185456498667], [34.73633944002527, 30.9031654435181], [34.73920032992085, 30.906728148555814], [34.74121628671717, 30.91053295550641], [34.74689720081692, 30.923231723370257], [34.74900137847464, 30.926727757305944], [34.750717759083976, 30.928865916976537], [34.75255905416722, 30.930566875988497], [34.75519561359029, 30.93219957374551], [34.75799342051484, 30.933267905247327], [34.76518250001523, 30.935257766340108], [34.76792206220104, 30.9365299544275], [34.769870860631, 30.9378546517259], [34.771719891238526, 30.939528536402854], [34.77403760418882, 30.94227719681453], [34.780492462128585, 30.952267161238538], [34.78274122722712, 30.955257139131323], [34.785165559198475, 30.957632632969272], [34.78781042163729, 30.959236270171143], [34.79068748094274, 30.96002721833974], [34.79377369749204, 30.960086116154894], [34.8053154799883, 30.95770217249994], [34.81007502956082, 30.95733473260265], [34.81233815663613, 30.95755927964235], [34.815234377968864, 30.958283160715496], [34.82488420857, 30.962521048693535], [34.82922206993398, 30.96362951752615], [34.833850219904214, 30.963721976236876], [34.845151493102165, 30.962179815126127], [34.847456165929884, 30.9622589520324], [34.84965319177464, 30.962714853378948], [34.85238860237216, 30.964001572025303], [34.85549027838839, 30.966721525640605], [34.85775880009478, 30.96964235540595], [34.86316834599914, 30.977860584085036], [34.8655024182635, 30.980551986897428], [34.86808245290029, 30.982382521406343], [34.87097275647416, 30.983127114635504], [34.87419753808816, 30.982701034724236], [34.87866609875456, 30.980636892063963], [34.88250852379556, 30.978049060158153], [34.892445481838735, 30.970421346351408], [34.89810067114237, 30.966919167395126], [34.902404612742465, 30.96543119146691], [34.90629391416851, 30.96539445614793], [34.9084452695882, 30.96601020398235], [34.911148935651795, 30.967408028497566], [34.921341280284196, 30.97517744523478], [34.93059194481245, 30.980812414467913], [34.93381289374309, 30.9832228544289], [34.93526235506525, 30.974522918445523], [34.936359883943474, 30.971395095211072], [34.93751192584387, 30.969378123026964], [34.93896452573764, 30.967661708836193], [34.94068987012383, 30.966218039137875], [34.94737922628356, 30.962344015016008], [34.94980628919161, 30.960545725811343], [34.95168639953765, 30.95820048404469], [34.95262367692855, 30.955968747351093], [34.953171926343316, 30.952291644653172], [34.952954048311284, 30.947848414508467], [34.95212189301211, 30.94279090709661], [34.94843931579617, 30.925375935514428], [34.94802046604336, 30.91967539562082], [34.948409100605865, 30.91583867807072], [34.94911479384906, 30.91337535722934], [34.95051250706574, 30.910547718333337], [34.956808150338226, 30.902054629211463], [34.95867851998446, 30.89864330871685], [34.962338980004006, 30.89068405042654], [34.96363797514578, 30.888814031483744], [34.965242742454606, 30.887249784708086], [34.96723945752937, 30.886077485698372], [34.96968247893325, 30.885351493017755], [34.974762764237674, 30.885150088181337], [34.98093186132004, 30.886037495122853], [34.99465843280494, 30.889200686326056], [34.99981777453813, 30.89013467594657], [35.004403030686184, 30.890494579982], [35.008287434077616, 30.89015363126074], [35.01073890854318, 30.889436091641755], [35.01347176852291, 30.887943599508784], [35.02013921700085, 30.881934991648734], [35.02410514425006, 30.87956289072893], [35.02909990286651, 30.8782196211764], [35.04291010968587, 30.877241095601367], [35.0481776863682, 30.876170644114655], [35.05246872834767, 30.874123657925097], [35.05890754448329, 30.868942755750897], [35.06152785561346, 30.867337714768393], [35.06152890032039, 30.868189707208487], [35.06083901803548, 30.870258058418095], [35.05738647249017, 30.87804383714584], [35.05501651798515, 30.88468210695543], [35.058693228043396, 30.879796245872726], [35.067309367753104, 30.869485465623676], [35.07031186999179, 30.8652732437542], [35.07274727436969, 30.86038537726921], [35.07336524077467, 30.858027120567293], [35.07354116038281, 30.855732013407778], [35.07284448922904, 30.852048244880105], [35.07050687126338, 30.84784223872994], [35.06693295616945, 30.843812846455226], [35.0572940692313, 30.834596609964525], [35.053761647207594, 30.829804631512705], [35.0525146930672, 30.826956133435928], [35.0519895978813, 30.82476117124701], [35.05183207028419, 30.821757040806883], [35.05224592587496, 30.818671284197034], [35.05405588523196, 30.81311610840511], [35.05934542027842, 30.80176724020236], [35.06162247034983, 30.796145337165537], [35.06330595347081, 30.79060822940731], [35.06628564984633, 30.778076020966257], [35.06863134583024, 30.77168765277486], [35.07069511651301, 30.767609535413392], [35.073219033394395, 30.763465682880703], [35.084952592189346, 30.74665628828287], [35.08833638700081, 30.740119620258966], [35.08964520019147, 30.736149353967807], [35.09034288838633, 30.732266391247478], [35.09055046072872, 30.7284534450775], [35.090421196670285, 30.717122032436933], [35.0909336457068, 30.713265532453512], [35.091748283735896, 30.71012252120965], [35.09452906070784, 30.703671998591375], [35.103614754221056, 30.688754187653657], [35.10524985871863, 30.6854939669143], [35.10645180132399, 30.682295626445253], [35.107268979266024, 30.67763893516539], [35.10684313539132, 30.673159818430744], [35.10535130133813, 30.668832986007395], [35.100914468678546, 30.660386916096776], [35.09935018715127, 30.65682709190818], [35.098398093647965, 30.653179812287565], [35.09826166775852, 30.649416008722117], [35.09901381815488, 30.645525265687326], [35.100595516072154, 30.641516015863793], [35.10893881166959, 30.627460920366794], [35.11093568824711, 30.62339235930606], [35.112157108387095, 30.619434577736477], [35.11241427934492, 30.61561454605002], [35.11207130672817, 30.6133935663512], [35.11135871004092, 30.611225390091025], [35.10893367393634, 30.607031872246395], [35.105462443953954, 30.602987810669987], [35.0965903065342, 30.594418697129505], [35.092830717180554, 30.590415829749034], [35.0896634804771, 30.586328340561394], [35.0871319121272, 30.58215004160893], [35.08424816811816, 30.57575207767804], [35.07811812650841, 30.559224650208233], [35.076795052314, 30.55487370923358], [35.07563963498273, 30.548868676715657], [35.07239697241485, 30.539200600733572], [35.07037783135334, 30.535696647955575], [35.06775706180637, 30.532736827067474], [35.06453466377392, 30.53032113806926], [35.0553684677415, 30.526027675752328], [35.0516791475726, 30.524915387470884], [35.050360643284534, 30.524153919202988], [35.04857372419341, 30.52243920477826], [35.047003999612116, 30.52007290682405], [35.04519542580353, 30.516064665985688], [35.041001414748635, 30.50270330292391], [35.03893398006158, 30.49711315415482], [35.03649173276648, 30.49264744320999], [35.03421297795616, 30.490049745376766], [35.030974538326724, 30.487972611434955], [35.02740418334327, 30.48689122355518], [35.017607588240885, 30.485620631503764], [35.00731168999485, 30.483489458317273], [35.00424520173129, 30.483254960843894], [35.00183465573705, 30.483411127128548], [34.99843846622212, 30.484165733409135], [34.993877496450054, 30.48605618989508], [34.98002679264416, 30.494589433388256], [34.97619528348503, 30.496649998601487], [34.97261563680724, 30.49795497637077], [34.96935794118561, 30.498294100971492], [34.9664472730679, 30.497592143060416], [34.9638576824822, 30.495926952553397], [34.96151463581883, 30.493522130279356], [34.95652851923548, 30.48725406493505], [34.953498534701865, 30.484551565705704], [34.950753418009775, 30.48335295351786], [34.94766325459744, 30.483189481490747], [34.944224038120055, 30.484073168658703], [34.94047966699425, 30.48587231977193], [34.92431183350823, 30.496639971173437], [34.920440392864606, 30.49882033084014], [34.916739134071825, 30.50049014495433], [34.91146846966155, 30.50215119478895], [34.89954785450274, 30.504894172340833], [34.885332305815616, 30.50980496934559], [34.8812041299546, 30.510397044098447], [34.878226800182105, 30.509895071151814], [34.87623201532596, 30.508803954022124], [34.87502504888901, 30.50770787220091], [34.87340260464373, 30.50549973323862], [34.87199692273705, 30.502641307260568], [34.86972487698046, 30.495306501134074], [34.86608475233985, 30.47792498826346], [34.86354908489308, 30.469022556641505], [34.862251290535454, 30.465840468016264], [34.86032717091972, 30.46217886459933], [34.852792843602394, 30.451762978626768], [34.849411508456, 30.445397550103756], [34.84666256973001, 30.4371349323194], [34.84274020010246, 30.420600154409605], [34.841287171283874, 30.415525278601205], [34.838649349385236, 30.40928780090087], [34.83593644448152, 30.40563406278198], [34.83408747367468, 30.404105503504365], [34.83140860249425, 30.40270815478133], [34.82204330683562, 30.40014366439875], [34.817966348841416, 30.398223594985186], [34.814226179629955, 30.39529315922332], [34.80654541738998, 30.387675068584745], [34.80397860052928, 30.38594155690275], [34.80120461324385, 30.38482955649483], [34.79897807574982, 30.384433697278773], [34.79582973251244, 30.384444764726833], [34.78580806306716, 30.386207886270352], [34.78180050954775, 30.386438093998258], [34.77881775645017, 30.38595239102681], [34.77605922974196, 30.384794008887315], [34.77328015462136, 30.38423430033758], [34.761389996858995, 30.38249557576512], [34.75227891421723, 30.38131655974238], [34.74333744846525, 30.381385717828504], [34.73456559960305, 30.382703050023483], [34.72596336763064, 30.385268556327322], [34.706531072728126, 30.394167515490917], [34.70396400799088, 30.39543911382912], [34.70094426712222, 30.397613189496266], [34.697710142228566, 30.40074149916197], [34.69559906751444, 30.404127129701834], [34.69402453148243, 30.408228145151146], [34.69115859745981, 30.418047772803526], [34.68976090244691, 30.421144496913353], [34.688450336870545, 30.423117314240105], [34.686893921263106, 30.424762331525425], [34.68511057186271, 30.426104770420178], [34.676478205830314, 30.43071598078957], [34.67390843719499, 30.433490019434593], [34.67283988781451, 30.435785525022517], [34.67235582565157, 30.437620267535415], [34.671973734087224, 30.440831050211518], [34.67198866559525, 30.444571196984192], [34.67272130085776, 30.45174844082626], [34.6758020602229, 30.47197715172577], [34.67619546476756, 30.47870208794403], [34.67593246607841, 30.48331174048549], [34.674676295981506, 30.489077323213436], [34.67117280816674, 30.498046879142947], [34.669783063375455, 30.502394282913297], [34.666616542299394, 30.516773445288074], [34.665298371742054, 30.51997620200528], [34.66340667048204, 30.5224142511189], [34.66153360434881, 30.52363706770317], [34.66005815130883, 30.524149955713366], [34.655605521239366, 30.52441351244614], [34.65139579903441, 30.523760866966516], [34.6366897361659, 30.52027381488787], [34.63276991318598, 30.520007701708312], [34.6301933873888, 30.520292572073974], [34.62793770047243, 30.521005227614037], [34.62537893703978, 30.522553860497474], [34.619089074893154, 30.529048330016266], [34.615443953208484, 30.53162864396052], [34.61328556552093, 30.53247103180569], [34.61005163945697, 30.53311944784741], [34.597280032395815, 30.53345174954363], [34.592434387847575, 30.53443136633644], [34.59034377962851, 30.535364126806257], [34.58788690814197, 30.537048615617863], [34.58137264801109, 30.54324388782434], [34.57949171643634, 30.544456217153204], [34.577349171195, 30.545319728259997], [34.574021954902335, 30.545843757330097], [34.57015553430004, 30.545648847320678], [34.555643141601976, 30.542420022136007], [34.55051299193808, 30.54178021940951], [34.5478591150726, 30.54196195501744], [34.54630751320862, 30.54237331126229], [34.54493525220016, 30.543023788647844], [34.54321889137602, 30.544455545644198], [34.541878466285965, 30.54638855028602], [34.54058230845632, 30.54962065730684], [34.5378113395881, 30.562047063895296], [34.53601322768743, 30.567090057551468], [34.53361038039011, 30.571326737345544], [34.525464083582456, 30.582145395450816], [34.523123061405485, 30.586302544475217], [34.52143895379067, 30.59068598425569], [34.520411760738, 30.59529571479223], [34.51968952490158, 30.608491690147225], [34.52082423532519, 30.61362619882766], [34.522402514599456, 30.617940681933742], [34.5243590176031, 30.621444474482843], [34.526929163722635, 30.624860603729687], [34.53745464875634, 30.635463500540876], [34.540963846858574, 30.63950213810011], [34.54341283516793, 30.643692234201186], [34.54438994901313, 30.647335939487228], [34.544469493220845, 30.649594551815905], [34.54417102816127, 30.651907165468486], [34.542551617932745, 30.6566784613607], [34.53987727133165, 30.66160046244901], [34.53254614359098, 30.67324098675092], [34.529633149461304, 30.679710397534578], [34.52884889000895, 30.682849068981774], [34.528539753670415, 30.686676524294086], [34.528907096700976, 30.69040733969647], [34.52980605631534, 30.69406220987262], [34.534881245477195, 30.707713696166714], [34.53915285360232, 30.720723321156076], [34.54071467421211, 30.724283496904313], [34.54271906696541, 30.72778044806063], [34.54525472493497, 30.73120150418606], [34.54900806554738, 30.735205264243838], [34.56454594536751, 30.748875397635146], [34.56744559057999, 30.752244455583007], [34.56959193301837, 30.755721128212876], [34.57091412434232, 30.75931553671623], [34.57146884480972, 30.763019583913383], [34.57143715370464, 30.76680740419231], [34.57081750607836, 30.774462511238205], [34.570967984773134, 30.77822430726001], [34.5718964649549, 30.78187496021225], [34.57386609315722, 30.785376877732986], [34.57780141279699, 30.78935464078687], [34.58342448516866, 30.793091296307622], [34.59170241137222, 30.79720534559089], [34.6151973661933, 30.807468778195155], [34.62168578981134, 30.811081812109272], [34.62690470863235, 30.81487620385151], [34.63027899331848, 30.818177456160313], [34.633345434772124, 30.822279344669376], [34.641383837991285, 30.8377774904564], [34.65194144161692, 30.85367240906685], [34.653632825585724, 30.857214075763736], [34.654550854143295, 30.860109563209498], [34.65502787184799, 30.86306805220574], [34.65499339686715, 30.866856270181223], [34.65368401318039, 30.87309659375876], [34.64925273619524, 30.88659282945392], [34.64854782797037, 30.890476823607155], [34.64840060281722, 30.8942811487501], [34.648827838685264, 30.89800340803287], [34.649752680197636, 30.90165458079503], [34.65508931671418, 30.916024481664294]]], [[[34.951733919511746, 31.006146279288274], [34.954880763200634, 31.007123271420753], [34.958034379934006, 31.006946268591644], [34.951733919511746, 31.006146279288274]]]]}}, {"type": "Feature", "properties": {"id": "arava", "name_he": "הערבה", "name_en": "Arava Valley", "color": "#c99a6a"}, "geometry": {"type": "Polygon", "coordinates": [[[34.94293853033048, 29.615578517151267], [34.94201480054379, 29.637219076214734], [34.942375200976514, 29.646253905038705], [34.94389891459835, 29.65435682947692], [34.94892686719326, 29.670265599550635], [34.9506103179191, 29.67758715601584], [34.95136505377761, 29.685048019711132], [34.95148722497176, 29.699420434772758], [34.9519447760868, 29.706168468772166], [34.95300879795799, 29.71282553215816], [34.955885586119095, 29.726027347267326], [34.956637712896345, 29.731973787509993], [34.95673784803957, 29.73650321168295], [34.95633190824525, 29.741865954503957], [34.95317080802755, 29.761275304721796], [34.95293753396832, 29.766612147682533], [34.953206515225176, 29.771116244938444], [34.95435040765503, 29.777761327740638], [34.95823615962162, 29.792326613093792], [34.959844624677906, 29.799659417409426], [34.96524845261946, 29.832174769144125], [34.9660155330708, 29.83887637374308], [34.96609620206301, 29.844166125246105], [34.96562941805332, 29.84953799469941], [34.96466812221252, 29.854984040927384], [34.96133197404836, 29.86987520389275], [34.96073685133046, 29.874508916744873], [34.96059018000666, 29.878317954480483], [34.96129393916267, 29.885786464681154], [34.9651465584587, 29.901871534749716], [34.9661712711449, 29.909291901920856], [34.96616889597061, 29.91686633227107], [34.96470960732638, 29.93223337371586], [34.9644895195909, 29.93984046095025], [34.964816060934744, 29.945850739007938], [34.966582168322574, 29.963006193270136], [34.966875409799094, 29.983412207048655], [34.96773814363072, 29.992371685862796], [34.970189772262266, 30.002339817947462], [34.97570790931983, 30.015249287809752], [34.97772289822491, 30.02091452768183], [34.98183603884379, 30.038373885561214], [34.9832933390003, 30.04340436608179], [34.98542732775783, 30.04904104598928], [34.9909462208672, 30.061551395363963], [34.99236275635005, 30.065823054755054], [34.99318229043257, 30.069469389831063], [34.99363613887142, 30.073203489461555], [34.99372822463399, 30.077793016785517], [34.99228663086086, 30.094279696965483], [34.99212755957717, 30.102003920585204], [34.993783353032384, 30.12235885573735], [34.99391836421529, 30.14154156933251], [34.994381256110046, 30.146042103184744], [34.99530259703416, 30.150432609269934], [34.99757825573371, 30.15680389304252], [35.004091594642695, 30.169844180076463], [35.00639255414452, 30.175440787005307], [35.00821320417802, 30.18192127285775], [35.011471849911985, 30.198817104858342], [35.01335053526704, 30.20451505758242], [35.01586090843223, 30.210061405232075], [35.02326685082535, 30.223656072080985], [35.03023973864931, 30.238123276677655], [35.03365903619081, 30.244220087128163], [35.03900087895603, 30.251392696027295], [35.04962812203239, 30.2626770414099], [35.05343780106651, 30.267142950999855], [35.05694029962991, 30.27245118855393], [35.05935096428407, 30.278021466246248], [35.060928227840485, 30.284560364853164], [35.062987233989915, 30.300206901051716], [35.066211239726684, 30.31864825595396], [35.066796817474795, 30.32542515915489], [35.0671702895089, 30.339939014238794], [35.06803316312258, 30.346649366431972], [35.06894897652675, 30.350272594470788], [35.07047406786114, 30.354518200457516], [35.07832602208025, 30.371080243072836], [35.07971171597717, 30.37535930444455], [35.080493193928795, 30.37901477299196], [35.08109334645413, 30.3850195735952], [35.081192341800175, 30.39883069843307], [35.081650997317624, 30.405638062969352], [35.08503526980278, 30.425578163154306], [35.08673616624516, 30.440542041031396], [35.08761637912455, 30.44571102249848], [35.08903175910279, 30.450751563861843], [35.090763403870056, 30.454947597024674], [35.093335672688625, 30.459710485066356], [35.10113255001508, 30.472442722880093], [35.10299533689128, 30.476607281936786], [35.10428974135912, 30.480908252771492], [35.10499867601758, 30.485349736360433], [35.10520835128997, 30.489911042202024], [35.1044376645173, 30.506204895464876], [35.10412350439897, 30.524761696364024], [35.10318703369677, 30.533465016938123], [35.10035439354598, 30.54957172770046], [35.09994191915365, 30.554294411515937], [35.09996722957765, 30.558137721591095], [35.101102620779415, 30.565553149152972], [35.10560580690408, 30.579825903346446], [35.10703687339752, 30.58639748454917], [35.10757693693989, 30.593191816489664], [35.10727737476634, 30.60789533022146], [35.10764205514792, 30.615503435488385], [35.11088761406543, 30.635480089237266], [35.112706588164954, 30.651963751509488], [35.114207572984185, 30.658517853130768], [35.11620023034463, 30.663409181544274], [35.118979846021716, 30.668103770378625], [35.131302020181884, 30.68350148770815], [35.13587995174716, 30.690826207715382], [35.138354000403545, 30.69636711584114], [35.14358007006827, 30.711229076685832], [35.15051221008994, 30.728744230086207], [35.151723227063016, 30.73306104106033], [35.15257407078069, 30.73746789534831], [35.15401932153454, 30.753275060920714], [35.15543939779485, 30.76061931721795], [35.15808565150694, 30.767657029152254], [35.16613504898348, 30.78335301311645], [35.16773035336817, 30.78757375223767], [35.16908921364581, 30.79262352992188], [35.172168820793665, 30.811871744076946], [35.17627777880439, 30.82778291037137], [35.17758025977201, 30.83438663795555], [35.17817646336766, 30.84116693488272], [35.17838412375603, 30.855743642974033], [35.17886426727313, 30.860243172312156], [35.17961098871403, 30.863906129633087], [35.18208492017209, 30.870986922130893], [35.18781364351478, 30.88264350941116], [35.18989726347973, 30.887512097173545], [35.191524384782056, 30.89249480960159], [35.19385908084631, 30.90186336533373], [35.19504653163757, 30.90413750718144], [35.19770598606004, 30.906856692565306], [35.20148634090411, 30.909950963876355], [35.20517287170663, 30.91243115199595], [35.214797270445395, 30.918066599896125], [35.21773138790965, 30.920324488535364], [35.21985323268032, 30.92244295987853], [35.22345026078263, 30.927575279942], [35.22936179296373, 30.939615722563033], [35.232748790737844, 30.945038853850185], [35.2356836853826, 30.948559768957438], [35.245598571786864, 30.95884941342334], [35.25376334455771, 30.970298189586778], [35.25717159413708, 30.974427792733273], [35.26099127520966, 30.977987721504572], [35.2697599817534, 30.984807973982438], [35.273393898588736, 30.98862511477457], [35.27685429508386, 30.993946617063372], [35.28281278220577, 31.005922045150974], [35.28635484497631, 31.011130471058465], [35.289999267006195, 31.01493306619656], [35.299104316259275, 31.022551715948723], [35.309421931926124, 31.032283735281812], [35.313036291013546, 31.034863853468426], [35.317065007387235, 31.036870246181746], [35.32072323073396, 31.038125526676072], [35.33146492456265, 31.040949848041425], [35.336420469585775, 31.042937042112033], [35.34084837516485, 31.045654813874293], [35.35129691462339, 31.053941451547104], [35.35515226764574, 31.056187885823842], [35.35774557323476, 31.057249625669034], [35.37097325536355, 31.061845070975917], [35.37669075880929, 31.062758039261425], [35.382471508491804, 31.06265178265827], [35.388315504411096, 31.061526301166445], [35.39878316270148, 31.05765802699113], [35.40386351690492, 31.055474307158516], [35.40780262167883, 31.05155784321404], [35.391565, 31.023947], [35.385158, 30.994647], [35.385261, 30.963279], [35.374099, 30.945141], [35.334928, 30.912585], [35.322216, 30.88995], [35.319528, 30.867316], [35.320045, 30.84494], [35.316635, 30.822823], [35.310847, 30.813314], [35.293897, 30.800188], [35.286145, 30.792333], [35.279531, 30.780241], [35.27612, 30.768976], [35.271573, 30.743706], [35.263821, 30.71978], [35.25422197873411, 30.70293063844978], [35.24618007580197, 30.694553277303914], [35.242125002632484, 30.68921307058975], [35.23959997089013, 30.684701286380836], [35.23489687680196, 30.674630009905037], [35.232198660069294, 30.670216888568312], [35.228353894057435, 30.665606911443973], [35.21859145947446, 30.6558678007436], [35.21592443622349, 30.65228694941996], [35.214128802106856, 30.649059711638465], [35.212198199247645, 30.644209283411897], [35.20796399637575, 30.630470717966084], [35.202809670418866, 30.617821265446867], [35.20183556753783, 30.61246352458989], [35.201435661366475, 30.606080570478387], [35.178624245244414, 30.54143960051183], [35.175772257427816, 30.53640098416163], [35.16848933961734, 30.52489142855497], [35.16647707009521, 30.52090832849113], [35.16512948236641, 30.517472869165758], [35.16373880270996, 30.51248821069989], [35.16111952478688, 30.499332884149965], [35.158802007930795, 30.490866855893458], [35.15724473967623, 30.48636090016808], [35.151582044950885, 30.4745621916032], [35.148358412019356, 30.47029299991454], [35.14592722941259, 30.466522769286815], [35.13820842643963, 30.4513868115021], [35.1301061432516, 30.438818667862645], [35.127617325352205, 30.43351844105072], [35.126935218894424, 30.430898847399227], [35.12593968053865, 30.42451125], [35.12548925335356, 30.41783625], [35.125976382238285, 30.411828749999998], [35.127142037626015, 30.405309414332006], [35.12792512808801, 30.402609335933285], [35.130695624783954, 30.39730744027371], [35.13643708013534, 30.390351155182927], [35.144233377805094, 30.38224415500585], [35.15122495435503, 30.372013732076034], [35.15601037793623, 30.36103786082897], [35.15625970494551, 30.358403196999728], [35.15600915491398, 30.353458397936244], [35.155160165203185, 30.34883030680335], [35.146238324746925, 30.33663174201188], [35.14239256198162, 30.33071967490184], [35.138647143463004, 30.323531537953436], [35.13447107789704, 30.31676778204737], [35.13175985193518, 30.310915206014762], [35.12479687357861, 30.298725410284707], [35.121800899680444, 30.292542841912397], [35.12025680194935, 30.288339291107867], [35.118923349900385, 30.28335064161394], [35.11606348960817, 30.2665002572075], [35.11337462560053, 30.261459618400288], [35.10907708052167, 30.254347711328712], [35.106930580069886, 30.249108351199567], [35.106275132481805, 30.246032380952606], [35.10589991517175, 30.241947043190194], [35.10584329763071, 30.233871207495675], [35.10730000935965, 30.2140737080341], [35.10787197670259, 30.211203818835337], [35.11070124456249, 30.201707233140066], [35.11283376800211, 30.195462925778994], [35.1149132538788, 30.19074700239893], [35.11742168741824, 30.18617454530917], [35.123746556498524, 30.175920983885845], [35.12687940912244, 30.169238186194487], [35.128178707738314, 30.165034382045945], [35.12922885882092, 30.159974186258818], [35.13035204484738, 30.152796357203894], [35.13012958540022, 30.150964625], [35.130446827787, 30.14738246590909], [35.13151971785974, 30.14236744318182], [35.1330150486875, 30.13806885227273], [35.135326454400804, 30.133053829545453], [35.13845491789431, 30.127322375000002], [35.141114076457455, 30.123489238557333], [35.14170446542256, 30.120718695897395], [35.142005469691405, 30.116601701108557], [35.129049, 30.089741], [35.086261, 30.034034], [35.074686, 29.994604], [35.074065, 29.982564], [35.070345, 29.973727], [35.065384, 29.965976], [35.061456, 29.957346], [35.054118, 29.923394], [35.053188, 29.862623], [35.05255378661132, 29.85958305671215], [35.04977654777809, 29.853116689938304], [35.04640649187145, 29.84347096871814], [35.04408303600286, 29.83914435669603], [35.039829153453404, 29.832893328029414], [35.031384838419186, 29.822781853686607], [35.02820005857783, 29.818494112907324], [35.01808913289691, 29.80103229531681], [35.015757175573285, 29.797993890935757], [35.012516342203995, 29.794535814426702], [35.00189662469968, 29.785348654089177], [34.9978779066431, 29.781415248097343], [34.99413991704788, 29.776556714954047], [34.991330547011955, 29.77130361755149], [34.98611227606203, 29.75820972358669], [34.97971952503911, 29.744239527779566], [34.978605681507425, 29.74117401325601], [34.97762468448646, 29.737232134626815], [34.97679170124928, 29.73059852595369], [34.97630709819903, 29.717036910149986], [34.974617452863754, 29.702251001824393], [34.97300080889844, 29.695689060422886], [34.96817062842838, 29.681223050693102], [34.9666309642452, 29.673907936665593], [34.96624779426542, 29.667976256010462], [34.966548152688766, 29.661980464920546], [34.9670920323223, 29.657643436255565], [34.96743860092488, 29.657067516730553], [34.9682935946229, 29.656784044322677], [34.967600185097, 29.65289138454789], [34.96625021707129, 29.647847945809715], [34.96229711396957, 29.63643191145603], [34.95978436158679, 29.631332090034668], [34.95591024537936, 29.62080177553752], [34.95290508164066, 29.614470273907205], [34.95113936157019, 29.609025120281235], [34.94784554039465, 29.612147129676156], [34.94293853033048, 29.615578517151267]]]}}, {"type": "Feature", "properties": {"id": "eilat", "name_he": "אילת ומפרץ אילת", "name_en": "Eilat & the Gulf of Eilat", "color": "#3f8fa0"}, "geometry": {"type": "Polygon", "coordinates": [[[34.892692303297174, 29.509715954782497], [34.89837290573105, 29.534003542874807], [34.89949927028449, 29.541357912933147], [34.901312359786914, 29.55691254526762], [34.90254582957829, 29.564245494278367], [34.90748026289887, 29.58381028872061], [34.915029951704724, 29.57895558112608], [34.920195747499875, 29.576038564175178], [34.936442759230076, 29.568636837142922], [34.94732175380629, 29.56308927234847], [34.94687133438599, 29.560252094662005], [34.943293753467074, 29.549508954774396], [34.93244343598428, 29.53728322975928], [34.924365774411704, 29.526398887517168], [34.91308674695175, 29.512196445156476], [34.91109913790921, 29.509081642113618], [34.90441528279982, 29.509535545972714], [34.892692303297174, 29.509715954782497]]]}}]}