{"type": "FeatureCollection", "features": [{"type": "Feature", "geometry": {"type": "Point", "coordinates": [35.82148, 32.96843]}, "properties": {"id": "inpa-413370", "source_id": 413370, "operator": "inpa", "name_he": "שמורת טבע עינות פחם", "link": "https://www.parks.org.il/reserve-park/aynot-fakhum/", "phone": "למוקד המידע של רשות הטבע והגנים, באמצעות הווטס אפ – לחצו כאן או חייגו 3639*", "hours": [], "hours_special": "שמורת הטבע פתוחה בשעות היום בלבד.\nהשהייה בשמורה בשעות הלילה אסורה.", "prices": [], "highlights": "אסורה\nללא הנגשה", "how_to_get": "יש לנסוע למושב קשת, ולהמשיך ישר במקום לפנות שמאלה למושב עצמו. בהגעה לצומת טי – ציר הנפט, יש לפנות מזרחה (שמאלה) ולנסוע עד שמגיעים לפנייה שמאלה לדרך עפר עם השילוט עינות פחם.", "fetched_on": "2026-07-27"}}, {"type": "Feature", "geometry": {"type": "Point", "coordinates": [34.72634, 30.90541]}, "properties": {"id": "inpa-370652", "source_id": 370652, "operator": "inpa", "name_he": "שמורת טבע חלמוניות רכס בוקר ומפער נחל הבשור", "link": "https://www.parks.org.il/reserve-park/sternbergia-nature-reserve-boker-ridge-and-nahal-hashour-gap/", "phone": "למוקד המידע של רשות הטבע והגנים, באמצעות הווטס אפ – לחצו כאן או חייגו 3639*", "hours": [], "hours_special": "שימו לב:\nשטח אש פעיל! כל כניסה לשטח מותנית באישור מתא\"ם פיקוד דרום, טלפון: 08-9902927/6\nהאתר פתוח משעת הזריחה עד שעת השקיעה.\nאין לשהות בשעות החשיכה בשמורה.\nללא תשלום דמי כניסה", "prices": [], "highlights": "ללא תשלום דמי כניסה\nכניסת כלבים אסורה", "how_to_get": "איך להגיע\nיש להגיע ולחנות ברחבת העפר שמחוץ לחוות זית במדבר, ומכאן להמשיך בהליכה רגלית.\nברכב 4X4 ניתן להמשיך עם השביל המסומן שחור עד לרחבת החנייה למרגלות הרכס.", "fetched_on": "2026-07-27"}}, {"type": "Feature", "geometry": {"type": "Point", "coordinates": [35.35946, 31.20061]}, "properties": {"id": "inpa-365659", "source_id": 365659, "operator": "inpa", "name_he": "עין בוקק – שמורת טבע מדבר יהודה", "link": "https://www.parks.org.il/reserve-park/en-bokek/", "phone": "למוקד המידע של רשות הטבע והגנים: באמצעות הווטס אפ – לחצו כאן או חייגו 3639*", "hours": [], "hours_special": "הכניסה למסלולנסגרת שעה לפני השעות הרשומות\nשעון קיץ:\nבימים א' – ה' ושבת: 17:00 – 08:00\nבימי שישי וערבי חג: 16:00 – 08:00\nשעון חורף:\nבימים א' – ה' ושבת: 16:00 – 08:00\nבימי שישי וערבי חג: 15:00 – 08:00\nבערב ראש השנה ובערב פסח: 13:00 – 08:00\nבערב יום כיפור: 13:00 – 08:00\nשימו לב: לינה ושהיה, הקמת אוהל, והדלקת אש אסורה\nאין לשהות במקום בחשיכה.", "prices": [], "highlights": "אסורה\nכניסה חינם\nבמבואת עין בוקק הונגשו: שתי חניות, שביל בטון מהחניה למרכז שירות למטייל ומאחזי יד, בית שימוש, פינת ישיבה מוצללת, שילוט הכוונה וזיהוי.\nבמרכז השירות שלנו תוכלו למצוא:\nגלידות, שתיה חמה, שתיה קרה, מזון מהיר, חטיפים, מזכרות, קרם הגנה, כובעים, שימורים, ציוד למים, קרח\nהמוצרים הינם בתשלום ובכפוף למלאי בחנויות.", "how_to_get": "בכיכר הצפונית של מלונות ים המלח פונים ביציאה המערבית, עוברים את תחנת הדלק עד לחנייה מסודרת. משם יורדים בשביל מסומן לתחילת המסלול.", "fetched_on": "2026-07-27"}}, {"type": "Feature", "geometry": {"type": "Point", "coordinates": [35.00725, 29.64658]}, "properties": {"id": "inpa-1982", "source_id": 1982, "operator": "inpa", "name_he": "שמורת טבע עברונה", "link": "https://www.parks.org.il/reserve-park/%d7%a9%d7%9e%d7%95%d7%a8%d7%aa-%d7%98%d7%91%d7%a2-%d7%a2%d7%91%d7%a8%d7%95%d7%a0%d7%94/", "phone": "", "hours": [], "hours_special": "", "prices": [], "highlights": "", "how_to_get": "", "fetched_on": "2026-07-27"}}, {"type": "Feature", "geometry": {"type": "Point", "coordinates": [35.50376, 32.47133]}, "properties": {"id": "inpa-332508", "source_id": 332508, "operator": "inpa", "name_he": "גן לאומי עין יהודה", "link": "https://www.parks.org.il/reserve-park/en-judah/", "phone": "04-6481122, או 3639*, מוקד רשות הטבע והגנים.\nהמוקד זמין גם בווטס אפ: 054-9642434", "hours": [], "hours_special": "האתר סגור בשבתות ובחגים\nשעון קיץ\nבימים א'-ה' בשעות 8:00–17:00 (כניסה אחרונה ב-16:00)\nוביום ו' בשעות 8:00–16:00 (כניסה אחרונה ב-15:00).\nשעון חורף \nבימים א'-ה' בשעות 8:00–16:00 (כניסה אחרונה ב-15:00)\nוביום ו' בשעות 8:00–15:00 (כניסה אחרונה ב-14:00).\nבשבתות ובחגים האתר סגור.", "prices": [], "highlights": "ברחבי האתר הוכשרו שבילי הליכה נוחים ומונגשים, כולל פינות ישיבה מונגשות ונקודת ירידה למים, אל בריכת השכשוך המונגשת.\nחל איסור על הדלקת אש באתר\nאסורה\nבמרכז השירות שלנו תוכלו למצוא:\nגלידות, שתיה קרה, שתיה חמה, מזון מהיר, חטיפים, מזכרות, ספרות, קרם הגנה, כובעים\nהמוצרים הינם בתשלום ובכפוף למלאי בחנויות.", "how_to_get": "מכביש מספר 90 החולף בעמק המעיינות פונים לכיוון דרום-מזרח אל כביש מספר 6678 ונוסעים על-פי השילוט לקיבוץ עין הנצי\"ב.\nנכנסים דרך שער צהוב לתוך הקיבוץ ולאחריה מבחינים משמאל בכניסה לגן לאומי עין יהודה.", "fetched_on": "2026-07-27"}}, {"type": "Feature", "geometry": {"type": "Point", "coordinates": [35.64242, 32.88577]}, "properties": {"id": "inpa-1897", "source_id": 1897, "operator": "inpa", "name_he": "שמורת טבע מג'רסה – שפך נחל דליות", "link": "https://www.parks.org.il/reserve-park/%d7%a9%d7%9e%d7%95%d7%a8%d7%aa-%d7%94%d7%98%d7%91%d7%a2-%d7%9e%d7%92%d7%a8%d7%a1%d7%94-%d7%94%d7%91%d7%98%d7%99%d7%97%d7%94-%d7%91%d7%a7%d7%a2%d7%aa-%d7%91%d7%99%d7%aa-%d7%a6%d7%99%d7%99/", "phone": "‎ 04-6793410| למוקד המידע של רשות הטבע והגנים, באמצעות הווטס אפ – לחצו כאן או חייגו 3639*", "hours": [{"label": "קיץ א׳-ה׳", "open": "08:00", "close": "17:00"}, {"label": "קיץ שישי/ערב חג", "open": "08:00", "close": "16:00"}, {"label": "חורף א׳-ה׳", "open": "08:00", "close": "16:00"}, {"label": "חורף שישי/ערב חג", "open": "08:00", "close": "15:00"}], "hours_special": "בחג ובחול המועד סוכות: אין שינוי בשעות הפעילות\nשימו לב: אם נרשמתם מראש, הגעתם לאתר ואין בו מקום פנוי – תתבקשו להציג בכניסה את האישור על \"תיאום מועד הביקור\" כדי להיכנס.", "prices": [{"title": "דמי כניסה", "rows": [{"type": "מבוגר", "price": "31.00 ₪", "note": ""}, {"type": "ילד", "price": "16.00 ₪", "note": ""}, {"type": "מבוגר בקבוצה (מעל 30 איש)", "price": "26.00 ₪", "note": ""}, {"type": "ילד בקבוצה (מעל 30 איש)", "price": "14.00 ₪", "note": ""}, {"type": "סטודנט", "price": "26.00 ₪", "note": ""}, {"type": "מילואים", "price": "23.00 ₪", "note": ""}, {"type": "חייל", "price": "16.00 ₪", "note": "חייל בשירות חובה / שירות לאומי / שירות אזרחי – כנגד הצגת תעודה ברת תוקף"}, {"type": "אזרח ותיק", "price": "16.00 ₪", "note": ""}, {"type": "תלמיד", "price": "8.00 ₪", "note": ""}]}], "highlights": "הונגשו: חניה, מרכז שירות למטייל, בתי שימוש ותאי הלבשה, שולחנות ופינות פיקניק מוצללות, מתקני מים לשתייה, ברזיות, מסלול טיול מעגלי יבש עשוי מבטון (מונגש), מאחזי יד במדרגות היורדות אל הנחל (המסלול הרטוב), שילוט הכוונה וזיהוי ושילוט מידע.\nמידע נוסף: ההליכה במסלול היבש מתאימה לאנשים עם מוגבלות בניידות. ההליכה במסלול הרטוב מחייבת שחייה. בחלק מימות השנה המדרגות היורדות לשפת הנחל מתכסות בבוץ.\nאסורה\nלמידע נוסף\nפעילויות שניתן לקיים בשמורת הטבע מג'רסה\nלמידע נוסף\nמצורפת חוברת הפעלה לכל המשפחה, לחצו כאן >>\nמותרת שחייה וכניסה למים,\nלפרטים נוספים לחצו כאן >>\nלפרטים נוספים >>\nבמרכז השירות שלנו תוכלו למצוא:\nגלידות, שתיה קרה, שתיה חמה, מזון מהיר, חטיפים, מזכרות, ספרות, קרם הגנה, כובעים, ציוד מים\nהמוצרים הינם בתשלום ובכפוף למלאי בחנויות.", "how_to_get": "נוסעים על כביש עוקף כנרת (מס' 92). בצומת מעלה גמלא פונים מערבה בכיכר ומשם על כביש האספלט ממשיכים על פי השילוט \"מג'רסה\".", "fetched_on": "2026-07-27"}}, {"type": "Feature", "geometry": {"type": "Point", "coordinates": [35.2355, 31.77423]}, "properties": {"id": "inpa-330525", "source_id": 330525, "operator": "inpa", "name_he": "גן לאומי סביב חומות ירושלים העתיקה", "link": "https://www.parks.org.il/reserve-park/jerusalem-walls-national-park/", "phone": "למוקד המידע של רשות הטבע והגנים, באמצעות הווטס אפ – לחצו כאן או חייגו 3639*", "hours": [], "hours_special": "האתרים בגן לאומי סביב חומות ירושלים העתיקה הם רבים ומגוונים.\nחלק מהאתרים מתוחזקים או מופעלים על ידי רשויות ציבוריות שונות וכן ארגונים וגופי דת.\nעל כן, טרם ביקור בהם יש לתאם כניסה עם הגוף הרלוונטי.\nהכניסה תתאפשר עד שעה לפני סגירת האתר", "prices": [], "highlights": "לפרטים נוספים >>", "how_to_get": "", "fetched_on": "2026-07-27"}}, {"type": "Feature", "geometry": {"type": "Point", "coordinates": [35.62106, 32.88166]}, "properties": {"id": "inpa-319666", "source_id": 319666, "operator": "inpa", "name_he": "שמורה ימית הבטיחה- עולם קסום של מים מתוקים", "link": "https://www.parks.org.il/reserve-park/%d7%a9%d7%9e%d7%95%d7%a8%d7%94-%d7%99%d7%9e%d7%99%d7%aa-%d7%94%d7%91%d7%98%d7%99%d7%97%d7%94-%d7%a2%d7%95%d7%9c%d7%9d-%d7%a7%d7%a1%d7%95%d7%9d-%d7%a9%d7%9c-%d7%9e%d7%99%d7%9d-%d7%9e%d7%aa%d7%95/", "phone": "", "hours": [], "hours_special": "", "prices": [], "highlights": "", "how_to_get": "", "fetched_on": "2026-07-27"}}, {"type": "Feature", "geometry": {"type": "Point", "coordinates": [35.66359, 32.77401]}, "properties": {"id": "inpa-309372", "source_id": 309372, "operator": "inpa", "name_he": "גן לאומי סוסיתא", "link": "https://www.parks.org.il/reserve-park/susita/", "phone": "04-6154368 | או\nלמוקד המידע באמצעות הווטס אפ – לחצו כאן או חייגו 3639*", "hours": [{"label": "קיץ א׳-ה׳", "open": "08:00", "close": "17:00"}, {"label": "קיץ שישי/ערב חג", "open": "08:00", "close": "16:00"}, {"label": "חורף א׳-ה׳", "open": "08:00", "close": "16:00"}, {"label": "חורף שישי/ערב חג", "open": "08:00", "close": "15:00"}], "hours_special": "", "prices": [{"title": "דמי כניסה", "rows": [{"type": "מבוגר", "price": "24.00 ₪", "note": ""}, {"type": "ילד", "price": "10.00 ₪", "note": ""}, {"type": "מבוגר בקבוצה (מעל 30 איש)", "price": "20.00 ₪", "note": ""}, {"type": "ילד בקבוצה (מעל 30 איש)", "price": "9.00 ₪", "note": ""}, {"type": "סטודנט", "price": "20.00 ₪", "note": ""}, {"type": "מילואים", "price": "18.00 ₪", "note": ""}, {"type": "חייל", "price": "ללא תשלום", "note": "חייל בשירות חובה / שירות לאומי / שירות אזרחי – כנגד הצגת תעודה ברת תוקף"}, {"type": "אזרח ותיק", "price": "12.00 ₪", "note": ""}, {"type": "תלמיד", "price": "8.00 ₪", "note": ""}]}], "highlights": "הונגשו: 2 נקודות חניה: בסמוך לתצפית הצפונית ובסמוך למרכז השירות.\nכמו כן מרכז השירות, שירותים, חדר עין גב ושני סרטים לקהל.\nמותרת – קשורים ברצועה וחסומים במחסום פה\nבמרכז השירות שלנו תוכלו למצוא:\nגלידות, שתיה קרה, שתיה חמה, מזון מהיר, חטיפים, מזכרות, ספרות, קרם הגנה, כובעים, קמפינג\nהמוצרים הינם בתשלום ובכפוף למלאי בחנויות.\n\"אני חולם את הציור ואז מצייר את החלום\" (וינסנט ון גוך)\nהיציאה אל הטבע מעוררת בנו מגוון של חושים. יש המתחברים לטבע בטיול של עשרות קילומטרים, יש הצועדים לתצפית מרהיבה, יש את אלו שמצלמים פרחים וציפורים ויש את אלו שבכיסם תמיד נמצא מכחול ועפרונות.\nון גוך אמר ש\"תמונה טובה היא שוות ערך למעשה טוב\", אז דאגנו לכם לנקודות מיוחדות בית אלפא לקיום מעשים טובים.\nאתם מוזמנים להגיע למסע בזמן במקומות היפים ביותר ולעשות לרגע אחד הפסקה, לקחת אוויר ולצייר את מה שמולכם.\nזה הזמן לקבוע פגישה ביומן עם הטבע וליהנות מתחושת חיבור והשראה. הכנים מוצבים בשטח, נייר ועפרונות – באחריותכם.\nמתי: בכל יום בשעו", "how_to_get": "", "fetched_on": "2026-07-27"}}, {"type": "Feature", "geometry": {"type": "Point", "coordinates": [34.83683, 32.26353]}, "properties": {"id": "inpa-308596", "source_id": 308596, "operator": "inpa", "name_he": "שמורת טבע נחל פולג", "link": "https://www.parks.org.il/reserve-park/n-poleg/", "phone": "3639*, מוקד רשות הטבע והגנים. המוקד זמין גם בווטס אפ: 054-9642434", "hours": [], "hours_special": "האתר פתוח משעת הזריחה עד שעת השקיעה.\nאסורה השהייה בלילה.\nללא תשלום דמי כניסה\nחוף ים: הרחצה אסורה בתחום השמורה.\nהנחיות בטיחות\nחל איסור להתקרב לשפת המצוק ולהימצא בקרבתו!\nלאחרונה התרחשו נפילות של חלקים ממצוק הכורכר בחופי הים התיכון, הציבור מתבקש להימנע מלהתקרב למצוק בכל צורה שהיא, בין עם על החוף או על ראש המצוק. די בהתמוטטות אחת בכדי לגרום למוות או לפציעה חמורה.\nגושים במשקל מאות ק\"ג חול וסלעים מתמוטטים בבת אחת וללא כל התראה! או לחלופין, סלע או אבן אחת שמתנתקים ויכולים להיות מסוכנים לא פחות.\nחל איסור להתקרב לשפת המצוק ולהימצא בקרבתו!", "prices": [], "highlights": "שמורת טבע נחל פולג לא נגישה.\nאסורה\nללא תשלום דמי כניסה", "how_to_get": "אפשרויות הגעה לשמורת נחל פולג:\n מחנים בחניה של שמורת טבע אודים ליד תחנת דלק יקום, הולכים צפונה צמוד לכביש החוף על הטיילת, חוצים בגשר את כביש החוף מערבה ונכנסים למתחם ווינגיט ומשם הולכים צפונה לשער השמורה.\nמחנים בחניה של חוף פולג בנתניה , ומשם הליכה דרומה על החוף לשמורה\nכניסה עם רכב למתחם ווינגיט וחניה בצמוד לשער . החניה בתשלום.\nנ\"צ: 184819,685601", "fetched_on": "2026-07-27"}}, {"type": "Feature", "geometry": {"type": "Point", "coordinates": [34.51215, 31.60653]}, "properties": {"id": "inpa-308373", "source_id": 308373, "operator": "inpa", "name_he": "שמורת טבע חולות זיקים", "link": "https://www.parks.org.il/reserve-park/zikim/", "phone": "3639*, מוקד רשות הטבע והגנים. המוקד זמין גם בווטס אפ: 054-9642434", "hours": [], "hours_special": "האתר פתוח משעת הזריחה עד השקיעה. אין דמי כניסה.\nחוף ים: הרחצה אסורה בתחום השמורה!", "prices": [], "highlights": "אסורה\nללא תשלום דמי כניסה\nהאתר אינו נגיש לאנשים עם מוגבלות.", "how_to_get": "שתי כניסות מובילות לשביל העובר שמורה (סימון כחול). הכניסה המזרחית נמצאת במקום שהכביש לחוף זיקים (כביש 3411) חוצה את נחל שקמה, כ-1.5 ק\"מ מהפנייה לקיבוץ זיקים. הכניסה המערבית נמצאת בחוף זיקים. ווייז: חוף זיקים.", "fetched_on": "2026-07-27"}}, {"type": "Feature", "geometry": {"type": "Point", "coordinates": [34.68485, 31.49781]}, "properties": {"id": "inpa-308171", "source_id": 308171, "operator": "inpa", "name_he": "שמורת טבע חורבת ג'ממה", "link": "https://www.parks.org.il/reserve-park/jmama/", "phone": "3639*, מוקד רשות הטבע והגנים. המוקד זמין גם בווטס אפ: 054-9642434", "hours": [], "hours_special": "האתר פתוח משעת הזריחה עד השקיעה.\nאין דמי כניסה.", "prices": [], "highlights": "האתר אינו נגיש לאנשים עם מוגבלות.\nאתר פתוח, ללא תשלום דמי כניסה\nאסורה", "how_to_get": "איך להגיע: הכניסה לשמורה בדרך עפר מסומנת בצבע שחור, שפונה צפונה מכביש הגישה לקיבוץ רוחמה, כ-100 מ' לפני השער של קיבוץ רוחמה. הדרך עלולה להיות בוצית מיד לאחר הגשם. וייז: קיבוץ רוחמה.", "fetched_on": "2026-07-27"}}, {"type": "Feature", "geometry": {"type": "Point", "coordinates": [34.70499, 31.8365]}, "properties": {"id": "inpa-307992", "source_id": 307992, "operator": "inpa", "name_he": "שמורת טבע שיטה מלבינה אשדוד", "link": "https://www.parks.org.il/reserve-park/shita-malbina-ashdod/", "phone": "3639*, מוקד רשות הטבע והגנים. המוקד זמין גם בווטס אפ: 054-9642434", "hours": [], "hours_special": "השמורה פתוחה משעת הזריחה עד שעת השקיעה.\nהשהייה בשמורה בשעות החשיכה אסורה!", "prices": [], "highlights": "ללא תשלום דמי כניסה.\nכניסת כלבים: אסורה.", "how_to_get": "מיקום בוויז: חניון שמורת טבע שיטה מלבינה אשדוד.\nנ\"צ : 172177,638297", "fetched_on": "2026-07-27"}}, {"type": "Feature", "geometry": {"type": "Point", "coordinates": [34.84806, 31.70611]}, "properties": {"id": "inpa-307155", "source_id": 307155, "operator": "inpa", "name_he": "גן לאומי תל צפית", "link": "https://www.parks.org.il/reserve-park/tel-tzafit/", "phone": "3639*, מוקד רשות הטבע והגנים. המוקד זמין גם בווטס אפ: 054-9642434", "hours": [], "hours_special": "האתר פתוח משעת הזריחה ועד השקיעה\nללא דמי כניסה", "prices": [], "highlights": "ניתן להכניס כלבים עם רצועה ומחסום פה\nללא תשלום דמי כניסה", "how_to_get": "רשמו בוויז: חניון גן לאומי תל צפית\nנ\"צ : 185673/623785", "fetched_on": "2026-07-27"}}, {"type": "Feature", "geometry": {"type": "Point", "coordinates": [34.92163, 32.28687]}, "properties": {"id": "inpa-307091", "source_id": 307091, "operator": "inpa", "name_he": "שמורת טבע אלוני קדימה", "link": "https://www.parks.org.il/reserve-park/a-kadima/", "phone": "3639*, מוקד רשות הטבע והגנים. המוקד זמין גם בווטס אפ: 054-9642434", "hours": [], "hours_special": "האתר פתוח משעת הזריחה עד שעת השקיעה.\nהשהייה בחשיכה אסורה\nאתר פתוח, ללא תשלום דמי כניסה", "prices": [], "highlights": "כניסת כלבים אסורה\nללא תשלום דמי כניסה", "how_to_get": "רשמו בוויז: שמורת טבע אלוני קדימה\nנ\"צ: 192816 ,688165", "fetched_on": "2026-07-27"}}, {"type": "Feature", "geometry": {"type": "Point", "coordinates": [34.75198, 31.93324]}, "properties": {"id": "inpa-306854", "source_id": 306854, "operator": "inpa", "name_he": "שמורת טבע איריס הארגמן – בית חנן", "link": "https://www.parks.org.il/reserve-park/eiris/", "phone": "3639*, מוקד רשות הטבע והגנים. המוקד זמין גם בווטס אפ: 054-9642434", "hours": [], "hours_special": "האתר פתוח משעת הזריחה עד שעת השקיעה.\nאין לשהות בשעות החשיכה בשמורה.\nללא תשלום דמי כניסה", "prices": [], "highlights": "ללא תשלום דמי כניסה\nכניסת כלבים אסורה", "how_to_get": "לרשום בוויז: שמורת טבע איריס הארגמן בית חנן\nנ\"צ :176670,649005", "fetched_on": "2026-07-27"}}, {"type": "Feature", "geometry": {"type": "Point", "coordinates": [35.17114, 31.8016]}, "properties": {"id": "inpa-306774", "source_id": 306774, "operator": "inpa", "name_he": "גן לאומי עינות תלם", "link": "https://www.parks.org.il/reserve-park/telem/", "phone": "3639*, מוקד רשות הטבע והגנים. המוקד זמין גם בווטס אפ: 054-9642434", "hours": [], "hours_special": "האתר פתוח משעת הזריחה עד שעת השקיעה.\nאין דמי כניסה.", "prices": [], "highlights": "כניסת כלבים: מותרת עם רצועה ומחסום לפה.\nללא תשלום דמי כניסה", "how_to_get": "ממחלף גולדה יורדים בכביש לעמק הארזים, המוביל לעינות תלם. וייז: עינות תלם.", "fetched_on": "2026-07-27"}}, {"type": "Feature", "geometry": {"type": "Point", "coordinates": [35.51508, 32.96078]}, "properties": {"id": "inpa-304577", "source_id": 304577, "operator": "inpa", "name_he": "שמורת טבע טרשי צפת", "link": "https://www.parks.org.il/reserve-park/trashey-tzfat/", "phone": "", "hours": [], "hours_special": "טרשי צפת זאת שמורת טבע סגורה, ללא שבילים מסומנים. \nמטרתה של השמורה היא לשמור על ערכי הטבע הייחודיים שיש בה (ציפורי שיר, פרפרים, צבאים, חוגלות), על רצף שטחים פתוחים, ולשמר את נוף הטרשים הייחודי שלה.\nניתן להתרשם מהשמורה, במבט משכונות רמת רזים בצפת, או בנסיעה מהכביש הישן של ראש פינה צפת (כביש 8900) השמורה מצפון לכביש.", "prices": [], "highlights": "", "how_to_get": "ניתן להתרשם מהשמורה, במבט משכונות רמת רזים בצפת, או בנסיעה מהכביש הישן של ראש פינה צפת (כביש 8900) השמורה מצפון לכביש.", "fetched_on": "2026-07-27"}}, {"type": "Feature", "geometry": {"type": "Point", "coordinates": [35.62665, 33.00669]}, "properties": {"id": "inpa-304567", "source_id": 304567, "operator": "inpa", "name_he": "שמורת טבע פארק הירדן", "link": "https://www.parks.org.il/reserve-park/park-hayarden/", "phone": "", "hours": [], "hours_special": "אתר פתוח ללא הגבלה – הביקור בשעות החשיכה אסור\nהשמורה פתוחה לקהל ללא תשלום דמי כניסה.\nעד להסדרת השמורה ואישור תוכנית הטיילות, החוקים החלים על השמורה הם כמו החוקים בכל השמורות:\nאיסור שהייה בלילה , איסור הדלקת אש, איסור פגיעה בחי בצומח ובדומם", "prices": [], "highlights": "דמי כניסה- הכניסה ללא תשלום\nכניסת כלבים אסורה", "how_to_get": "מצד עתרת, כרכום, גשר הדודות, גשר אריק", "fetched_on": "2026-07-27"}}, {"type": "Feature", "geometry": {"type": "Point", "coordinates": [34.67955, 31.86732]}, "properties": {"id": "inpa-304202", "source_id": 304202, "operator": "inpa", "name_he": "שמורת טבע חולות יבנה", "link": "https://www.parks.org.il/reserve-park/yavne/", "phone": "", "hours": [], "hours_special": "פתוח ללא הגבלה. השמורה מצויה בשטח אש והכניסה אליה כיום דורשת תיאום ביטחוני.\nהביקור בשעות החשיכה אסור.", "prices": [], "highlights": "מידע שימושי\nשעות פתיחה\nפתוח ללא הגבלה. השמורה מצויה בשטח אש והכניסה אליה כיום דורשת תיאום ביטחוני.\nהביקור בשעות החשיכה אסור.\nדמי כניסה\nהכניסה ללא תשלום\nכניסת כלבים אסורה", "how_to_get": "", "fetched_on": "2026-07-27"}}, {"type": "Feature", "geometry": {"type": "Point", "coordinates": [34.86514, 31.85783]}, "properties": {"id": "inpa-303894", "source_id": 303894, "operator": "inpa", "name_he": "שמורת טבע מעיינות גיבתון", "link": "https://www.parks.org.il/reserve-park/m-gibton/", "phone": "3639*, מוקד רשות הטבע והגנים. המוקד זמין גם בווטס אפ: 054-9642434", "hours": [], "hours_special": "האתר פתוח כל הזמן.\nהביקור אסור בחשיכה.", "prices": [], "highlights": "הכניסה לכלבים אסורה\nאתר פתוח, ללא תשלום דמי כניסה\nהאתר אינו נגיש לאנשים עם מוגבלות.", "how_to_get": "חנייה בתחנת רכבת מזכרת בתיה. הליכה לאורך פסי הרכבת עם השביל המסומן כחול והשילוט עד לשמורה.\nמשך ההליכה בסביבות 10 – 15 דקות.\nשימו לב:\nההליכה על פסי הרכבת או בסמוך להם אסורה ומסוכנת", "fetched_on": "2026-07-27"}}, {"type": "Feature", "geometry": {"type": "Point", "coordinates": [34.91237, 32.853]}, "properties": {"id": "inpa-300096", "source_id": 300096, "operator": "inpa", "name_he": "שמורת ים ראש כרמל", "link": "https://www.parks.org.il/reserve-park/%d7%a9%d7%9e%d7%95%d7%a8%d7%aa-%d7%99%d7%9d-%d7%a8%d7%90%d7%a9-%d7%9b%d7%a8%d7%9e%d7%9c/", "phone": "", "hours": [], "hours_special": "", "prices": [], "highlights": "", "how_to_get": "", "fetched_on": "2026-07-27"}}, {"type": "Feature", "geometry": {"type": "Point", "coordinates": [35.38888, 31.5915]}, "properties": {"id": "inpa-207743", "source_id": 207743, "operator": "inpa", "name_he": "נחל דרגה", "link": "https://www.parks.org.il/reserve-park/%d7%9e%d7%a2%d7%a8%d7%9b%d7%aa-%d7%94%d7%a8%d7%99%d7%a9%d7%95%d7%9d-%d7%9c%d7%a0%d7%97%d7%9c-%d7%93%d7%a8%d7%92%d7%94/", "phone": "050-6702591 בשעות: 8:00-17:00", "hours": [], "hours_special": "כניסה ראשונה – 06:30\nכניסה אחרונה:\nשעון חורף – 09:00\nשעון קיץ – 10:00\nאסורה השהייה והלינה בנחל בשעות החשכה.", "prices": [], "highlights": "בתום המסלול חובה לדווח יציאה בסמס/ווטסאפ לטלפון: 050-6702591\nלאחר מקטע מספר 7, בסיום המפל האחרון בנחל, יש לשלוח סמס עם הפרטים הבאים:\nשם מלא שאיתו נרשמתם ומספר המטיילים בקבוצה, בכדי שנדע שאתם בחוץ.\nבמסלול גבי מים עמוקים המחייבים מעבר בשחיה\nחובה להתעדכן בדף כאן אם הנחל פתוח לטיול, זאת לפני היציאה מהבית, בבוקר הטיול ותוך כדי הנסיעה לנחל\nהכניסה לילדים מגיל 10 ומעלה בלבד ובליווי מבוגר.\nהטיול לבד בנחל אסור בהחלט.\nהכנסת בעלי חיים אסורה", "how_to_get": "ההגעה על כביש 90 בין ק\"מ 258 ל-259, עד למחסום הצבאי מצוקי דרגות. משם פונים מערבה לכביש המטפס דרך שמורת טבע מצוק העתקים, כ-7 ק\"מ עד לתחנת המידע בכניסה למסלול.", "fetched_on": "2026-07-27"}}, {"type": "Feature", "geometry": {"type": "Point", "coordinates": [35.15614, 31.74389]}, "properties": {"id": "inpa-192728", "source_id": 192728, "operator": "inpa", "name_he": "עין חניה", "link": "https://www.parks.org.il/reserve-park/enchinya-2/", "phone": "02-5369737,\nלמוקד המידע של רשות הטבע והגנים, באמצעות הווטס אפ – לחצו כאן או חייגו 3639*", "hours": [{"label": "קיץ א׳-ה׳", "open": "08:00", "close": "17:00"}, {"label": "קיץ שישי/ערב חג", "open": "08:00", "close": "16:00"}, {"label": "חורף א׳-ה׳", "open": "08:00", "close": "16:00"}, {"label": "חורף שישי/ערב חג", "open": "08:00", "close": "15:00"}], "hours_special": "שימו לב:\nאין להדליק אש בתחומי האתר ואין להשתמש בו בכלי זכוכית.\nאם נרשמתם מראש, הגעתם לאתר ואין בו מקום פנוי – תתבקשו להציג בכניסה את האישור על \"תיאום מועד הביקור\" כדי להיכנס.", "prices": [{"title": "דמי כניסה", "rows": [{"type": "מבוגר", "price": "16.00 ₪", "note": ""}, {"type": "ילד", "price": "7.00 ₪", "note": ""}, {"type": "מבוגר בקבוצה (מעל 30 איש)", "price": "14.00 ₪", "note": ""}, {"type": "ילד בקבוצה (מעל 30 איש)", "price": "6.00 ₪", "note": ""}, {"type": "סטודנט", "price": "14.00 ₪", "note": ""}, {"type": "מילואים", "price": "12.00 ₪", "note": ""}, {"type": "חייל", "price": "ללא תשלום", "note": "חייל בשירות חובה / שירות לאומי / שירות אזרחי – כנגד הצגת תעודה ברת תוקף"}, {"type": "אזרח ותיק", "price": "8.00 ₪", "note": ""}, {"type": "תלמיד", "price": "6.00 ₪", "note": ""}]}], "highlights": "הנגישות באתר בוצעה ככל הניתן בהתחשב בעתיקות.\nבכניסה לאתר, מעבר למחסום, ממוקמות חניות נכים. הכניסה לאזור זה מחייבת הצגת תעודת נכה.\nמשער הכניסה ישנו שביל המוביל לשירותי נכים ושביל נגיש העולה לכיוון הבריכה.\nהדרך הנגישה מגיעה עד סמוך לבריכה הגדולה ולנימפיאון.\nאל אזור הבריכה העליונה ניתן להגיע באמצעות מדרגות ושביל נגיש לעגלות ילדים. אזור זה מיועד לשימור.\nניתן להגיע עם שביל נגיש עד סמוך לחלקת שחזור החקלאות הקדומה.\nכניסת כלבים אסורה\nהצטרפו אלינו ליום אחד של התנדבות בעין חניה,\nלחצו כאן לפרטים >>\nמותרת שחייה וכניסה למים,\nלפרטים נוספים לחצו כאן >>\nבמרכז השירות שלנו תוכלו למצוא:\nגלידות, שתיה קרה, שתיה חמה, מזון מהיר, חטיפים, מזכרות, ספרות, קרם הגנה, כובעים, ציוד מים\nהמוצרים הינם בתשלום ובכפוף למלאי בחנויות.", "how_to_get": "ברכב פרטי – מקניון מלחה בירושלים נוסעים בכביש המוביל לגילה ולגוש עציון. רחבת החניה של עין חניה נמצאת כ-2.5 ק\"מ מהכניסה לעין יעל.\nברגל ובאופני שטח– בשביל מעין לבן.", "fetched_on": "2026-07-27"}}, {"type": "Feature", "geometry": {"type": "Point", "coordinates": [34.9209, 32.62042]}, "properties": {"id": "inpa-191275", "source_id": 191275, "operator": "inpa", "name_he": "גן לאומי תל דור", "link": "https://www.parks.org.il/reserve-park/teldor/", "phone": "04-6035300", "hours": [{"label": "קיץ א׳-ה׳", "open": "08:00", "close": "17:00"}, {"label": "קיץ שישי/ערב חג", "open": "08:00", "close": "16:00"}, {"label": "חורף א׳-ה׳", "open": "08:00", "close": "16:00"}, {"label": "חורף שישי/ערב חג", "open": "08:00", "close": "15:00"}], "hours_special": "שעות פתיחה: יולי אוגוסט\nימים א'-ה' ושבת: 8:00 – 19:00, כניסה אחרונה בשעה 17:45\nיום שישי: 8:00 – 17:00, כניסה אחרונה בשעה 15:45", "prices": [], "highlights": "התאמות הנגישות שבוצעו באתר:\nבשביל הרכס מונגשים לעגלות ולכיסאות גלגלים 850 מטרים ובכללים תצפיות נוף, שילוט ומידע ונקודות מנוחה. עוד מונגשים השירותים, המבואה, החנות ו-5 מקומות חניה.\nהחוף אינו מונגש.\nהתאמות הנגישות שבוצעו בשירות כוללות, בין היתר:\nמערכת שמע בקופה ובמרכז המבקרים.\nניתן לבקש סיוע בהתמצאות וקבלת מידע.\nפטור מהמתנה בתור למחזיקים בתעודה מתאימה (הפטור אינו חל על תור שההמתנה בו היא במכונית).\nפטור מתשלום דמי כניסה למלווה של אדם עם מוגבלות המחזיק בתעודה מתאימה.\nהפטור מותנה בכך שהמלווה נוכח במקום מתן השירות עם האדם עם המוגבלות.\nניתן להכניס חיות שירות.\nהתאמות במערכת הכריזה – לבקשת אדם עם מוגבלות שמיעה, מידע הנמסר במערכת הכריזה הקולית ימסר לאותו אדם במסרון, לצורך כך יש ליידע את הקופאית ולמסור לה את מספר הטלפון הנייד שבאמצעותו ימסר המידע.\nמותרת – בתנאי שהם קשורים ברצועה ומחסום פה\nללא תשלום דמי כניסה\nמרכז הדרכה כרמל\nMh.carmel@npa.org.il\n04-8276684\nפסיפס טקסים – בואו לחגוג את הטקסים שלכם באת", "how_to_get": "מכביש 4 פונים מערבה לכיוון קיבוץ נחשולים. חולפים על פני הכניסה לקיבוץ וממשיכים על דרך עפר צפונה לכיוון בית העלמין של נחשולים. משם עוקבים אחר השילוט.\nמיקום בוויז – יש לרשום \"גן לאומי תל דור\"", "fetched_on": "2026-07-27"}}, {"type": "Feature", "geometry": {"type": "Point", "coordinates": [35.02349, 31.8147]}, "properties": {"id": "inpa-191033", "source_id": 191033, "operator": "inpa", "name_he": "חאן שער הגיא", "link": "https://www.parks.org.il/reserve-park/gay-2/", "phone": "להודעות ווטס אפ בלבד 050-7385180 |\nלמוקד המידע של רשות הטבע והגנים, באמצעות הווטס אפ – לחצו כאן\nאו חייגו 3639*", "hours": [{"label": "קיץ א׳-ה׳", "open": "08:00", "close": "17:00"}, {"label": "קיץ שישי/ערב חג", "open": "08:00", "close": "16:00"}, {"label": "חורף א׳-ה׳", "open": "08:00", "close": "16:00"}, {"label": "חורף שישי/ערב חג", "open": "08:00", "close": "15:00"}], "hours_special": "שעות כניסה לסיור האחרון\nשעון קיץ: עד השעה 15:45\nשעון חורף: עד השעה 14:45\nשימו לב:\nנדרש לבטל את ההזמנה במידה ולא מגיעים.\nשעת הכניסה למרכז מורשת מבקיעי הדרך לירושלים בחאן שער הגיא הינה מדוייקת. איחור בהגעה למבנה עשוי לדחות או לבטל את הכניסה למיצג. לפיכך יש להגיע לפחות 15 דקות מראש כדי להסדיר תשלום, שירותים וכדומה.", "prices": [{"title": "דמי כניסה", "rows": [{"type": "מבוגר", "price": "24.00 ₪", "note": ""}, {"type": "ילד", "price": "10.00 ₪", "note": ""}, {"type": "מבוגר בקבוצה (מעל 30 איש)", "price": "20.00 ₪", "note": ""}, {"type": "ילד בקבוצה (מעל 30 איש)", "price": "9.00 ₪", "note": ""}, {"type": "סטודנט", "price": "20.00 ₪", "note": ""}, {"type": "מילואים", "price": "18.00 ₪", "note": ""}, {"type": "חייל", "price": "ללא תשלום", "note": "חייל בשירות חובה / שירות לאומי / שירות אזרחי – כנגד הצגת תעודה ברת תוקף, קבוצה של חיילים- יש להוציא וואוצ'ר מחיל חינוך ולהגיע איתו מודפס לקופות"}, {"type": "אזרח ותיק", "price": "12.00 ₪", "note": ""}, {"type": "תלמיד", "price": "8.00 ₪", "note": ""}]}], "highlights": "ישנם באתר: חניית נכים, שירותי נכים, שביל למרכז המורשת ומעלית בין הקומות לנזקקים.\nחניית נכים: קיימות שתי חניות לרכב גבוה עם מעלון ושני מקומות חניה לרכב רגיל.\nדרכי גישה ומתקנים באתר: השבילים באתר עשויים מאבן מסותתת בצורה עדינה באורך של כ 150 מטר, לאורך הדרך ספסלי ישיבה נגישים.\nשילוט הכוונה ברור ונגיש.\nחנות וקפה נגישים עם מערכת לולאת השראה לכבדי שמיעה\nשרותי נכים נפרדים.\nמבנה המוזיאון: קיים מעלון בין הקומות בליווי איש צוות, באולמות התצוגה מיצגים אורקוליים אינטראקטיביים וסרטונים [כולל לולאת השראה לכבדי שמיעה] .\nבמוזיאון מקומות ישיבה המותאמים לכיסא גלגלים, מקומות ישיבה עם מאחזי יד וגב, סרטונים עם כתוביות.\nהדרך לצד שיירת המשוריינים טרם הונגשה\nכניסת כלבים \nמותרת כניסה לאתר לכלבים קשורים ברצועה וחסומים במחסום פה\nכניסת כלבים למבנה החאן – אסורה\nהסיורים באתר מחייבים רישום מראש באתר האינטרנט – להרשמה מראש לחצו כאן >>\nמשך הסיור במרכז המורשת 50 דקות . יש להגיע לקופות 15 דק לפני המועד שהוזמן.\nלהזמנת הדר", "how_to_get": "החאן נמצא בסמוך לכביש 38 (מחלף שער הגיא – בית שמש) בקרבת מחלף שער הגיא.\nההגעה דרך הכביש המקביל לכביש הראשי שתחילתו בתחנת דלק \"פז – מסילת ציון\" ונסיעה לכיוון צפון.\nרשמו בוויז: חאן שער הגיא", "fetched_on": "2026-07-27"}}, {"type": "Feature", "geometry": {"type": "Point", "coordinates": [34.95716, 32.08112]}, "properties": {"id": "inpa-190964", "source_id": 190964, "operator": "inpa", "name_he": "גן לאומי מגדל צדק", "link": "https://www.parks.org.il/reserve-park/migdal-tzedek/", "phone": "03-6869414 | למוקד המידע של רשות הטבע והגנים, באמצעות הווטס אפ – לחצו כאן או חייגו 3639*", "hours": [{"label": "קיץ א׳-ה׳", "open": "6:00", "close": "17:00"}, {"label": "קיץ שישי/ערב חג", "open": "6:00", "close": "16:00"}, {"label": "חורף א׳-ה׳", "open": "8:00", "close": "16:00"}, {"label": "חורף שישי/ערב חג", "open": "8:00", "close": "15:00"}], "hours_special": "הארכת שעות\nבמהלך החודשים יולי – אוגוסט יאורכו שעות הפתיחה בתאריכים:\nימי שני: 13.7, 20.7, 27.7, 10.8, 24.8, 31.8 בלבד. \nשעות פתיחה: 08:00 – 21:00. כניסה אחרונה בשעה 20:00\nשימו לב:\nניתן להיכנס לגן לאומי מגדל צדק ללא תשלום (ולצאת) בין השעות 6:00 עד 8:00 בבוקר. הכניסה היא רק דרך פסגות אפק ורק רגלית. לשם פעילות ספורט (הליכה, רכיבת אופניים).\nהחל מהשעה 8:00 הכניסה בתשלום\nיש לתאם ביקור נפרד לכל אפשרות\nאם נרשמתם מראש, הגעתם לאתר ואין בו מקום פנוי – תתבקשו להציג בכניסה את האישור על \"תיאום מועד הביקור\" כדי להיכנס.", "prices": [{"title": "דמי כניסה", "rows": [{"type": "מבוגר", "price": "31.00 ₪", "note": ""}, {"type": "ילד", "price": "16.00 ₪", "note": ""}, {"type": "מבוגר בקבוצה (מעל 30 איש)", "price": "26.00 ₪", "note": ""}, {"type": "ילד בקבוצה (מעל 30 איש)", "price": "14.00 ₪", "note": ""}, {"type": "סטודנט", "price": "26.00 ₪", "note": ""}, {"type": "מילואים", "price": "23.00 ₪", "note": ""}, {"type": "חייל", "price": "16.00 ₪", "note": "חייל בשירות חובה / שירות לאומי / שירות אזרחי – כנגד הצגת תעודה ברת תוקף"}, {"type": "אזרח ותיק", "price": "16.00 ₪", "note": ""}, {"type": "תלמיד", "price": "8.00 ₪", "note": ""}]}], "highlights": "חניה בחניון התחתון ובחניון העליון.\nשבילים שמוליכים מהחניות למצודה, שביל סובב מצודה ושביל לחניון היום.\nשירותים נגישים בקופה ובמצודה.\nהמיצג האור קולי מונגש לכסאות גלגלים ולליקויי שמיעה.יש ערכת שמע לסיוע\nמעקות במדרגות.\nפינת פיקניק נגישה בחניון היום, עם שביל מהקופה\nמותרת אם הכלב קשור, למעט החדרים במצודה\nפסיפס טקסים – בואו לחגוג את הטקסים שלכם באתר שלנו, לחצו כאן לפרטים נוספים >>\nמרחבי עבודה ולמידה בטבע – OPENפייס\nמחפשים פינת עבודה שקטה ונוחה?\nלקרוא וללמוד להנאתכם באויר הפתוח?\nלקיים פגישת עבודה בחיק הטבע?\nאו סתם להתאוורר במפגש חברתי?\nרשות הטבע והגנים מזמינה אתכם להתארח במרחבים הפתוחים בשמורות הטבע ובגנים הלאומיים\n לחצו כאן למציאת מרחבי עבודה באתרים נוספים >>\nלפרטים נוספים >>\nבמרכז השירות שלנו תוכלו למצוא:\nגלידות, שתיה קרה, שתיה חמה, מזון מהיר, חטיפים, מזכרות, ספרות, קרם הגנה, כובעים, גבינות\nהמוצרים הינם בתשלום ובכפוף למלאי בחנויות", "how_to_get": "גן לאומי מגדל צדק נמצא מדרום מזרח לעיר ראש העין.\nהכניסה לראש העין הדרומית בכביש 444 לפנות מזרחה ומיד אחרי הרמזור לפנות ימינה.\nרשמו בוויז: גן לאומי מגדל צדק", "fetched_on": "2026-07-27"}}, {"type": "Feature", "geometry": {"type": "Point", "coordinates": [35.39242, 31.46157]}, "properties": {"id": "inpa-168589", "source_id": 168589, "operator": "inpa", "name_he": "גן לאומי עתיקות עין גדי", "link": "https://www.parks.org.il/reserve-park/engedi/", "phone": "3639*\nלמוקד המידע של רשות הטבע והגנים, באמצעות הווטס אפ – לחצו כאן", "hours": [], "hours_special": "שעון קיץ:\nבימים א' – ה' ושבת: 17:00 – 08:00\nבימי שישי וערבי חג: 16:00 – 08:00\nשעון חורף:\nבימים א' – ה' ושבת: 16:00 – 08:00\nבימי שישי וערבי חג: 15:00 – 08:00\nבערב ראש השנה ובערב פסח: 13:00 – 08:00\nבערב יום כיפור: 13:00 – 08:00\nבחג ובחול המועד סוכות: אין שינוי בשעות הפעילות.\nהכניסה לאתר נסגרת שעה לפני השעות הרשומות", "prices": [{"title": "דמי כניסה", "rows": [{"type": "מבוגר", "price": "16.00 ₪", "note": ""}, {"type": "ילד", "price": "7.00 ₪", "note": ""}, {"type": "מבוגר בקבוצה (מעל 30 איש)", "price": "14.00 ₪", "note": ""}, {"type": "ילד בקבוצה (מעל 30 איש)", "price": "6.00 ₪", "note": ""}, {"type": "סטודנט", "price": "14.00 ₪", "note": ""}, {"type": "מילואים", "price": "12.00 ₪", "note": ""}, {"type": "חייל", "price": "ללא תשלום", "note": "חייל בשירות חובה / שירות לאומי / שירות אזרחי – כנגד הצגת תעודה ברת תוקף"}, {"type": "אזרח ותיק", "price": "8.00 ₪", "note": ""}, {"type": "תלמיד", "price": "6.00 ₪", "note": ""}]}], "highlights": "הונגשו: רחבת מבואה ומרכז שירות למטייל, בית שימוש, פינות פיקניק מוצללות, שביל בטון מהכניסה ועד לבית הכנסת העתיק לרבות כניסה לתוך בית הכנסת, נקודות תצפית על הכפר העתיק, שילוט הכוונה וזיהוי ושילוט הסבר.\nבתוך הכפר העתיק קיימים שבילים עשויים מצע מהודק, הותקנו מאחזי יד במדרגות, והותקן שילוט הסבר. דגם של הכפר העתיק מהווה התאמת נגישות חלופית.\nאסורה\nבמרכז השירות שלנו תוכלו למצוא:\nגלידות, שתיה קרה, שתיה חמה, מזכרות, קרם הגנה, כובעים\nהמוצרים הינם בתשלום ובכפוף למלאי בחנויות.", "how_to_get": "גן לאומי עתיקות עין גדי ממוקם על כביש 90 מעט צפונה לקיבוץ עין גדי ודרומה לנחל דוד. לרשום בוויז \"עתיקות עין גדי\"", "fetched_on": "2026-07-27"}}, {"type": "Feature", "geometry": {"type": "Point", "coordinates": [34.91679, 29.49808]}, "properties": {"id": "inpa-164512", "source_id": 164512, "operator": "inpa", "name_he": "שמורת טבע ים האלמוגים", "link": "https://www.parks.org.il/reserve-park/yam-almogim/", "phone": "טלפון לפרטים", "hours": [], "hours_special": "שעות פעילות", "prices": [], "highlights": "", "how_to_get": "", "fetched_on": "2026-07-27"}}, {"type": "Feature", "geometry": {"type": "Point", "coordinates": [34.91386, 29.49807]}, "properties": {"id": "inpa-164498", "source_id": 164498, "operator": "inpa", "name_he": "שמורת טבע הים הדרומי באילת", "link": "https://www.parks.org.il/reserve-park/yam-dromi/", "phone": "", "hours": [], "hours_special": "", "prices": [], "highlights": "", "how_to_get": "", "fetched_on": "2026-07-27"}}, {"type": "Feature", "geometry": {"type": "Point", "coordinates": [34.93364, 32.10437]}, "properties": {"id": "inpa-133849", "source_id": 133849, "operator": "inpa", "name_he": "גן לאומי ירקון – מתחם תל אפק (אנטיפטריס)", "link": "https://www.parks.org.il/reserve-park/yarkon-3/", "phone": "03-9030760 או 3639*, מוקד רשות הטבע והגנים. המוקד זמין גם בווטס אפ: 054-9642434", "hours": [{"label": "קיץ א׳-ה׳", "open": "08:00", "close": "17:00"}, {"label": "קיץ שישי/ערב חג", "open": "08:00", "close": "16:00"}, {"label": "חורף א׳-ה׳", "open": "08:00", "close": "16:00"}, {"label": "חורף שישי/ערב חג", "open": "08:00", "close": "15:00"}], "hours_special": "שימו לב:\nבריכת הנופרים נמצאת בין מתחם מקורות הירקון למתחם תל אפק, המתחם מגודר וניתן להיכנס בשעות הפתיחה בלבד. בחודשי הקיץ הפתיחה בשעה 8:30 והסגירה בימים שבת-חמישי בשעה 16:30 ובימי שישי וערבי חג עד השעה 15:30.\nאם נרשמתם מראש, הגעתם לאתר ואין בו מקום פנוי – תתבקשו להציג בכניסה את האישור על \"תיאום מועד הביקור\" כדי להיכנס.", "prices": [{"title": "דמי כניסה", "rows": [{"type": "מבוגר", "price": "31.00 ₪", "note": ""}, {"type": "ילד", "price": "16.00 ₪", "note": ""}, {"type": "מבוגר בקבוצה (מעל 30 איש)", "price": "26.00 ₪", "note": ""}, {"type": "ילד בקבוצה (מעל 30 איש)", "price": "14.00 ₪", "note": ""}, {"type": "סטודנט", "price": "26.00 ₪", "note": ""}, {"type": "מילואים", "price": "23.00 ₪", "note": ""}, {"type": "חייל", "price": "16.00 ₪", "note": "חייל בשירות חובה / שירות לאומי / שירות אזרחי – כנגד הצגת תעודה ברת תוקף"}, {"type": "אזרח ותיק", "price": "16.00 ₪", "note": ""}, {"type": "תלמיד", "price": "8.00 ₪", "note": ""}]}], "highlights": "בחורשת האקליפטוסים הונגשו: חנית בטון, שביל בטון, בתי שימוש, פינות פיקניק על משטחי בטון, פינת תצפית סמוכה לאגם ולבריכות השכשוך,.\nבסופי שבוע וחגים מוסיפים חניה נגישה ובית שימוש נגיש ליד חנות השירות למטייל.\nהאגם – לאורך האגם קיים שביל היקפי עשוי מצע מהודק.\nבמבצר אנטיפטריס ובקירבתו הונגשו: חניה, בית שימוש, מאחזי יד משני הצדדים של מדרגות בנויות ומושבי עץ למנוחה. ברחבת המצודה קיים מצע מהודק או מרצפות האבן המקוריות. \nלמידע נוסף על נגישות\nלוח תקשורת תומכת וחליפית (תת\"ח)\n להורדת הגריד למחשבים הניידים הקליקו על התמונה\nלוח תקשורת תומכת וחליפית – גן לאומי תל אפק, עמותת אייזק ישראל\nמותרת – קשורים ברצועה וחסומים במחסום פה\nלמידע נוסף על כניסת כלבים\nבמרחק נגיעה מתל אביב: לילה מפתיע של טבע קרוב לבית על גדות הירקון\nלמידע נוסף על חניון לילה\nמצורפת חוברת הפעלה לכל המשפחה\nלחוברת הפעלה לכל המשפחה הקישו כאן\nפעילויות שניתן לקיים בגן לאומי ירקון-תל אפק\nלמידע נוסף על פעילויות\nלהזמנת הדרכות וסיורים לקבוצות ובודדים", "how_to_get": "תל אפק נמצא בין צומת גנים שבפתח תקווה (כביש פתח תקווה- לוד) לראש העין, כביש מספר 483 בין הקיבוצים גבעת השלושה ועינת מצד דרום.\nלבאים מכביש 6 ניתן לרדת במחלף קסם.\nבתחבורה ציבורית:\nלתל אפק מגיעים קווי דן 27 ,7 ,17 ,93", "fetched_on": "2026-07-27"}}, {"type": "Feature", "geometry": {"type": "Point", "coordinates": [34.91247, 32.11195]}, "properties": {"id": "inpa-133776", "source_id": 133776, "operator": "inpa", "name_he": "גן לאומי ירקון – מתחם מקורות הירקון", "link": "https://www.parks.org.il/reserve-park/yarkon-2/", "phone": "מקורות הירקון 0‎3-9348462 | למוקד המידע של רשות הטבע והגנים, באמצעות הווטס אפ – לחצו כאן או חייגו 3639*", "hours": [{"label": "קיץ א׳-ה׳", "open": "08:00", "close": "17:00"}, {"label": "קיץ שישי/ערב חג", "open": "08:00", "close": "16:00"}, {"label": "חורף א׳-ה׳", "open": "08:00", "close": "16:00"}, {"label": "חורף שישי/ערב חג", "open": "08:00", "close": "15:00"}], "hours_special": "שימו לב:\nבריכת הנופרים נמצאת בין מתחם מקורות הירקון למתחם תל אפק, המתחם מגודר וניתן להיכנס בשעות הפתיחה בלבד. בחודשי הקיץ הפתיחה בשעה 8:30 והסגירה בימים שבת-חמישי בשעה 16:30 ובימי שישי וערבי חג עד השעה 15:30.\nאם נרשמתם מראש, הגעתם לאתר ואין בו מקום פנוי – תתבקשו להציג בכניסה את האישור על \"תיאום מועד הביקור\" כדי להיכנס.", "prices": [{"title": "דמי כניסה", "rows": [{"type": "מבוגר", "price": "31.00 ₪", "note": ""}, {"type": "ילד", "price": "16.00 ₪", "note": ""}, {"type": "מבוגר בקבוצה (מעל 30 איש)", "price": "26.00 ₪", "note": ""}, {"type": "ילד בקבוצה (מעל 30 איש)", "price": "14.00 ₪", "note": ""}, {"type": "סטודנט", "price": "26.00 ₪", "note": ""}, {"type": "מילואים", "price": "23.00 ₪", "note": ""}, {"type": "חייל", "price": "16.00 ₪", "note": "חייל בשירות חובה / שירות לאומי / שירות אזרחי – כנגד הצגת תעודה ברת תוקף"}, {"type": "אזרח ותיק", "price": "16.00 ₪", "note": ""}]}], "highlights": "הכניסה לגן הלאומי היא ברכב. הנסיעה מותרת בכל רחבי הגן הלאומי, בכל ימי הפעילות לאורך השנה\nהונגשו : חניה, שביל בטון, בתי שימוש, פינות פיקניק על משטחי בטון, מאחזי יד במדרגות ושילוט הכוונה וזיהוי.\nבחניון הלילה, המיועד ללינת שטח באוהלים אישיים, הונגשו: חניה לשתי מכוניות, בית שימוש, פינת פיקניק על משטח בטון שרואים ממנה את הנחל ואת הכניסה לחניון הלילה.\nלמידע נוסף\nמותרת – קשורים ברצועה וחסומים במחסום פה\nלמידע נוסף\nבמרחק נגיעה מתל אביב: לילה מפתיע של טבע קרוב לבית על גדות הירקון\nלמידע נוסף\nמצורפת חוברת הפעלה לכל המשפחה\nהקישו כאן\nפעילויות שניתן לקיים בגן לאומי ירקון\nלמידע נוסף\nלהזמנת הדרכות וסיורים לקבוצות ובודדים, ניתן לפנות ליחידת הדרכה מחוז מרכז\n?? טלפון: 08-6220835\n? דוא\"ל: mh.merkaz@npa.org.il\nלפרטים נוספים לחצו כאן >>\nמותר להדליק מנגל, אסור להדליק מדורה\nלפרטים נוספים >>\nבמרכז השירות שלנו תוכלו למצוא:\nגלידות, שתיה קרה, שתיה חמה, מזון מהיר, חטיפים, מזון מהיר,מזכרות, ספרות, קרם הגנה, כובעים, גז", "how_to_get": "מוקד מקורות הירקון נמצא על כביש הוד השרון-פתח תקווה בין צומת ירקון לצומת סגולה.\nמצד מזרח ישנה כניסה לכפר הבפטיסטים ולגן הלאומי.\nבתחבורה ציבורית:\nלמקורות הירקון קו אגד 561 מת\"א (לצומת כפר הבפטיסטים בלבד).\nכתבו בוויז: גן לאומי מקורות הירקון", "fetched_on": "2026-07-27"}}, {"type": "Feature", "geometry": {"type": "Point", "coordinates": [35.6925, 33.24702]}, "properties": {"id": "inpa-132929", "source_id": 132929, "operator": "inpa", "name_he": "שמורת טבע נחל חרמון-הבניאס – מתחם המפל והשביל התלוי", "link": "https://www.parks.org.il/reserve-park/banias-mapal/", "phone": "‎ ,04-6902577 מעיינות‎04-6950272 מפל והשביל התלוי' או 3639*, מוקד רשות הטבע והגנים. המוקד זמין גם בווטס אפ: 054-9642434", "hours": [{"label": "קיץ א׳-ה׳", "open": "08:00", "close": "17:00"}, {"label": "קיץ שישי/ערב חג", "open": "08:00", "close": "16:00"}, {"label": "חורף א׳-ה׳", "open": "08:00", "close": "16:00"}, {"label": "חורף שישי/ערב חג", "open": "08:00", "close": "15:00"}], "hours_special": "בחג ובחול המועד סוכות: אין שינוי בשעות הפעילות\nשימו לב: אם נרשמתם מראש, הגעתם לאתר ואין בו מקום פנוי – תתבקשו להציג בכניסה את האישור על \"תיאום מועד הביקור\" כדי להיכנס.", "prices": [{"title": "דמי כניסה", "rows": [{"type": "מבוגר", "price": "28.00 ₪", "note": ""}, {"type": "ילד", "price": "14.00 ₪", "note": ""}, {"type": "מבוגר בקבוצה", "price": "24.00 ₪", "note": ""}, {"type": "ילד בקבוצה", "price": "12.00 ₪", "note": ""}, {"type": "סטודנט", "price": "24.00 ₪", "note": ""}, {"type": "חייל", "price": "14.00 ₪", "note": "חייל בשירות חובה / שירות לאומי / שירות אזרחי – כנגד הצגת תעודה ברת תוקף"}, {"type": "אזרח ותיק", "price": "14.00 ₪", "note": ""}]}], "highlights": "אין כניסה עם כלבים כלל, למעט כלבי שירות\nלמידע נוסף\nמצורפת חוברת הפעלה לכל המשפחה\nהקישו כאן\nפעילויות שניתן לקיים בשמורת טבע נחל חרמון (בניאס)\nלמידע נוסף\nמפל הבניאס לא נגיש לאנשים שמתניידים בכיסא גלגלים.\nההליכה על הגשר התלוי מוגבלת עבור המתקשים בהליכה הנתמכים ע\"י מעקה.\nבאזור המפל אין שולחנות פיקניק.\nלאורך השביל התלוי יש מדרגות.\nהשבילים האחרים עשויים קרקע טבעית, בטופוגרפיה קיימת.\nלמידע נוסף", "how_to_get": "מכביש 99, מקרית שמונה או ממסעדה כ-15 דקות.\nרשמו בוויז: חניון מפל הבניאס", "fetched_on": "2026-07-27"}}, {"type": "Feature", "geometry": {"type": "Point", "coordinates": [35.68118, 33.24075]}, "properties": {"id": "inpa-132909", "source_id": 132909, "operator": "inpa", "name_he": "שמורת טבע נחל חרמון-הבניאס – מתחם המעיינות", "link": "https://www.parks.org.il/reserve-park/banias/", "phone": "‎ ,04-6902577 מעיינות ‎04-6950272 מפל והשביל התלוי", "hours": [{"label": "קיץ א׳-ה׳", "open": "08:00", "close": "17:00"}, {"label": "קיץ שישי/ערב חג", "open": "08:00", "close": "16:00"}, {"label": "חורף א׳-ה׳", "open": "08:00", "close": "16:00"}, {"label": "חורף שישי/ערב חג", "open": "08:00", "close": "15:00"}], "hours_special": "בחג ובחול המועד סוכות: אין שינוי בשעות הפעילות\nשימו לב: אם נרשמתם מראש, הגעתם לאתר ואין בו מקום פנוי – תתבקשו להציג בכניסה את האישור על \"תיאום מועד הביקור\" כדי להיכנס.", "prices": [{"title": "דמי כניסה", "rows": [{"type": "מבוגר", "price": "28.00 ₪", "note": ""}, {"type": "ילד", "price": "14.00 ₪", "note": ""}, {"type": "מבוגר בקבוצה", "price": "24.00 ₪", "note": ""}, {"type": "ילד בקבוצה", "price": "12.00 ₪", "note": ""}, {"type": "סטודנט", "price": "24.00 ₪", "note": ""}, {"type": "חייל", "price": "14.00 ₪", "note": "חייל בשירות חובה / שירות לאומי / שירות אזרחי – כנגד הצגת תעודה ברת תוקף"}, {"type": "אזרח ותיק", "price": "14.00 ₪", "note": ""}]}], "highlights": "אין כניסה עם כלבים כלל, למעט כלבי שירות\nלמידע נוסף\nמצורפת חוברת הפעלה לכל המשפחה\nהקישו כאן\nפעילויות שניתן לקיים בשמורת טבע נחל חרמון (בניאס)\nלמידע נוסף\nבאזור המעיינות הונגשו: חניה, מרכז שירות למטייל, תצוגה ארכיאולוגית, בתי שימוש, שבילים מרוצפים וגשרונים עד למעיינות, פינות פיקניק מוצללות וברזיה, ספסלים, מאחזי יד במדרגות, שילוט הכוונה וזיהוי. ליד מרכז השירות למטייל יש תצוגה ארכיאולוגית המהווה התאמת נגישות חלופית לביקור בעתיקות. אזורי ההתכנסות לקיום מיסות נגישים.\nבאזור העתיקות הנגישות בוצעה, ככל הניתן, בהתחשב בתנאי השטח: הגישה אל מפלס מערת בניאס עשויה מצע מהודק או סלע מקומי בתוואי הקרקע הקיים. היכן שאפשר הותקנו מאחזי יד במדרגות. ליד המקדשים וארמון אגריפס השני יש שילוט מידע מאויר. באזור המקדשים יש מערכת הדרכה קולית לשימוש עצמי.\nלמידע נוסף", "how_to_get": "מכביש 99, מקרית שמונה או ממסעדה כ-15 דקות.", "fetched_on": "2026-07-27"}}, {"type": "Feature", "geometry": {"type": "Point", "coordinates": [34.91781, 30.61913]}, "properties": {"id": "inpa-122660", "source_id": 122660, "operator": "inpa", "name_he": "גן לאומי צבעי מכתש רמון", "link": "https://www.parks.org.il/reserve-park/ramon/", "phone": "3639*", "hours": [], "hours_special": "שעות פתיחה: מזריחה עד שקיעה.\n⚠ שימו לב:\n לינה ושהיה, הקמת אוהל, והדלקת אש בכל רחבי הגן הלאומי – אסורה.\nהאתר עדיין בשיקום ויש לציית לשילוט האזהרה במקום ולא להתקרב למצוקים.\nהכניסה למים אסורה.", "prices": [], "highlights": "התנועה ברחבי הגן הלאומי היא ברכב. לאורך הדרך יש מדרכה העשויה מצע מהודק.\nהונגשו: חניה ליד מוקדי העניין, שבילי בטון, מרפסות תצפית מוצללות עם מושבים מונגשים (עשויים סלע מקומי), סככת צל עם מושבים מונגשים ליד \"התנור\", שילוט הכוונה וזיהוי. מחשש לפגיעה בערכי טבע ומורשת, הירידה למחצבות היא בתוואי הקרקע הקיים. מרפסות התצפית מהוות התאמת נגישות חלופית.\nבתי שימוש ומי שתיה: בגן הלאומי אין מים זורמים. ליד \"התנור\" יש בתי שימוש ביולוגיים, אחד מהם הוא תא גדול עם אסלה פינתית ומאחזי יד. בחניון בארות הנמצא בקצה הגן הלאומי יש בתי שימוש נגישים עם מים זורמים. הכניסה לחניון בארות היא ללא תשלום.\nלמידע נוסף\nמותרת קשורים לרצועה וחסומים בזמם.\nכניסת כלבים למים אסורה.\n>> למידע נוסף הקישו כאן", "how_to_get": "איך להגיע? כניסה לדרך הנוף מכביש 40, בין סימני ק\"מ 88­-89. בשל פס הפרדה רציף בכביש, הכניסה אפשרית מכיוון דרום בלבד. הבאים מצפון (מכיוון מצפה רמון), ימשיכו עוד כקילומטר, ירדו ימינה לדרך עפר ויחזרו בזהירות.", "fetched_on": "2026-07-27"}}, {"type": "Feature", "geometry": {"type": "Point", "coordinates": [34.77988, 31.49478]}, "properties": {"id": "inpa-122238", "source_id": 122238, "operator": "inpa", "name_he": "שמורת טבע פורה", "link": "https://www.parks.org.il/reserve-park/fura/", "phone": "3639*", "hours": [], "hours_special": "שעות פתיחה: מזריחה עד שקיעה.", "prices": [], "highlights": "ללא תשלום דמי כניסה\nשבילי השמורה אינם נגישים לעגלות ולאנשים עם מגבלות הליכה.\nאסורה", "how_to_get": "נוסעים מצומת פלוגות דרומה כ-15 ק\"מ בכביש 40 ופונים ימינה (מערבה) לרחבת החניה של השמורה, על פי שילוט הכוונה שבמקום. הכניסה אפשרית מכיוון צפון בלבד. אפשר להגיע לשמורה מאזור רוחמה בדרך נוף נחל שקמה.", "fetched_on": "2026-07-27"}}, {"type": "Feature", "geometry": {"type": "Point", "coordinates": [35.07926, 30.95385]}, "properties": {"id": "inpa-65912", "source_id": 65912, "operator": "inpa", "name_he": "מישור ימין", "link": "https://www.parks.org.il/reserve-park/%d7%9e%d7%99%d7%a9%d7%95%d7%a8-%d7%99%d7%9e%d7%99%d7%9f/", "phone": "", "hours": [{"label": "קיץ א׳-ה׳", "open": "08:00", "close": "17:00"}, {"label": "קיץ שישי/ערב חג", "open": "08:00", "close": "16:00"}, {"label": "חורף א׳-ה׳", "open": "08:00", "close": "16:00"}, {"label": "חורף שישי/ערב חג", "open": "08:00", "close": "15:00"}], "hours_special": "", "prices": [], "highlights": "", "how_to_get": "נוסעים מדימונה לכיוון ים המלח (כביש 25) ופונים דרומה בצומת רותם (כביש 206). נוסעים עד צומת הכביש למעלה עקרבים (כביש 227). השטח המטויל בשמורה נמצא מדרום לכביש 227.", "fetched_on": "2026-07-27"}}, {"type": "Feature", "geometry": {"type": "Point", "coordinates": [35.22703, 33.04611]}, "properties": {"id": "inpa-65904", "source_id": 65904, "operator": "inpa", "name_he": "גן לאומי מבצר מונפור", "link": "https://www.parks.org.il/reserve-park/%d7%92%d7%9f-%d7%9c%d7%90%d7%95%d7%9e%d7%99-%d7%9e%d7%91%d7%a6%d7%a8-%d7%9e%d7%95%d7%a0%d7%a4%d7%95%d7%a8/", "phone": "", "hours": [{"label": "קיץ א׳-ה׳", "open": "08:00", "close": "17:00"}, {"label": "קיץ שישי/ערב חג", "open": "08:00", "close": "16:00"}, {"label": "חורף א׳-ה׳", "open": "08:00", "close": "16:00"}, {"label": "חורף שישי/ערב חג", "open": "08:00", "close": "15:00"}], "hours_special": "", "prices": [], "highlights": "", "how_to_get": "", "fetched_on": "2026-07-27"}}, {"type": "Feature", "geometry": {"type": "Point", "coordinates": [35.20512, 30.92702]}, "properties": {"id": "inpa-63113", "source_id": 63113, "operator": "inpa", "name_he": "שמורת טבע מדבר יהודה", "link": "https://www.parks.org.il/reserve-park/%d7%a9%d7%9e%d7%95%d7%a8%d7%aa-%d7%98%d7%91%d7%a2-%d7%9e%d7%93%d7%91%d7%a8-%d7%99%d7%94%d7%95%d7%93%d7%94/", "phone": "", "hours": [{"label": "קיץ א׳-ה׳", "open": "08:00", "close": "17:00"}, {"label": "קיץ שישי/ערב חג", "open": "08:00", "close": "16:00"}, {"label": "חורף א׳-ה׳", "open": "08:00", "close": "16:00"}, {"label": "חורף שישי/ערב חג", "open": "08:00", "close": "15:00"}], "hours_special": "", "prices": [], "highlights": "", "how_to_get": "פירוט במסלולי הטיולים.", "fetched_on": "2026-07-27"}}, {"type": "Feature", "geometry": {"type": "Point", "coordinates": [34.89844, 29.7533]}, "properties": {"id": "inpa-63110", "source_id": 63110, "operator": "inpa", "name_he": "שמורת טבע מסיב הרי אילת", "link": "https://www.parks.org.il/reserve-park/%d7%a9%d7%9e%d7%95%d7%a8%d7%aa-%d7%98%d7%91%d7%a2-%d7%9e%d7%a1%d7%99%d7%91-%d7%94%d7%a8%d7%99-%d7%90%d7%99%d7%9c%d7%aa/", "phone": "", "hours": [{"label": "קיץ א׳-ה׳", "open": "08:00", "close": "17:00"}, {"label": "קיץ שישי/ערב חג", "open": "08:00", "close": "16:00"}, {"label": "חורף א׳-ה׳", "open": "08:00", "close": "16:00"}, {"label": "חורף שישי/ערב חג", "open": "08:00", "close": "15:00"}], "hours_special": "", "prices": [], "highlights": "", "how_to_get": "נוסעים מאילת צפונה בכביש הערבה (כביש 90) ולאחר כמה דקות נסיעה, בין סימני ק\"מ 20­-21, פונים מערבה בדרך עפר מסומנת כחול. אחרי כ-2.5 ק\"מ פוגשים דרך מסומנת ירוק (הפונה שמאלה). ממשיכים בדרך המסומנת כחול צפונה (ימינה). לאחר כ-5 ק\"מ מגיעים לרחבת החניה של עמודי עמרם. הדרך עבירה לכל רכב.\nנוסעים מאילת צפונה כ-20 ק\"מ בכביש הגבול המצרי (כביש 12) ובין סימני ק\"מ 19­-20 פונים ימינה בדרך מסומנת אדום (יש שלט). נוסעים בה כקילומטר וחונים בחניון.", "fetched_on": "2026-07-27"}}, {"type": "Feature", "geometry": {"type": "Point", "coordinates": [35.21562, 30.76482]}, "properties": {"id": "inpa-63108", "source_id": 63108, "operator": "inpa", "name_he": "שמורת טבע מכתשים עין יהב", "link": "https://www.parks.org.il/reserve-park/%d7%a9%d7%9e%d7%95%d7%a8%d7%aa-%d7%98%d7%91%d7%a2-%d7%9e%d7%9b%d7%aa%d7%a9%d7%99%d7%9d-%d7%a2%d7%99%d7%9f-%d7%99%d7%94%d7%91/", "phone": "", "hours": [{"label": "קיץ א׳-ה׳", "open": "08:00", "close": "17:00"}, {"label": "קיץ שישי/ערב חג", "open": "08:00", "close": "16:00"}, {"label": "חורף א׳-ה׳", "open": "08:00", "close": "16:00"}, {"label": "חורף שישי/ערב חג", "open": "08:00", "close": "15:00"}], "hours_special": "", "prices": [], "highlights": "", "how_to_get": "פירוט במסלולי הטיולים.", "fetched_on": "2026-07-27"}}, {"type": "Feature", "geometry": {"type": "Point", "coordinates": [35.12871, 30.4911]}, "properties": {"id": "inpa-63106", "source_id": 63106, "operator": "inpa", "name_he": "שמורת טבע נחל עשוש", "link": "https://www.parks.org.il/reserve-park/%d7%a9%d7%9e%d7%95%d7%a8%d7%aa-%d7%98%d7%91%d7%a2-%d7%a0%d7%97%d7%9c-%d7%a2%d7%a9%d7%95%d7%a9/", "phone": "", "hours": [{"label": "קיץ א׳-ה׳", "open": "08:00", "close": "17:00"}, {"label": "קיץ שישי/ערב חג", "open": "08:00", "close": "16:00"}, {"label": "חורף א׳-ה׳", "open": "08:00", "close": "16:00"}, {"label": "חורף שישי/ערב חג", "open": "08:00", "close": "15:00"}], "hours_special": "", "prices": [], "highlights": "", "how_to_get": "נחל ברק: רחבת חניה למרגלות מעוק נחל ברק. דרך מסומנת כחול יוצאת מכביש הערבה כ-7 ק\"מ מצפון למושב פארן (ליד סימן ק\"מ 15). 12 הק\"מ הראשונים עבירים לכל רכב. שלושת הקילומטרים האחרונים משובשים ומתאימים לרכב שטח או לרכב חזק.", "fetched_on": "2026-07-27"}}, {"type": "Feature", "geometry": {"type": "Point", "coordinates": [35.01397, 31.72664]}, "properties": {"id": "inpa-63104", "source_id": 63104, "operator": "inpa", "name_he": "מרחב דולב", "link": "https://www.parks.org.il/reserve-park/%d7%9e%d7%a8%d7%97%d7%91-%d7%93%d7%95%d7%9c%d7%91/", "phone": "", "hours": [{"label": "קיץ א׳-ה׳", "open": "08:00", "close": "17:00"}, {"label": "קיץ שישי/ערב חג", "open": "08:00", "close": "16:00"}, {"label": "חורף א׳-ה׳", "open": "08:00", "close": "16:00"}, {"label": "חורף שישי/ערב חג", "open": "08:00", "close": "15:00"}], "hours_special": "", "prices": [], "highlights": "", "how_to_get": "בין המושבים נס הרים ובר גיורה (כביש 3866). זהו חניון גדול של קק\"ל ובו שולחנות פיקניק, מתקני שעשועים לילדים ומסלול נגיש לבעלי צרכים מיוחדים. בבית הקפה בר בהר יש מזנון ושירותים.\nמצומת ביג בית שמש פונים מזרחה עד מושב זנוח, לאחר מושב זנוח ממשיכים עד לכיכר הבאה מבצעים פרסה בכיכר וחוזרים עד הפניה למערת התאומים. נא לשים לב לשלט מערת התאומים/נחל מערה.", "fetched_on": "2026-07-27"}}, {"type": "Feature", "geometry": {"type": "Point", "coordinates": [34.87645, 32.36712]}, "properties": {"id": "inpa-63102", "source_id": 63102, "operator": "inpa", "name_he": "שמורת טבע ביתן אהרון", "link": "https://www.parks.org.il/reserve-park/%d7%a9%d7%9e%d7%95%d7%a8%d7%aa-%d7%98%d7%91%d7%a2-%d7%91%d7%99%d7%aa%d7%9f-%d7%90%d7%94%d7%a8%d7%95%d7%9f/", "phone": "", "hours": [{"label": "קיץ א׳-ה׳", "open": "08:00", "close": "17:00"}, {"label": "קיץ שישי/ערב חג", "open": "08:00", "close": "16:00"}, {"label": "חורף א׳-ה׳", "open": "08:00", "close": "16:00"}, {"label": "חורף שישי/ערב חג", "open": "08:00", "close": "15:00"}], "hours_special": "", "prices": [], "highlights": "", "how_to_get": "במחלף חבצלת השרון (כביש 2) פונים לכיוון ביתן אהרון (כביש 5710). רחבת החניה פרוסה מימין לכביש, כ-50 מ' לפני הכניסה למושב ביתן אהרון.\nרחבת חניה בפינה הצפונית-מזרחית של השמורה. מבית הראשונים נוסעים צפונה 350 מ' ופונים ימינה לדרך עפר קצרה שמובילה לחווה.", "fetched_on": "2026-07-27"}}, {"type": "Feature", "geometry": {"type": "Point", "coordinates": [34.85728, 32.21972]}, "properties": {"id": "inpa-63100", "source_id": 63100, "operator": "inpa", "name_he": "שמורת טבע בני ציון", "link": "https://www.parks.org.il/reserve-park/%d7%a9%d7%9e%d7%95%d7%a8%d7%aa-%d7%98%d7%91%d7%a2-%d7%91%d7%a0%d7%99-%d7%a6%d7%99%d7%95%d7%9f/", "phone": "", "hours": [{"label": "קיץ א׳-ה׳", "open": "08:00", "close": "17:00"}, {"label": "קיץ שישי/ערב חג", "open": "08:00", "close": "16:00"}, {"label": "חורף א׳-ה׳", "open": "08:00", "close": "16:00"}, {"label": "חורף שישי/ערב חג", "open": "08:00", "close": "15:00"}], "hours_special": "", "prices": [], "highlights": "", "how_to_get": "נוסעים בכביש החוף (כביש 2) ופונים ממנו במחלף חוף השרון. ממשיכים צפונה בכביש השירות במקביל לכביש החוף, ולאחר 1.2 ק\"מ פונים ימינה לכיוון חוות רונית (יש שילוט). חולפים על פני רפת חוף השרון ואחרי 1.2 ק\"מ חוצים את מסילת הברזל. כ-100 מ' אחרי המסילה פונים דרומה (ימינה) בדרך מסומנת ירוק. הדרך פונה מזרחה ומגיעה לחניית השמורה.\nיורדים מכביש החוף (כביש 2) במחלף חוף השרון לכיוון געש. בכיכר הראשונה פונים שמאלה, עוברים מתחת לכביש 2 ונוסעים דרומה בכביש השירות ממזרח לכביש החוף. לאחר כ-500 מ' מגיעים לפנייה לחוות ", "fetched_on": "2026-07-27"}}, {"type": "Feature", "geometry": {"type": "Point", "coordinates": [35.09683, 31.77245]}, "properties": {"id": "inpa-63098", "source_id": 63098, "operator": "inpa", "name_he": "שמורת טבע הר טייסים", "link": "https://www.parks.org.il/reserve-park/%d7%a9%d7%9e%d7%95%d7%a8%d7%aa-%d7%98%d7%91%d7%a2-%d7%94%d7%a8-%d7%98%d7%99%d7%99%d7%a1%d7%99%d7%9d/", "phone": "", "hours": [{"label": "קיץ א׳-ה׳", "open": "08:00", "close": "17:00"}, {"label": "קיץ שישי/ערב חג", "open": "08:00", "close": "16:00"}, {"label": "חורף א׳-ה׳", "open": "08:00", "close": "16:00"}, {"label": "חורף שישי/ערב חג", "open": "08:00", "close": "15:00"}], "hours_special": "", "prices": [], "highlights": "", "how_to_get": "הר טייסים שוכן לצד כביש צומת אשתאול-צובה (כביש 395). הכניסה להר כקילומטר ממזרח למושב רמת רזיאל, בין סימני ק\"מ 10-9.\nמהכניסה להר טייסים ממשיכים כ-4 ק\"מ מזרחה בכביש 395. מול הכניסה לקיבוץ צובה מסתעפת דרך עפר מסומנת ירוק. הדרך זרועה אבנים, אך עבירה לכל רכב, ולאחר כ-2.9 ק\"מ מגיעים בה לרחבת החניה של עין טייסים. מהרחבה יש לצעוד כ-100 מ' עד למעיין עצמו.\nמכביש תל אביב-ירושלים (כביש 1) פונים דרומה במחלף הראל וממשיכים דרך מעוז ציון לכיוון קיבוץ צובה (כביש 3965). הפנייה לסטף מסתעפת ממעגל התנועה שלפניו.\nלצד", "fetched_on": "2026-07-27"}}, {"type": "Feature", "geometry": {"type": "Point", "coordinates": [34.93591, 31.64366]}, "properties": {"id": "inpa-63094", "source_id": 63094, "operator": "inpa", "name_he": "שמורת טבע חורש עדולם", "link": "https://www.parks.org.il/reserve-park/%d7%a9%d7%9e%d7%95%d7%a8%d7%aa-%d7%98%d7%91%d7%a2-%d7%97%d7%95%d7%a8%d7%a9-%d7%a2%d7%93%d7%95%d7%9c%d7%9d/", "phone": "", "hours": [{"label": "קיץ א׳-ה׳", "open": "08:00", "close": "17:00"}, {"label": "קיץ שישי/ערב חג", "open": "08:00", "close": "16:00"}, {"label": "חורף א׳-ה׳", "open": "08:00", "close": "16:00"}, {"label": "חורף שישי/ערב חג", "open": "08:00", "close": "15:00"}], "hours_special": "", "prices": [], "highlights": "", "how_to_get": "מכביש בית שמש-בית גוברין (כביש 38) נכנסים לכביש הגישה למושב צפרירים ופונים ימינה מיד לפארק עדולם (סימון ירוק). לאחר כ-1.4 ק\"מ מגיעים לשער פארק עדולם של קק\"ל. כ-700 מ' הלאה חולפים על פני חניון דרך ואחר כך מגיעים לשער האחורי של מושב צפרירים. ממשיכים כ-200 מ' ופונים ימינה בדרך קצרה (סימון שחור) לרחבת החניה של חורבת מדרס.", "fetched_on": "2026-07-27"}}, {"type": "Feature", "geometry": {"type": "Point", "coordinates": [35.062, 31.83654]}, "properties": {"id": "inpa-63092", "source_id": 63092, "operator": "inpa", "name_he": "שמורת טבע הכפירה", "link": "https://www.parks.org.il/reserve-park/%d7%a9%d7%9e%d7%95%d7%a8%d7%aa-%d7%98%d7%91%d7%a2-%d7%99%d7%a2%d7%a8-%d7%94%d7%9b%d7%a4%d7%99%d7%a8%d7%94/", "phone": "", "hours": [{"label": "קיץ א׳-ה׳", "open": "08:00", "close": "17:00"}, {"label": "קיץ שישי/ערב חג", "open": "08:00", "close": "16:00"}, {"label": "חורף א׳-ה׳", "open": "08:00", "close": "16:00"}, {"label": "חורף שישי/ערב חג", "open": "08:00", "close": "15:00"}], "hours_special": "", "prices": [], "highlights": "", "how_to_get": "יורדים בכביש 1 במחלף נווה אילן. ממשיכים בכביש 425 עד הפנייה שמאלה למעלה החמישה ונטף. ממשיכים כ- 400 מטר עד פנייה שמאלה לנטף על פי השילוט. ממשיכים לכיוון נטף ובכניסה ליער יהדות פולין משמאל יורדים ימינה לחניית עפר- תחילת מסלול נחל כפירה", "fetched_on": "2026-07-27"}}, {"type": "Feature", "geometry": {"type": "Point", "coordinates": [35.44567, 31.7842]}, "properties": {"id": "inpa-63090", "source_id": 63090, "operator": "inpa", "name_he": "שמורת טבע נחל אוג", "link": "https://www.parks.org.il/reserve-park/%d7%a9%d7%9e%d7%95%d7%a8%d7%aa-%d7%98%d7%91%d7%a2-%d7%a0%d7%97%d7%9c-%d7%90%d7%95%d7%92/", "phone": "", "hours": [{"label": "קיץ א׳-ה׳", "open": "08:00", "close": "17:00"}, {"label": "קיץ שישי/ערב חג", "open": "08:00", "close": "16:00"}, {"label": "חורף א׳-ה׳", "open": "08:00", "close": "16:00"}, {"label": "חורף שישי/ערב חג", "open": "08:00", "close": "15:00"}], "hours_special": "שמורה בשטח פתוח, ללא תשלום דמי כניסה\nכניסה – לאחר זריחה\nיציאה – לפני שקיעה.", "prices": [], "highlights": "", "how_to_get": "נוסעים מירושלים לים המלח (כביש 1). בצומת אלמוג פונים דרומה (ימינה). אחרי שני ק\"מ מגיעים לכיכר. נוסעים ישר ומגיעים לרחבת חניה גדולה, כ-100 מ' אחרי שער הכניסה לקיבוץ.\nדרך סלולה, פונה דרומה מכביש 1 לנבי מוסא, נמשכת דרומה וחוצה את נחל אוג כ-3 ק\"מ מנבי מוסא.\nדרך עפר, מתאימה לרכבי 4X4. פונה דרומה מכביש 1 כ-2.5 ק\"מ ממזרח לכניסה למצפה יריחו (סימון ירוק). דרך עפר אחרת לרכבי 4X4 יוצאת בשביל מסומן כחול מצומת מצפה יריחו מערבה. הדרך חוצה את מעביר המים לכיוון נחל אוג.\nתחילת המסלול מגשר נביא מוסא לכיוון מזרח –", "fetched_on": "2026-07-27"}}, {"type": "Feature", "geometry": {"type": "Point", "coordinates": [35.37348, 32.90708]}, "properties": {"id": "inpa-63088", "source_id": 63088, "operator": "inpa", "name_he": "גן לאומי נחל צלמון", "link": "https://www.parks.org.il/reserve-park/%d7%92%d7%9f-%d7%9c%d7%90%d7%95%d7%9e%d7%99-%d7%a0%d7%97%d7%9c-%d7%a6%d7%9c%d7%9e%d7%95%d7%9f/", "phone": "", "hours": [{"label": "קיץ א׳-ה׳", "open": "08:00", "close": "17:00"}, {"label": "קיץ שישי/ערב חג", "open": "08:00", "close": "16:00"}, {"label": "חורף א׳-ה׳", "open": "08:00", "close": "16:00"}, {"label": "חורף שישי/ערב חג", "open": "08:00", "close": "15:00"}], "hours_special": "", "prices": [], "highlights": "", "how_to_get": "רחבת החניה בכביש 804 (בין סימני ק\"מ 7­-8), כ-2.5 ק\"מ מדרום לצומת רמה.\nמפגש השביל המסומן כחול עם כביש 804, כ-1.5 ק\"מ מדרום לנקודת המוצא. יש לדאוג לרכב מאסף בסיום המסלול או לחזור ברגל לנקודת המוצא.", "fetched_on": "2026-07-27"}}, {"type": "Feature", "geometry": {"type": "Point", "coordinates": [35.4565, 32.49887]}, "properties": {"id": "inpa-63086", "source_id": 63086, "operator": "inpa", "name_he": "פארק המעיינות", "link": "https://www.parks.org.il/reserve-park/%d7%a4%d7%90%d7%a8%d7%a7-%d7%94%d7%9e%d7%a2%d7%99%d7%99%d7%a0%d7%95%d7%aa/", "phone": "", "hours": [], "hours_special": "שמורת טבע נחל הקיבוצים פתוחה לקהל מאור ראשון עד אור אחרון\nאסור להדליק אש ו או להקים אוהלים בשמורת טבע נחל הקיבוצים\nפארק המעיינות פתוח לקהל הרחב ללא מגבלה\nמבואת פארק המעיינות כוללת:\nשירותים ציבוריים, חנות נוחות והשכרת קלאב קארים /אופניים/שאטלים\nהחנות עובדת מהשעה 8:00 בבוקר ועד השעה 15:00. שעת החזרת הרכבים עד השעה 14:45", "prices": [], "highlights": "אסור להדליק אש ו/או להקים אוהלים בשמורת הטבע נחל הקיבוצים\nהכניסה מותרת לכלבים קשורים ברצועה.", "how_to_get": "נוסעים בכביש 669 לגן לאומי גן השלושה (סחנה) ובמעגל התנועה שלפני שער גן השלושה פונים ימינה. נוסעים כ־800 מ' בדרך העוקפת את הגן הלאומי במקביל לגדר הגן עד לרחבת החניה של פארק המעיינות. מחנים ונכנסים ברגל למבואת הפארק.", "fetched_on": "2026-07-27"}}, {"type": "Feature", "geometry": {"type": "Point", "coordinates": [35.65392, 33.07502]}, "properties": {"id": "inpa-63075", "source_id": 63075, "operator": "inpa", "name_he": "שמורת טבע מורדות הגולן", "link": "https://www.parks.org.il/reserve-park/%d7%a9%d7%9e%d7%95%d7%a8%d7%aa-%d7%98%d7%91%d7%a2-%d7%9e%d7%95%d7%a8%d7%93%d7%95%d7%aa-%d7%94%d7%92%d7%95%d7%9c%d7%9f/", "phone": "", "hours": [{"label": "קיץ א׳-ה׳", "open": "08:00", "close": "17:00"}, {"label": "קיץ שישי/ערב חג", "open": "08:00", "close": "16:00"}, {"label": "חורף א׳-ה׳", "open": "08:00", "close": "16:00"}, {"label": "חורף שישי/ערב חג", "open": "08:00", "close": "15:00"}], "hours_special": "", "prices": [], "highlights": "", "how_to_get": "גישה מכביש גשר בנות יעקב – נפח (כביש מס' 91, ליד סימן ק\"מ 16. דרך עפר מסומנת באדום פונה מערבה ומגיעה לאחר כשני קילומטרים לרחבת חניה בצל עצי אקליפטוס.\nלכאן יש להביא את הרכב המאסף למי שמטייל במסלול הארוך. מגיעים בדרך עפר מסומנת אדום שמסתעפת מזרחה מהכביש המזרחי של עמק החולה. מתאים גם למי שמבקש להגיע ברגל לבריכת הקצינים (כביש 918) ליד גשר הפקק, בין סימני ק\"מ 18­-19.", "fetched_on": "2026-07-27"}}, {"type": "Feature", "geometry": {"type": "Point", "coordinates": [35.46428, 32.65446]}, "properties": {"id": "inpa-63072", "source_id": 63072, "operator": "inpa", "name_he": "שמורת טבע נחל תבור", "link": "https://www.parks.org.il/reserve-park/%d7%a9%d7%9e%d7%95%d7%a8%d7%aa-%d7%98%d7%91%d7%a2-%d7%a0%d7%97%d7%9c-%d7%aa%d7%91%d7%95%d7%a8/", "phone": "", "hours": [{"label": "קיץ א׳-ה׳", "open": "08:00", "close": "17:00"}, {"label": "קיץ שישי/ערב חג", "open": "08:00", "close": "16:00"}, {"label": "חורף א׳-ה׳", "open": "08:00", "close": "16:00"}, {"label": "חורף שישי/ערב חג", "open": "08:00", "close": "15:00"}], "hours_special": "", "prices": [], "highlights": "מותרת כניסה לכלבים קשורים ברצועה וחסומים במחסום פה\nאסורה\nבמרכז השירות שלנו תוכלו למצוא:\nגלידות, שתיה קרה, שתיה חמה, מזון מהיר, חטיפים, מזכרות, ספרות, קרם הגנה, כובעים\nהמוצרים הינם בתשלום ובכפוף למלאי בחנויות.", "how_to_get": "מהשער הראשי של קיבוץ גזית ממשיכים על פי השלט לשער האחורי וממשיכים כ-400 מ' בדרך עפר טובה לכל רכב עד למפגש עם דרך מסומנת אדום.", "fetched_on": "2026-07-27"}}, {"type": "Feature", "geometry": {"type": "Point", "coordinates": [35.04992, 32.04883]}, "properties": {"id": "inpa-62852", "source_id": 62852, "operator": "inpa", "name_he": "שמורת נחל שילה עילי", "link": "https://www.parks.org.il/reserve-park/%d7%a9%d7%9e%d7%95%d7%a8%d7%aa-%d7%a0%d7%97%d7%9c-%d7%a9%d7%99%d7%9c%d7%94-%d7%a2%d7%99%d7%9c%d7%99/", "phone": "למוקד המידע של רשות הטבע והגנים באמצעות הווטס אפ – לחצו כאן או חייגו 3639*", "hours": [], "hours_special": "פתוח ללא תשלום דמי כניסה\nמשעת הזריחה ועד חצי שעה לפני השקיעה.", "prices": [], "highlights": "ללא תשלום דמי כניסה", "how_to_get": "מצומת גבעת כ\"ח (מדרום לאלעד) פונים מזרחה בכביש 465. לפני בית אריה פונים צפונה בכביש 446. לאחר שחוצים את נחל שילה, מול דיר בלוט, פונים ימינה (מזרחה) ולאחר כ-1.5 ק\"מ פונים ימינה לפדואל. כשמגיעים לפדואל נוסעים ביישוב על פי השילוט המכוון ל\"מרפסת של המדינה\" ליד המכינה הקדם צבאית. דיר קלעה נמצא ממערב ליישוב, במרחק כמה דקות הליכה.\nנוסעים ממחלף קסם מזרחה לכיוון אריאל ובמחלף ברוכין פונים ימינה (דרומה) לכיוון פדואל. במעגל התנועה יוצאים ביציאה השלישית לכיוון היישוב.", "fetched_on": "2026-07-27"}}, {"type": "Feature", "geometry": {"type": "Point", "coordinates": [34.87569, 32.42673]}, "properties": {"id": "inpa-57778", "source_id": 57778, "operator": "inpa", "name_he": "גן לאומי ושמורת טבע חוף גדור", "link": "https://www.parks.org.il/reserve-park/%d7%92%d7%9f-%d7%9c%d7%90%d7%95%d7%9e%d7%99-%d7%95%d7%a9%d7%9e%d7%95%d7%a8%d7%aa-%d7%98%d7%91%d7%a2-%d7%97%d7%95%d7%a3-%d7%92%d7%93%d7%95%d7%a8/", "phone": "", "hours": [], "hours_special": "", "prices": [], "highlights": "", "how_to_get": "כניסה דרומית: ממחלף ינאי פונים למכמורת. חולפים על פני הכניסה למכמורת וממשיכים צפונה עוד כ-300 מ' לרחבת החניה.\nכניסה צפונית: רחבת החניה של חוף אולגה, דרום חדרה.", "fetched_on": "2026-07-27"}}, {"type": "Feature", "geometry": {"type": "Point", "coordinates": [35.75137, 32.82603]}, "properties": {"id": "inpa-55685", "source_id": 55685, "operator": "inpa", "name_he": "שמורת טבע נחל אל על", "link": "https://www.parks.org.il/reserve-park/%d7%a9%d7%9e%d7%95%d7%a8%d7%aa-%d7%98%d7%91%d7%a2-%d7%a0%d7%97%d7%9c-%d7%90%d7%9c-%d7%a2%d7%9c/", "phone": "", "hours": [], "hours_special": "", "prices": [], "highlights": "אין להכניס כלבים לשמורה", "how_to_get": "איך להגיע\nכניסה צפונית: חניון המפלים במושב אבני איתן. החניון שוכן בקצה הצפוני של המושב. בשבת ובחג אין להיכנס ליישוב ולחניון ברכב. בכניסה ליישוב פונים מערבה, מאגפים את היישוב ומגיעים לשביל היורד לנחל.\nכניסה דרומית: ממרפסת התצפית בכניסה למושב אליעד, כ-600 מ' מכביש 98.", "fetched_on": "2026-07-27"}}, {"type": "Feature", "geometry": {"type": "Point", "coordinates": [34.91415, 32.60622]}, "properties": {"id": "inpa-49703", "source_id": 49703, "operator": "inpa", "name_he": "שמורת איי דור–מעגן מיכאל", "link": "https://www.parks.org.il/reserve-park/dor-michael/", "phone": "", "hours": [], "hours_special": "", "prices": [], "highlights": "", "how_to_get": "", "fetched_on": "2026-07-27"}}, {"type": "Feature", "geometry": {"type": "Point", "coordinates": [34.91371, 32.63537]}, "properties": {"id": "inpa-47288", "source_id": 47288, "operator": "inpa", "name_he": "שמורת ים דור-הבונים", "link": "https://www.parks.org.il/reserve-park/%d7%a9%d7%9e%d7%95%d7%a8%d7%aa-%d7%99%d7%9d-%d7%93%d7%95%d7%a8-%d7%94%d7%91%d7%95%d7%a0%d7%99%d7%9d/", "phone": "", "hours": [], "hours_special": "", "prices": [], "highlights": "", "how_to_get": "", "fetched_on": "2026-07-27"}}, {"type": "Feature", "geometry": {"type": "Point", "coordinates": [34.50328, 31.61347]}, "properties": {"id": "inpa-44814", "source_id": 44814, "operator": "inpa", "name_he": "שמורת ים שקמה", "link": "https://www.parks.org.il/reserve-park/shikma/", "phone": "", "hours": [], "hours_special": "", "prices": [], "highlights": "", "how_to_get": "", "fetched_on": "2026-07-27"}}, {"type": "Feature", "geometry": {"type": "Point", "coordinates": [34.87002, 32.42052]}, "properties": {"id": "inpa-44012", "source_id": 44012, "operator": "inpa", "name_he": "שמורת ים גדור", "link": "https://www.parks.org.il/reserve-park/gdor/", "phone": "", "hours": [], "hours_special": "", "prices": [], "highlights": "", "how_to_get": "", "fetched_on": "2026-07-27"}}, {"type": "Feature", "geometry": {"type": "Point", "coordinates": [34.60671, 31.76038]}, "properties": {"id": "inpa-43044", "source_id": 43044, "operator": "inpa", "name_he": "שמורת ים חולות ניצנים ושמורת ים אבטח", "link": "https://www.parks.org.il/reserve-park/avtach/", "phone": "", "hours": [], "hours_special": "", "prices": [], "highlights": "", "how_to_get": "", "fetched_on": "2026-07-27"}}, {"type": "Feature", "geometry": {"type": "Point", "coordinates": [35.01071, 33.06037]}, "properties": {"id": "inpa-42766", "source_id": 42766, "operator": "inpa", "name_he": "שמורת ים ראש הנקרה-אכזיב", "link": "https://www.parks.org.il/reserve-park/nikra/", "phone": "", "hours": [], "hours_special": "", "prices": [], "highlights": "", "how_to_get": "", "fetched_on": "2026-07-27"}}, {"type": "Feature", "geometry": {"type": "Point", "coordinates": [34.94771, 32.81937]}, "properties": {"id": "inpa-42693", "source_id": 42693, "operator": "inpa", "name_he": "שמורת ים שקמונה", "link": "https://www.parks.org.il/reserve-park/shikmona/", "phone": "", "hours": [], "hours_special": "", "prices": [], "highlights": "בתל שקמונה ובחוף הים אין שבילים בנויים. את התל מלווה מצד מזרח טיילת נגישה שיש ממנה תצפית על העתיקות והים", "how_to_get": "", "fetched_on": "2026-07-27"}}, {"type": "Feature", "geometry": {"type": "Point", "coordinates": [35.10081, 31.52434]}, "properties": {"id": "inpa-40586", "source_id": 40586, "operator": "inpa", "name_he": "תל חברון", "link": "https://www.parks.org.il/reserve-park/%d7%aa%d7%9c-%d7%97%d7%91%d7%a8%d7%95%d7%9f/", "phone": "050-5989787, מרכז הדרכה יהודה: ‎02-6541255‏ או במוקד המידע 3639*", "hours": [], "hours_special": "הכניסה לאתר נסגרת שעה לפני השעות הרשומות\nשעון קיץ\nבימים ראשון עד חמישי 8:00 – 17:00\nבימי שישי 8:00 – 16:00\nבימי שבת האתר סגור\nשעון חורף\nבימים ראשון עד חמישי 8:00 – 16:00\nבימי שישי 8:00 – 15:00\nבימי שבת האתר סגור\nסיורים מודרכים\nהסיורים בתל חברון מתקיימים בימים ראשון עד שישי כולל.\nמתי: בימיםראשון עד וחמישי בכל שעה עגולה, בשעות: 10:00 – 14:00\nבימי שישי, כל שעה עגולה, בשעות: 10:00 – 13:00\nאין צורך בתיאום !", "prices": [], "highlights": "אתר פתוח – ללא תשלום דמי כניסה\nכל השנה\nמרכז הדרכה יהודה\nטלפון ‎02-6541255‏ \nמייל mh.deadsea@npa.org.il\nמותרת, קשורים ברצועה ומחסום פה", "how_to_get": "מכיוון ירושלים נוסעים דרומה בכביש 60 עד לכניסה לקריית ארבע, ומשם לפי שלטי ההכוונה למערת המכפלה ולתל חברון המקראי.\nמכיוון באר שבע נוסעים צפונה בכביש 60 עד לכניסה לקריית ארבע, ומשם לפי שלטי ההכוונה למערת המכפלה ולתל חברון המקראי.", "fetched_on": "2026-07-27"}}, {"type": "Feature", "geometry": {"type": "Point", "coordinates": [35.15958, 31.77231]}, "properties": {"id": "inpa-38694", "source_id": 38694, "operator": "inpa", "name_he": "גן לאומי עין כרם", "link": "https://www.parks.org.il/reserve-park/%d7%92%d7%9f-%d7%9c%d7%90%d7%95%d7%9e%d7%99-%d7%a2%d7%99%d7%9f-%d7%9b%d7%a8%d7%9d/", "phone": "", "hours": [], "hours_special": "שעות פתיחה: הגן הלאומי פתוח בשעות היום, מהזריחה עד השקיעה. השהייה אסורה בו בלילה.\nעונה מומלצת: הביקור בגן הלאומי מומלץ כל השנה, אך במיוחד באביב.\nרמת קושי: הביקור באתר מתאים לכל המשפחה.\nדמי כניסה: הכניסה היא ללא תשלום.", "prices": [], "highlights": "ללא תשלום\nכל השנה – אך בעיקר באביב", "how_to_get": "כביש עין כרם-צומת כרם חולף בין חלקי הגן הלאומי.\nבתחבורה ציבורית אפשר להגיע באוטובוס למרכז עין כרם ומשם ללכת לרחבת המעיין. למרגלותיה מתחיל שביל היורד במורד הגיא אל שטחי הגן הלאומי.", "fetched_on": "2026-07-27"}}, {"type": "Feature", "geometry": {"type": "Point", "coordinates": [35.24294, 31.78888]}, "properties": {"id": "inpa-38543", "source_id": 38543, "operator": "inpa", "name_he": "גן לאומי עמק צורים", "link": "https://www.parks.org.il/reserve-park/%d7%92%d7%9f-%d7%9c%d7%90%d7%95%d7%9e%d7%99-%d7%a2%d7%9e%d7%a7-%d7%a6%d7%95%d7%a8%d7%99%d7%9d/", "phone": "", "hours": [], "hours_special": "שעות פתיחה: הגן הלאומי פתוח בכל שעות היממה.\nמרחק הליכה: כקילומטר.\nמשך הביקור: כשעה, ללא ביקור במפעל הסינון של עפר הר הבית.\nללא תשלום דמי כניסה", "prices": [], "highlights": "ללא תשלום\nכל השנה.\nבקיץ – לא בשעות החמות של היום.\nקיימות עמדות סינון עפר נמוכות המותאמות לכיסאות גלגלים.", "how_to_get": "שער הכניסה לגן הלאומי נמצא בראש רחוב הדסה למפל, היורד לאוניברסיטת בריגהם יאנג (האוניברסיטה המורמונית) בהר הצופים. נוסעים במעלה רחוב בנימין מזר, כמעט עד קצהו. לפני קצה הרחוב פונים ימינה בעקבות שלט חום המכוון לגן הלאומי עמק צורים. בימי חול קשה עד בלתי אפשרי למצוא מקום חניה.", "fetched_on": "2026-07-27"}}, {"type": "Feature", "geometry": {"type": "Point", "coordinates": [35.19543, 31.7959]}, "properties": {"id": "inpa-37979", "source_id": 37979, "operator": "inpa", "name_he": "גן לאומי נחל רפאים", "link": "https://www.parks.org.il/reserve-park/%d7%92%d7%9f-%d7%9c%d7%90%d7%95%d7%9e%d7%99-%d7%a0%d7%97%d7%9c-%d7%a8%d7%a4%d7%90%d7%99%d7%9d/", "phone": "", "hours": [], "hours_special": "שעות פתיחה: הגן הלאומי פתוח בשעות היום, מהזריחה עד השקיעה. השהייה אסורה בו בלילה.\nעונה מומלצת: הביקור בגן הלאומי מומלץ כל השנה, אך במיוחד באביב.\nללא תשלום דמי כניסה", "prices": [], "highlights": "חנייה לנכים לצד עין לבן\nהביקור במעיינות מתאים לכל המשפחה. בגדה הצפונית של נחל רפאים הוסדר שביל אופניים לרוכבים מנוסים. השביל הוא חלק מ\"פארק ירושלים\".\nדמי כניסה: הכניסה היא ללא תשלום.", "how_to_get": "הגישה לחלקו הצפוני של הגן הלאומי היא מחניית גן החיות התנ\"כי.\nבתחבורה ציבורית ניתן להגיע ברכבת מן השפלה ולרדת בתחנת גן החיות התנ\"כי. משם הולכים ברגל לעין לבן (מרחק כקילומטר לכל כיוון – כ-20 דקות הליכה).", "fetched_on": "2026-07-27"}}, {"type": "Feature", "geometry": {"type": "Point", "coordinates": [35.04267, 31.79402]}, "properties": {"id": "inpa-37985", "source_id": 37985, "operator": "inpa", "name_he": "שמורת טבע המסרק", "link": "https://www.parks.org.il/reserve-park/%d7%a9%d7%9e%d7%95%d7%a8%d7%aa-%d7%98%d7%91%d7%a2-%d7%94%d7%9e%d7%a1%d7%a8%d7%a7/", "phone": "", "hours": [], "hours_special": "הביקור בשעות החשיכה אסור", "prices": [], "highlights": "", "how_to_get": "הגישה מכביש ת\"א-ירושלים. במחלף שורש ממשיכים בכיכר לכיוון הישובים שורש ובית מאיר. לפני בית מאיר ישנו שילוט לחניה בשמורה.", "fetched_on": "2026-07-27"}}, {"type": "Feature", "geometry": {"type": "Point", "coordinates": [35.19642, 31.79434]}, "properties": {"id": "inpa-37808", "source_id": 37808, "operator": "inpa", "name_he": "שמורת טבע ליפתא", "link": "https://www.parks.org.il/reserve-park/lifta/", "phone": "‎08-6220835", "hours": [], "hours_special": "שעות פתיחה: השמורה פתוחה בשעות היום, מהזריחה עד השקיעה. השהייה אסורה בה בלילה.\nעונה מומלצת: הביקור בשמורה מומלץ כל השנה, אך במיוחד בין פברואר (עת פורחות השקדיות) לאפריל. בסתיו שפיעת המעיין בשפל, אך זוהי עונת התאנים בבוסתני הכפר.\nרמת קושי: הביקור באתר מתאים לכל המשפחה. עם זאת, ההליכה היא בשביל תלול למדי ואינה מתאימה למתקשים בהליכה.\nדמי כניסה: הכניסה היא ללא תשלום.", "prices": [], "highlights": "אפשרית\nמטיילים על בטוח ושומרים על החיים – לכללי הבטיחות הקישו כאן", "how_to_get": "לבאים בתחבורה ציבורית מומלץ ללכת ברגל מהתחנה המרכזית בירושלים עד הכניסה לשמורה (מרחק כ-15 דקות הליכה). הגישה היא בגשר הולכי הרגל ממערב לתחנת הדלק, ומשם יורדים למעיין בשביל מסומן בכחול.\nלבאים ברכב מומלץ להגיע ממחלף ידין ומשם להמשיך בכביש בגין דרום לכיוון רחוב מי נפתוח (וייז: ליפתא).\nבכניסה לשמורה ניצב מחסום לכלי רכב והגישה למעיין היא ברגל בלבד.", "fetched_on": "2026-07-27"}}, {"type": "Feature", "geometry": {"type": "Point", "coordinates": [34.84055, 32.25673]}, "properties": {"id": "inpa-36957", "source_id": 36957, "operator": "inpa", "name_he": "שמורת טבע אודים", "link": "https://www.parks.org.il/reserve-park/%d7%a9%d7%9e%d7%95%d7%a8%d7%aa-%d7%98%d7%91%d7%a2-%d7%a9%d7%a2%d7%a8-%d7%a4%d7%95%d7%9c%d7%92/", "phone": "", "hours": [], "hours_special": "השמורה פתוחה בשעות היום, מהזריחה עד השקיעה.\nהשהייה בה בלילה אסורה.", "prices": [], "highlights": "לא לוותר\nשער פולג, תצפית המצוק, אגם יקום.\nללא תשלום דמי כניסה", "how_to_get": "איך להגיע\nבתחבורה ציבורית: באחד מקווי המאסף מתל אביב לנתניה. יורדים בתחנת מכון וינגייט (בקצה המערבי של השמורה) וממנה יוצא שביל הליכה לאודים הישנה ולשער פולג.\nברכב פרטי: נוסעים לכיוון קיבוץ יקום (הבאים מצפון פונים למחלפון געש ונוסעים במעבר תחת כביש החוף). בכיכר הראשונה (אחרי תחנת הדלק) פונים שמאלה ונוסעים בכביש מתפתל עד חניון כורכר גדול. מן החניון יוצא שביל הליכה לשמורה. שביל אחר, מסומן שחור, מסתעף מכביש הגישה לפארק כמה מאות מטרים מצפון לכיכר בכניסה ליקום.\nלפני כמה שנים שונה תוואי שביל ישראל והיו", "fetched_on": "2026-07-27"}}, {"type": "Feature", "geometry": {"type": "Point", "coordinates": [34.84916, 31.56572]}, "properties": {"id": "inpa-36062", "source_id": 36062, "operator": "inpa", "name_he": "גן לאומי תל לכיש", "link": "https://www.parks.org.il/reserve-park/lachish/", "phone": "ווטס אפ 050-2695907 | למוקד המידע של רשות הטבע והגנים, באמצעות הווטס אפ – לחצו כאן או חייגו 3639*", "hours": [], "hours_special": "הכניסה למרכז המבקרים נסגרת שעה לפני סגירת האתר.\nשעון קיץ:\nימים א-ה ושבת 08:00-17:00\nימים שישי וערבי חג 08:00-16:00\nשעון חורף:\nימים א-ה ושבת 08:00-16:00\nימים שישי וערבי חג 08:00-15:00\nבערב ראש השנה ובערב פסח 08:00-13:00\nבערב יום כיפור 08:00-13:00\nיום כיפור סגור", "prices": [{"title": "דמי כניסה", "rows": [{"type": "מבוגר", "price": "24.00 ₪", "note": ""}, {"type": "ילד", "price": "10.00 ₪", "note": ""}, {"type": "מבוגר בקבוצה (מעל 30 איש)", "price": "20.00 ₪", "note": ""}, {"type": "ילד בקבוצה (מעל 30 איש)", "price": "9.00 ₪", "note": ""}, {"type": "סטודנט", "price": "20.00 ₪", "note": ""}, {"type": "מילואים", "price": "18.00 ₪", "note": ""}, {"type": "חייל", "price": "ללא תשלום", "note": "חייל בשירות חובה / שירות לאומי / שירות אזרחי – כנגד הצגת תעודה ברת תוקף"}, {"type": "אזרח ותיק", "price": "12.00 ₪", "note": ""}, {"type": "תלמיד", "price": "8.00 ₪", "note": ""}]}], "highlights": "נגישות במרכז המבקרים : חניה, פינת פיקניק מוצלת, תצפית על התל, שילוט, שירותים.\nנגישות בתל: מעלה הולכי רגל נגיש עד לפרגולת התצפית. המשך המסלול אינו נגיש. במסלול יש מדרגות ובהם מאחזי יד. הספסלים על התל נגישים.\nלמידע נוסף\nכניסת כלבים מותרת קשורים ברצועה ועם מחסום פה\nהדרכה באתר – להזמנת הדרכות וסיורים לקבוצות ניתן לפנות ליחידת הדרכה במייל NoaGA@npa.org.il.\nמידע ונהלים – הכניסה למרכז המבקרים תל לכיש, בהזמנה מראש באמצעות מערכת ההזמנות.\nניתן לקיים את האירועים שלכם בגן הלאומי תל לכיש, לחצו כאן לפרטים >>\nבמרכז השירות שלנו תוכלו למצוא:\nגלידות, שתיה קרה, שתיה חמה, חטיפים, מזכרות, ספרות, קרם הגנה, כובעים\nהמוצרים הינם בתשלום ובכפוף למלאי בחנויות.\nהמרדף אחר החרפושית המצרית: מרחב בריחה חווייתי\nאחרי החוויה המשפחתית המסעירה הזאת לעולם לא תוכלו עוד להישאר אדישים למשמע המילה \"חרפושית\". חרפושית היא קמע מצרי מלכותי והיא הגיעה לכאן ממצרים בעת שחצור הייתה עיר כנענית חשובה. כאן אתם נכנסים לתמונה, ובגדול: במשחק ב", "how_to_get": "", "fetched_on": "2026-07-27"}}, {"type": "Feature", "geometry": {"type": "Point", "coordinates": [35.02865, 29.8456]}, "properties": {"id": "inpa-1985", "source_id": 1985, "operator": "inpa", "name_he": "שמורת טבע חי-בר יוטבתה", "link": "https://www.parks.org.il/reserve-park/%d7%a9%d7%9e%d7%95%d7%a8%d7%aa-%d7%98%d7%91%d7%a2-%d7%97%d7%99-%d7%91%d7%a8-%d7%99%d7%95%d7%98%d7%91%d7%aa%d7%94-2/", "phone": "‎ 08-6373057\nלמוקד המידע של רשות הטבע והגנים, באמצעות הווטס אפ – לחצו כאן או חייגו 3639*", "hours": [{"label": "קיץ א׳-ה׳", "open": "08:30", "close": "17:00"}, {"label": "קיץ שישי/ערב חג", "open": "08:30", "close": "16:00"}, {"label": "חורף א׳-ה׳", "open": "08:30", "close": "16:00"}, {"label": "חורף שישי/ערב חג", "open": "08:30", "close": "15:00"}], "hours_special": "שימו לב:\nאם נרשמתם מראש, הגעתם לאתר ואין בו מקום פנוי – תתבקשו להציג בכניסה את האישור על \"תיאום מועד הביקור\" כדי להיכנס.", "prices": [{"title": "דמי כניסה", "rows": [{"type": "מבוגר", "price": "31.00 ₪", "note": ""}, {"type": "ילד", "price": "16.00 ₪", "note": ""}, {"type": "מבוגר בקבוצה (מעל 30 איש)", "price": "26.00 ₪", "note": ""}, {"type": "ילד בקבוצה (מעל 30 איש)", "price": "14.00 ₪", "note": ""}, {"type": "סטודנט", "price": "26.00 ₪", "note": ""}, {"type": "מילואים", "price": "23.00 ₪", "note": ""}, {"type": "חייל", "price": "16.00 ₪", "note": "חייל בשירות חובה / שירות לאומי / שירות אזרחי – כנגד הצגת תעודה ברת תוקף"}, {"type": "אזרח ותיק", "price": "16.00 ₪", "note": ""}, {"type": "תלמיד", "price": "8.00 ₪", "note": ""}]}], "highlights": "אסורה\nלמידע נוסף\nספארי בדרך לאילת: חופשה מדברית אלטרנטיבית לאוהבי הרפתקאות\nלמידע נוסף\nהונגשו: חניה, מבואה, חנות שרות למטייל, אולם התכנסות ממוזג, בתי שימוש, שולחנות פיקניק במרפסת מוצללת ושילוט הכוונה וזיהוי.\nבחניון הלילה הונגשו: חניה, בתי שימוש ומקלחות, מטבח שדה, סככה ובה שולחנות פיקניק נגישים.\nמכלאות אקלום לחיות הבר: בחלק מימות השנה, ניתן לצפות בבעלי החיים במסגרת סיור מודרך. הסיורים מתקיימים בהליכה רגלית ומחייבים תיאום מראש.\nלמידע נוסף\nלפרטים נוספים >>\nבמרכז השירות שלנו תוכלו למצוא: גלידות, שתייה קרה, שתייה חמה, מזון מהיר, חטיפים, מזכרות, ספרות, קרם הגנה, כובעים, שימורים, פחמים, עצים למדורה\nהמוצרים הינם בתשלום ובכפוף למלאי בחנויות.", "how_to_get": "על כביש 90 (ים המלח – אילת) בין הקיבוצים יטבתה וסמר,\n35 ק\"מ צפונית לאילת.\nקו 390 מתל-אביב, 397 מבאר-שבע, 444 מירושלים, 991 מחיפה לסמר.", "fetched_on": "2026-07-27"}}, {"type": "Feature", "geometry": {"type": "Point", "coordinates": [35.2449, 30.69884]}, "properties": {"id": "inpa-1983", "source_id": 1983, "operator": "inpa", "name_he": "שמורת טבע נחל שיזף", "link": "https://www.parks.org.il/reserve-park/%d7%a9%d7%9e%d7%95%d7%a8%d7%aa-%d7%98%d7%91%d7%a2-%d7%a0%d7%97%d7%9c-%d7%a9%d7%99%d7%96%d7%a3/", "phone": "", "hours": [], "hours_special": "", "prices": [], "highlights": "", "how_to_get": "", "fetched_on": "2026-07-27"}}, {"type": "Feature", "geometry": {"type": "Point", "coordinates": [34.92222, 29.50965]}, "properties": {"id": "inpa-1981", "source_id": 1981, "operator": "inpa", "name_he": "שמורת טבע חוף האלמוגים", "link": "https://www.parks.org.il/reserve-park/%d7%a9%d7%9e%d7%95%d7%a8%d7%aa-%d7%98%d7%91%d7%a2-%d7%97%d7%95%d7%a3-%d7%94%d7%90%d7%9c%d7%9e%d7%95%d7%92%d7%99%d7%9d/", "phone": "‎08-6326422\nלמוקד המידע של רשות הטבע והגנים, באמצעות הווטס אפ – לחצו כאן או חייגו 3639*", "hours": [{"label": "קיץ א׳-ה׳", "open": "09:00", "close": "18:00"}, {"label": "קיץ שישי/ערב חג", "open": "09:00", "close": "17:00"}, {"label": "חורף א׳-ה׳", "open": "09:00", "close": "17:00"}, {"label": "חורף שישי/ערב חג", "open": "09:00", "close": "16:00"}], "hours_special": "שעות פעילות שמורת האלמוגים בחגי תשרי 2025\nתאריך\nשעת סגירת קופות\nשעת סגירת אתר\n22.9 – ערב ראש השנה\n13:00\n14:00\n23-24.9 ראש השנה\n17:00\n18:00\n1.10 ערב יום כיפור\n13:00\n14:00\n6.10 ערב סוכות\n16:00\n17:00\n7-9.10 סוכות\n17:00\n18:00\n10.10 – יום שישי\n16:00\n17:00\n11-12.10 סוכות\n17:00\n18:00\n13.10 – ערב חג שני\n16:00\n17:00\n14.10 – חג שני\n17:00\n18:00\nשימו לב:\nאם נרשמתם מראש, הגעתם לאתר ואין בו מקום פנוי – תתבקשו להציג בכניסה את האישור על \"תיאום מועד הביקור\" כדי להיכנס.", "prices": [{"title": "דמי כניסה", "rows": [{"type": "מבוגר", "price": "40.00 ₪", "note": ""}, {"type": "ילד", "price": "25.00 ₪", "note": ""}, {"type": "מבוגר בקבוצה (מעל 30 איש)", "price": "34.00 ₪", "note": ""}, {"type": "ילד בקבוצה (מעל 30 איש)", "price": "21.00 ₪", "note": ""}, {"type": "סטודנט", "price": "34.00 ₪", "note": ""}, {"type": "מילואים", "price": "30.00 ₪", "note": ""}, {"type": "חייל", "price": "25.00 ₪", "note": "חייל בשירות חובה / שירות לאומי / שירות אזרחי – כנגד הצגת תעודה ברת תוקף"}, {"type": "אזרח ותיק", "price": "20.00 ₪", "note": ""}]}], "highlights": "בעלי מוגבלויות תנועה, יוכלו כמו כולם ליהנות מהשוניות והדגה העשירה בשמורת האלמוגים, באמצעות גשרים ושבילים מונגשים ומותאמים לפי רמת התנועה.\nעבור המשנרקלים בעלי המוגבלויות, אף הוסדר:\nמסלול כניסה נוח המוביל במתינות מהחוף אל המים העמוקים, בליווי פקח שמורה. אנא פנו אלינו לפרטים והכוונה באתר.\nכיסא גלגלים מותאם לכניסה למים.\nהכיסא הוא ללא עלות אך יש צורך בהחתמת המשאיל על טופס ופיקדון של ת\"ז או רשיון נהיגה.\nלרווחת המבקרים, הותקנו כמובן גם סככות צל ושולחנות פיקניק מותאמים ומונגשים.\nלמידע נוסף\nאסורה\nלמידע נוסף\nמצורפת חוברת הפעלה לכל המשפחה\nהקישו כאן\nפעילויות שניתן לקיים בשמורת טבע חוף האלמוגים\nלמידע נוסף\nמותרת שחייה וכניסה למים,\nלפרטים נוספים לחצו כאן >>\nלפרטים נוספים >>\nבמרכז השירות שלנו תוכלו למצוא:\nגלידות, שתיה קרה, שתיה חמה, מזון מהיר, בירות, חטיפים, מזכרות, קרם הגנה, כובעים, ציוד למים, ציוד צלילה\nהמוצרים הינם בתשלום ובכפוף למלאי בחנויות.", "how_to_get": "כביש אילת טאבה, מול בית ספר שדה", "fetched_on": "2026-07-27"}}, {"type": "Feature", "geometry": {"type": "Point", "coordinates": [34.76866, 30.79186]}, "properties": {"id": "inpa-1980", "source_id": 1980, "operator": "inpa", "name_he": "גן לאומי עבדת", "link": "https://www.parks.org.il/reserve-park/%d7%92%d7%9f-%d7%9c%d7%90%d7%95%d7%9e%d7%99-%d7%a2%d7%91%d7%93%d7%aa/", "phone": "‎08-6551511\nלמוקד המידע של רשות הטבע והגנים, באמצעות הווטס אפ – לחצו כאן או חייגו 3639*", "hours": [{"label": "קיץ א׳-ה׳", "open": "08:00", "close": "17:00"}, {"label": "קיץ שישי/ערב חג", "open": "08:00", "close": "16:00"}, {"label": "חורף א׳-ה׳", "open": "08:00", "close": "16:00"}, {"label": "חורף שישי/ערב חג", "open": "08:00", "close": "15:00"}], "hours_special": "שימו לב:\nאם נרשמתם מראש, הגעתם לאתר ואין בו מקום פנוי – תתבקשו להציג בכניסה את האישור על \"תיאום מועד הביקור\" כדי להיכנס.", "prices": [{"title": "דמי כניסה", "rows": [{"type": "מבוגר", "price": "31.00 ₪", "note": ""}, {"type": "ילד", "price": "16.00 ₪", "note": ""}, {"type": "מבוגר בקבוצה (מעל 30 איש)", "price": "26.00 ₪", "note": ""}, {"type": "ילד בקבוצה (מעל 30 איש)", "price": "14.00 ₪", "note": ""}, {"type": "סטודנט", "price": "26.00 ₪", "note": ""}, {"type": "מילואים", "price": "23.00 ₪", "note": ""}, {"type": "חייל", "price": "16.00 ₪", "note": "חייל בשירות חובה / שירות לאומי / שירות אזרחי – כנגד הצגת תעודה ברת תוקף"}, {"type": "אזרח ותיק", "price": "16.00 ₪", "note": ""}, {"type": "תלמיד", "price": "8.00 ₪", "note": ""}]}], "highlights": "בכניסה לאתר הונגשו: חניה, מרכז שירות למטייל והקופה, בית שימוש, רחבת כינוס לקבוצות, שולחנות פיקניק וברזיות, שילוט הכוונה וזיהוי.\nבמבנה מרכז השירות קיים דגם של העתיקות באתר המהווה התאמת נגישות חלופית לאתר עתיקות. כל המבקרים יכולים לעלות אל אתר העתיקות הממוקם על גבעה עם רכבם. כרטיס לפתיחת השער למעבר רכב ינתן לכם בקופה. אם יש לכם קושי לצאת מהרכב לצורך פתיחת השער, אנא ציינו זאת בפני העובד בקופה והשער יפתח עבורכם מרחוק.\nבאתר העתיקות הונגשו: כאמור, כל המבקרים יכולים לעלות לגבעה עם רכבם. על הגבעה יש חניות נכים, רחבת תצפית מוצללת לנוף ועוד תצפיות על אזורים שונים של האתר. כמו כן, הונגשו שילוט הכוונה וזיהוי ושלטי מידע, שבילי בטון או עץ, מאחזי יד במדרגות. שאר השבילים עשויים מצע מהודק. לאנשים המוגבלים בניידות מתאפשרת גישה עד לווילה הרומית, הרחוב הפנימי בכניסה לישוב הנבטי, דרך השירות, הגת והאקרופוליס.\nלמידע נוסף\nמותרת – קשורים ברצועה וחסומים במחסום פה (אסורה כניסה למבנים) למידע נוסף\nמצורפת חוברת הפעלה", "how_to_get": "סמוך לכביש 40 בין שדה בוקר ומצפה רמון 15 דקות משדה בוקר.", "fetched_on": "2026-07-27"}}, {"type": "Feature", "geometry": {"type": "Point", "coordinates": [35.36256, 31.31087]}, "properties": {"id": "inpa-1979", "source_id": 1979, "operator": "inpa", "name_he": "גן לאומי מצדה", "link": "https://www.parks.org.il/reserve-park/%d7%92%d7%9f-%d7%9c%d7%90%d7%95%d7%9e%d7%99-%d7%9e%d7%a6%d7%93%d7%94/", "phone": "3639*, מוקד רשות הטבע והגנים.\nהמוקד זמין גם בווטס אפ: 054-9642434 | עמוד מרחב מצדה", "hours": [{"label": "קיץ א׳-ה׳", "open": "08:00", "close": "17:00"}, {"label": "קיץ שישי/ערב חג", "open": "08:00", "close": "16:00"}, {"label": "חורף א׳-ה׳", "open": "08:00", "close": "16:00"}, {"label": "חורף שישי/ערב חג", "open": "08:00", "close": "15:00"}], "hours_special": "שימו לב להנחיות לגבי שעות הפתיחה:\nעומסי חום משפיעים על שעות פתיחת שביל הנחש. אנו עובדים על פי תחזית מזג אויר של השירות המטאורולוגי.\nבעומס חום בינוני כניסה אחרונה לשביל בשעה 10:00 וירידה אחרונה בשעה 11:00.\nבעומס חום כבד השביל נסגר ב 8:00 לעליה וב 9:00 לירידה.\nבחודשי הקיץ, עקב עומסי חום קיצוניים, שביל הנחש יסגר בשעה 7:00 לעליה ו 8:00 לירידה ושביל הסוללה יסגר בשעה 11:00 לעליה ובשעה 12:00 לירידה.שביל הרץ ומעלה אלעזר יסגרו בשעה 7:00.\nשביל הנחש נפתח לעלייה כשעה לפני הזריחה (יש להתעדכן עצמאית על שעת הזריחה). השביל נסגר לעלייה בכל יום שעתיים לפני שעת סגירת האתר. השביל נסגר לירידה בכל יום שעה לפני שעת הסגירה של האתר.\nעקב עומסי מבקרים בזריחה מומלץ להגיע כחצי שעה לפני פתיחת השביל, על מנת לרכוש כרטיסים ", "prices": [{"title": "דמי כניסה ללא רכבל", "rows": [{"type": "מבוגר", "price": "₪ 37.00", "note": ""}, {"type": "ילד", "price": "₪ 21.00", "note": ""}, {"type": "מבוגר בקבוצה (מעל 30 איש)", "price": "₪ 31.00", "note": ""}, {"type": "ילד בקבוצה (מעל 30 איש)", "price": "₪ 18.00", "note": ""}, {"type": "סטודנט", "price": "₪ 31.00", "note": ""}, {"type": "מילואים", "price": "₪ 28.00", "note": ""}, {"type": "חייל", "price": "₪ 21.00", "note": "חייל בשירות חובה / שירות לאומי / שירות אזרחי – כנגד הצגת תעודה ברת תוקף"}, {"type": "אזרח ותיק", "price": "₪ 19.00", "note": ""}, {"type": "תלמיד", "price": "10.00₪", "note": ""}, {"type": "מוזיאון", "price": "₪ 20.00", "note": "מחיר אחיד"}]}, {"title": "רכבל חד כיווני לא כולל כניסה", "rows": [{"type": "מבוגר", "price": "₪ 32.00", "note": "לא כולל דמי כניסה"}, {"type": "ילד", "price": "₪ 16.00", "note": "לא כולל דמי כניסה"}]}, {"title": "רכבל דו כיווני לא כולל כניסה", "rows": [{"type": "מבוגר", "price": "₪ 54.00", "note": "לא כולל דמי כניסה"}, {"type": "ילד", "price": "₪ 32.00", "note": "לא כולל דמי כניסה"}]}], "highlights": "במבואת שביל הנחש (ממזרח) הונגשו: חניה מקורה, המוזיאון, שטחי מסחר ושטחים ציבוריים, אולמות הקרנה ומעליות.הרכבל והגשר מותאמים לכיסאות גלגלים.בבמת ההר הונגשו: שבילי בטון, בתי שימוש, מאחזי יד במדרגות, ספסלים ומקומות התכנסות מוצללים, כניסה לחלק משמעותי מהעתיקות, תצפיות, דגמים, מפות תבליט מותאמים ללקויי ראייה. לארמון הצפוני יורדים בהרבה מדרגות, שהותקנו בהן מאחזי יד משני הצדדים. הדגמים ומרפסות התצפית מהווים התאמה חלופית לביקור בארמון.\nשביל הנחש– שביל עפר תלול, חלקים גדולים ממנו בנויים כמדרגות, שהותקנו בהן מאחזי יד למלוא הגובה.במבואת שביל הסוללה (ממערב) הונגשו: חניה, בתי שימוש, מרכז שירות למטייל, סככת פיקניק, מאחזי יד במדרגות, שילוט הכוונה וזיהוי, דגמים של כלי נשק רומאים. השביל העולה לבמת ההר מצד מזרח תלול, עשוי קרקע מקומית וכולל הרבה מדרגות.בחיזיון האור קולי הונגשו: חניה, קופה, בתי שימוש, שבילים מרוצפים, מקומות ישיבה ייעודיים לאנשים שנעזרים בכיסא גלגלים, מאחזי יד במדרגות ומערכת עזר להנגשת שמע.בח", "how_to_get": "כ-18 ק\"מ דרומית לעין גדי או 12 ק\"מ מכיוון עין בוקק הרכבל מכיוון מזרח (ים המלח).", "fetched_on": "2026-07-27"}}, {"type": "Feature", "geometry": {"type": "Point", "coordinates": [34.75983, 30.82239]}, "properties": {"id": "inpa-1978", "source_id": 1978, "operator": "inpa", "name_he": "גן לאומי עין עבדת", "link": "https://www.parks.org.il/reserve-park/%d7%92%d7%9f-%d7%9c%d7%90%d7%95%d7%9e%d7%99-%d7%a2%d7%99%d7%9f-%d7%a2%d7%91%d7%93%d7%aa/", "phone": "‎ 08-6554418 |\nלמוקד המידע של רשות הטבע והגנים, באמצעות הווטס אפ – לחצו כאן או חייגו 3639*", "hours": [{"label": "קיץ א׳-ה׳", "open": "08:00", "close": "17:00"}, {"label": "קיץ שישי/ערב חג", "open": "08:00", "close": "16:00"}, {"label": "חורף א׳-ה׳", "open": "08:00", "close": "16:00"}, {"label": "חורף שישי/ערב חג", "open": "08:00", "close": "15:00"}], "hours_special": "שימו לב:\nבימים א – ה ושבת (שעון קיץ):\nכניסה אחרונה למסלול הארוך עד לשעה 14:30\nכניסה אחרונה למסלול הקצר עד לשעה 15:30\nימי שישי (שעון קיץ)\nכניסה אחרונה למסלול הארוך עד לשעה 13:30\nכניסה אחרונה למסלול הקצר עד לשעה 14:30\nבשעון חורף שעה אחת פחות בהתאמה.\nאם נרשמתם מראש, הגעתם לאתר ואין בו מקום פנוי – תתבקשו להציג בכניסה את האישור על \"תיאום מועד הביקור\" כדי להיכנס.", "prices": [{"title": "דמי כניסה", "rows": [{"type": "מבוגר", "price": "31.00 ₪", "note": ""}, {"type": "ילד", "price": "16.00 ₪", "note": ""}, {"type": "מבוגר בקבוצה (מעל 30 איש)", "price": "26.00 ₪", "note": ""}, {"type": "ילד בקבוצה (מעל 30 איש)", "price": "14.00 ₪", "note": ""}, {"type": "סטודנט", "price": "26.00 ₪", "note": ""}, {"type": "מילואים", "price": "23.00 ₪", "note": ""}, {"type": "חייל", "price": "16.00 ₪", "note": "חייל בשירות חובה / שירות לאומי / שירות אזרחי – כנגד הצגת תעודה ברת תוקף"}, {"type": "אזרח ותיק", "price": "16.00 ₪", "note": ""}, {"type": "תלמיד", "price": "8.00 ₪", "note": ""}]}], "highlights": "במבואה התחתונה (עין מור) הונגשו:חניה, בית שימוש, פינת פיקניק מוצללת, תצפית על הכניסה לעין עובדת, שילוט הכוונה וזיהוי.\nבמבואה העליונה (עין מעריף) הונגשו:חניה, מרכז שירות למטייל, בית שימוש, רחבת פיקניק מוצללת, שביל בטון מהמבואה ועד לתצפית מונגשת על קניון עין עובדת, שילוט הכוונה וזיהוי.\nלמידע נוסף\nאסורה\nמטעמי שמירת טבע, אין כניסה גם לחיות שירות (כלבים וחיות אחרות)\nלמידע נוסף\nפעילויות שניתן לקיים בגן לאומי עין עבדת\nלמידע נוסף\nמצורפת חוברת הפעלה לכל המשפחה – לחצו כאן >>\nלפרטים נוספים לחצו כאן >>\nלפרטים נוספים >>\nבמרכז השירות שלנו תוכלו למצוא:\nגלידות, שתיה קרה, שתיה חמה, מזון מהיר, חטיפים, מזכרות, ספרות, קרם הגנה, כובעים, אלכוהול\nהמוצרים הינם בתשלום ובכפוף למלאי בחנויות.", "how_to_get": "על כביש 40 (באר שבע-מצפה רמון). הכניסה התחתונה לעין עבדת היא בסמוך לאחוזת קבר בן גוריון ומדרשת שדה בוקר. הכניסה העליונה כ- 5 ק\"מ דרומה.", "fetched_on": "2026-07-27"}}, {"type": "Feature", "geometry": {"type": "Point", "coordinates": [35.12618, 31.27782]}, "properties": {"id": "inpa-1977", "source_id": 1977, "operator": "inpa", "name_he": "גן לאומי תל ערד", "link": "https://www.parks.org.il/reserve-park/%d7%92%d7%9f-%d7%9c%d7%90%d7%95%d7%9e%d7%99-%d7%aa%d7%9c-%d7%a2%d7%a8%d7%93/", "phone": "‎08-6992447 |\nלמוקד המידע של רשות הטבע והגנים, באמצעות הווטס אפ – לחצו כאן או חייגו 3639*", "hours": [{"label": "קיץ א׳-ה׳", "open": "08:00", "close": "17:00"}, {"label": "קיץ שישי/ערב חג", "open": "08:00", "close": "16:00"}, {"label": "חורף א׳-ה׳", "open": "08:00", "close": "16:00"}, {"label": "חורף שישי/ערב חג", "open": "08:00", "close": "15:00"}], "hours_special": "שימו לב:\nאם נרשמתם מראש, הגעתם לאתר ואין בו מקום פנוי – תתבקשו להציג בכניסה את האישור על \"תיאום מועד הביקור\" כדי להיכנס.", "prices": [{"title": "דמי כניסה", "rows": [{"type": "מבוגר", "price": "16.00 ₪", "note": ""}, {"type": "ילד", "price": "7.00 ₪", "note": ""}, {"type": "מבוגר בקבוצה (מעל 30 איש)", "price": "14.00 ₪", "note": ""}, {"type": "ילד בקבוצה (מעל 30 איש)", "price": "6.00 ₪", "note": ""}, {"type": "סטודנט", "price": "14.00 ₪", "note": ""}, {"type": "מילואים", "price": "12.00 ₪", "note": ""}, {"type": "חייל", "price": "ללא תשלום", "note": "חייל בשירות חובה / שירות לאומי / שירות אזרחי – כנגד הצגת תעודה ברת תוקף"}, {"type": "אזרח ותיק", "price": "8.00 ₪", "note": ""}, {"type": "תלמיד", "price": "6.00 ₪", "note": ""}]}], "highlights": "מותרת – קשורים ברצועה וחסומים במחסום פה\nלמידע נוסף\nה\"חאן הכנעני\" בתל ערד כמו מסע במנהרת הזמן: רק אתם, האוהל והחוויה האותנטית\nלמידע נוסף\nפסיפס – טקסים בגן הלאומי\nפעילויות שניתן לקיים בגן לאומי תל ערד\nקיים מדריך קולי בשפה פשוטה >>\nהונגשו: חניה, מבנה מבואה, בתי שימוש, שבילי בטון, פינות פיקניק מוצללות על משטחי בטון, רחבת תצפית על העיר הכנענית ובאר המים העתיקה, שילוט הכוונה וזיהוי. שביל הבטון מתחבר למערכת שבילים עשויה מצע מהודק העולה לעיר הכנענית. באישור מנהל האתר, בהתחשב בעומס המבקרים, ניתן לעלות ברכב פרטי עד לרחבת הכניסה למצודה הישראלית. הביקור במצודה הישראלית מצריך טיפוס במדרגות. ברחבי התל קיימות סככות צל עם ספסלים למנוחה.\nבחניון הלילה הונגשו: יחידת אכסון עם רחבה מוצללת ובה שולחנות פיקניק, אוהל ללינת קבוצות, מטבח שדה, בתי שימוש ומקלחות, פינות פיקניק מוצללות וברזיות.\nלמידע נוסף >>\nצאו למסע בעקבות הכתב העברי הקדום ברחבי התל, אִספו אותיות ולִמדו לפענח את הצופן המסתורי! בדרך תעברו עיר כנענית ב", "how_to_get": "בצומת תל ערד הנמצאת על כביש 31 (ערד-צומת שוקת), פונים 2 ק\"מ צפונה בכביש 2808", "fetched_on": "2026-07-27"}}, {"type": "Feature", "geometry": {"type": "Point", "coordinates": [34.98085, 30.95106]}, "properties": {"id": "inpa-1976", "source_id": 1976, "operator": "inpa", "name_he": "שמורת טבע המכתש הגדול", "link": "https://www.parks.org.il/reserve-park/%d7%a9%d7%9e%d7%95%d7%a8%d7%aa-%d7%98%d7%91%d7%a2-%d7%94%d7%9e%d7%9b%d7%aa%d7%a9-%d7%94%d7%92%d7%93%d7%95%d7%9c/", "phone": "", "hours": [{"label": "קיץ א׳-ה׳", "open": "08:00", "close": "17:00"}, {"label": "קיץ שישי/ערב חג", "open": "08:00", "close": "16:00"}, {"label": "חורף א׳-ה׳", "open": "08:00", "close": "16:00"}, {"label": "חורף שישי/ערב חג", "open": "08:00", "close": "15:00"}], "hours_special": "", "prices": [], "highlights": "", "how_to_get": "למצפור הר אבנון – נוסעים מירוחם מזרחה בכביש הפונה למכתש (כביש 225). ליד סימן ק\"מ 6 פונים בדרך העפר מזרחה (יש שלט). חולפים על פני שרידי המבנים שבימי המנדט שימשו חברה בריטית לקידוחי נפט. כ-700 מ' מהכביש הדרך מגיעה לרחבת חניה. שביל קצרצר מוביל אל מרפסת התצפית של מצפור אבנון.", "fetched_on": "2026-07-27"}}, {"type": "Feature", "geometry": {"type": "Point", "coordinates": [34.70035, 30.49308]}, "properties": {"id": "inpa-1975", "source_id": 1975, "operator": "inpa", "name_he": "שמורת טבע הר הנגב", "link": "https://www.parks.org.il/reserve-park/%d7%a9%d7%9e%d7%95%d7%a8%d7%aa-%d7%98%d7%91%d7%a2-%d7%94%d7%a8-%d7%94%d7%a0%d7%92%d7%91/", "phone": "", "hours": [], "hours_special": "", "prices": [], "highlights": "", "how_to_get": "", "fetched_on": "2026-07-27"}}, {"type": "Feature", "geometry": {"type": "Point", "coordinates": [34.49547, 31.30519]}, "properties": {"id": "inpa-1974", "source_id": 1974, "operator": "inpa", "name_he": "גן לאומי הבשור – פארק אשכול", "link": "https://www.parks.org.il/reserve-park/%d7%92%d7%9f-%d7%9c%d7%90%d7%95%d7%9e%d7%99-%d7%94%d7%91%d7%a9%d7%95%d7%a8-%d7%a4%d7%90%d7%a8%d7%a7-%d7%90%d7%a9%d7%9b%d7%95%d7%9c/", "phone": "‎08-9985110 או 3639*, מוקד רשות הטבע והגנים. המוקד זמין גם בווטס אפ: 054-9642434", "hours": [{"label": "קיץ א׳-ה׳", "open": "08:00", "close": "17:00"}, {"label": "קיץ שישי/ערב חג", "open": "08:00", "close": "16:00"}, {"label": "חורף א׳-ה׳", "open": "08:00", "close": "16:00"}, {"label": "חורף שישי/ערב חג", "open": "08:00", "close": "15:00"}], "hours_special": "שימו לב:\nאם נרשמתם מראש, הגעתם לאתר ואין בו מקום פנוי – תתבקשו להציג בכניסה את האישור על \"תיאום מועד הביקור\" כדי להיכנס.", "prices": [{"title": "דמי כניסה", "rows": [{"type": "מבוגר", "price": "24.00 ₪", "note": ""}, {"type": "ילד", "price": "10.00 ₪", "note": ""}, {"type": "מבוגר בקבוצה (מעל 30 איש)", "price": "20.00 ₪", "note": ""}, {"type": "ילד בקבוצה (מעל 30 איש)", "price": "9.00 ₪", "note": ""}, {"type": "סטודנט", "price": "20.00 ₪", "note": ""}, {"type": "מילואים", "price": "18.00 ₪", "note": ""}, {"type": "חייל", "price": "ללא תשלום", "note": "חייל בשירות חובה / שירות לאומי / שירות אזרחי – כנגד הצגת תעודה ברת תוקף"}, {"type": "אזרח ותיק", "price": "12.00 ₪", "note": ""}, {"type": "תלמיד", "price": "8.00 ₪", "note": ""}]}], "highlights": "התנועה בין מוקדי העניין היא ברכב.\nבלב הגן הונגשו: חניה, בתי שימוש, מרכז שירות למטייל, שבילי בטון ועץ, מאחזי יד במדרגות, פינות פיקניק מוצללות וברזיות, מתקני משחקים לפעוטות, גישה לבריכות השכשוך ושילוט הכוונה וזיהוי.\nבנחל הבשור הונגשו: גשר התצפית על הנחל, לרבות חניה. סביב הגשר קיימים שבילים עשויים מצע מהודק.\nעתיקות: העלייה לבית המושל המצרי היא במדרגות בנויות עם מאחזי יד.\nבחניון הלילה הונגשו: חניה, יחידת אכסון בנויה, אוהל לינה קבוצתי, מרכז שירות למטייל, בתי שימוש ומקלחות, פינות פיקניק מוצללות, ברזיות, מטבח שדה, אזורי כינוס לקבוצות ושילוט הכוונה וזיהוי.\nלמידע נוסף\nמותרת – קשורים ברצועה וחסומים במחסום פה\nלמידע נוסף\nיום ולילה בנווה מדבר: קמפינג ליד המים בפארק הפסטורלי\nלמידע נוסף\nפעילויות שניתן לקיים בגן לאומי הבשור (פארק אשכול)\nלמידע נוסף\nמותר שכשוך במים במקומות המסומנים בלבד\nלחצו כאן לפרטים נוספים >>\nמותר להדליק מנגל ומדורה\nלפרטים לחצו כאן >>\nבמרכז השירות שלנו תוכלו למצוא:\nגלידות, שתיה קרה, שת", "how_to_get": "גן לאומי הבשור שוכן בנגב המערבי, ממערב לאופקים ומדרום לכביש 241. נוסעים מאופקים מערבה (כביש 241). כ 2.5 ק\"מ אחרי צומת אורים פונים שמאלה.\nהבאים ממערב, מכיוון צומת מעון, נוסעים בכביש 241 כ 7 ק\"מ אחרי צומת מעון פונים ימינה לדרך הגישה לפארק.", "fetched_on": "2026-07-27"}}, {"type": "Feature", "geometry": {"type": "Point", "coordinates": [34.80314, 30.60928]}, "properties": {"id": "inpa-1973", "source_id": 1973, "operator": "inpa", "name_he": "מרכז מבקרים מכתש רמון", "link": "https://www.parks.org.il/reserve-park/ramon-mm/", "phone": "‎08-6588691\nלמוקד המידע של רשות הטבע והגנים, באמצעות הווטס אפ – לחצו כאן או חייגו 3639*", "hours": [{"label": "קיץ א׳-ה׳", "open": "08:00", "close": "17:00"}, {"label": "קיץ שישי/ערב חג", "open": "08:00", "close": "16:00"}, {"label": "חורף א׳-ה׳", "open": "08:00", "close": "16:00"}, {"label": "חורף שישי/ערב חג", "open": "08:00", "close": "15:00"}], "hours_special": "שימו לב:\nמשך זמן הביקור כשעה.\nשעת יציאת הסיור האחרון הינה שעה לפני סגירת האתר.\nיש לתאם מקום במערכת ההזמנות – גם לקבוצות גדולות.\nכל משבצת זמן במערכת מוגבלת לעד 40 איש. במידה והקבוצה גדולה יותר, יש לפצל את הקבוצה למספר משבצות זמן בהתאם למצאי.\nשעת הכניסה למרכז המבקרים מכתש רמון הינה מדוייקת. איחור בהגעה עשוי לדחות או לבטל את הכניסה למיצגים. לפיכך יש להגיע לפחות 15 דקות מראש כדי להסדיר תשלום, שירותים וכדומה. הכניסה למאחרים תתאפשר על בסיס מקום פנוי בלבד.\nהביקור במרכז כולל הדרכה באמצעי מדיה המובילה את המבקר במסלול אוטומטי בין התחנות. הביקור במרכז המבקרים נמשך כשעה, כאשר בהתאם לקצב המיצגים עוברים המבקרים מחדר לחדר.", "prices": [{"title": "דמי כניסה", "rows": [{"type": "מבוגר", "price": "31.00 ₪", "note": ""}, {"type": "ילד", "price": "16.00 ₪", "note": ""}, {"type": "מבוגר בקבוצה (מעל 30 איש)", "price": "26.00 ₪", "note": ""}, {"type": "ילד בקבוצה (מעל 30 איש)", "price": "14.00 ₪", "note": ""}, {"type": "סטודנט", "price": "26.00 ₪", "note": ""}, {"type": "מילואים", "price": "23.00 ₪", "note": ""}, {"type": "חייל", "price": "16.00 ₪", "note": "חייל בשירות חובה / שירות לאומי / שירות אזרחי – כנגד הצגת תעודה ברת תוקף"}, {"type": "אזרח ותיק", "price": "16.00 ₪", "note": ""}, {"type": "תלמיד", "price": "8.00 ₪", "note": ""}]}], "highlights": "במרכז המבקרים מכתש רמון הונגשו: חניה, שבילי בטון ותצפית למכתש רמון, מרכז שירות למטייל, בית שימוש, כל אולמות התצוגה, מערכת הגברת שמע לכבדי שמיעה, שילוט הכוונה וזיהוי ושלטי מידע.\nלמידע נוסף\nאסורה\nלמידע נוסף\nפעילויות שניתן לקיים בשמורת טבע ומרכז מבקרים מכתש רמון\nלמידע נוסף\nלפרטים נוספים >>\nבמרכז השירות שלנו תוכלו למצוא:\nגלידות, שתייה קרה, חטייפם , מזכרות, ספרות, קרם הגנה, כובעים, מוצרי קמפינג, פחמים\nהמוצרים הינם בתשלום ובכפוף למלאי בחנויות.", "how_to_get": "כתובת: רח' מעלה בן תור 1 . מגיעים מכביש 40 בקטע שבין באר שבע לאילת, לפי השילוט בכניסה למצפה רמון.", "fetched_on": "2026-07-27"}}, {"type": "Feature", "geometry": {"type": "Point", "coordinates": [34.78203, 30.84803]}, "properties": {"id": "inpa-1972", "source_id": 1972, "operator": "inpa", "name_he": "גן לאומי קבר בן גוריון", "link": "https://www.parks.org.il/reserve-park/%d7%92%d7%9f-%d7%9c%d7%90%d7%95%d7%9e%d7%99-%d7%a7%d7%91%d7%a8-%d7%91%d7%9f-%d7%92%d7%95%d7%a8%d7%99%d7%95%d7%9f/", "phone": "‎08-6554418, 08-6555684 – המעוניינים לקיים טקסים במתחם מתבקשים לתאם זאת מול האתר", "hours": [], "hours_special": "השהייה באתר בשעות האור בלבד", "prices": [], "highlights": "הונגשו: חניה, מרכז שירות למטייל עם שולחנות פיקניק מוצללים, בית השימוש, שבילים, רחבת הקבר ושילוט הכוונה וזיהוי.\nלמידע נוסף\nבמרכז השירות שלנו תוכלו למצוא:\nגלידות, שתייה קרה, חטיפים, מזכרות, ספרות, קרם הגנה, כובעים, מוצרי קמפינג, פחמים, עצים למדורה\nהמוצרים הינם בתשלום ובכפוף למלאי בחנויות.", "how_to_get": "על כביש 40 (באר שבע-מצפה רמון) בסמוך למדרשת בן גוריון, שלושה ק\"מ דרומית לקיבוץ שדה בוקר.", "fetched_on": "2026-07-27"}}, {"type": "Feature", "geometry": {"type": "Point", "coordinates": [34.43851, 30.87796]}, "properties": {"id": "inpa-1971", "source_id": 1971, "operator": "inpa", "name_he": "גן לאומי ניצנה", "link": "https://www.parks.org.il/reserve-park/%d7%92%d7%9f-%d7%9c%d7%90%d7%95%d7%9e%d7%99-%d7%a0%d7%99%d7%a6%d7%a0%d7%94/", "phone": "", "hours": [], "hours_special": "", "prices": [], "highlights": "", "how_to_get": "גן לאומי ניצנה שוכן במערבה של רמת הנגב, כ-4 ק\"מ ממזרח לגבול עם מצרים.\nגישה לאתר: מבאר שבע נוסעים דרומה (כביש 40) לצומת טללים וממשיכים היישר לפנים לעבר מסוף ניצנה (כביש 211). בכפר הנוער ניצנה פונים דרומה לכיוון עזוז ומגיעים לגן הלאומי לאחר כ-ק\"מ. אפשר לחנות ברחבת חניה שמצפון לאתר וברחבה שמדרום לו, ליד אנדרטת חטיבה 8.", "fetched_on": "2026-07-27"}}, {"type": "Feature", "geometry": {"type": "Point", "coordinates": [34.84227, 31.24631]}, "properties": {"id": "inpa-1969", "source_id": 1969, "operator": "inpa", "name_he": "גן לאומי תל באר שבע", "link": "https://www.parks.org.il/reserve-park/%d7%92%d7%9f-%d7%9c%d7%90%d7%95%d7%9e%d7%99-%d7%aa%d7%9c-%d7%91%d7%90%d7%a8-%d7%a9%d7%91%d7%a2/", "phone": "‎08-6467286 |\nלמוקד המידע של רשות הטבע והגנים, באמצעות הווטס אפ – לחצו כאן או חייגו 3639*", "hours": [{"label": "קיץ א׳-ה׳", "open": "08:00", "close": "17:00"}, {"label": "קיץ שישי/ערב חג", "open": "08:00", "close": "16:00"}, {"label": "חורף א׳-ה׳", "open": "08:00", "close": "16:00"}, {"label": "חורף שישי/ערב חג", "open": "08:00", "close": "15:00"}], "hours_special": "שימו לב:\nאם נרשמתם מראש, הגעתם לאתר ואין בו מקום פנוי – תתבקשו להציג בכניסה את האישור על \"תיאום מועד הביקור\" כדי להיכנס.", "prices": [{"title": "דמי כניסה", "rows": [{"type": "מבוגר", "price": "16.00 ₪", "note": ""}, {"type": "ילד", "price": "7.00 ₪", "note": ""}, {"type": "מבוגר בקבוצה (מעל 30 איש)", "price": "14.00 ₪", "note": ""}, {"type": "ילד בקבוצה (מעל 30 איש)", "price": "6.00 ₪", "note": ""}, {"type": "סטודנט", "price": "14.00 ₪", "note": ""}, {"type": "מילואים", "price": "12.00 ₪", "note": ""}, {"type": "חייל", "price": "ללא תשלום", "note": "חייל בשירות חובה / שירות לאומי / שירות אזרחי – כנגד הצגת תעודה ברת תוקף"}, {"type": "אזרח ותיק", "price": "8.00 ₪", "note": ""}, {"type": "תלמיד", "price": "6.00 ₪", "note": ""}]}], "highlights": "מותרת – קשורים ברצועה וחסומים במחסום פה למידע נוסף\nפסיפס – טקסים בגן הלאומי\nפעילויות שניתן לקיים בגן לאומי תל באר שבע\nמשחק משימתי לכל המשפחה\nלפרטים, הקישו כאן >>\nהונגשו: חניה, בית שימוש, חצר מבואה הכוללת רחבת התכנסות מוצללת, מתחם הפעלה המיועד לתלמידים ושילוט הכוונה וזיהוי. שלטי הסבר ודגמים להמחשת תל העתיקות ומערכת המים העתיקה מהווים התאמה חלופית לביקור בעתיקות.\nתל העתיקות: קיימים שבילים נוחים בשיפוע מתון יחסית עשויים מצע מהודק. השיפוע עוקב אחרי הטופוגרפיה של התל. לצד המדרגות הותקנו מאחזי יד, לרבות במדרגות היורדות למערכת המים. באישור מנהל האתר, ובהתחשב בעומס מבקרים, ניתן לעלות ברכב לראש התל. משם קיימת תצפית טובה על מרבית חלקיו של התל.\nלמידע נוסף\nמרחבי עבודה ולמידה בטבע – OPENפייס\nמחפשים פינת עבודה שקטה ונוחה?\nלקרוא וללמוד להנאתכם באויר הפתוח?\nלקיים פגישת עבודה בחיק הטבע?\nאו סתם להתאוורר במפגש חברתי?\nרשות הטבע והגנים מזמינה אתכם להתארח במרחבים הפתוחים בשמורות הטבע ובגנים הלאומיים\n לחצו כאן", "how_to_get": "על כביש באר שבע- צומת שוקת. ​דרומית לעומר ובסמוך לישוב הבדואי תל שבע. 10 דקות מבאר שבע.", "fetched_on": "2026-07-27"}}, {"type": "Feature", "geometry": {"type": "Point", "coordinates": [34.97359, 31.0198]}, "properties": {"id": "inpa-1968", "source_id": 1968, "operator": "inpa", "name_he": "שמורת טבע אירוס ירוחם", "link": "https://www.parks.org.il/reserve-park/%d7%a9%d7%9e%d7%95%d7%a8%d7%aa-%d7%98%d7%91%d7%a2-%d7%90%d7%99%d7%a8%d7%95%d7%a1-%d7%99%d7%a8%d7%95%d7%97%d7%9d/", "phone": "", "hours": [], "hours_special": "", "prices": [], "highlights": "", "how_to_get": "שמורת טבע אירוס ירוחם נמצאת בצפון הר הנגב, בין דימונה וירוחם, ממזרח לכביש 204.\nגישה לאתר: מכביש דימונה – ירוחם (כביש 204) פונים מזרחה בין סימני ק\"מ 158­-159, כ-4 ק\"מ מצפון לירוחם. דרך עפר שאורכה מעט יותר מקילומטר מובילה לרחבת החניה, שממנו יוצא השביל המסומן בשמורה.", "fetched_on": "2026-07-27"}}, {"type": "Feature", "geometry": {"type": "Point", "coordinates": [34.4743, 31.42696]}, "properties": {"id": "inpa-1967", "source_id": 1967, "operator": "inpa", "name_he": "שמורת טבע בתרונות בארי", "link": "https://www.parks.org.il/reserve-park/%d7%a9%d7%9e%d7%95%d7%a8%d7%aa-%d7%98%d7%91%d7%a2-%d7%91%d7%aa%d7%a8%d7%95%d7%a0%d7%95%d7%aa-%d7%91%d7%90%d7%a8%d7%99/", "phone": "", "hours": [], "hours_special": "", "prices": [], "highlights": "", "how_to_get": "שמורת בתרונות בארי נמצאת במישור חוף הנגב, בין הקיבוצים בארי ועלומים.\nגישה לאתר: כניסה דרומית – מכביש הגישה לקיבוץ בארי יוצאת דרך מסומנת ירוק המגיעה לאחר כקילומטר לגבול הדרומי של השמורה. כניסה מזרחית: מכביש 232, כ-2 ק\"מ מדרום לעלומים, מסתעפת צפונה דרך מסומנת שחור המגיעה לאחר כ-800 מ' לראש נחל סחף בקצה המזרחי של השמורה. כניסה מערבית: דרך עפר שיוצאת מיער בארי, מסומנת אדום, מגיעה למורד נחל סחף שבכניסה המערבית לשמורה.", "fetched_on": "2026-07-27"}}, {"type": "Feature", "geometry": {"type": "Point", "coordinates": [35.06459, 31.02732]}, "properties": {"id": "inpa-1966", "source_id": 1966, "operator": "inpa", "name_he": "גן לאומי ממשית", "link": "https://www.parks.org.il/reserve-park/%d7%92%d7%9f-%d7%9c%d7%90%d7%95%d7%9e%d7%99-%d7%9e%d7%9e%d7%a9%d7%99%d7%aa/", "phone": "‎ 08-6556478\nלמוקד המידע של רשות הטבע והגנים, באמצעות הווטס אפ – לחצו כאן או חייגו 3639*", "hours": [{"label": "קיץ א׳-ה׳", "open": "08:00", "close": "17:00"}, {"label": "קיץ שישי/ערב חג", "open": "08:00", "close": "16:00"}, {"label": "חורף א׳-ה׳", "open": "08:00", "close": "16:00"}, {"label": "חורף שישי/ערב חג", "open": "08:00", "close": "15:00"}], "hours_special": "שימו לב:\nאם נרשמתם מראש, הגעתם לאתר ואין בו מקום פנוי – תתבקשו להציג בכניסה את האישור על \"תיאום מועד הביקור\" כדי להיכנס.\nשעות פתיחה מיוחדות בפסח תשפ\"ה 2025 \nבחול המועד פסח, בימים שני עד חמישי 14-17.4, הגן פתוח בשעות 8:00 – 18:00", "prices": [{"title": "דמי כניסה", "rows": [{"type": "מבוגר", "price": "24.00 ₪", "note": ""}, {"type": "ילד", "price": "10.00 ₪", "note": ""}, {"type": "מבוגר בקבוצה (מעל 30 איש)", "price": "20.00 ₪", "note": ""}, {"type": "ילד בקבוצה (מעל 30 איש)", "price": "9.00 ₪", "note": ""}, {"type": "סטודנט", "price": "20.00 ₪", "note": ""}, {"type": "מילואים", "price": "18.00 ₪", "note": ""}, {"type": "חייל", "price": "ללא תשלום", "note": "חייל בשירות חובה / שירות לאומי / שירות אזרחי – כנגד הצגת תעודה ברת תוקף"}, {"type": "אזרח ותיק", "price": "12.00 ₪", "note": ""}, {"type": "תלמיד", "price": "8.00 ₪", "note": ""}]}], "highlights": "מותרת – קשורים ברצועה וחסומים במחסום פה\nלמידע נוסף\nחוויה נבאטית קסומה: קמפינג מעורר השראה לצד העיר הקדומה\nלמידע נוסף\nפעילויות שניתן לקיים בגן לאומי ממשית\nלמידע נוסף\nהונגשו: חניה, מבואה, חנות שירות למטייל, אזור פיקניק צמוד למבואה, בתי שימוש, שבילי בטון לאורך המצוק עד הכניסה לעתיקות עצמן, תצפית לנוף, שילוט הכוונה וזיהוי ושלטי מידע.\nבמתחם העתיקות הונגשו: קיימים מאחזי יד לצד מדרגות, שבילים עשויים מצע מהודק היטב, סככות צל, ספסלים למנוחה, שלטי הכוונה זיהוי ומידע, שילוט מאויר ושחזור של חלק מהמבנים העתיקים.\nבאישור המנהל, בימים שאין בהם עומס, אפשר לעלות ברכב לראש התל העתיק. מהחניה העליונה יש גישה לתצפית לנוף ולעתיקות.\nבחניון הלילה הונגשו: יחידת אכסון, אוהל ללינת קבוצות, מטבח שדה, שולחנות פיקניק וברזיות, מקלחת ובתי שימוש.\nלמידע נוסף\nמרחבי עבודה ולמידה בטבע – OPENפייס\nמחפשים פינת עבודה שקטה ונוחה?\nלקרוא וללמוד להנאתכם באויר הפתוח?\nלקיים פגישת עבודה בחיק הטבע?\nאו סתם להתאוורר במפגש חברתי?\nרשות הטבע ", "how_to_get": "גן לאומי ממשית שוכן ליד כביש דימונה–ים המלח (כביש 25), כ- 6 ק\"מ ממזרח לדימונה", "fetched_on": "2026-07-27"}}, {"type": "Feature", "geometry": {"type": "Point", "coordinates": [34.62823, 30.88156]}, "properties": {"id": "inpa-1965", "source_id": 1965, "operator": "inpa", "name_he": "גן לאומי שבטה", "link": "https://www.parks.org.il/reserve-park/%d7%92%d7%9f-%d7%9c%d7%90%d7%95%d7%9e%d7%99-%d7%a9%d7%91%d7%98%d7%94/", "phone": "", "hours": [], "hours_special": "הכניסה לגן הלאומי נסגרת שעה לפני השעות הרשומות\nשעון קיץ:\nבימים א' – ה' ושבת: 17:00 – 08:00\nבימי שישי וערבי חג: 16:00 – 08:00\nשעון חורף:\nבימים א' – ה' ושבת: 16:00 – 08:00\nבימי שישי וערבי חג: 15:00 – 08:00\nבערב ראש השנה ובערב פסח: 13:00 – 08:00\nבערב יום כיפור: 13:00 – 08:00", "prices": [], "highlights": "מותרת – קשורים ברצועה וחסומים במחסום פה\nלמידע נוסף\nפעילויות שניתן לקיים בגן לאומי שבטה\nלמידע נוסף\nהונגשו : חניה, בית שימוש, פינת פיקניק על משטח בטון, מחשש לפגיעה בעתיקות לא ניתן לבצע שביל מחומר יציב וקשיח או להרחיב פתחים.\nהתאמות הנגישות שבוצעו בשירות כוללות, בין היתר: \nניתן לבקש סיוע בהתמצאות וקבלת מידע.\nהכנסת חיות שירות.\nלמידע נוסף על נגישות באתרים, לחצו כאן >>", "how_to_get": "מצומת טללים נוסעים מערבה לכיוון ניצנה (כביש 211) ולאחר כ-19 ק\"מ, בצומת שבטה, פונים דרומה ונוסעים כ-9 ק\"מ עד האתר.\nלבאים מכביש 40 (באר שבע-שיזפון) יש להמשיך מצומת טללים על כביש 211 כ- 30 ק\"מ מערבה. בצומת, ליד תחנת הדלק, נוסעים כ- 10 ק\"מ דרומה.", "fetched_on": "2026-07-27"}}, {"type": "Feature", "geometry": {"type": "Point", "coordinates": [35.39432, 31.4663]}, "properties": {"id": "inpa-1964", "source_id": 1964, "operator": "inpa", "name_he": "שמורת טבע עין גדי", "link": "https://www.parks.org.il/reserve-park/%d7%a9%d7%9e%d7%95%d7%a8%d7%aa-%d7%98%d7%91%d7%a2-%d7%a2%d7%99%d7%9f-%d7%92%d7%93%d7%99/", "phone": "למוקד המידע של רשות הטבע והגנים, באמצעות הווטס אפ – לחצו כאן או חייגו 3639*", "hours": [{"label": "קיץ א׳-ה׳", "open": "08:00", "close": "17:00"}, {"label": "קיץ שישי/ערב חג", "open": "08:00", "close": "16:00"}, {"label": "חורף א׳-ה׳", "open": "08:00", "close": "16:00"}, {"label": "חורף שישי/ערב חג", "open": "08:00", "close": "15:00"}], "hours_special": "בחג ובחול המועד סוכות: אין שינוי בשעות הפעילות\nשימו לב:\nיש לצאת מהשמורה בשעת הסגירה בשל מניעי שמירת טבע.\nמומלץ לעיין בדפדפת ובמפת האתר לשם תכנון הטיול – לחצו כאן", "prices": [{"title": "דמי כניסה", "rows": [{"type": "מבוגר", "price": "₪ 31.00", "note": ""}, {"type": "ילד", "price": "₪ 16.00", "note": ""}, {"type": "מבוגר בקבוצה (מעל 30 איש)", "price": "₪ 26.00", "note": ""}, {"type": "ילד בקבוצה (מעל 30 איש)", "price": "₪ 14.00", "note": ""}, {"type": "סטודנט", "price": "₪ 26.00", "note": ""}, {"type": "מילואים", "price": "₪ 23.00", "note": ""}, {"type": "חייל", "price": "₪ 16.00", "note": "חייל בשירות חובה / שירות לאומי / שירות אזרחי – כנגד הצגת תעודה ברת תוקף"}, {"type": "אזרח ותיק", "price": "₪ 16.00", "note": ""}, {"type": "תלמיד", "price": "8.00₪", "note": ""}, {"type": "עתיקות עין גדי- מבוגר", "price": "₪ 16.00", "note": ""}, {"type": "עתיקות עין גדי- ילד", "price": "₪ 7.00", "note": ""}, {"type": "עתיקות עין גדי- מבוגר בקבוצה", "price": "₪ 14.00", "note": ""}, {"type": "בית כנסת-ילד בקבוצה", "price": "₪ 6.00", "note": ""}, {"type": "עתיקות עין גדי- סטודנט", "price": "₪ 14.00", "note": ""}, {"type": "עתיקות עין גדי- מילואים", "price": "₪ 12.00", "note": ""}, {"type": "עתיקות עין גדי - חייל", "price": "ללא תשלום", "note": "חייל בשירות חובה / שירות לאומי / שירות אזרחי – כנגד הצגת תעודה ברת תוקף"}, {"type": "עתיקות עין גדי- אזרח ותיק", "price": "₪ 8.00", "note": ""}, {"type": "עתיקות עין גדי - תלמיד", "price": "6.00₪", "note": ""}]}], "highlights": "הכניסה הראשית לשמורת הטבע – חניה, רחבת כניסה, תחנת שירות למטייל ובתי שימוש נגישים.\nנחל דוד – הנגשת קטע בשמורת נחל דוד הכולל שביל מותאם לכיסאות גלגלים, רחבות מנוחה ותצפית, תחנת שמע, תצפית על מפל \"האולימפית\". אורכו של השביל כחצי קילומטר, הוא תוכנן ונבנה באופן המשתלב בנוף המדברי, כאשר ההולכים בו נהנים מפינות מנוחה בצל עצי השיטה, כשלצידם יעלים ושפני סלע.\nבית הכנסת – החניה ליד השער מחוץ לגדר.\nהונגשו: רחבת מבואה ומרכז שירות למטייל, בית שימוש, פינות פיקניק מוצללות, שביל בטון מהכניסה ועד לבית הכנסת העתיק לרבות כניסה לתוך בית הכנסת, נקודות תצפית על הכפר העתיק, שילוט הכוונה וזיהוי ושילוט הסבר. דגם של הכפר העתיק מהווה התאמת נגישות חלופית.\nבתוך הכפר העתיק קיימים שבילים עשויים מצע מהודק, בוצעו מאחזי יד במדרגות, והותקן שילוט הסבר. ההליכה בכפר העתיק לא מתאימה לאנשים שנעזרים בכיסא גלגלים.\nטיילת נוף ומבואת נחל ערוגות – בין מבואת נחל דוד למבואת נחל ערוגות קיימת טיילת נוף מונגשת. במקביל לשביל הולכי הרגל קי", "how_to_get": "על כביש 90 (ים המלח) כקילומטר אחד צפונית לקיבוץ עין גדי", "fetched_on": "2026-07-27"}}, {"type": "Feature", "geometry": {"type": "Point", "coordinates": [35.30457, 31.83226]}, "properties": {"id": "inpa-1962", "source_id": 1962, "operator": "inpa", "name_he": "שמורת טבע נחל פרת – עין פרת", "link": "https://www.parks.org.il/reserve-park/%d7%a9%d7%9e%d7%95%d7%a8%d7%aa-%d7%98%d7%91%d7%a2-%d7%a0%d7%97%d7%9c-%d7%a4%d7%a8%d7%aa-%d7%a2%d7%99%d7%9f-%d7%a4%d7%a8%d7%aa/", "phone": "‎02-5715859 |\nלמוקד המידע של רשות הטבע והגנים, באמצעות הווטס אפ – לחצו כאן או חייגו 3639*", "hours": [{"label": "קיץ א׳-ה׳", "open": "08:00", "close": "17:00"}, {"label": "קיץ שישי/ערב חג", "open": "08:00", "close": "16:00"}, {"label": "חורף שישי/ערב חג", "open": "08:00", "close": "15:00"}], "hours_special": "שימו לב:\nהחל מ-1.1.26 הכניסה לאתר תהיה ברישום מראש בלבד\nאם נרשמתם מראש, הגעתם לאתר ואין בו מקום פנוי – תתבקשו להציג בכניסה את האישור על \"תיאום מועד הביקור\" כדי להיכנס.", "prices": [{"title": "דמי כניסה", "rows": [{"type": "מבוגר", "price": "31.00 ₪", "note": ""}, {"type": "ילד", "price": "16.00 ₪", "note": ""}, {"type": "מבוגר בקבוצה (מעל 30 איש)", "price": "26.00 ₪", "note": ""}, {"type": "ילד בקבוצה (מעל 30 איש)", "price": "14.00 ₪", "note": ""}, {"type": "סטודנט", "price": "26.00 ₪", "note": ""}, {"type": "מילואים", "price": "23.00 ₪", "note": ""}, {"type": "חייל בחובה", "price": "16.00 ₪", "note": ""}, {"type": "אזרח ותיק", "price": "16.00 ₪", "note": ""}, {"type": "תלמיד", "price": "8.00 ₪", "note": ""}]}], "highlights": "הונגשו: חניה, חנות שירות למטייל, בית שימוש, השביל בטון מוביל לפינת פיקניק מוצללת על משטח בטון, מאחזי יד במדרגות ולאורך שבילי בטון, עליה למרפסת ולחדר הקרנה עם סרטון על השמורה ושילוט הכוונה וזיהוי.\nהתאמות הנגישות שבוצעו בשירות כוללות, בין היתר: \nמערכת שמע בקופה ובמרכז המבקרים.\nניתן לבקש סיוע בהתמצאות וקבלת מידע.\nפטור מהמתנה בתור למחזיקים בתעודה מתאימה (הפטור אינו חל על תור שההמתנה בו היא במכונית).\nפטור מתשלום דמי כניסה למלווה של אדם עם מוגבלות המחזיק בתעודה מתאימה.\nהפטור מותנה בכך שהמלווה נוכח במקום מתן השירות עם האדם עם המוגבלות.\nהכנסת חיות שירות.\nהתאמות במערכת הכריזה – לבקשת אדם עם מוגבלות שמיעה, מידע הנמסר במערכת הכריזה הקולית ימסר לאותו אדם במסרון, לצורך כך יש ליידע את הקופאית ולמסור לה את מספר הטלפון הנייד שבאמצעותו ימסר המידע.\nלמידע נוסף בנושא נגישות באתרים השונים, לחצו כאן >>\nמותרת – קשורים ברצועה וחסומים במחסום פה\nלמידע נוסף\nפעילויות שניתן לקיים בשמורת טבע נחל פרת – עין פרת\nלמידע נ", "how_to_get": "לאוטובוסים- חניה עליונה בלבד- בחגים אין גישה לאוטובוסים\nכתבו בוויז: שמורת טבע עין פרת\nשימו לב שהכניסה לעין פרת היא דרך הישוב עלמון-ענתות", "fetched_on": "2026-07-27"}}, {"type": "Feature", "geometry": {"type": "Point", "coordinates": [35.19256, 32.27685]}, "properties": {"id": "inpa-1961", "source_id": 1961, "operator": "inpa", "name_he": "פארק (גן לאומי) שומרון (סבסטיה)", "link": "https://www.parks.org.il/reserve-park/%d7%a4%d7%90%d7%a8%d7%a7-%d7%92%d7%9f-%d7%9c%d7%90%d7%95%d7%9e%d7%99-%d7%a9%d7%95%d7%9e%d7%a8%d7%95%d7%9f-%d7%a1%d7%91%d7%a1%d7%98%d7%99%d7%94/", "phone": "מרכז חינוך והסברה שומרון 09-9539222, מייל: mh-shomron@npa.org.il", "hours": [], "hours_special": "רשות הטבע והגנים פותחת את האתר בימי חג – חגי תשרי ותקופת פסח באישור צבאי/\n למועדים מדיוקים יש להתעדכן באתר האינטרנט.", "prices": [], "highlights": "ניתן להזמין הדרכות במרכז הדרכה שומרון\nמייל: mh-shomron@npa.org.il\nטלפון: 09-9539222\nלפרטים נוספים >>", "how_to_get": "שימו לב! ההגעה לאתר מחייבים תיאום ואישור צה\"ל", "fetched_on": "2026-07-27"}}, {"type": "Feature", "geometry": {"type": "Point", "coordinates": [35.34917, 31.83995]}, "properties": {"id": "inpa-1960", "source_id": 1960, "operator": "inpa", "name_he": "שמורת טבע נחל פרת – עין מבוע", "link": "https://www.parks.org.il/reserve-park/%d7%a9%d7%9e%d7%95%d7%a8%d7%aa-%d7%98%d7%91%d7%a2-%d7%a0%d7%97%d7%9c-%d7%a4%d7%a8%d7%aa-%d7%a2%d7%99%d7%9f-%d7%9e%d7%91%d7%95%d7%a2/", "phone": "‎ 02-6339263", "hours": [{"label": "קיץ א׳-ה׳", "open": "08:00", "close": "17:00"}, {"label": "קיץ שישי/ערב חג", "open": "08:00", "close": "16:00"}, {"label": "חורף א׳-ה׳", "open": "08:00", "close": "16:00"}, {"label": "חורף שישי/ערב חג", "open": "08:00", "close": "15:00"}], "hours_special": "הכניסה לאתר נסגרת שעה לפני השעות הרשומות\nשימו לב:\nאם נרשמתם מראש, הגעתם לאתר ואין בו מקום פנוי – תתבקשו להציג בכניסה את האישור על \"תיאום מועד הביקור\" כדי להיכנס.\nהכנסת רכב נכה בתיאום מראש בלבד.", "prices": [], "highlights": "הונגשו: חניה ליד המעיין, חנות ומרכז שירות למטייל, בית שימוש, שביל בטון עד למפל הראשון, מאחזי יד במדרגות, פינת פיקניק, תצפית לעתיקות ושילוט הכוונה וזיהוי. הירידה לבריכת המעיין אינה מונגשת מסיבות הנדסיות.\nלמידע נוסף\nלחצו כאן למדריך הקולי (קיים גם בשפה פשוטה) >> \nהמדריך הקולי Trip-Talk משמש כמדריך מלווה למבקר העצמאי, המזמין לטייל בצורה חווייתית בתחנות המעניינות של האתר. בכל תחנה מופיע קוד, שסריקתו באמצעות הטלפון הנייד מאפשרת שמיעת קטע קצר המוגש בצורה חווייתית ומרתקת.\nניתן להזמין הדרכות במרכז הדרכה שומרון\nמייל: mh-shomron@npa.org.il\nטלפון: 09-9539222", "how_to_get": "כתבו בוויז: חניה עין מבוע", "fetched_on": "2026-07-27"}}, {"type": "Feature", "geometry": {"type": "Point", "coordinates": [35.24078, 31.66516]}, "properties": {"id": "inpa-1959", "source_id": 1959, "operator": "inpa", "name_he": "פארק (גן לאומי) הרודיון", "link": "https://www.parks.org.il/reserve-park/%d7%a4%d7%90%d7%a8%d7%a7-%d7%92%d7%9f-%d7%9c%d7%90%d7%95%d7%9e%d7%99-%d7%94%d7%a8%d7%95%d7%93%d7%99%d7%95%d7%9f/", "phone": "02-5953591 , 02-5953592 | מרכז הדרכה יהודה: ‎02-6541255‏ |\nלמוקד המידע של רשות הטבע והגנים, באמצעות הווטס אפ – לחצו כאן או חייגו 3639*", "hours": [{"label": "קיץ א׳-ה׳", "open": "08:00", "close": "17:00"}, {"label": "קיץ שישי/ערב חג", "open": "08:00", "close": "16:00"}, {"label": "חורף א׳-ה׳", "open": "08:00", "close": "16:00"}, {"label": "חורף שישי/ערב חג", "open": "08:00", "close": "15:00"}], "hours_special": "שימו לב:\nהחל מ-1.1.26 הכניסה לאתר תהיה ברישום מראש בלבד\nאם נרשמתם מראש, הגעתם לאתר ואין בו מקום פנוי – תתבקשו להציג בכניסה את האישור על \"תיאום מועד הביקור\" כדי להיכנס.", "prices": [{"title": "דמי כניסה", "rows": [{"type": "מבוגר", "price": "31.00 ₪", "note": ""}, {"type": "ילד", "price": "16.00 ₪", "note": ""}, {"type": "מבוגר בקבוצה (מעל 30 איש)", "price": "26.00 ₪", "note": "מעל 30 איש"}, {"type": "ילד בקבוצה (מעל 30 איש)", "price": "14.00 ₪", "note": "מעל 30 איש"}, {"type": "סטודנט", "price": "26.00 ₪", "note": ""}, {"type": "מילואים", "price": "23.00 ₪", "note": ""}, {"type": "אזרח ותיק", "price": "16.00 ₪", "note": ""}, {"type": "תלמיד", "price": "8.00 ₪", "note": ""}]}], "highlights": "האתר אינו נגיש מבחינה פיסית למעט: אזור מבואת הכניסה, סרט ראשון, שביל נגיש עד התיאטרון והסרט החדש בתא המלכותי. שאר האתר כולל עליות תלולות טיפוס במדרגות שאינן מונגשות.\nהונגשו: מכלול מערך כניסה וחניה, תצפית לנוף ממבואת הפארק, סרט עם כתוביות, חנות מזכרות, בתי שימוש, מאחזי יד במדרגות, שילוט הכוונה וזיהוי ושלטי מידע.\nהיכן שניתן הוקמו מדרגות עץ או מתכת עם מאחזי יד.\nהדגם של האתר, המוצב במבנה המבואה, מהווה התאמת נגישות חלופית לביקור בהר.\nשביל נגיש לתיאטרון ולסרטים בתא המלכותי (הנגשה ראשונה בתיאטרון).\nסימון זרחני על עמוד השלט לחניית הנכה. שילוט על שירותים (מבנה יביל) והפניה לשירותי הנכים.\nמותרת – קשורים ברצועה וחסומים במחסום פה\n(אסורה כניסה למבנים, לתא המלכותי למתחם הקבר ולמחילות)\nלמידע נוסף\nמצורפת חוברת הפעלה לכל המשפחה\nהקישו כאן\nפסיפס – טקסים בגן הלאומי\nפעילויות שניתן לקיים בפארק (גן לאומי) הרודיון\nמרכז הדרכה יהודה\nטלפון ‎02-6541255‏ \nמייל mh.deadsea@npa.org.il\nבמרכז השירות שלנו תוכלו למצוא:\nגלי", "how_to_get": "לפני הכניסה לשכונת הר חומה, פונים במעגל התנועה ביציאה השנייה ימינה, נוסעים כ-7 ק\"מ בכביש מס' 398 מהר חומה לכיוון תקוע-נוקדים וכ-2 ק\"מ לפני צומת תקוע פונים שמאלה בעקבות השילוט להרודיון עד מגרש החנייה.\nנסיעה בכביש מס' 375 עד ביתר עילית, המשך בכביש מס' 60 עד צומת אפרת ומשם אל כביש מס' 3157 ואל כביש 356 לכיוון תקוע- נוקדים.\nנסיעה בכביש מס' 367 אל צומת גוש עציון, פנייה צפונה לכיוון אפרתה והמשך מזרחה לכביש מס' 3157 עד צומת T. פנייה לכיוון צפון- מזרח לכביש מס' 356 אל צומת הרודיון הנמצאת כשני ק\"מ אחרי צ", "fetched_on": "2026-07-27"}}, {"type": "Feature", "geometry": {"type": "Point", "coordinates": [35.27296, 32.19885]}, "properties": {"id": "inpa-1958", "source_id": 1958, "operator": "inpa", "name_he": "הר גריזים", "link": "https://www.parks.org.il/reserve-park/%d7%94%d7%a8-%d7%92%d7%a8%d7%99%d7%96%d7%99%d7%9d/", "phone": "‎02-5950077 |\nלמוקד המידע של רשות הטבע והגנים, באמצעות הווטס אפ – לחצו כאן או חייגו 3639*", "hours": [], "hours_special": "שעון קיץ:\nבימים א' – ה': 08:00 – 17:00\nבימי שישי וערבי חג: 08:00 – 16:00\nשעון חורף:\nבימים א' – ה': 08:00 – 16:00\nבימי שישי וערבי חג: 08:00 – 15:00\nשימו לב:\nהחל מ-1.1.26 הכניסה לאתר תהיה ברישום מראש בלבד\nניתן להיכנס לאתר עד שעה לפני שעות הסגירה הרשומות.\nאם נרשמתם מראש, הגעתם לאתר ואין בו מקום פנוי – תתבקשו להציג בכניסה את האישור על \"תיאום מועד הביקור\" כדי להיכנס.", "prices": [{"title": "דמי כניסה", "rows": [{"type": "מבוגר", "price": "24.00 ₪", "note": ""}, {"type": "ילד", "price": "10.00 ₪", "note": ""}, {"type": "מבוגר בקבוצה (מעל 30 איש)", "price": "20.00 ₪", "note": ""}, {"type": "ילד בקבוצה (מעל 30 איש)", "price": "9.00 ₪", "note": ""}, {"type": "סטודנט", "price": "20.00 ₪", "note": ""}, {"type": "מילואים", "price": "18.00 ₪", "note": ""}, {"type": "אזרח ותיק", "price": "12.00 ₪", "note": ""}, {"type": "תלמיד", "price": "8.00 ₪", "note": ""}]}], "highlights": "מותרת – קשורים ברצועה וחסומים במחסום פה\nלמידע נוסף\nפעילויות שניתן לקיים בהר גריזים:\nפסיפס טקסים בהר גריזים >>\nלמידע נוסף >>\nהונגשו: חניה, בית שימוש, מבנה מבואה הכולל קופה, אולם התכנסות עם מושבים בעלי מסעדי יד, חצר, שילוט הכוונה וזיהוי. מהחניה יש שביל גישה מרוצף לחלקו המרכזי של אתר העתיקות. מהשביל הנגיש יש תצפית לעיר שכם לרבות קבר יוסף, ולרחבת טקס הזבח השומרוני.\nבימים אלה מתנהלות בגן הלאומי עבודות פיתוח.התאמות הנגישות שבוצעו בשירות כוללות, בין היתר: \nניתן לבקש סיוע בהתמצאות וקבלת מידע.\nפטור מהמתנה בתור למחזיקים בתעודה מתאימה (הפטור אינו חל על תור שההמתנה בו היא במכונית).\nפטור מתשלום דמי כניסה למלווה של אדם עם מוגבלות המחזיק בתעודה מתאימה.\nהפטור מותנה בכך שהמלווה נוכח במקום מתן השירות עם האדם עם המוגבלות.\nכתוביות בסרט.\nמערכת שמע בקופה, ומערכת שמע באולם ההתכנסות.\nהכנסת חיות שירות.\nהתאמות במערכת הכריזה – לבקשת אדם עם מוגבלות שמיעה, מידע הנמסר במערכת הכריזה הקולית ימסר לאותו אדם במסרון, לצורך", "how_to_get": "הר גריזים נמצא ליד הישוב ברכה. לבאים מאריאל, הגעה מכביש 505 או מירושלים, נוסעים בכביש 60 צפונה, עד צומת תפוח. מצומת תפוח ממשיכים צפונה על עוקף חווארה ויוצאים ימינה בצומת יצהר. ממשיכים עד צומת מחנה חורון, שם פונים שמאלה אל הישוב ברכה. בשער הכניסה לישוב ברכה פונים ימינה וממשיכים דרך שכונה השומרונית אל האתר. (לפי השילוט)", "fetched_on": "2026-07-27"}}, {"type": "Feature", "geometry": {"type": "Point", "coordinates": [35.23591, 31.64713]}, "properties": {"id": "inpa-1956", "source_id": 1956, "operator": "inpa", "name_he": "שמורת טבע נחל תקוע", "link": "https://www.parks.org.il/reserve-park/%d7%a9%d7%9e%d7%95%d7%a8%d7%aa-%d7%98%d7%91%d7%a2-%d7%a0%d7%97%d7%9c-%d7%aa%d7%a7%d7%95%d7%a2/", "phone": "למוקד המידע של רשות הטבע והגנים באמצעות הווטס אפ – לחצו כאן או חייגו 3639* | הזמנת הדרכות דרך מרכז הדרכה הר ובקעה – מרכז הדרכה יהודה בטלפון ‎02-6541255‏", "hours": [], "hours_special": "האתר פתוח ללא תשלום דמי כניסה.\nניתן לטייל בשמורה בשעות היום בלבד ואסורה השהייה בשמורה בשעות הלילה.", "prices": [], "highlights": "אסור כניסת כלבים למסלולי ההליכה בשמורה.\nללא תשלום דמי כניסה\nמסלולי ההליכה מטיבי לכת בלבד.", "how_to_get": "שמורת טבע נחל תקוע נמצאת במורדות המזרחיים של הרי חברון, מדרום-מזרח לבית לחם.\nגישה לשמורה: מדרך חברון שבירושלים נוסעים דרומה בכביש המוביל לגן לאומי הרודיון (כביש 398).", "fetched_on": "2026-07-27"}}, {"type": "Feature", "geometry": {"type": "Point", "coordinates": [35.46008, 31.74154]}, "properties": {"id": "inpa-1955", "source_id": 1955, "operator": "inpa", "name_he": "פארק (גן לאומי) קומראן", "link": "https://www.parks.org.il/reserve-park/%d7%a4%d7%90%d7%a8%d7%a7-%d7%92%d7%9f-%d7%9c%d7%90%d7%95%d7%9e%d7%99-%d7%a7%d7%95%d7%9e%d7%a8%d7%90%d7%9f/", "phone": "‎02-9942235 | מרכז הדרכה יהודה: ‎02-6541255‏ |\nלמוקד המידע של רשות הטבע והגנים, באמצעות הווטס אפ – לחצו כאן או חייגו 3639*", "hours": [{"label": "קיץ א׳-ה׳", "open": "08:00", "close": "17:00"}, {"label": "קיץ שישי/ערב חג", "open": "08:00", "close": "16:00"}, {"label": "חורף א׳-ה׳", "open": "08:00", "close": "16:00"}, {"label": "חורף שישי/ערב חג", "open": "08:00", "close": "15:00"}], "hours_special": "שימו לב:\nהחל מ 1.1.26 הכניסה לאתר תהיה ברישום מראש בלבד\nאם נרשמתם מראש, הגעתם לאתר ואין בו מקום פנוי – תתבקשו להציג בכניסה את האישור על \"תיאום מועד הביקור\" כדי להיכנס.\nהכניסה לאתר עד שעה לפני השעות הרשומות. \nלמבקרים באתר, הכניסה למוזיאון וצפייה בסרט באולם ההקרנה תותר עד חצי שעה לפני סגירת האתר", "prices": [{"title": "דמי כניסה", "rows": [{"type": "מבוגר", "price": "31.00 ₪", "note": ""}, {"type": "ילד", "price": "16.00 ₪", "note": ""}, {"type": "מבוגר בקבוצה (מעל 30 איש)", "price": "26.00 ₪", "note": ""}, {"type": "ילד בקבוצה (מעל 30 איש)", "price": "14.00 ₪", "note": ""}, {"type": "סטודנט", "price": "26.00 ₪", "note": ""}, {"type": "מילואים", "price": "23.00 ₪", "note": ""}, {"type": "אזרח ותיק", "price": "16.00 ₪", "note": ""}, {"type": "תלמיד", "price": "8.00 ₪", "note": ""}]}], "highlights": "קיים מדריך קולי בשפה פשוטה, לחצו כאן >>\nהונגשו: מערך כניסה, כולל חניה, בתי שימוש, תצוגה מוזיאונית וסרט עם כתוביות בשפות שונות, באתר הארכיאולוגי קיים שביל מעגלי מותאם לכיסאות גלגלים, מאחזי יד במדרגות, תצפיות, סככות צל, שילוט הכוונה וזיהוי ושילוט מידע.\nניתן לשאול כיסא גלגלים לסיור באתר. אנא פנו לקופה בכניסה לאתר. (יש להשאיר כפיקדון תעודת זהות).\nשימו לב: האתר עובר שיפוץ ולכן יתכנו שינויים במידע.\nלמידע נוסף\nאסורה\nלמידע נוסף\nמצורפת חוברת הפעלה לכל המשפחה\nהקישו כאן\nפעילויות שניתן לקיים בפארק (גן לאומי) קומראן\nלמידע נוסף\nמרכז הדרכה יהודה\nטלפון ‎02-6541255‏ \nמייל mh.deadsea@npa.org.il\nלחצו כאן למדריך הקולי (קיים גם בשפה פשוטה) >>\nהמדריך הקולי Trip-Talk משמש כמדריך מלווה למבקר העצמאי, המזמין לטייל בצורה חווייתית בתחנות המעניינות של האתר. בכל תחנה מופיע קוד, שסריקתו באמצעות הטלפון הנייד מאפשרת שמיעת קטע קצר המוגש בצורה חווייתית ומרתקת.\nבמרכז השירות שלנו תוכלו למצוא:\nגלידות, שתיה קרה, שתיה חמה, מזכ", "how_to_get": "האתר נמצא בצפון ים המלח. נוסעים על כביש 90 וליד קיבוץ קלי\"ה פונים מערבה לפי השילוט.", "fetched_on": "2026-07-27"}}, {"type": "Feature", "geometry": {"type": "Point", "coordinates": [35.5457, 31.8373]}, "properties": {"id": "inpa-1954", "source_id": 1954, "operator": "inpa", "name_he": "קצר אל יהוד – אתר הטבילה – מעברות הירדן", "link": "https://www.parks.org.il/reserve-park/%d7%90%d7%aa%d7%a8-%d7%94%d7%98%d7%91%d7%99%d7%9c%d7%94-%d7%a7%d7%90%d7%a1%d7%a8-%d7%90%d7%9c-%d7%99%d7%94%d7%95%d7%93/", "phone": "‎02-6504844", "hours": [], "hours_special": "הכניסה לשמורה נסגרת שעה לפני השעות הרשומות\nשעון קיץ:\nבימים א' – ה' ושבת: 17:00 – 08:00\nבימי שישי וערבי חג: 16:00 – 08:00\nשעון חורף:\nבימים א' – ה' ושבת: 16:00 – 08:00\nבימי שישי וערבי חג: 15:00 – 08:00\nהחל מ-1.1.26 הכניסה לאתר תהיה ברישום מראש בלבד\nבערב ראש השנה ובערב פסח: 13:00 – 08:00\nבערב יום כיפור: הכניסה 13:00 – 08:00, לאחר מכן האתר סגור ביום כיפור\nבחג ובחול המועד סוכות: אין שינוי בשעות הפעילות\nשעות הפתיחה והגישה לאתר כפופות להנחיות צה\"ל ועשויות להשתנות בהתאם למצב הביטחוני, מומלץ להתעדכן באתר לפני שיוצאים לדרך", "prices": [], "highlights": "פעילויות שניתן לקיים באתר הטבילה קאסר אל יהוד\nלמידע נוסף\nבאזור המבואה הונגשו: חניה, מרכז שירות למטייל, בתי שימוש ומלתחות, רחבת התכנסות מוצללת, תצפית על הירדן, מאחזי יד במדרגות, שילוט הכוונה וזיהוי. בגלל מבנה גדת נהר הירדן, זרם המים והבוץ, לא ניתן להנגיש את הטבילה בנהר.\nלמידע נוסף\nמרכז הדרכה יהודה\nטלפון ‎02-6541255‏ \nמייל mh.deadsea@npa.org.il\nמותרת, קשורים ברצועה ועם מחסום פה.\nמותר להיכנס למים\nהכניסה למים בלבוש המכסה כתפיים וברכיים, לא בבגד ים\nניתן לרכוש במקום מגבות וחלוקי טבילה\nלפרטים נוספים >>\nבמרכז השירות שלנו תוכלו למצוא:\nמגבות וחלוקי טבילה לרכישה, גלידות, שתיה קרה, שתיה חמה, חטיפים, מזכרות, ספרות, קרם הגנה וכובעים.\nהמוצרים הינם בתשלום ובכפוף למלאי בחנויות.\n*לא ניתן להזמין דרכנו כומר או טקס הטבלה\nללא הדלקת אש ומנגל", "how_to_get": "האתר ממוקם כ 10 ק\"מ צפונית לים המלח. הגעה מכביש 90 (עוקף יריחו) יש לפנות מזרחה על פי השילוט כ 1.5 ק\"מ עד לשער גדר המערכת הצבאי.", "fetched_on": "2026-07-27"}}, {"type": "Feature", "geometry": {"type": "Point", "coordinates": [35.45143, 31.71648]}, "properties": {"id": "inpa-1953", "source_id": 1953, "operator": "inpa", "name_he": "שמורת טבע עיינות צוקים (עין פשחה)", "link": "https://www.parks.org.il/reserve-park/%d7%a9%d7%9e%d7%95%d7%a8%d7%aa-%d7%98%d7%91%d7%a2-%d7%a2%d7%99%d7%99%d7%a0%d7%95%d7%aa-%d7%a6%d7%95%d7%a7%d7%99%d7%9d-%d7%a2%d7%99%d7%9f-%d7%a4%d7%a9%d7%97%d7%94/", "phone": "‎02-9942355 |\nלמוקד המידע של רשות הטבע והגנים, באמצעות הווטס אפ – לחצו כאן או חייגו 3639*", "hours": [{"label": "קיץ א׳-ה׳", "open": "08:00", "close": "17:00"}, {"label": "קיץ שישי/ערב חג", "open": "08:00", "close": "17:00"}, {"label": "חורף א׳-ה׳", "open": "08:00", "close": "16:00"}, {"label": "חורף שישי/ערב חג", "open": "08:00", "close": "16:00"}], "hours_special": "החל מ-1.1.26 הכניסה לאתר תהיה ברישום מראש בלבד, באתר האינטרנט\nשעות הפתיחה של בריכת תמר:\nעונת הרחצה מחג ראשון של פסח ועד סוף אוקטובר הבריכה פתוחה בסופי שבוע, בחגים ובחול המועד מהשעה 10:00 ועד שעה לפני סגירת האתר.\nבחודשי הקיץ יולי- אוגוסט הבריכה פתוחה במהלך ימות השבוע מהשעה 10:00 ועד שעה לפני סגירת האתר.\nבימי רביעי הבריכה סגורה.\nהבריכה פתוחה לרחצה רק בנוכחות מציל במקום.\nשעות הפתיחה של מרכז המבקרים\nשעות פתיחת המרכז לקהל הרחב: \nימים א׳-ה׳: 10:30, 12:30 ,14:30\nימים שישי-שבת (וחגים): בשעות 15:00-9:00, בכל שעה עגולה\nקבוצות מאורגנות: הביקור בתיאום והרשמה מראש >>", "prices": [{"title": "דמי כניסה", "rows": [{"type": "מבוגר", "price": "40.00 ₪", "note": ""}, {"type": "ילד", "price": "25.00 ₪", "note": ""}, {"type": "מבוגר בקבוצה (מעל 30 איש)", "price": "34.00 ₪", "note": ""}, {"type": "ילד בקבוצה (מעל 30 איש)", "price": "21.00 ₪", "note": ""}, {"type": "סטודנט", "price": "34.00 ₪", "note": ""}, {"type": "מילואים", "price": "30.00 ₪", "note": ""}, {"type": "אזרח ותיק", "price": "20.00 ₪", "note": ""}, {"type": "תלמיד", "price": "10.00 ₪", "note": ""}]}], "highlights": "שביל מונגש לכיסאות גלגלים מוביל מחניית הנכים המערבית אל האתר הארכיאולוגי, בריכת תמר (בריכה עמוקה) ובריכת קנה (בריכת שכשוך), פינות פיקניק נגישות ומוצללות, שירותי נכים.\nבבריכת תמר יש מעלון לכניסה למים. בריכת התמר מופעלת רק בעונת הרחצה ולכן מומלץ לוודא לפני הגעה שהבריכה פתוחה.\nשאר השבילים בשמורה ובכללם השבילים שבשמורה החבוייהעשויים קרקע מקומית מהודקת (נוחים להליכה ומישוריים ברובם) והדרך ברובה מישורית.\nליד בריכת המעיין יש שני מקומות חניה השמורים לנכים ושירותים ומקלחות מונגשים. החניה והגישה אל מבנה השירותים והמקלחות היא בדרך בעלת קרקע מהודקת.\n טלפון למידע ובירורים 02-9942355.\nלמידע נוסף\nפעילויות שניתן לקיים בשמורת טבע עיינות צוקים (עין פשחה)\nלמידע נוסף\nאסורה\nלמידע נוסף\nמרכז הדרכה יהודה\nטלפון ‎02-6541255‏ \nמייל mh.deadsea@npa.org.il\nמותרת שחייה וכניסה למים,\nלפרטים נוספים לחצו כאן >>\nמותר להדליק מנגל רק באזור ביקורי הקהל,\nאסור להדליק מדורה\nלפרטים נוספים >>\nבמרכז השירות שלנו תוכלו למצוא:\nגלידות,", "how_to_get": "השמורה שוכנת בצפון ים המלח 3 ק\"מ דרומית לקיבוץ קליה על כביש 90", "fetched_on": "2026-07-27"}}, {"type": "Feature", "geometry": {"type": "Point", "coordinates": [35.35941, 31.81604]}, "properties": {"id": "inpa-1952", "source_id": 1952, "operator": "inpa", "name_he": "מוזיאון השומרוני הטוב", "link": "https://www.parks.org.il/reserve-park/%d7%9e%d7%95%d7%96%d7%99%d7%90%d7%95%d7%9f-%d7%94%d7%a9%d7%95%d7%9e%d7%a8%d7%95%d7%a0%d7%99-%d7%94%d7%98%d7%95%d7%91/", "phone": "‎02-6338230 |\nלמוקד המידע של רשות הטבע והגנים, באמצעות הווטס אפ – לחצו כאן או חייגו 3639*", "hours": [{"label": "קיץ א׳-ה׳", "open": "08:00", "close": "17:00"}, {"label": "קיץ שישי/ערב חג", "open": "08:00", "close": "16:00"}, {"label": "חורף א׳-ה׳", "open": "08:00", "close": "16:00"}, {"label": "חורף שישי/ערב חג", "open": "08:00", "close": "15:00"}], "hours_special": "שימו לב:\nהחל מ 1.1.26 הכניסה לאתר תהיה ברישום מראש בלבד\nאם נרשמתם מראש, הגעתם לאתר השומרוני הטוב ואין בו מקום פנוי – תתבקשו להציג בכניסה את האישור על \"תיאום מועד הביקור\" כדי להיכנס.\nהאתרים מרטריוס ואותימיוס יפתחו רק בתאום מראש לקבוצות בטלפון: 026338230", "prices": [{"title": "דמי כניסה", "rows": [{"type": "מבוגר", "price": "24.00 ₪", "note": ""}, {"type": "ילד", "price": "10.00 ₪", "note": ""}, {"type": "מבוגר בקבוצה (מעל 30 איש)", "price": "20.00 ₪", "note": ""}, {"type": "ילד בקבוצה (מעל 30 איש)", "price": "9.00 ₪", "note": ""}, {"type": "סטודנט", "price": "20.00 ₪", "note": ""}, {"type": "מילואים", "price": "18.00 ₪", "note": ""}, {"type": "אזרח ותיק", "price": "12.00 ₪", "note": ""}, {"type": "תלמיד", "price": "8.00 ₪", "note": ""}]}], "highlights": "קיים מדריך קולי בשפה פשוטה\nהמוזיאון\nהונגשו: חניה, בית שימוש, שילוט הכוונה וזיהוי ושלטי מידע, שבילי בטון למוקדי העניין באתר: תצוגת פסיפסים בחצר, מיצג אורקולי במערה העתיקה, הכנסייה המשוחזרת, מבנה המוזיאון, חצר פעילות וסככה. כל חדרי המוזיאון מונגשים לאנשים עם מוגבלות בניידות. באישור מיוחד ממנהל האתר, יתאפשר לגעת בחלק מהמוצגים.\nמנזר מרטיריוס\nחונים ברחוב סמוך לכניסה. מהחניה עולים לאתר העתיקות במדרגות בטון עם מאחזי יד בשני הצדדים. בשל תנאי השטח, לא ניתן לבנות לצד המדרגות מעלית או כבש בשיפוע תקני.\nהונגשו: רחבת כניסה מוצללת, תא בית שימוש שהותקנו בו מאחזי יד לצד האסלה. באתר העתיקות קיימים רצפת אבן מקורית ומפולסת, מעברים רחבים, ספסלי ישיבה מוצללים למנוחה, מאחזי יד במדרגות, סככות צל עם ספסלים ושילוט הכוונה וזיהוי.\n מנזר אותימיוס\nהונגשו: חניה, בית שימוש, שביל בטון שמקיף את חומת המנזר מבחוץ, שער הכניסה המקורי ורחבת המבואה הפנימית של המנזר העתיק, תצפית על הכניסה למאגר המים, שילוט הכוונה וזיהוי, רחבת ה", "how_to_get": "", "fetched_on": "2026-07-27"}}, {"type": "Feature", "geometry": {"type": "Point", "coordinates": [35.37495, 31.83616]}, "properties": {"id": "inpa-1951", "source_id": 1951, "operator": "inpa", "name_he": "שמורת הטבע נחל פרת (ואדי קלט)", "link": "https://www.parks.org.il/reserve-park/%d7%a9%d7%9e%d7%95%d7%a8%d7%aa-%d7%94%d7%98%d7%91%d7%a2-%d7%a0%d7%97%d7%9c-%d7%a4%d7%a8%d7%aa-%d7%95%d7%90%d7%93%d7%99-%d7%a7%d7%9c%d7%98/", "phone": "", "hours": [], "hours_special": "שעה אחרי זריחה ושעה לפני שקיעה\nבימים של אזהרת שיטפונות ועומסי חום המסלולים סגורים", "prices": [], "highlights": "עין מבוע \nבתיאום מראש ניתן לרדת עם רכב עד למפלס המעיין.\nהונגשו: חניה ליד המעיין, חנות ומרכז שירות למטייל, בית שימוש, שביל בטון עד למפל הראשון, מאחזי יד במדרגות, פינת פיקניק, תצפית לעתיקות ושילוט הכוונה וזיהוי. הירידה לבריכת המעיין אינה מונגשת מסיבות הנדסיות.\nעין פרת \nהונגשו: חניה, חנות שירות למטייל, בית שימוש, שבילי בטון עד לנחל, פינת פיקניק וסככת צל על משטח בטון, מאחזי יד במדרגות ולאורך שבילי בטון, עליה למרפסת תצפית לנוף מבטון ושילוט הכוונה וזיהוי. השבילים בתוך השמורה עשויים קרקע טבעית, לרבות קרקעית הנחל. בחלק מימות השנה קיימת סכנת החלקה בשבילים רטובים.\nלמידע נוסף\nמצורפת חוברת הפעלה לכל המשפחה\nהקישו כאן\nפעילויות שניתן לקיים בשמורת הטבע נחל פרת (ואדי קלט)\nלמידע נוסף", "how_to_get": "לעין קלט כתבו בוויז: עין קלט\n*הגעה אפשרית רק ברכב 4X4\nלעין מבוע כתבו בוויז: חניה עין מבוע\nלעין פרת כתבו בוויז: שמורת טבע עין פרת\nשימו לב שהכניסה לעין פרת היא דרך הישוב עלמון-ענתות\nלאוטובוסים: חניה עליונה בלבד – בחגים אין גישה לאוטובוסים\nלמנזר סנט ג'ורג' כתבו בוויז: מנזר סנט ג'ורג'", "fetched_on": "2026-07-27"}}, {"type": "Feature", "geometry": {"type": "Point", "coordinates": [35.10877, 32.15731]}, "properties": {"id": "inpa-1950", "source_id": 1950, "operator": "inpa", "name_he": "שמורת טבע נחל קנה", "link": "https://www.parks.org.il/reserve-park/%d7%a9%d7%9e%d7%95%d7%a8%d7%aa-%d7%98%d7%91%d7%a2-%d7%a0%d7%97%d7%9c-%d7%a7%d7%a0%d7%94/", "phone": "", "hours": [], "hours_special": "אתר פתוח, ללא תשלום דמי כניסה", "prices": [], "highlights": "ניתן להזמין הדרכות במרכז הדרכה שומרון\nמייל: mh-shomron@npa.org.il\nטלפון: 09-9539222", "how_to_get": "", "fetched_on": "2026-07-27"}}, {"type": "Feature", "geometry": {"type": "Point", "coordinates": [35.36928, 31.58938]}, "properties": {"id": "inpa-1949", "source_id": 1949, "operator": "inpa", "name_he": "שמורת טבע מצוק ההעתקים", "link": "https://www.parks.org.il/reserve-park/%d7%a9%d7%9e%d7%95%d7%a8%d7%aa-%d7%98%d7%91%d7%a2-%d7%9e%d7%a6%d7%95%d7%a7-%d7%94%d7%94%d7%a2%d7%aa%d7%a7%d7%99%d7%9d-%d7%a0%d7%97%d7%9c-%d7%93%d7%a8%d7%92%d7%94/", "phone": "", "hours": [], "hours_special": "", "prices": [], "highlights": "", "how_to_get": "", "fetched_on": "2026-07-27"}}, {"type": "Feature", "geometry": {"type": "Point", "coordinates": [35.33633, 31.7922]}, "properties": {"id": "inpa-1947", "source_id": 1947, "operator": "inpa", "name_he": "מנזר אותימיוס", "link": "https://www.parks.org.il/reserve-park/%d7%9e%d7%a0%d7%96%d7%a8-%d7%90%d7%95%d7%aa%d7%99%d7%9e%d7%99%d7%95%d7%a1/", "phone": "‎02-6338230 | למוקד המידע של רשות הטבע והגנים, באמצעות הווטס אפ – לחצו כאן או חייגו 3639* | ניתן להזמין הדרכות במרכז הדרכה שומרון טלפון 09-9539222 \nאימייל: mh-shomron@npa.org.il", "hours": [], "hours_special": "פתוח רק בתיאום מראש, לקבוצות של 30 איש ומעלה:\nיש לתאם בהתראה של לפחות ‎ 48 שעות מראש בטלפון : 02-6338230\nקיימת אפשרות להארכת שעות הפעילות, בתיאום מראש.", "prices": [{"title": "דמי כניסה", "rows": [{"type": "מבוגר", "price": "₪ 16.00", "note": ""}, {"type": "ילד", "price": "₪ 7.00", "note": ""}, {"type": "מבוגר בקבוצה (מעל 30 איש)", "price": "₪ 14.00", "note": ""}, {"type": "ילד בקבוצה (מעל 30 איש)", "price": "₪ 6.00", "note": ""}, {"type": "סטודנט", "price": "₪ 14.00", "note": ""}, {"type": "מילואים", "price": "₪ 12.00", "note": ""}, {"type": "אזרח ותיק", "price": "₪ 8.00", "note": ""}, {"type": "תלמיד", "price": "₪ 6.00", "note": ""}]}], "highlights": "פעילויות שניתן לקיים במנזר אותימיוס\nלמידע נוסף\nהונגשו: חניה, בית שימוש, שביל בטון שמקיף את חומת המנזר מבחוץ, שער הכניסה המקורי ורחבת המבואה הפנימית של המנזר העתיק, תצפית על הכניסה למאגר המים, שילוט הכוונה וזיהוי, רחבת התכנסות מוצללת הכוללת ספסלים נגישים, שלטי מידע, ותצפית לפתח בור מים.\nמי שמסוגל לטפס במדרגות יעלה לגשר תצפית מוצלל עשוי מעץ. בתוך המנזר העתיק לא ניתן לבצע מערכת שבילים בשיפוע נגיש לאנשים שנעזרים בכיסא גלגלים. לנגישות חלופית הציבו ברחבת הכניסה המוצללת שלטים עם איורים להמחשה.\nלמידע נוסף\nמותרת –\nקשורים ברצועה וחסומים במחסום פה\nלפרטים נוספים >>", "how_to_get": "נוסעים בכביש מספר 1 ופונים ברמזור של מישור אדומים לכיוון אזור התעשייה. בכיכר פונים שמאלה, לפי השילוט למנזר אותימיוס.", "fetched_on": "2026-07-27"}}, {"type": "Feature", "geometry": {"type": "Point", "coordinates": [35.1817, 31.83292]}, "properties": {"id": "inpa-1946", "source_id": 1946, "operator": "inpa", "name_he": "פארק (גן לאומי) נבי סמואל", "link": "https://www.parks.org.il/reserve-park/%d7%a4%d7%90%d7%a8%d7%a7-%d7%92%d7%9f-%d7%9c%d7%90%d7%95%d7%9e%d7%99-%d7%a0%d7%91%d7%99-%d7%a1%d7%9e%d7%95%d7%90%d7%9c/", "phone": "‎02-5863281 |\nניתן לפנות אלינו גם דרך הווצאפ – לחצו כאן", "hours": [], "hours_special": "שימו לב:\nשעות הפתיחה של פארק נבי סמואל – האתר הארכאולוגי, תצפית הגג, גן המקלט והמעיין:\nמשעה 8:00 בבוקר ועד שעה לפני שקיעה.\nביום שישי נסגר שעתיים לפני כניסת שבת.\nשעות הפתיחה של אתר התפילה/ציון הקבר שמואל הנביא:\nפתוח בכל שעות היממה למעט בשעות 04:00-02:00 .\nבלילה שבין חמישי לשישי פתוח לכל אורך הלילה.\nבשישי נסגר שעתיים לפני כניסת שבת.", "prices": [], "highlights": "קיים מדריך קולי בשפה פשוטה >>\nהונגשו: 2 בתי שימוש האחד לגברים והשני לנשים, שבילים, ארון הדלקת נרות, רחבת התכנסות בצל עצים לפני הכניסה למבנה ציון הקבר, הכניסה למבנה ציון הקבר ולמסגד, סככות התכנסות למשפחות בשטח הפתוח, אתר עתיקות, תצפית לנוף ושילוט הכוונה וזיהוי. בשל חשש לפגיעה בעתיקות ובקדושת המקום לא ניתן לבצע מעלית או רמפה תקנית אל ציון הקבר, הנמצא מתחת לקרקע. התאמה חלופית – ניתן לקיים טכסים ותפילה במפלס הקרקע.\nבגן קיים שביל עשוי מצע מהודק המוביל לגן בוטני. בגן יש שבילי בטון, פינות ישיבה ושולחנות פיקניק מונגשים.\nלמידע נוסף\nמותרת – קשורים ברצועה וחסומים במחסום פה\n(אסורה כניסה למתחם ציון הקבר כולו וסביבתו)\nלמידע נוסף\nפעילויות שניתן לקיים בפארק (גן לאומי) נבי סמואל\nלמידע נוסף\nניתן להזמין הדרכות במרכז הדרכה שומרון\nמייל: mh-shomron@npa.org.il\nטלפון: 09-9539222\nמדריך קולי Trip-Talk המשמש כמדריך מלווה למבקר העצמאי, ומזמין לטייל בצורה חווייתית באתר.\n להאזנה מונגשת בעברית, לחצו כאן >>\nמותר להדליק", "how_to_get": "נוסעים צפונה בשדרות גולדה מאיר (כביש 436). כחצי ק\"מ אחרי רמות פונים ימינה על פי השלט החום המפנה לאתר.\nנוסעים בכביש 443, חולפים על פני מודיעין ובצומת עופר פונים ימינה לכביש 436. חולפים על פני גבעת זאב ומיד אחרי צומת הר שמואל פונים שמאלה על פי השלט החום המפנה לאתר.", "fetched_on": "2026-07-27"}}, {"type": "Feature", "geometry": {"type": "Point", "coordinates": [34.89278, 31.60444]}, "properties": {"id": "inpa-1943", "source_id": 1943, "operator": "inpa", "name_he": "גן לאומי בית גוברין", "link": "https://www.parks.org.il/reserve-park/%d7%92%d7%9f-%d7%9c%d7%90%d7%95%d7%9e%d7%99-%d7%91%d7%99%d7%aa-%d7%92%d7%95%d7%91%d7%a8%d7%99%d7%9f/", "phone": "‎ 08-6811020 | למוקד המידע של רשות הטבע והגנים, באמצעות הווטס אפ – לחצו כאן או חייגו 3639*", "hours": [{"label": "קיץ א׳-ה׳", "open": "08:00", "close": "17:00"}, {"label": "קיץ שישי/ערב חג", "open": "08:00", "close": "16:00"}, {"label": "חורף א׳-ה׳", "open": "08:00", "close": "16:00"}, {"label": "חורף שישי/ערב חג", "open": "08:00", "close": "15:00"}], "hours_special": "שימו לב:\nאם נרשמתם מראש, הגעתם לאתר ואין בו מקום פנוי – תתבקשו להציג בכניסה את האישור על \"תיאום מועד הביקור\" כדי להיכנס", "prices": [{"title": "דמי כניסה", "rows": [{"type": "מבוגר", "price": "31.00 ₪", "note": ""}, {"type": "ילד", "price": "16.00 ₪", "note": ""}, {"type": "מבוגר בקבוצה (מעל 30 איש)", "price": "26.00 ₪", "note": ""}, {"type": "ילד בקבוצה (מעל 30 איש)", "price": "14.00 ₪", "note": ""}, {"type": "סטודנט", "price": "26.00 ₪", "note": ""}, {"type": "מילואים", "price": "23.00 ₪", "note": ""}, {"type": "חייל", "price": "16.00 ₪", "note": "חייל בשירות חובה / שירות לאומי / שירות אזרחי – כנגד הצגת תעודה ברת תוקף"}, {"type": "אזרח ותיק", "price": "16.00 ₪", "note": ""}, {"type": "תלמיד", "price": "8.00 ₪", "note": ""}]}], "highlights": "מתחם המערות\nהתנועה ברחבי המתחם אפשרית ברכב מחניון לחניון. ליד כל אחד ממוקדי העניין (למעט חניית תל מרשה, וילה ומערת המבוך) שהונגשו קיימת חניה נגישה, בית שימוש נגיש\nחניה ד' : מערות הפעמון – שירותים נגישים, שביל בטון שלאורכו מאחז יד, מאחזי יד במדרגות, תצפיות, שילוט הכוונה וזיהוי ושילוט הסבר מאויר.\nחניה א': חצר המלאכות העתיקות – שירותים נגישים, שביל בטון ורחבת בטון, , ושילוט הכוונה וזיהוי.\nחניה ג': המערה הצידונית –רחבת התכנסות מרוצפת, מרכז שירות, פינת פיקניק מוצללת, מאחזי יד במדרגות, שילוט הכוונה וזיהוי. השבילים סביב המערה הצידונית עשויים מצע מהודק. לתוך המערה הצידונית יורדים במדרגות. לא ניתן לבנות במקום שביל מונגש בשל חשש לפגיעה בעתיקות.\nחניה ב': תל מרשה הווילה הרומית\nכל השבילים האחרים בתל מרשה הם שבילי עפר בטופוגרפיה הקיימת.\nמתחם עיר בני החורין מדובר באתר עתיקות. הנגישות בוצעה ככל הניתן בהתחשב בעתיקות.\nהחניה הנגישה מחוץ לגדר, בצמוד לכניסה.\nמשער הכניסה עולים בשביל אספלט רחב עם שיפוע מתון אל", "how_to_get": "סמוך לקיבוץ בית גוברין על כביש בית שמש – קריית גת.\nרשמו בוויז: גן לאומי בית גוברין", "fetched_on": "2026-07-27"}}, {"type": "Feature", "geometry": {"type": "Point", "coordinates": [34.61848, 31.75263]}, "properties": {"id": "inpa-1941", "source_id": 1941, "operator": "inpa", "name_he": "שמורת טבע חולות ניצנים", "link": "https://www.parks.org.il/reserve-park/%d7%a9%d7%9e%d7%95%d7%a8%d7%aa-%d7%98%d7%91%d7%a2-%d7%97%d7%95%d7%9c%d7%95%d7%aa-%d7%a0%d7%99%d7%a6%d7%a0%d7%99%d7%9d/", "phone": "", "hours": [], "hours_special": "", "prices": [], "highlights": "", "how_to_get": "המקום נמצא ממערב לכביש החוף, בין אשדוד ואשקלון. בצומת אשכולות בכביש החוף, נפנה מערבה לכביש מס' 3631 – לכיוון היישוב ניצן וחוף הים, וניסע 1.5 ק\"מ. מייד אחרי הצומת נעבור את מסילת הרכבת, נמשיך בכביש, החולף לצד אתר קרוואנים למפוני גוש קטיף, ובפנייה השנייה ימינה נפנה לכיוון ניצן ובית ספר שדה (במקום יש שלט הכוונה חום). לפני הכניסה ליישוב ניצן, נפנה שמאלה בדרך עפר העוקפת את היישוב (דתי, אין כניסה ברכב בשבתות ובחגים), מדרום, ומגיעה למגרש החנייה של בית ספר שדה שקמים.", "fetched_on": "2026-07-27"}}, {"type": "Feature", "geometry": {"type": "Point", "coordinates": [35.23544, 31.77413]}, "properties": {"id": "inpa-1939", "source_id": 1939, "operator": "inpa", "name_he": "עיר דוד", "link": "https://www.parks.org.il/reserve-park/%d7%92%d7%9f-%d7%9c%d7%90%d7%95%d7%9e%d7%99-%d7%a2%d7%99%d7%a8-%d7%93%d7%95%d7%93/", "phone": "לתיאום הדרכות לקבוצות – יחידת ההדרכה של רשות הטבע והגנים (מחוז מרכז) טלפון 08-6220835 לסיורים רגולריים יומיים ניתן לפנות לטלפון 6033* ,\nלמוקד המידע של רשות הטבע והגנים, באמצעות הווטס אפ – לחצו כאן או חייגו 3639*", "hours": [], "hours_special": "שעון קיץ:\nבימים א' – ה': 08:00 – 17:00 \nבימי שישי וערבי חג: 08:00 – 14:00 \nשעון חורף:\nימים א'-ה' 08:00-16:00\nיום שישי וערבי חג 08:00-14:00\nערב ראש השנה וערב פסח 08:00-13:00\nערב יום כיפור 08:00-12:00", "prices": [{"title": "דמי כניסה", "rows": [{"type": "מבוגר", "price": "31.00 ₪", "note": ""}, {"type": "ילד", "price": "16.00 ₪", "note": ""}, {"type": "מבוגר בקבוצה (מעל 30 איש)", "price": "26.00 ₪", "note": ""}, {"type": "ילד בקבוצה (מעל 30 איש)", "price": "14.00 ₪", "note": ""}, {"type": "סטודנט", "price": "26.00 ₪", "note": ""}, {"type": "מילואים", "price": "23.00 ₪", "note": ""}, {"type": "חייל", "price": "16.00 ₪", "note": "חייל בשירות חובה / שירות לאומי / שירות אזרחי – כנגד הצגת תעודה ברת תוקף"}, {"type": "אזרח ותיק", "price": "16.00 ₪", "note": ""}]}], "highlights": "הכנסת חיות מחמד כולל כלבים אסורה\nלמידע נוסף\nהונגשו: בניין המבואה, חנות מזכרות, בתי שימוש ואזורי התכנסות מוצללים. מעלון משופע על מדרגות חוץ מוביל לאולם ההקרנה ולמרפסת תצפית מוגבהת. מיצג תלת ממדי ונקודות תצפית נגישות מהווים התאמת נגישות חלופית למי שאינם יכולים לבקר בעתיקות.\nהגן הארכיאולוגי – הביקור במתחם עתיקות עיר דוד, לרבות מפעל המים, כרוך בטיפוס בהרבה מדרגות. בחפירות העופל קיים גשר צף נגיש לאנשים עם מוגבלות בניידות.\nקופות עיר דוד – מערכת שמע, לולאות השראה\nבעיר דוד מתקיים פרויקט הנגשה קוגניטיבי – סיור מונגש קוגניטיבי המיועד לקבוצות ממוסדות של אנשים עם מוגבלויות קוגניטיביות. הסיור משלב אמצעים מיוחדים להמחשה הכוללים התמקדות בחושים הבאים:\nראייה – הדמיה של מבנים קדומים בעזרת מציאות רבודה.\nשמיעה – התנסות חווייתית עם כלי נגינה עתיקים.\nמישוש – בניית כדי חרס משברי חרסים מגנטיים.\nמותר לשכשך במים\nלפרטים נוספים לחצו כאן >>", "how_to_get": "הכניסה לאתר עיר דוד סמוכה לשער האשפות, ניתן להגיע באמצעות תחבורה ציבורית לכותל המערבי ומשם מרחק צעידה של 5 דקות (קיים שילוט הכוונה במקום).\nבעלי רכבים יכולים להחנות את מכוניתם בחניונים הסמוכים לעיר העתיקה (חניון הר ציון, חניון ממילא) ומשם להמשיך רגלית לכיוון האתר.", "fetched_on": "2026-07-27"}}, {"type": "Feature", "geometry": {"type": "Point", "coordinates": [34.80798, 32.19111]}, "properties": {"id": "inpa-1937", "source_id": 1937, "operator": "inpa", "name_he": "גן לאומי אפולוניה (תל ארשף)", "link": "https://www.parks.org.il/reserve-park/%d7%92%d7%9f-%d7%9c%d7%90%d7%95%d7%9e%d7%99-%d7%90%d7%a4%d7%95%d7%9c%d7%95%d7%a0%d7%99%d7%94-%d7%aa%d7%9c-%d7%90%d7%a8%d7%a9%d7%a3/", "phone": "‎09-9550929 | למוקד המידע של רשות הטבע והגנים, באמצעות הווטס אפ – לחצו כאן או חייגו 3639*", "hours": [{"label": "קיץ א׳-ה׳", "open": "08:00", "close": "17:00"}, {"label": "קיץ שישי/ערב חג", "open": "08:00", "close": "16:00"}, {"label": "חורף א׳-ה׳", "open": "08:00", "close": "16:00"}, {"label": "חורף שישי/ערב חג", "open": "08:00", "close": "15:00"}], "hours_special": "שימו לב:\nאם נרשמתם מראש, הגעתם לאתר ואין בו מקום פנוי – תתבקשו להציג בכניסה את האישור על \"תיאום מועד הביקור\" כדי להיכנס.", "prices": [{"title": "דמי כניסה", "rows": [{"type": "מבוגר", "price": "24.00 ₪", "note": ""}, {"type": "ילד", "price": "10.00 ₪", "note": ""}, {"type": "מבוגר בקבוצה (מעל 30 איש)", "price": "20.00 ₪", "note": ""}, {"type": "ילד בקבוצה (מעל 30 איש)", "price": "9.00 ₪", "note": ""}, {"type": "סטודנט", "price": "20.00 ₪", "note": ""}, {"type": "מילואים", "price": "18.00 ₪", "note": ""}, {"type": "חייל", "price": "ללא תשלום", "note": "חייל בשירות חובה / שירות לאומי / שירות אזרחי – כנגד הצגת תעודה ברת תוקף"}, {"type": "אזרח ותיק", "price": "12.00 ₪", "note": ""}, {"type": "תלמיד", "price": "8.00 ₪", "note": ""}]}], "highlights": "הונגשו: חניות, מרכז שירות למטייל, פינת פיקניק, בית שימוש, שביל בטון מעגלי מהחניה למתחמי האתר, מאחזי יד במדרגות, מרפסת תצפית לנוף, ספסלים, ברזיות, שילוט הכוונה וזיהוי ושילוט מידע הרצפה בתוך המבצר העתיק עשויה מצע מהודק או מרצפות אבן עתיקות מקוריות.\nניתן לשאול כיסא גלגלים לסיור באתר. אנא פנו לקופה בכניסה לאתר. (יש להשאיר כפיקדון תעודת זהות).\nלמידע נוסף\nלוח תקשורת תומכת וחליפית (תת\"ח)\n להורדת הגריד למחשבים הניידים הקליקו על התמונה\nמותרת – קשורים ברצועה וחסומים במחסום פה\nלמידע נוסף\nמצורפת חוברת הפעלה לכל המשפחה\nהקישו כאן\nפעילויות שניתן לקיים בגן לאומי אפולוניה (תל ארשף)\nלמידע נוסף\nלהזמנת הדרכות וסיורים לקבוצות ובודדים, ניתן לפנות ליחידת הדרכה מחוז מרכז\n?? טלפון: 08-6220835\n? דוא\"ל: mh.merkaz@npa.org.il\nבמרכז השירות שלנו תוכלו למצוא:\nגלידות, שתיה קרה, שתיה חמה, מזון מהיר, חטיפים, מזכרות, ספרות, קרם הגנה, כובעים\nהמוצרים הינם בתשלום ובכפוף למלאי בחנויות", "how_to_get": "בצומת כפר שמריהו פונים לכיוון הרצליה פיתוח (שילוט חום ילווה אתכם עד לכניסה לגן ), בכיכר השנייה פונים ימינה לרח' ווינגיט וממשיכים ישר עד לגן.\nכתבו בוויז: גן לאומי מבצר אפולוניה חניה\nאו\nרחוב יגאל ידין 1 הרצליה\nאם תכתבו בווייז גן לאומי אפולוניה (תל ארשף) תגיעו לחולות…", "fetched_on": "2026-07-27"}}, {"type": "Feature", "geometry": {"type": "Point", "coordinates": [34.86618, 32.38714]}, "properties": {"id": "inpa-1936", "source_id": 1936, "operator": "inpa", "name_he": "גן לאומי נחל אלכסנדר – חוף בית ינאי", "link": "https://www.parks.org.il/reserve-park/%d7%92%d7%9f-%d7%9c%d7%90%d7%95%d7%9e%d7%99-%d7%a0%d7%97%d7%9c-%d7%90%d7%9c%d7%9b%d7%a1%d7%a0%d7%93%d7%a8-%d7%97%d7%95%d7%a3-%d7%91%d7%99%d7%aa-%d7%99%d7%a0%d7%90%d7%99/", "phone": "‎09-8666230", "hours": [], "hours_special": "חודש\nשעות פעילות האתר\n שירותי הצלה ומרפאה\nאפריל\n06:00-19:00\n08:00-17:00\nמאי\n06:00-19:00\n08:00-18:00\nיוני\n06:00-20:00\n08:00-19:00\nיולי\n06:00-20:00\n08:00-19:00\nאוגוסט\n06:00-20:00\n08:00-19:00\nספטמבר\n06:00-19:00\n08:00-18:00\nאוקטובר עד ה-31 לחודש\nלאחר מכן נסגרת עונת הרחצה\n06:00-19:00\n08:00-18:00\nחגים ומועדים:\n ערב פסח – בשעה 15:00 יסתיימו שירותי ההצלה\nערב ראש השנה – בשעה 15:00 יסתיימו שירותי ההצלה\nערב יום כיפור – בשעה 14:00 יסתיימו שירותי ההצלה וייסגרו שערי הכניסה לחוף\nחוף ים:", "prices": [], "highlights": "הונגשו: 9 מקומות חניה על אספלט, שני תאי שירותים עם אסלה כיור מקלחת ומלתחה, דק עץ מהחניה ועד לפינת פיקניק מוצלת עם שולחן וספסלים, ברזיות, שביל ירידה לקו החול הרטוב, סככת צל על דק עץ בתחום החול היבש, ומקלחות חוף.\nמותרת – קשורים ברצועה וחסומים במחסום פה (אסורה באזור חוף הרחצה המוכרז)\nלמידע נוסף\nפעילויות שניתן לקיים בנחל אלכסנדר – חוף בית ינאי\nלמידע נוסף\nלהזמנת הדרכות וסיורים לקבוצות ובודדים, ניתן לפנות ליחידת הדרכה מחוז מרכז\n?? טלפון: 08-6220835\n? דוא\"ל: mh.merkaz@npa.org.il\nהצטרפו אלינו ליום אחד של התנדבות בחוף בית ינאי ,\nלחצו כאן לפרטים >>\nרחצה מותרת בעונת הרחצה ובנוכחות שרותי הצלה במקום\nלפרטים נוספים לחצו כאן >>\nמותר להדליק מנגל, אסור להדליק מדורה\nלפרטים נוספים >>\nבמרכז השירות שלנו תוכלו למצוא:\nגלידות, שתיה קרה, שתיה חמה, מזון מהיר, חטיפים, מזכרות, ספרות, קרם הגנה, כובעים, קמפינג, פחמים, ציוד מים\nהמוצרים הינם בתשלום ובכפוף למלאי בחנויות.", "how_to_get": "סמוך לכביש החוף (מספר 2) כ- 15 דקות מנתניה. עליה דרך מחלף ינאי ופנייה לכיוון מערב. בצומת T ימינה ומייד ימינה.\nכביש מספר 2. עליה למחלף ינאי ופנייה מערבה (לים), בצומת T ממשיכים צפונה (ימינה) פחות מקילומטר. שלט חום \"נחל אלכסנדר\" מסמן פניה שמאלה לים. ממשיכים בדרך העפר מתחת לגשר לכיוון מזרח בסמוך לנחל.\nהגעה מגשר הצבים. הגעה מכביש 4. בצומת חפר פונים לכפר ויתקין. לאחר כקילומטר נוסעים בכיכר עם השילוט המכווין ל\"פארק צבי הנחל\". חוצים את הנחל בגשר, ממשיכים עוד מעט ישר לכיוון צפונה ופונים מערבה לחורשת סמארה", "fetched_on": "2026-07-27"}}, {"type": "Feature", "geometry": {"type": "Point", "coordinates": [35.14257, 31.79764]}, "properties": {"id": "inpa-1935", "source_id": 1935, "operator": "inpa", "name_he": "אתר לאומי הקסטל", "link": "https://www.parks.org.il/reserve-park/%d7%90%d7%aa%d7%a8-%d7%9c%d7%90%d7%95%d7%9e%d7%99-%d7%94%d7%a7%d7%a1%d7%98%d7%9c/", "phone": "‎02-5955012 | למוקד המידע של רשות הטבע והגנים, באמצעות הווטס אפ – לחצו כאן או חייגו 3639*", "hours": [{"label": "קיץ א׳-ה׳", "open": "08:00", "close": "17:00"}, {"label": "קיץ שישי/ערב חג", "open": "08:00", "close": "16:00"}, {"label": "חורף א׳-ה׳", "open": "08:00", "close": "16:00"}, {"label": "חורף שישי/ערב חג", "open": "08:00", "close": "15:00"}], "hours_special": "שימו לב:\nשעת הכניסה האחרונה לאתר, שעה לפני השעות הרשומות ??\nהכניסה תותר אך ורק בהצגת אישור \"תיאום מועד הביקור\" ורק בשעות הנקובות בו", "prices": [{"title": "דמי כניסה", "rows": [{"type": "מבוגר", "price": "24.00 ₪", "note": ""}, {"type": "ילד", "price": "10.00 ₪", "note": ""}, {"type": "מבוגר בקבוצה (מעל 30 איש)", "price": "20.00 ₪", "note": ""}, {"type": "ילד בקבוצה (מעל 30 איש)", "price": "9.00 ₪", "note": ""}, {"type": "סטודנט", "price": "20.00 ₪", "note": ""}, {"type": "מילואים", "price": "18.00 ₪", "note": ""}, {"type": "חייל", "price": "ללא תשלום", "note": "חייל בשירות חובה / שירות לאומי / שירות אזרחי – כנגד הצגת תעודה ברת תוקף"}, {"type": "אזרח ותיק", "price": "12.00 ₪", "note": ""}, {"type": "תלמיד", "price": "8.00 ₪", "note": ""}]}], "highlights": "מצורפת מפת המקומות הנגישים:\nמסלול הטיול אינו נגיש למוגבלים בהליכה בגלל אופי התל ושיפועיו ומבני תעלות קשר\nהמפלס המרכזי –חניה, שביל מרוצף מהחניה עד לאזורי התכנסות, מרכז שירות למטייל, סרט עם כתוביות, אזורי התכנסות מרוצף לקבוצות עם ספסלים בעלי מסעדי יד, בית שימוש מונגש.\nחניון הלילה – שירותים מונגשים. מקלחת עם מאחז יד\nהמפלס התחתון –הגישה אליו נעשית ברכב. מגרש החניה עשוי מצע מהודק.. לא ניתן להתקדם ממנו למסלול הטיול\nהמפלס העליון –הגישה ברגל בשביל עפר רחב. השבילים בראש ההר עשויים מצע מהודק. במדרגות העולות לתצפית הותקנו מאחזי יד. הביקור באתר ההנצחה בראש ההר כולל ירידה לתעלות קשר.\nתחנות אימון ערכי –בכל אחת מהתחנות יש משטח שמאפשר להתקרב עד למתקנים. בכל תחנה הותקנה מערכת קשר מונגשת עם המשרד.\nלמידע נוסף\nמותרת – קשורים ברצועה וחסומים במחסום פה\nלמידע נוסף\nמורשת מול הנוף\nלמידע נוסף\nפסיפס – טקסים בגן הלאומי\nלהזמנת הדרכות וסיורים לקבוצות ובודדים, ניתן לפנות ליחידת הדרכה מחוז מרכז\n?? טלפון: 08-6220835\n? דו", "how_to_get": "אתר לאומי הקסטל שוכן בפאתי היישוב מבשרת ציון שבהרי ירושלים. הגישה לאתר היא מכביש תל אביב-ירושלים (כביש 1).\nלבאים ממחלף הראל, יש לפנות ימינה לרחבת העצמאות. לאחר מבנה המועצה (משמאל) יש לפנות ימינה ברחוב קק\"ל ולהמשיך עד שער הכניסה לאתר. הפנייה ימינה משולטת.", "fetched_on": "2026-07-27"}}, {"type": "Feature", "geometry": {"type": "Point", "coordinates": [34.6992, 31.925]}, "properties": {"id": "inpa-1934", "source_id": 1934, "operator": "inpa", "name_he": "גן לאומי חוף פלמחים", "link": "https://www.parks.org.il/reserve-park/%d7%92%d7%9f-%d7%9c%d7%90%d7%95%d7%9e%d7%99-%d7%97%d7%95%d7%a3-%d7%a4%d7%9c%d7%9e%d7%97%d7%99%d7%9d/", "phone": "‎03-7265633\nלמוקד המידע של רשות הטבע והגנים, באמצעות הווטס אפ – לחצו כאן או חייגו 3639*", "hours": [], "hours_special": "משעה 05:00 עד 22:00\nכניסת רכבים אחרונה לאתר בשעה 20:00\nיציאה ואי שהיה באתר בשעה 22:00\nשעות פעילות שרותי הצלה באתר\nחודש\nימים\nשעות פעילות\nהחל מ –15 באפריל\nא-ו\n08:00-17:00\nשבת\n08:00-17:00\nמאי – 19 ליוני\nא-ו\n08:00-18:00\nשבת\n07:00-19:00\nמ -20 ליוני ועד סוף אוגוסט\nא-ו\n08:00-19:00\nשבת\n07:00-19:00\nספטמבר\nא-ו\n 08:00-18:00\nשבת\n07:00-18:00\nאוקטובר\nא-ו\n08:00-17:00\nנובמבר 1/11-2/11\nשבת\n08:00-17:00\nחגים ומועדים שעות סגירת שרותי הצלה:\nערב פסח: 15:00 סגירת החוף לרחצה.\nערב ראש השנה: 15.00 סגירת חוף רחצה.\n ערב יום כיפור: 14.00 סגירת חוף רחצה.\nהרחצה ללא פיקוח מצילים אסורה ומסוכנת !!", "prices": [{"title": "מחירי קיץ", "rows": [{"type": "רכב פרטי ביום חול", "price": "30.00 ₪", "note": "יום חול"}, {"type": "רכב פרטי בסופ\"ש וחג", "price": "35.00 ₪", "note": "סופש וחג"}, {"type": "משרת מילואים פעיל (בהצדעה) ביום חול", "price": "23.00 ₪", "note": "יום חול"}, {"type": "משרת מילואים פעיל (בהצדעה) סופ\"ש וחג", "price": "25.00 ₪", "note": "סופש וחג"}, {"type": "מנוי מטמון ביום חול", "price": "15.00 ₪", "note": "יום חול"}, {"type": "מנוי מטמון בסופ\"ש וחג", "price": "18.00 ₪", "note": "סופש וחג"}, {"type": "אזרח ותיק ביום חול", "price": "15.00 ₪", "note": "יום חול"}, {"type": "אזרח ותיק בסופ\"ש וחג", "price": "18.00 ₪", "note": "סופש וחג"}, {"type": "מיניבוס ואוטובוס ביום חול", "price": "59.00 ₪", "note": "יום חול"}, {"type": "מיניבוס ואוטובוס בסופש וחג", "price": "71.00 ₪", "note": "סופש וחג"}, {"type": "מנוי חוף שנתי", "price": "420.00 ₪", "note": ""}]}, {"title": "מחיר חורף", "rows": [{"type": "רכב פרטי בחורף ביום חול", "price": "20.00 ₪", "note": "יום חול"}, {"type": "רכב פרטי בחורף בחג וסופ\"ש", "price": "25.00 ₪", "note": "חג וסופי שבוע"}, {"type": "משרת מילואים פעיל (בהצדעה) ביום חול", "price": "15.00 ₪", "note": "יום חול"}, {"type": "משרת מילואים פעיל (בהצדעה) בחג וסופ\"ש", "price": "20.00 ₪", "note": "חג וסופי שבוע"}, {"type": "מנוי מטמון ביום חול", "price": "10.00 ₪", "note": "יום חול"}, {"type": "מנוי מטמון בחג וסופ\"ש", "price": "13.00 ₪", "note": "חג וסופי שבוע"}, {"type": "אזרח ותיק ביום חול", "price": "10.00 ₪", "note": "יום חול"}, {"type": "אזרח ותיק בחג וסופ\"ש", "price": "13.00 ₪", "note": "חג וסופי שבוע"}, {"type": "מיניבוס ואוטובוס בחורף", "price": "60.00 ₪", "note": ""}, {"type": "מנוי חוף שנתי", "price": "420.00 ₪", "note": ""}]}], "highlights": "מותרת – קשורים ברצועה וחסומים במחסום פה\n(אסורה באזור חוף הרחצה המוכרז)\nלמידע נוסף\nפעילויות שניתן לקיים בגן לאומי חוף פלמחים\nלמידע נוסף\nהונגשו: מקומות חניה על אספלט וגישה לשביל המרכזי, מרכז שירות למטייל, מרפסת תצפית לים, מאחזי יד במדרגות, בתי שימוש, מלתחות, סככה ושבילעץ עד לקרבת לקו החול הרטוב (בעונת הרחצה), מוטות אחיזה במקלחת חוף, , שילוט הכוונה וזיהוי ושילוט מידע.\nלהזמנת הדרכות וסיורים לקבוצות ובודדים, ניתן לפנות ליחידת הדרכה מחוז מרכז\n?? טלפון: 08-6220835\n? דוא\"ל: mh.merkaz@npa.org.il\nהצטרפו אלינו ליום אחד של התנדבות בחוף פלמחים,\nלחצו כאן לפרטים >>\nרחצה מותרת בעונת הרחצה ובנוכחות שרותי הצלה במקום\nלפרטים נוספים לחצו כאן >>\nמותר להדליק מנגל ומדורה בחלק הדרומי של החוף , בחצאי פחי ברזל בלבד\nלפרטים לחצו כאן >>\nבמרכז השירות שלנו תוכלו למצוא:\nגלידות, שתיה קרה, שתיה חמה, מזון מהיר, חטיפים, מזכרות, קרם הגנה, כובעים, בירות, קרח, ציוד מים\nהמוצרים הינם בתשלום ובכפוף למלאי בחנויות", "how_to_get": "בכביש 4 פונים למחלף גן רווה, ומשם למחלף עין הקורא. ממשיכים מערבה בכביש מספר 4311 עד סופו. כמה מאות מטרים לאחר קיבוץ פלמחים (נקודה טובה ל-GPS) מגיעים לחוף. בדרך עוברים ליד גן לאומי שפך נחל שורק.\nנ.צ גן לאומי חוף פלמחים – 71709/648123", "fetched_on": "2026-07-27"}}, {"type": "Feature", "geometry": {"type": "Point", "coordinates": [34.55121, 31.66281]}, "properties": {"id": "inpa-1933", "source_id": 1933, "operator": "inpa", "name_he": "גן לאומי תל אשקלון", "link": "https://www.parks.org.il/reserve-park/%d7%92%d7%9f-%d7%9c%d7%90%d7%95%d7%9e%d7%99-%d7%90%d7%a9%d7%a7%d7%9c%d7%95%d7%9f/", "phone": "‎08-6736444 | למוקד המידע של רשות הטבע והגנים, באמצעות הווטס אפ – לחצו כאן או חייגו 3639*", "hours": [], "hours_special": "שעון קיץ (מאי-אוקטובר):\nכל השבוע: 8:00 – 20:00\nשהיה בגן : עד השעה 22:00\nבשעה 22:00 נסגרים שערי היציאה מהגן לאומי.\nתאורת הלילה אינה לטיול, אלא לפיקניק במקומות נבחרים בלבד.\nביום הזכרון וערב יום העצמאות הגן ישאר סגור\nשעון חורף (אוקטובר-אפריל):\nכל השבוע: 16:00-8:00\nערב יום כיפור 13:00-08:00\nשעות פעילות חוף הרחצה\nאפריל, אוקטובר: 8:00 – 17:00\nמאי, יוני, ספטמבר: 8:00 – 18:00\nיולי, אוגוסט: 8:00 – 19:00\nחניון לילה\n נפתח ללינה – להרשמה לחצו כאן \nאין אפשרות ללינה בקרוואן", "prices": [{"title": "דמי כניסה", "rows": [{"type": "מבוגר", "price": "31.00 ₪", "note": ""}, {"type": "ילד", "price": "16.00 ₪", "note": ""}, {"type": "מבוגר בקבוצה (מעל 30 איש)", "price": "26.00 ₪", "note": ""}, {"type": "ילד בקבוצה (מעל 30 איש)", "price": "14.00 ₪", "note": ""}, {"type": "סטודנט", "price": "26.00 ₪", "note": ""}, {"type": "מילואים", "price": "23.00 ₪", "note": ""}, {"type": "חייל", "price": "16.00 ₪", "note": "חייל בשירות חובה / שירות לאומי / שירות אזרחי – כנגד הצגת תעודה ברת תוקף"}, {"type": "אזרח ותיק", "price": "16.00 ₪", "note": ""}, {"type": "תלמיד", "price": "8.00 ₪", "note": ""}]}], "highlights": "בלב האתר הונגשו – חניה, מרכז שירות למטייל, בתי שימוש, שבילי בטון ואספלט, שולחנות פיקניק וברזיות, ושילוט הכוונה וזיהוי.\nבמתחם החוף הונגשו –חניה, פיקניק צמודה לחניה סמוך לחוף, שביל בטון מהחניה עד לחוף הים, מאחזי יד במדרגות, מרפסת תצפית לים ושילוט הכוונה וזיהוי. בעונת הרחצה בלבד (אפריל עד אוקטובר)- בתי שימוש, מקלחות חוף, סככות צל ומסלול עד קו המים\nלמידע נוסף\nלוח תקשורת תומכת וחליפית (תת\"ח)\n להורדת הגריד למחשבים הניידים הקליקו על התמונה\nלוח תקשורת תומכת וחליפית – גן לאומי אשקלון, עמותת אייזק ישראל\nמותרת – קשורים ברצועה וחסומים במחסום פה\nאסורה בחניון הלילה\nלמידע נוסף\nסתלבט מעוצב: לינה מול הים במרחב גדוש הפתעות שיש בו הכול.\nלמידע נוסף\nמצורפת חוברת הפעלה לכל המשפחה\nהקישו כאן\nפעילויות שניתן לקיים בגן לאומי אשקלון\nלמידע נוסף\nלהזמנת הדרכות וסיורים לקבוצות ובודדים, ניתן לפנות ליחידת הדרכה מחוז מרכז\n?? טלפון: 08-6220835\n? דוא\"ל: mh.merkaz@npa.org.il\nמותרת שחייה וכניסה למים,\nלפרטים נוספים לחצו כאן >>", "how_to_get": "מצומת אשקלון נוסעים בשד' בן גוריון ושמאלה ברח' ת.בן עמר.\nמן הכניסה הצפונית של אשקלון נוסעים בשד' מנחם בגין, שד' ירושלים, רח' בר כוכבא ושמאלה ברח' הטייסים.\nקו 6 עירוני. לפרטים- מודיעין אגד.", "fetched_on": "2026-07-27"}}, {"type": "Feature", "geometry": {"type": "Point", "coordinates": [34.81889, 32.22014]}, "properties": {"id": "inpa-1932", "source_id": 1932, "operator": "inpa", "name_he": "גן לאומי חוף השרון", "link": "https://www.parks.org.il/reserve-park/%d7%92%d7%9f-%d7%9c%d7%90%d7%95%d7%9e%d7%99-%d7%97%d7%95%d7%a3-%d7%94%d7%a9%d7%a8%d7%95%d7%9f/", "phone": "", "hours": [], "hours_special": "הגן הלאומי פתוח בשעות היום, מהזריחה עד השקיעה. השהייה בו בלילה אסורה.\nהנחיות בטיחות למטיילים בחוף השרון:\nחל איסור להתקרב לשפת המצוק ולהימצא בקרבתו! לאחרונה התרחשו נפילות של חלקים ממצוק הכורכר בחופי הים התיכון, הציבור מתבקש להימנע מלהתקרב למצוק בכל צורה שהיא, בין עם על החוף או על ראש המצוק. די בהתמוטטות אחת בכדי לגרום למוות או לפציעה חמורה.\nמחשש להתמוטטות מצוק הכורכר, חל איסור על שהייה והליכה על חוף הים בכל חלקי הגן הלאומי למעט בחוף הרחצה המוכרז.\nהכניסה למים מותרת בחוף הרחצה המוכרז בעונת הרחצה ובשעות פעילות שירותי ההצלה בלבד.\nעל מנת לשמור על החי, הצומח והדומם ועל בטיחות המטיילים, ההליכה מותרת על השבילים המסומנים בלבד.\nאסורה הכנסת כלי רכב לרבות אופנועים, טרקטורונים ורכבים חשמליים לתחום הגן הלא", "prices": [], "highlights": "ללא תשלום דמי כניסה\nאסורה", "how_to_get": "במחלפון שפיים פונים ליישוב ארסוף. בצומת טי לפני ארסוף פונים ימינה (צפונה) לדרך עפר המובילה לשטח החנייה הראשי של הגן הלאומי. נסיעה בדרך העפר לאורך גדר הגן הלאומי מובילה לשטח החנייה הצפוני (ליד חוף געש) ובהמשכה פונים ימינה ליד החנות \"צומת ספרים\" לכביש השירות בין הקיבוצים שפיים וגעש.", "fetched_on": "2026-07-27"}}, {"type": "Feature", "geometry": {"type": "Point", "coordinates": [35.0242, 31.75577]}, "properties": {"id": "inpa-1928", "source_id": 1928, "operator": "inpa", "name_he": "שמורת טבע מערת הנטיפים", "link": "https://www.parks.org.il/reserve-park/%d7%a9%d7%9e%d7%95%d7%a8%d7%aa-%d7%98%d7%91%d7%a2-%d7%9e%d7%a2%d7%a8%d7%aa-%d7%94%d7%a0%d7%98%d7%99%d7%a4%d7%99%d7%9d/", "phone": "‎02-9911117 | למוקד המידע של רשות הטבע והגנים, באמצעות הווטס אפ – לחצו כאן או חייגו 3639*", "hours": [], "hours_special": "שעון קיץ:\nבימים א'- ה' ושבת ניתן להיכנס לשמורה בין השעות 8:00 ועד השעה 16:00 האתר נסגר בשעה 17:00 .\nבימי שישי וערבי חג ניתן להיכנס לשמורה בין השעות 8:00 ועד השעה 15:00 האתר נסגר בשעה 16:00\nשעון חורף:\nבימים א'- ה' ושבת ניתן להיכנס לשמורה בין השעות 8:00 ועד השעה 15:00 האתר נסגר בשעה 16:00.\nבימי שישי וערבי חג ניתן להיכנס לשמורה בין השעות 8:00 ועד השעה 14:00 האתר נסגר בשעה 15:00.\nבערב ראש השנה, ערב יום הכיפורים וערב פסח ניתן להיכנס לשמורה עד השעה 12:00 האתר נסגר בשעה 13:00.\nשימו לב: \nהסיור עצמי וכולל סרט. ללא הדרכה.\nיש להגיע לאתר כ- 30 דקות לפני מועד הסיור\nאם נרשמתם מראש, הגעתם לאתר ואין בו מקום פנוי – תתבקשו להציג בכניסה את האישור על \"תיאום מועד הביקור\" כדי להיכנס.", "prices": [{"title": "דמי כניסה", "rows": [{"type": "מבוגר", "price": "31.00 ₪", "note": ""}, {"type": "ילד", "price": "16.00 ₪", "note": ""}, {"type": "מבוגר בקבוצה (מעל 30 איש)", "price": "26.00 ₪", "note": ""}, {"type": "ילד בקבוצה (מעל 30 איש)", "price": "14.00 ₪", "note": ""}, {"type": "סטודנט", "price": "26.00 ₪", "note": ""}, {"type": "מילואים", "price": "23.00 ₪", "note": ""}, {"type": "חייל", "price": "16.00 ₪", "note": "חייל בשירות חובה / שירות לאומי / שירות אזרחי – כנגד הצגת תעודה ברת תוקף"}, {"type": "אזרח ותיק", "price": "16.00 ₪", "note": ""}, {"type": "תלמיד", "price": "8.00 ₪", "note": ""}]}], "highlights": "גישה ברכב וברגל– הירידה מהחניון העליון והקופה למפלס המערה היא בשביל מדרגות תלול. לצד המדרגות הותקנו מאחזי יד. למוגבלים בתנועה בלבד (עם תעודה רשמית) מתאפשרת ירידה לחניון התחתון ברכבים פרטיים. כדאי מאוד לתאם הגעה מראש (בטלפון: 02-9911117), כדי למנוע המתנה ממושכת. קבוצות מאורגנות של מבקרים עם מוגבלות בתנועה – יש לתאם את הביקור באמצעות מרכז ההזמנות 215@org.il או בפקס – 02-9990215.\nבמפלס החניון העליון הונגשו: רחבה מוצללת, קופה, שילוט הכוונה וזיהוי.\nבמפלס החניון התחתון הונגשו: חניה בסמוך למערה (2 מקומות), מרכז שירות למטייל, בית שימוש, שבילים עד הכניסה למערה, , שילוט הכוונה וזיהוי.\nהביקור במערה: הירידה למערה היא במעלון אנכי. השאלת אוזניות להגברת שמע, סרט הסבר מלווה בכתוביות. לאדם שנעזר בזוג קביים, הליכון, או כיסא גלגלים קיימת גישה רק עד לרחבת התצפית הראשונה, ממנה ניתן לחזור אחורה בסיוע עובדים. המשך המסלול חד סטרי, חלקלק, וכולל טיפוס במדרגות.\nמידע חשוב\nמטעמי בטיחות, לא ניתן לחזור לאחור במסלול המ", "how_to_get": "פונים במחלף שער הגיא דרומה לכביש 38 ברמזור לפנות שמאלה לכביש 3855 בכיכר השלישית לפנות שמאלה לכביש 3866 ולעלות המעלה ההר כ- 5 ק\"מ עד לפניה שמאלה למערת הנטיפים.\nכתבו בוויז: שמורת טבע מערת הנטיפים ובחרו את התוצאה עם הלוגו\nיש לפנות ימינה בצומת האלה אל כביש 375 ושוב שמאלה אחרי כיכר עציונה בכיכר לפנות לכביש 3855 ובכיכר השישית לפנות ימינה . ימינה לכביש 3866 ולעלות במעלה ההר כ- 5 ק\"מ עד לפניה שמאלה למערת הנטיפים\nכתבו בוויז: שמורת טבע מערת הנטיפים ובחרו את התוצאה עם הלוגו\nנוסעים על כביש 386 לכוון דרום. ב", "fetched_on": "2026-07-27"}}, {"type": "Feature", "geometry": {"type": "Point", "coordinates": [35.12709, 31.79894]}, "properties": {"id": "inpa-1925", "source_id": 1925, "operator": "inpa", "name_he": "גן לאומי עין חמד", "link": "https://www.parks.org.il/reserve-park/%d7%92%d7%9f-%d7%9c%d7%90%d7%95%d7%9e%d7%99-%d7%a2%d7%99%d7%9f-%d7%97%d7%9e%d7%93/", "phone": "‎02-5342741 | למוקד המידע של רשות הטבע והגנים, באמצעות הווטס אפ – לחצו כאן או חייגו 3639*", "hours": [{"label": "קיץ א׳-ה׳", "open": "08:00", "close": "17:00"}, {"label": "קיץ שישי/ערב חג", "open": "08:00", "close": "16:00"}, {"label": "חורף א׳-ה׳", "open": "08:00", "close": "16:00"}, {"label": "חורף שישי/ערב חג", "open": "08:00", "close": "15:00"}], "hours_special": "שימו לב:\nאם נרשמתם מראש, הגעתם לאתר ואין בו מקום פנוי – תתבקשו להציג בכניסה את האישור על \"תיאום מועד הביקור\" כדי להיכנס.", "prices": [{"title": "דמי כניסה", "rows": [{"type": "מבוגר", "price": "24.00 ₪", "note": ""}, {"type": "ילד", "price": "10.00 ₪", "note": ""}, {"type": "מבוגר בקבוצה (מעל 30 איש)", "price": "20.00 ₪", "note": ""}, {"type": "ילד בקבוצה (מעל 30 איש)", "price": "9.00 ₪", "note": ""}, {"type": "סטודנט", "price": "20.00 ₪", "note": ""}, {"type": "מילואים", "price": "18.00 ₪", "note": ""}, {"type": "חייל", "price": "ללא תשלום", "note": "חייל בשירות חובה / שירות לאומי / שירות אזרחי – כנגד הצגת תעודה ברת תוקף"}, {"type": "אזרח ותיק", "price": "12.00 ₪", "note": ""}, {"type": "תלמיד", "price": "8.00 ₪", "note": ""}]}], "highlights": "הונגשו: חניות, בתי שימוש, שבילים מבטון ואספלט, מאחזי יד במדרגות, פינות פיקניק, ברזיות, תצפית לתעלת המים ושילוט הכוונה וזיהוי.\nלא ניתן לבצע התאמות נגישות בתוך המבנה העתיק מחשש לפגיעה בעתיקות. קיים שביל נגיש עד לכניסה לחצר המבנה. המאפשר לצפות לתוך המבנה.\nלמידע נוסף על נגישות>\nלוח תקשורת תומכת וחליפית (תת\"ח)\n להורדת הגריד למחשבים הניידים הקליקו על התמונה\nלוח תקשורת תומכת וחליפית – גן לאומי עין חמד, עמותת אייזק ישראל\nמותרת – קשורים ברצועה וחסומים במחסום פה.\nהכנסת בעלי-חיים אסורה, למעט כלבים הקשורים כחוק.\nמצורפת חוברת הפעלה לכל המשפחה\nלחוברת הפעלה לחצו כאן>\nפעילויות שניתן לקיים בגן לאומי עין חמד\nלמידע נוסף על פעילויות>\nלהזמנת הדרכות וסיורים לקבוצות ובודדים, ניתן לפנות ליחידת הדרכה מחוז מרכז\n?? טלפון: 08-6220835\n? דוא\"ל: mh.merkaz@npa.org.il\nמרחבי עבודה ולמידה בטבע – OPENפייס\nמחפשים פינת עבודה שקטה ונוחה?\nלקרוא וללמוד להנאתכם באויר הפתוח?\nלקיים פגישת עבודה בחיק הטבע?\nאו סתם להתאוורר במפגש חברת", "how_to_get": "סמוך לכביש מס' 1 (ת\"א-י-ם) עולים על מחלף חמד (בין הצמתים שורש והראל/מבשרת ציון) ופונים דרומה כמה עשרות מטרים.\n10 דקות מירושלים.\n30 דקות מת\"א.\nבשל מיקום הגן הלאומי ניתן לנפוש במדשאות לפני העלייה לירושלים או בחזרה מהעיר.", "fetched_on": "2026-07-27"}}, {"type": "Feature", "geometry": {"type": "Point", "coordinates": [35.44566, 32.50725]}, "properties": {"id": "inpa-1918", "source_id": 1918, "operator": "inpa", "name_he": "גן לאומי גן השלושה (הסחנה)", "link": "https://www.parks.org.il/reserve-park/%d7%92%d7%9f-%d7%9c%d7%90%d7%95%d7%9e%d7%99-%d7%92%d7%9f-%d7%94%d7%a9%d7%9c%d7%95%d7%a9%d7%94-%d7%94%d7%a1%d7%97%d7%a0%d7%94/", "phone": "‎04-6586219 | מוזיאון לארכיאולוגיה: 04-6586352 | חומה ומגדל: 04-6581017 | למוקד המידע של רשות הטבע והגנים, באמצעות הווטס אפ – לחצו כאן או חייגו 3639*", "hours": [{"label": "קיץ א׳-ה׳", "open": "08:00", "close": "17:00"}, {"label": "קיץ שישי/ערב חג", "open": "08:00", "close": "16:00"}, {"label": "חורף א׳-ה׳", "open": "08:00", "close": "16:00"}, {"label": "חורף שישי/ערב חג", "open": "08:00", "close": "15:00"}], "hours_special": "בחג ובחול המועד סוכות: אין שינוי בשעות הפעילות\nשעות פתיחת אתר \"חומה ומגדל\" והמוזיאון לארכיאולוגיה:\nא' – ה' ושבת בשעות ‎ 10:00 – 14:00 לפרטים נוספים לחצו כאן>> \nבליל הסדר 2025: כניסה עד 14:00, סגירה ב-15:00", "prices": [{"title": "דמי כניסה", "rows": [{"type": "מבוגר", "price": "46.00 ₪", "note": "מגיל 14"}, {"type": "ילד", "price": "27.00 ₪", "note": "גיל 5-14"}, {"type": "מבוגר בקבוצה (מעל 30 איש)", "price": "39.00 ₪", "note": "מגיל 14"}, {"type": "ילד בקבוצה (מעל 30 איש)", "price": "23.00 ₪", "note": "גיל 5-14"}, {"type": "סטודנט", "price": "39.00 ₪", "note": ""}, {"type": "מילואים", "price": "35.00 ₪", "note": ""}, {"type": "חייל", "price": "27.00 ₪", "note": "חייל בשירות חובה / שירות לאומי / שירות אזרחי – כנגד הצגת תעודה ברת תוקף"}, {"type": "אזרח ותיק", "price": "23.00 ₪", "note": ""}]}], "highlights": "כניסת כלבים אסורה\nלמידע נוסף על כלבים וגנים לאומיים>\nלינת שטח לקבוצות ליד המעיין ב\"גבעת החרובים:\" עם החברים הכי טובים\nלמידע נוסף על חניון לילה>\nפעילויות שניתן לקיים בגן לאומי גן השלושה (הסחנה)\nלמידע נוסף על פעילויות>\nהתאמות הנגישות שבוצעו באתר:\nבאזור הבריכות והמדשאות הונגשו: חניה, מבואה, קופה, פינות פיקניק מוצללות וברזיות, בתי שימוש ומקלחות, שבילי בטון עד שפת הבריכות, כניסה למים בגדה הצפונית של ערוץ הנחל (אזור מונגש) ובבריכת בין הגשרים בסמוך למזנון תחנת הקמח, מאחזי יד במדרגות, שילוט הכוונה וזיהוי ושילוט מידע. ניתן להתקרב ברכב פרטי לכל חלקי הגן המונגשים.\nאתר חומה ומגדל הונגשו: חניה, בתי שימוש, שבילי בטון, כניסה למבנים, החצר, גשרון מעל תעלת המים, ספסלים מוצללים וברזייה מונגשת, שילוט הכוונה וזיהוי ושילוט מידע. קיים מעלון שמגשר על הפרש בין שני המפלסים מהמיצג לרחבת האתר. מיצג אור קולי עם התאמה של מערכת שמע עם כתוביות בעברית, אנגלית, צרפתית, וספרדית.\nהמוזיאון לארכיאולוגיה אזורית וים תיכונית הו", "how_to_get": "גן השלושה ממוקם על כביש 669, בין צומת השיטה לבית שאן, כ – 25 דק' מעפולה\nבתחבורה ציבורית: קו 412 של חברת סופרבוס, היוצא מבית שאן ומעפולה", "fetched_on": "2026-07-27"}}, {"type": "Feature", "geometry": {"type": "Point", "coordinates": [35.64996, 32.82655]}, "properties": {"id": "inpa-1916", "source_id": 1916, "operator": "inpa", "name_he": "גן לאומי כורסי", "link": "https://www.parks.org.il/reserve-park/%d7%92%d7%9f-%d7%9c%d7%90%d7%95%d7%9e%d7%99-%d7%9b%d7%95%d7%a8%d7%a1%d7%99/", "phone": "‎04-6731983 | למוקד המידע של רשות הטבע והגנים, באמצעות הווטס אפ – לחצו כאן או חייגו 3639*", "hours": [{"label": "קיץ א׳-ה׳", "open": "08:00", "close": "17:00"}, {"label": "קיץ שישי/ערב חג", "open": "08:00", "close": "16:00"}, {"label": "חורף א׳-ה׳", "open": "08:00", "close": "16:00"}, {"label": "חורף שישי/ערב חג", "open": "08:00", "close": "15:00"}], "hours_special": "שימו לב:\nאם נרשמתם מראש, הגעתם לאתר ואין בו מקום פנוי – תתבקשו להציג בכניסה את האישור על \"תיאום מועד הביקור\" כדי להיכנס.", "prices": [{"title": "דמי כניסה", "rows": [{"type": "מבוגר", "price": "16.00 ₪", "note": ""}, {"type": "ילד", "price": "7.00 ₪", "note": ""}, {"type": "מבוגר בקבוצה (מעל 30 איש)", "price": "14.00 ₪", "note": ""}, {"type": "ילד בקבוצה (מעל 30 איש)", "price": "6.00 ₪", "note": ""}, {"type": "סטודנט", "price": "14.00 ₪", "note": ""}, {"type": "מילואים", "price": "12.00 ₪", "note": ""}, {"type": "חייל", "price": "ללא תשלום", "note": "חייל בשירות חובה / שירות לאומי / שירות אזרחי – כנגד הצגת תעודה ברת תוקף"}, {"type": "אזרח ותיק", "price": "8.00 ₪", "note": ""}, {"type": "תלמיד", "price": "6.00 ₪", "note": ""}]}], "highlights": "אסורה\nלמידע נוסף\nפעילויות שניתן לקיים בגן לאומי כורסי\nלמידע נוסף\nמהחניה הנגישה יש שביל בטון נגיש עד לכניסה לגן הלאומי.\nהונגשו: מבואה, בתי שימוש, שביל בטון שמגיע עד הכניסה לעתיקות, רחבת התכנסות ותפילה מבטון מחוץ לעתיקות, ספסלים ומתקן מים לשתייה ושילוט הכוונה וזיהוי.\nלפרטים נוספים >>\nבמרכז השירות שלנו תוכלו למצוא:\nגלידות, שתיה קרה, שתיה חמה, מזון מהיר, חטיפים, מזכרות, ספרות, קרם הגנה, כובעים, ציוד מים\nהמוצרים הינם בתשלום ובכפוף למלאי בחנויות.", "how_to_get": "בצומת כורסי שעל כביש 92 (מזרח הכינרת), הנמצא 5 ק\"מ צפונית לעין גב, יש לפנות מזרחה ואחרי כ- 50 מטר נמצא שלט הפנייה לאתר.", "fetched_on": "2026-07-27"}}, {"type": "Feature", "geometry": {"type": "Point", "coordinates": [35.41516, 33.04327]}, "properties": {"id": "inpa-1915", "source_id": 1915, "operator": "inpa", "name_he": "גן לאומי ברעם", "link": "https://www.parks.org.il/reserve-park/%d7%92%d7%9f-%d7%9c%d7%90%d7%95%d7%9e%d7%99-%d7%91%d7%a8%d7%a2%d7%9d/", "phone": "‎04-6989301 | למוקד המידע של רשות הטבע והגנים, באמצעות הווטס אפ – לחצו כאן או חייגו 3639*", "hours": [{"label": "קיץ א׳-ה׳", "open": "08:00", "close": "17:00"}, {"label": "קיץ שישי/ערב חג", "open": "08:00", "close": "16:00"}, {"label": "חורף א׳-ה׳", "open": "08:00", "close": "16:00"}, {"label": "חורף שישי/ערב חג", "open": "08:00", "close": "15:00"}], "hours_special": "שימו לב:\nאם נרשמתם מראש, הגעתם לאתר ואין בו מקום פנוי – תתבקשו להציג בכניסה את האישור על \"תיאום מועד הביקור\" כדי להיכנס.", "prices": [{"title": "דמי כניסה", "rows": [{"type": "מבוגר", "price": "16.00 ₪", "note": ""}, {"type": "ילד", "price": "7.00 ₪", "note": ""}, {"type": "מבוגר בקבוצה (מעל 30 איש)", "price": "14.00 ₪", "note": ""}, {"type": "ילד בקבוצה (מעל 30 איש)", "price": "6.00 ₪", "note": ""}, {"type": "סטודנט", "price": "14.00 ₪", "note": ""}, {"type": "מילואים", "price": "12.00 ₪", "note": ""}, {"type": "חייל", "price": "ללא תשלום", "note": "חייל בשירות חובה / שירות לאומי / שירות אזרחי – כנגד הצגת תעודה ברת תוקף"}, {"type": "אזרח ותיק", "price": "8.00 ₪", "note": ""}, {"type": "תלמיד", "price": "6.00 ₪", "note": ""}]}], "highlights": "הונגשו: חניה (במרחק של כ-50 מטרים מבית הכנסת), שבילים מרוצפים ממגרש החניה עד לפתח הכניסה לבית הכנסת העתיק, בית שימוש, פינת פיקניק מוצללת וברזיה, מאחזי יד במדרגות, שילוט הכוונה וזיהוי ושלטי מידע.\nשימו לב:\nתצפית הר אדיר נמצאת בלב שמורות טבע ובשטח הפתוח ואינה מונגשת, השער למצפור הר אדיר סגור לרכבים מבחינה בטיחותית.\nלאור חשיבות המקום הוחלט לאפשר לפתוח את השער ולאפשר כניסת רכב רק לאנשים עם מוגבלויות בכפוף לתעודה.\nהנסיעה בשטח הינה באחריות המבקר ואין רט\"ג אחראית לכל נזק שיגרם לרכוש או לגוף.\nלצורך כניסה יש לתאם הגעה מול גן לאומי ברעם לקבלת מפתח בכפוף להשארת תעודה מזהה.\nבסיום הביקור יש להחזיר את המפתח לגן לאומי ברעם ולקחת את התעודה בחזרה.\nלמידע נוסף – לחצו כאן\nמותרת – קשורים ברצועה וחסומים במחסום פה\nלמידע נוסף\nפסיפס – טקסים בגן הלאומי\nפעילויות שניתן לקיים בגן לאומי ברעם\nמותר להדליק מנגל, אסור להדליק מדורה\nלפרטים נוספים >>\nכשיוצאים לטייל, הבחירה נתונה בידנו. לאן לטייל, עם מי לטייל והיכן לעצור ולתת", "how_to_get": "גן לאומי ברעם שוכן בצד כביש הצפון, בין קיבוץ סאסא וקיבוץ ברעם (כביש מס' 899), כחצי קילומטר מהצומת של כביש הצפון החדש\n(כ- 3 ק\"מ ממזרח לצומת חירם).", "fetched_on": "2026-07-27"}}, {"type": "Feature", "geometry": {"type": "Point", "coordinates": [35.01537, 32.72729]}, "properties": {"id": "inpa-1914", "source_id": 1914, "operator": "inpa", "name_he": "פארק הכרמל", "link": "https://www.parks.org.il/reserve-park/%d7%a4%d7%90%d7%a8%d7%a7-%d7%94%d7%9b%d7%a8%d7%9e%d7%9c/", "phone": "04-8228983 | מייל: GL.CARMEL@NPA.ORG.IL\n טופס דיגיטלי לתאום פעילות ולינת קבוצות לחצו כאן >>\nלפנייה באמצעות הווצאפ >>\nלמוקד המידע של רשות הטבע והגנים, באמצעות הווטס אפ – לחצו כאן או חייגו 3639*", "hours": [], "hours_special": "הפארק פתוח למטיילים ולמבקרים בחניונים כל השבוע.\nקבוצות, אירועים, פעילות מסחרית: יש לתאם מול משרד פארק הכרמל‎ – 04-8228983 (כרוך בתשלום)", "prices": [], "highlights": "בפארק הכרמל:\nבחניון האגם – הונגשו: חניה, פינות פיקניק מונגשות בצל עצים (מצע מהודק), בית שימוש, שילוט הכוונה וזיהוי.בחניון נחל אורן – הונגשו: חניה, פינות פיקניק מונגשות בצל עצים , בית שימוש, שילוט הכוונה וזיהוי.בחניון רקית – הונגשו: חניה, פינות פיקניק מונגשות בצל עצים , בית שימוש, שילוט הכוונה וזיהוי.בחניון מצפור הסיירים – הונגשו: חניה, פינות פיקניק מונגשות בצל עצים, נקודת תצפית לנוף, בית שימוש, שילוט הכוונה וזיהוי.בחניון כלניות – הונגשו: חניה, פינות פיקניק מונגשות בצל עצים, נקודת תצפית לנוף, בית שימוש, שילוט הכוונה וזיהוי.\nבחניון לילה חוות משמר הכרמל – הונגשו: חניה, פינות פיקניק מונגשות בצל עצים במקום שבו קיימת תצפית טובה לנוף, בית שימוש ציבורי, מקלחת ציבורית, מרכז שירות למטייל, שילוט הכוונה וזיהוי. במבנה הראשי הונגשה יחידת אכסון עם חדר רחצה נגיש.\nבחי בר כרמל הונגשו: חניה, מרכז מבקרים, בית שימוש, שבילים עשויים אספלט, עץ, מרצפות אבן, ומצע מהודק, מרפסות תצפית לנוף, עמדות צפייה בבעלי החיים,", "how_to_get": "מכביש 4 (ת\"א – חיפה הישן) דרך צומת אורן מזרחה. מכביש 70 (פרדיס – יוקנעם) מערבה למחלף אליקים ומהעיר נשר לכיוון האוניברסיטה.\nקוים 22, 37, 24, מחיפה (עירוני) או 137 מחיפה לבית אורן.", "fetched_on": "2026-07-27"}}, {"type": "Feature", "geometry": {"type": "Point", "coordinates": [35.28431, 32.75056]}, "properties": {"id": "inpa-1913", "source_id": 1913, "operator": "inpa", "name_he": "גן לאומי ציפורי", "link": "https://www.parks.org.il/reserve-park/%d7%92%d7%9f-%d7%9c%d7%90%d7%95%d7%9e%d7%99-%d7%a6%d7%99%d7%a4%d7%95%d7%a8%d7%99/", "phone": "‎ 04-6568272 | למוקד המידע של רשות הטבע והגנים, באמצעות הווטס אפ – לחצו כאן או חייגו 3639*", "hours": [{"label": "קיץ א׳-ה׳", "open": "08:00", "close": "17:00"}, {"label": "קיץ שישי/ערב חג", "open": "08:00", "close": "16:00"}, {"label": "חורף א׳-ה׳", "open": "08:00", "close": "16:00"}, {"label": "חורף שישי/ערב חג", "open": "08:00", "close": "15:00"}], "hours_special": "שימו לב:\nהתצפית על פסיפס אורפיאוס בגן לאומי ציפורי סגורה, לצורך עבודות בטיחות ותחזוקה.\nמאגר המים פתוח חלקית בלבד.\nביום הזכרון לחללי צהל וביום השואה, אין להדליק מצלה/מנגל בשטח הגן הלאומי.\nאין להכניס לאתר מערכת הגברה מכל סוג, ללא תיאום מראש.\nאם נרשמתם מראש, הגעתם לאתר ואין בו מקום פנוי – תתבקשו להציג בכניסה את האישור על \"תיאום מועד הביקור\" כדי להיכנס.", "prices": [{"title": "דמי כניסה", "rows": [{"type": "מבוגר", "price": "31.00 ₪", "note": ""}, {"type": "ילד", "price": "16.00 ₪", "note": ""}, {"type": "מבוגר בקבוצה", "price": "26.00 ₪", "note": ""}, {"type": "ילד בקבוצה", "price": "14.00 ₪", "note": ""}, {"type": "סטודנט", "price": "26.00 ₪", "note": ""}, {"type": "מילואים", "price": "23.00 ₪", "note": ""}, {"type": "חייל", "price": "16.00 ₪", "note": "חייל בשירות חובה / שירות לאומי / שירות אזרחי – כנגד הצגת תעודה ברת תוקף"}, {"type": "אזרח ותיק", "price": "16.00 ₪", "note": ""}, {"type": "תלמיד", "price": "8.00 ₪", "note": ""}]}], "highlights": "קיים מדריך קולי בשפה פשוטה, לחצו כאן >>\nהונגשו: חניה סמוך למוקדי עניין עיקריים, מבואה ומרכז שירות למטייל, שבילי בטון אספלט או עץ, בתי שימוש, פינות פיקניק מוצללות וברזיות, אזורי התכנסות מוצללים לקבוצות, נקודות תצפית לנוף, כניסה לחלק מהעתיקות לרבות בית הכנסת, שילוט הכוונה וזיהוי ושלטי מידע, דגמים של האתר וסרטון הסבר עם כתוביות שצופים בו בישיבה.ניתן להיכנס ברכב לעומק האתר עד למוקדי העניין העיקריים.\n קיים מדריך קולי בשפה פשוטה >>\nמותרת – קשורים ברצועה וחסומים במחסום פה (אסורה כניסה למבנים)\nלמידע נוסף\nפסיפס – טקסים בגן הלאומי\nפעילויות שניתן לקיים בגן לאומי ציפורי\nקיים מדריך קולי גם בשפה פשוטה, לחצו כאן >>\nהמדריך הקולי Trip-Talk משמש כמדריך מלווה למבקר העצמאי, המזמין לטייל בצורה חווייתית בתחנות המעניינות של האתר. בכל תחנה מופיע קוד, שסריקתו באמצעות הטלפון הנייד מאפשרת שמיעת קטע קצר המוגש בצורה חווייתית ומרתקת.\nמצורפת חוברת הפעלה לכל המשפחה\nלחוברת ההפעלה, לחצו כאן >>\nמרכז הדרכה גליל תחתון:\nטלפו", "how_to_get": "מכביש צומת המוביל – נצרת (כביש מס' 79), בין סימני ק\"מ 22-23", "fetched_on": "2026-07-27"}}, {"type": "Feature", "geometry": {"type": "Point", "coordinates": [35.40418, 32.99786]}, "properties": {"id": "inpa-1912", "source_id": 1912, "operator": "inpa", "name_he": "שמורת טבע הר מירון", "link": "https://www.parks.org.il/reserve-park/%d7%a9%d7%9e%d7%95%d7%a8%d7%aa-%d7%98%d7%91%d7%a2-%d7%94%d7%a8-%d7%9e%d7%99%d7%a8%d7%95%d7%9f/", "phone": "", "hours": [], "hours_special": "", "prices": [], "highlights": "", "how_to_get": "העליה להר מירון היא דרך כביש 89. אפשר להגיע ממערב דרך מעלות וחורפיש או ממזרח מכיוון צפת.", "fetched_on": "2026-07-27"}}, {"type": "Feature", "geometry": {"type": "Point", "coordinates": [35.5779, 33.26904]}, "properties": {"id": "inpa-1911", "source_id": 1911, "operator": "inpa", "name_he": "שמורת טבע נחל עיון (התנור)", "link": "https://www.parks.org.il/reserve-park/%d7%a9%d7%9e%d7%95%d7%a8%d7%aa-%d7%98%d7%91%d7%a2-%d7%a0%d7%97%d7%9c-%d7%a2%d7%99%d7%95%d7%9f-%d7%94%d7%aa%d7%a0%d7%95%d7%a8/", "phone": "‎04-6951519 | למוקד המידע של רשות הטבע והגנים, באמצעות הווטס אפ – לחצו כאן או חייגו 3639*", "hours": [{"label": "קיץ א׳-ה׳", "open": "08:00", "close": "17:00"}, {"label": "קיץ שישי/ערב חג", "open": "08:00", "close": "16:00"}, {"label": "חורף א׳-ה׳", "open": "08:00", "close": "16:00"}, {"label": "חורף שישי/ערב חג", "open": "08:00", "close": "15:00"}], "hours_special": "שימו לב:\nאם נרשמתם מראש, הגעתם לאתר ואין בו מקום פנוי – תתבקשו להציג בכניסה לאתר את האישור על \"תיאום מועד הביקור\" כדי להיכנס.", "prices": [{"title": "דמי כניסה", "rows": [{"type": "מבוגר", "price": "31.00 ₪", "note": ""}, {"type": "ילד", "price": "16.00 ₪", "note": ""}, {"type": "מבוגר בקבוצה (מעל 30 איש)", "price": "26.00 ₪", "note": ""}, {"type": "ילד בקבוצה (מעל 30 איש)", "price": "14.00 ₪", "note": ""}, {"type": "סטודנט", "price": "26.00 ₪", "note": ""}, {"type": "מילואים", "price": "23.00 ₪", "note": ""}, {"type": "חייל", "price": "16.00 ₪", "note": "חייל בשירות חובה / שירות לאומי / שירות אזרחי – כנגד הצגת תעודה ברת תוקף"}, {"type": "אזרח ותיק", "price": "16.00 ₪", "note": ""}, {"type": "תלמיד", "price": "8.00 ₪", "note": ""}]}], "highlights": "אסורה\nלמידע נוסף\nפעילויות שניתן לקיים בשמורת טבע נחל עיון (התנור)\nלמידע נוסף\nחוברת הפעלה לכל המשפחה, לפתיחה הקישו כאן >>\nבמסלול הקצר הונגשו: החניון התחתון (מגיעים אליו מכביש ראש פינה), מבואה, שביל הליכה מעגלי מאספלט, מצפור גפני ומרפסת תצפית המאפשרת מבט מלא על מפל התנור, פינות פיקניק מוצללות וברזיות, בתי שימוש, מאחזי יד במדרגות הקרובות למפל ושילוט הכוונה וזיהוי.\nלמידע נוסף\nמרחבי עבודה ולמידה בטבע – OPENפייס\nמחפשים פינת עבודה שקטה ונוחה?\nלקרוא וללמוד להנאתכם באויר הפתוח?\nלקיים פגישת עבודה בחיק הטבע?\nאו סתם להתאוורר במפגש חברתי?\nרשות הטבע והגנים מזמינה אתכם להתארח במרחבים הפתוחים בשמורות הטבע ובגנים הלאומיים\n לחצו כאן למציאת מרחבי עבודה באתרים נוספים >>\nמותר לשכשך במים במקומות המותרים בלבד\nלפרטים נוספים לחצו כאן >>\nמותר להדליק מנגל, רק בחניון העליון – בחורשת וייס.\nאסור להדליק מדורה\nלפרטים נוספים >>\nבמרכז השירות שלנו תוכלו למצוא:\nגלידות, שתיה קרה, שתיה חמה, מזון מהיר, חטיפים, מזכרות, ספרות, ", "how_to_get": "מכביש קרית שמונה-מטולה. כקילומטר אחד מדרום למטולה פונים מזרחה.\nבדרך המתחילה מהקצה הצפון מזרחי של מטולה, ליד גדר הגבול.", "fetched_on": "2026-07-27"}}, {"type": "Feature", "geometry": {"type": "Point", "coordinates": [34.96463, 32.67099]}, "properties": {"id": "inpa-1910", "source_id": 1910, "operator": "inpa", "name_he": "שמורת טבע נחל המערות", "link": "https://www.parks.org.il/reserve-park/%d7%a9%d7%9e%d7%95%d7%a8%d7%aa-%d7%98%d7%91%d7%a2-%d7%a0%d7%97%d7%9c-%d7%94%d7%9e%d7%a2%d7%a8%d7%95%d7%aa/", "phone": "‎ 04-9841752, 04-9841750 או 3639*, למוקד רשות הטבע והגנים באמצעות הווטס אפ – לחצו כאן או חייגו 3639*", "hours": [{"label": "קיץ א׳-ה׳", "open": "08:00", "close": "17:00"}, {"label": "קיץ שישי/ערב חג", "open": "08:00", "close": "16:00"}, {"label": "חורף א׳-ה׳", "open": "08:00", "close": "16:00"}, {"label": "חורף שישי/ערב חג", "open": "08:00", "close": "15:00"}], "hours_special": "שימו לב:\nאם נרשמתם מראש, הגעתם לאתר ואין בו מקום פנוי – תתבקשו להציג בכניסה את האישור על \"תיאום מועד הביקור\" כדי להיכנס.", "prices": [{"title": "דמי כניסה", "rows": [{"type": "מבוגר", "price": "24.00 ₪", "note": ""}, {"type": "ילד", "price": "10.00 ₪", "note": ""}, {"type": "מבוגר בקבוצה (מעל 30 איש)", "price": "20.00 ₪", "note": ""}, {"type": "ילד בקבוצה (מעל 30 איש)", "price": "9.00 ₪", "note": ""}, {"type": "סטודנט", "price": "20.00 ₪", "note": ""}, {"type": "מילואים", "price": "18.00 ₪", "note": ""}, {"type": "חייל", "price": "ללא תשלום", "note": "חייל בשירות חובה / שירות לאומי / שירות אזרחי – כנגד הצגת תעודה ברת תוקף"}, {"type": "אזרח ותיק", "price": "12.00 ₪", "note": ""}, {"type": "תלמיד", "price": "8.00 ₪", "note": ""}]}], "highlights": "הונגשו: חניה, המבואה ומרכז שירות למטייל, בתי שימוש,\nפינות פיקניק וברזיות מוצללות על משטחי בטון,\nשולחנות פיקניק מדגם נגיש על קרקע מקומית,\nשביל גישה מבטון מהכניסה לאתר ועד למערת הנחל (בשיפוע),\nשביל בטון למלוא עומק מערת הנחל (ללא שיפוע),\nמיצג אור-קולי בקצה מערת הנחל, ספסלים למנוחה ולתצפית על הנוף,\nמאחזי יד לאורך שבילי בטון ומדרגות, שילוט הכוונה וזיהוי ושלטי מידע.\nשימו לב:\nעל מנת לתאם עם האתר הקרנת הסרט במבנה במקום במערה,\nיש להתקשר מראש לטלפון 04-9841752\nאסורה למידע נוסף\nמצורפת חוברת הפעלה לכל המשפחה הקישו כאן\nפעילויות שניתן לקיים בשמורת טבע נחל המערות למידע נוסף\nמרכז הדרכה כרמל\nMh.carmel@npa.org.il\n04-8276684\nלפרטים נוספים >>\nבמרכז השירות שלנו תוכלו למצוא:\nגלידות, שתיה קרה, מזכרות, ספרות, קרם הגנה, כובעים\nהמוצרים הינם בתשלום ובכפוף למלאי בחנויות\nלעיתים נדמה שבכל רגע תצוץ מאחת המערות משפחה קדמונית. זוהי התחושה שעולה בביקור בשמורת טבע נחל מערות, שהוכרזה אתר מורשת עולמי. טיפוס במדרגות ייקח אתכ", "how_to_get": "על כביש 4 (ת\"א – חיפה הישן), 8 ק\"מ צפונית לצומת פרדיס. לבאים מצפון, הפניה שמאלה לאתר אסורה (קו לבן) יש להמשיך עד הכניסה למושב גבע כרמל כ-500 מטר להסתובב ולחזור עם הפנים צפונה.\nבתחבורה ציבורית – קו 921 מת\"א לחיפה לפרטים מודיעין אגד.", "fetched_on": "2026-07-27"}}, {"type": "Feature", "geometry": {"type": "Point", "coordinates": [35.42608, 32.48861]}, "properties": {"id": "inpa-1908", "source_id": 1908, "operator": "inpa", "name_he": "שמורת טבע גלבוע", "link": "https://www.parks.org.il/reserve-park/%d7%a9%d7%9e%d7%95%d7%a8%d7%aa-%d7%98%d7%91%d7%a2-%d7%92%d7%9c%d7%91%d7%95%d7%a2/", "phone": "", "hours": [], "hours_special": "", "prices": [], "highlights": "", "how_to_get": "מדרום למושב שדי תרומות (כביש 90) עולה מערבה דרך נוף גלבוע (כביש 667) וחוצה את הגלבוע לאורכו. דרך נוף גלבוע, הסלולה לכל אורכה, מתחברת לכביש 675 ליד קיבוץ יזרעאל.\nממזרח לבית אלפא (כביש 669) עולה דרומה כביש 6666 ופוגש את דרך נוף גלבוע ליד קיבוץ מעלה גלבוע", "fetched_on": "2026-07-27"}}, {"type": "Feature", "geometry": {"type": "Point", "coordinates": [35.57001, 33.01849]}, "properties": {"id": "inpa-1907", "source_id": 1907, "operator": "inpa", "name_he": "גן לאומי תל חצור", "link": "https://www.parks.org.il/reserve-park/%d7%92%d7%9f-%d7%9c%d7%90%d7%95%d7%9e%d7%99-%d7%aa%d7%9c-%d7%97%d7%a6%d7%95%d7%a8/", "phone": "‎04-6937290 | למוקד המידע של רשות הטבע והגנים, באמצעות הווטס אפ – לחצו כאן או חייגו 3639*", "hours": [{"label": "קיץ א׳-ה׳", "open": "08:00", "close": "17:00"}, {"label": "קיץ שישי/ערב חג", "open": "08:00", "close": "16:00"}, {"label": "חורף א׳-ה׳", "open": "08:00", "close": "16:00"}, {"label": "חורף שישי/ערב חג", "open": "08:00", "close": "15:00"}], "hours_special": "שימו לב:\nאם נרשמתם מראש, הגעתם לאתר ואין בו מקום פנוי – תתבקשו להציג בכניסה את האישור על \"תיאום מועד הביקור\" כדי להיכנס.", "prices": [{"title": "דמי כניסה", "rows": [{"type": "מבוגר", "price": "24.00 ₪", "note": ""}, {"type": "ילד", "price": "10.00 ₪", "note": ""}, {"type": "מבוגר בקבוצה (מעל 30 איש)", "price": "20.00 ₪", "note": ""}, {"type": "ילד בקבוצה (מעל 30 איש)", "price": "9.00 ₪", "note": ""}, {"type": "סטודנט", "price": "20.00 ₪", "note": ""}, {"type": "מילואים", "price": "18.00 ₪", "note": ""}, {"type": "חייל", "price": "ללא תשלום", "note": "חייל בשירות חובה / שירות לאומי / שירות אזרחי – כנגד הצגת תעודה ברת תוקף"}, {"type": "אזרח ותיק", "price": "12.00 ₪", "note": ""}, {"type": "תלמיד", "price": "8.00 ₪", "note": ""}]}], "highlights": "מותרת – קשורים ברצועה וחסומים במחסום פה\nלמידע נוסף\nפעילויות שניתן לקיים בגן לאומי תל חצור\nלמידע נוסף >>\nחוברת הפעלה לכל המשפחה הקישו כאן >>\nהמרדף אחר החרפושית המצרית: מרחב בריחה חווייתי\nאחרי החוויה המשפחתית המסעירה הזאת לעולם לא תוכלו עוד להישאר אדישים למשמע המילה \"חרפושית\". חרפושית היא קמע מצרי מלכותי והיא הגיעה לכאן ממצרים בעת שחצור הייתה עיר כנענית חשובה. כאן אתם נכנסים לתמונה, ובגדול: במשחק בריחה ייחודי תוזמנו להצטרף לחיפושים אחר החרפושית המצרית שנשדדה מתל חצור, ולפצח את קוד הכספת בעזרת תיק החקירה והממצאים שהחוקרים אספו בשטח. העצה הכי טובה שלנו לכם היא: בואו עם הסמרטפון כדי לתעד את החוויות שמחכות לכם בגן הלאומי שבו שרידי ארמון, מצודה, מפעל מים מרשים וגם תצפיות נוף נהדרות.\nניתן לקנות את המשחק עד שעתיים לפני סגירת האתר. מחיר ערכת השתתפות במשחק: 20 ₪ למשפחה. \nבתשלום נוסף על דמי הכניסה. הכניסה לאתר חינם למנויי מטמון\nמשך הפעילות: 1.5—2 שעות.\nמתי: בכל ימות השבוע בשעות פעילות האתר.\nהונגשו: ", "how_to_get": "גם מצפון וגם מדרום- יורדים מכביש 90 (ראש פינה – קריית שמונה) לכיוון אילת השחר.", "fetched_on": "2026-07-27"}}, {"type": "Feature", "geometry": {"type": "Point", "coordinates": [35.27777, 32.8338]}, "properties": {"id": "inpa-1906", "source_id": 1906, "operator": "inpa", "name_he": "גן לאומי יודפת העתיקה", "link": "https://www.parks.org.il/reserve-park/%d7%92%d7%9f-%d7%9c%d7%90%d7%95%d7%9e%d7%99-%d7%99%d7%95%d7%93%d7%a4%d7%aa-%d7%94%d7%a2%d7%aa%d7%99%d7%a7%d7%94/", "phone": "", "hours": [], "hours_special": "", "prices": [], "highlights": "", "how_to_get": "מצומת יודפת (כביש 784) פונים מזרחה לעבר היישוב יודפת (כביש 7955). לאחר כ-1.3 ק\"מ פונים לכביש הגישה ליישוב יודפת ואחרי כ-100 מ' פונים שמאלה בדרך סלולה המסומנת בסימון שבילים ירוק, היורדת כקילומטר ומגיעה לרחבת החניה של יודפת העתיקה.", "fetched_on": "2026-07-27"}}, {"type": "Feature", "geometry": {"type": "Point", "coordinates": [35.49488, 32.82157]}, "properties": {"id": "inpa-1905", "source_id": 1905, "operator": "inpa", "name_he": "גן לאומי ושמורת טבע ארבל", "link": "https://www.parks.org.il/reserve-park/arbel/", "phone": "‎ 04-6732904| למוקד המידע של רשות הטבע והגנים, באמצעות הווטס אפ – לחצו כאן או חייגו 3639*", "hours": [{"label": "קיץ א׳-ה׳", "open": "08:00", "close": "17:00"}, {"label": "קיץ שישי/ערב חג", "open": "08:00", "close": "16:00"}, {"label": "חורף א׳-ה׳", "open": "08:00", "close": "16:00"}, {"label": "חורף שישי/ערב חג", "open": "08:00", "close": "15:00"}], "hours_special": "שימו לב: אם נרשמתם מראש, הגעתם לאתר ואין בו מקום פנוי – תתבקשו להציג בכניסה את האישור על \"תיאום מועד הביקור\" כדי להיכנס.", "prices": [{"title": "דמי כניסה", "rows": [{"type": "מבוגר", "price": "31.00 ₪", "note": ""}, {"type": "ילד", "price": "16.00 ₪", "note": ""}, {"type": "מבוגר בקבוצה (מעל 30 איש)", "price": "26.00 ₪", "note": ""}, {"type": "ילד בקבוצה (מעל 30 איש)", "price": "14.00 ₪", "note": ""}, {"type": "סטודנט", "price": "26.00 ₪", "note": ""}, {"type": "מילואים", "price": "23.00 ₪", "note": ""}, {"type": "חייל", "price": "16.00 ₪", "note": "חייל בשירות חובה / שירות לאומי / שירות אזרחי – כנגד הצגת תעודה ברת תוקף"}, {"type": "אזרח ותיק", "price": "16.00 ₪", "note": ""}, {"type": "תלמיד", "price": "8.00 ₪", "note": ""}]}], "highlights": "הגעה וחניה: הונגשו שתי חניות בסמוך לשביל המוביל למבואה, שתי חניות בסמוך לשביל המונגש למצפור הר ניתאי ועוד שתי חניות ליד בית הכנסת ארבל.\nבתוך הגן הלאומי הונגשו: המבואה לרבות מרכז שירות למטייל, בית שימוש, שולחנות פיקניק וברזיות, תצוגת הסרקופגים ותערוכת קבע של צילומי נוף הארבל באזור המבואה, שביל בטון עד לבית הכנסת ולמצפור הר ניתאי, מאחזי יד במדרגות, שילוט הכוונה וזיהוי.\nמותרת – קשורים ברצועה וחסומים במחסום פה, במסלולי התצפית בלבד\nאין כניסת כלבים למסלולי המצוק\nלמידע נוסף\nמצורפת חוברת הפעלה לכל המשפחה\nהקישו כאן\nטקסים בבית הכנסת העתיק ארבל:\nניתן לבצע טקסים בסמוך לבית הכנסת העתיק, לאחר חתימה על טופס הנחיות בגן הלאומי ארבל.\nהמתחם אינו ניתן לשיריון, והוא פתוח וללא תשלום לקהל הרחב.\nהכניסה לבית הכנסת אסורה עקב חפירה ארכיאולוגית.\nלפרטים נוספים, התקשרו לטלפון 04-6732904\nלמידע נוסף\nמרכז הדרכה גליל תחתון:\nטלפון 04-8276637\nמייל: mh-gt@npa.org.il\nלפרטים נוספים >>\nבמרכז השירות שלנו תוכלו למצוא:\nגלידות, שת", "how_to_get": "מכביש טבריה – צומת גולני (77) , פונים בצומת כפר חיטים לכביש 7717 פונים ימינה בפנייה למושב ארבל, לפני הכניסה למושב לוקחים שמאלה ונוסעים כ – 3.5 ק\"מ עד האתר.", "fetched_on": "2026-07-27"}}, {"type": "Feature", "geometry": {"type": "Point", "coordinates": [35.59146, 33.0756]}, "properties": {"id": "inpa-1904", "source_id": 1904, "operator": "inpa", "name_he": "שמורת טבע החולה", "link": "https://www.parks.org.il/reserve-park/%d7%a9%d7%9e%d7%95%d7%a8%d7%aa-%d7%98%d7%91%d7%a2-%d7%94%d7%97%d7%95%d7%9c%d7%94/", "phone": "‎04-6937069 להזמנות לעופוריה | למוקד המידע של רשות הטבע והגנים, באמצעות הווטס אפ – לחצו כאן או חייגו 3639*", "hours": [{"label": "קיץ א׳-ה׳", "open": "08:00", "close": "17:00"}, {"label": "קיץ שישי/ערב חג", "open": "08:00", "close": "16:00"}, {"label": "חורף א׳-ה׳", "open": "08:00", "close": "16:00"}, {"label": "חורף שישי/ערב חג", "open": "08:00", "close": "15:00"}], "hours_special": "בחג ובחול המועד סוכות: אין שינוי בשעות הפעילות\nשימו לב: אם נרשמתם מראש, הגעתם לאתר ואין בו מקום פנוי – תתבקשו להציג בכניסה את האישור על \"תיאום מועד הביקור\" כדי להיכנס.", "prices": [{"title": "דמי כניסה", "rows": [{"type": "מבוגר", "price": "40.00 ₪", "note": ""}, {"type": "ילד", "price": "25.00 ₪", "note": ""}, {"type": "מבוגר בקבוצה (מעל 30 איש)", "price": "34.00 ₪", "note": ""}, {"type": "ילד בקבוצה (מעל 30 איש)", "price": "21.00 ₪", "note": ""}, {"type": "סטודנט", "price": "34.00 ₪", "note": ""}, {"type": "מילואים", "price": "30.00 ₪", "note": ""}, {"type": "חייל", "price": "25.00 ₪", "note": "חייל בשירות חובה / שירות לאומי / שירות אזרחי – כנגד הצגת תעודה ברת תוקף. (כולל העופוריה)"}, {"type": "אזרח ותיק", "price": "20.00 ₪", "note": ""}, {"type": "תלמיד", "price": "10.00 ₪", "note": ""}]}], "highlights": "הונגשו: חניה על משטחי בטון בכניסה לשמורה. החניה מקושרת למערכת שבילים ולרחבות בטון המקשרים את מוקדי העניין שהונגשו אלה עם אלה – רחבת המבואה ומרכז השירות למטייל, בתי שימוש מונגשים, שולחנות פיקניק מדגם נגיש ומתקני מים לשתייה, מרכז מבקרים ובו מיצג חוויתי אינטראקטיבי, שביל השמורה המעגלי הכולל בתוכו את המצפור, גשר העץ ומסתור התצפית על האגם, ספסלים לאורך השבילים, שילוט הכוונה וזיהוי ושלטי מידע לאורך מסלול הטיול.\nשביל הבטון מגיע עד לרחבת הכניסה למגדל, מהרחבה יש תצפית על האגם.\nלמידע נוסף\nאסורה\nלמידע נוסף\nמצורפת חוברת הפעלה לכל המשפחה\nהקישו כאן\nפעילויות שניתן לקיים בשמורת טבע החולה\nלמידע נוסף\nלמידע נוסף\nלפרטים נוספים לחצו כאן >>\nבמרכז השירות שלנו תוכלו למצוא:\nגלידות, שתיה קרה, שתיה חמה, מזון מהיר, חטיפים, מזכרות, ספרות, קרם הגנה, כובעים\nהמוצרים הינם בתשלום ובכפוף למלאי בחנויות.", "how_to_get": "3 ק\"מ צפונה מצומת יסוד המעלה (כביש 90 : ראש פינה – קריית שמונה) פונים מזרחה.", "fetched_on": "2026-07-27"}}, {"type": "Feature", "geometry": {"type": "Point", "coordinates": [35.11205, 32.84729]}, "properties": {"id": "inpa-1903", "source_id": 1903, "operator": "inpa", "name_he": "שמורת טבע עין אפק", "link": "https://www.parks.org.il/reserve-park/%d7%a9%d7%9e%d7%95%d7%a8%d7%aa-%d7%98%d7%91%d7%a2-%d7%a2%d7%99%d7%9f-%d7%90%d7%a4%d7%a7/", "phone": "‎04-8778226 | למוקד המידע של רשות הטבע והגנים, באמצעות הווטס אפ – לחצו כאן או חייגו 3639*", "hours": [{"label": "קיץ א׳-ה׳", "open": "08:00", "close": "17:00"}, {"label": "קיץ שישי/ערב חג", "open": "08:00", "close": "16:00"}, {"label": "חורף א׳-ה׳", "open": "08:00", "close": "16:00"}, {"label": "חורף שישי/ערב חג", "open": "08:00", "close": "15:00"}], "hours_special": "שימו לב\nהדלקת אש בשמורה אסורה בהחלט, כולל שימוש במנגלים.\nאם נרשמתם מראש, הגעתם לאתר ואין בו מקום פנוי – תתבקשו להציג בכניסה את האישור על \"תיאום מועד הביקור\" כדי להיכנס.", "prices": [{"title": "דמי כניסה", "rows": [{"type": "מבוגר", "price": "24.00 ₪", "note": ""}, {"type": "ילד", "price": "10.00 ₪", "note": ""}, {"type": "מבוגר בקבוצה (מעל 30 איש)", "price": "20.00 ₪", "note": ""}, {"type": "ילד בקבוצה (מעל 30 איש)", "price": "9.00 ₪", "note": ""}, {"type": "סטודנט", "price": "20.00 ₪", "note": ""}, {"type": "מילואים", "price": "18.00 ₪", "note": ""}, {"type": "חייל", "price": "ללא תשלום", "note": "חייל בשירות חובה / שירות לאומי / שירות אזרחי – כנגד הצגת תעודה ברת תוקף"}, {"type": "אזרח ותיק", "price": "12.00 ₪", "note": ""}, {"type": "תלמיד", "price": "8.00 ₪", "note": ""}]}], "highlights": "קיים מדריך קולי בשפה פשוטה, לחצו כאן >>\nהונגשו: חניה, רחבת המבואה, מרכז שירות למטייל, בתי שימוש, טחנת הקמח העתיקה לרבות הסרט, שבילי בטון עד למבנה תחנת הקמח והגשר הצף במסלול הלוך וחזור, מרפסות תצפית שמשקיפות על הבריכות, פינות פיקניק וברזיות מוצללות על משטחי בטון או אספלט, מקומות ישיבה למנוחה, מאחזי יד במדרגות, שילוט הכוונה וזיהוי ושלטי מידע. חניון הפיקניק עשוי קרקע מהודקת, חלק מהשולחנות מדגם מונגש.\nבגלל חשש לפגיעה בעתיקות במדרגות העולות אל התצפית מגג טחנת הקמח לא הותקנו סימני אזהרה.\nמחשש לפגיעה בערכי טבע ומורשת לא ביצעו פעולות הנגשה בגשר הצף, במסלול הסכר הצלבני, בתצפית הג'מוסים ובראש תל אפק. הסרט ומרפסות התצפית לאורך השביל המונגש מהווים התאמות נגישות חלופיות.\nלמידע נוסף – לחצו כאן\nקיים מדריך קולי בשפה פשוטה\nאסורה\nלמידע נוסף\nפעילויות שניתן לקיים בשמורת טבע עין אפק\nלמידע נוסף\nקיים מדריך קולי גם בשפה פשוטה, לחצו כאן >>\nהמדריך הקולי Trip-Talk משמש כמדריך מלווה למבקר העצמאי, המזמין לטייל בצורה", "how_to_get": "מכביש 4 פונים מזרחה לכביש 79, בכיכר פונים שמאלה לרחוב חוגלה ובסוף הרחוב פונים ימינה לכביש 7911 לאחר כקילומטר מגיעים לשמורה.", "fetched_on": "2026-07-27"}}, {"type": "Feature", "geometry": {"type": "Point", "coordinates": [35.74735, 32.90567]}, "properties": {"id": "inpa-1902", "source_id": 1902, "operator": "inpa", "name_he": "שמורת טבע גמלא", "link": "https://www.parks.org.il/reserve-park/%d7%a9%d7%9e%d7%95%d7%a8%d7%aa-%d7%98%d7%91%d7%a2-%d7%92%d7%9e%d7%9c%d7%90/", "phone": "‎04-6822282 | למוקד המידע של רשות הטבע והגנים, באמצעות הווטס אפ – לחצו כאן או חייגו 3639*", "hours": [{"label": "קיץ א׳-ה׳", "open": "08:00", "close": "17:00"}, {"label": "קיץ שישי/ערב חג", "open": "08:00", "close": "16:00"}, {"label": "חורף א׳-ה׳", "open": "08:00", "close": "16:00"}, {"label": "חורף שישי/ערב חג", "open": "08:00", "close": "15:00"}], "hours_special": "בחג ובחול המועד סוכות: אין שינוי בשעות הפעילות\n⚠ שימו לב: \nכביש הגישה לעיר גמלא סגור בשל בעיות בטיחות. ההגעה לעיר רגלית דרך השמורה.\nהכניסה לאתר נסגרת שעה לפני שעות הסגירה הרשומות. \nלמסלולים הבאים ניתן להיכנס לפי המפורט כאן:\nלמפל – עד שעתיים לפני סגירת האתר.\nלנחל דליות – עד שלוש שעות לפני סגירת האתר.\nלעיר העתיקה – שלוש שעות לפני סגירת האתר.\nלמסלול התצפיות – שעה לפני סגירת האתר.\nאם נרשמתם מראש, הגעתם לאתר ואין בו מקום פנוי – תתבקשו להציג בכניסה את האישור על \"תיאום מועד הביקור\" כדי להיכנס.", "prices": [{"title": "דמי כניסה", "rows": [{"type": "מבוגר", "price": "31.00 ₪", "note": ""}, {"type": "ילד", "price": "16.00 ₪", "note": ""}, {"type": "מבוגר בקבוצה (מעל 30 איש)", "price": "26.00 ₪", "note": ""}, {"type": "ילד בקבוצה (מעל 30 איש)", "price": "14.00 ₪", "note": ""}, {"type": "סטודנט", "price": "26.00 ₪", "note": ""}, {"type": "מילואים", "price": "23.00 ₪", "note": ""}, {"type": "חייל", "price": "16.00 ₪", "note": "חייל בשירות חובה / שירות לאומי / שירות אזרחי – כנגד הצגת תעודה ברת תוקף"}, {"type": "אזרח ותיק", "price": "16.00 ₪", "note": ""}, {"type": "תלמיד", "price": "8.00 ₪", "note": ""}]}], "highlights": "הונגשו: חניה, רחבת המבואה, מרכז שירות למטייל, בית שימוש, פינות פיקניק וברזייה. מאחזי יד במדרגות ושבילים (בהתאם לצורך), שילוט הכוונה וזיהוי, ושלטי מידע. שביל הנשרים הוא שביל נגיש למשתמשים בכסאות גלגלים. השביל מגיע למצפור גמלא הצופה על העיר העתיקה, מצפור הנשרים ועתיקות דיר קרוח. זהו שביל מעגלי באורך 600 מטרים. השביל עשוי בטון והוא בשיפוע מתון מאוד. לאורך השביל קיימים מושבים למנוחה.\nלמידע נוסף – לחצו כאן\nאסורה\nלמידע נוסף\nמצורפת חוברת הפעלה לכל המשפחה\nהקישו כאן\nפסיפס טקסים בשמורת טבע גמלא – הקישו כאן\nפעילויות שניתן לקיים בשמורת טבע גמלא – למידע נוסף\nלפרטים נוספים לחצו כאן >>\nלפרטים נוספים >>\nבמרכז השירות שלנו תוכלו למצוא:\nגלידות, שתיה קרה, שתיה חמה, מזון מהיר, חטיפים, מזכרות, ספרות, קרם הגנה, כובעים\nהמוצרים הינם בתשלום ובכפוף למלאי בחנויות.\nעם כל הכבוד לאחת משמורות הטבע היפות והמסקרנות בגולן, המשלבת סיפור על מרד גדול, נופי טבע מרהיבים, נשרים דואים ומפל אחד בלתי נשכח – הרי לא הגעתם עד לכאן רק", "how_to_get": "יש לפנות מכביש סובב כינרת (92) בצומת מעלה גמלא לכביש 869 , לחלוף על פני מושב מעלה גמלא ומושב כנף עד לצומת דליות, מנקודה זו יש לפנות שמאלה לכביש 808 ולאחר כשלושה קילומטרים לפנות שמאלה עם השלט \"שמורת גמלא\".\nהשמורה נמצאת במרחק 15 דקות נסיעה מהכינרת ו 15 דקות נסיעה משמורת יהודיה – משושים.\nכביש הגישה לעיר גמלא סגור בשל בעיות בטיחות. ההגעה לעיר רגלית דרך השמורה.", "fetched_on": "2026-07-27"}}, {"type": "Feature", "geometry": {"type": "Point", "coordinates": [35.50011, 32.8865]}, "properties": {"id": "inpa-1899", "source_id": 1899, "operator": "inpa", "name_he": "שמורת טבע נחל עמוד", "link": "https://www.parks.org.il/reserve-park/%d7%a9%d7%9e%d7%95%d7%a8%d7%aa-%d7%98%d7%91%d7%a2-%d7%a0%d7%97%d7%9c-%d7%a2%d7%9e%d7%95%d7%93/", "phone": "‎04-6999984 | למוקד המידע של רשות הטבע והגנים, באמצעות הווטס אפ – לחצו כאן או חייגו 3639*", "hours": [], "hours_special": "שעון קיץ\nבימים א'-ה' השמורה פתוחה מ 08:00-17:00\nהכניסה למסלול הארוך 08:00-14:00 , הכניסה למסלול הקצר 08:00-15:00\nביום ו' השמורה פתוחה מ 08:00-16:00\nהכניסה למסלול הארוך 08:00-13:00 , הכניסה למסלול הקצר 08:00-14:00\nבשבת השמורה פתוחה מ 08:00-17:00\nהכניסה למסלול הארוך 08:00-14:00 , הכניסה למסלול הקצר 08:00-15:00\nשעון חורף\nבימים א'-ה' השמורה פתוחה מ 08:00-16:00\nהכניסה למסלול הארוך 08:00-13:00, הכניסה למסלול הקצר 08:00-14:00\nביום ו' השמורה פתוחה מ 08:00-15:00\nהכניסה למסלול הארוך 08:00-12:00, הכניסה למסלול הקצר 08:00-13:00\nבשבת השמורה פתוחה מ 08:00-16:00\nהכניסה למסלול הארוך 08:00-13:00, הכניסה למסלול הקצר 08:00-14:00\nבערב ראש השנה ובערב פסח: השמורה פתוחה משעה 08:00-13:00\nבערב יום כיפור השמורה פתוחה", "prices": [{"title": "דמי כניסה", "rows": [{"type": "מבוגר", "price": "31.00 ₪", "note": ""}, {"type": "ילד", "price": "16.00 ₪", "note": ""}, {"type": "מבוגר בקבוצה (מעל 30 איש)", "price": "26.00 ₪", "note": ""}, {"type": "ילד בקבוצה (מעל 30 איש)", "price": "14.00 ₪", "note": ""}, {"type": "סטודנט", "price": "26.00 ₪", "note": ""}, {"type": "מילואים", "price": "23.00 ₪", "note": ""}, {"type": "חייל", "price": "16.00 ₪", "note": "חייל בשירות חובה / שירות לאומי / שירות אזרחי – כנגד הצגת תעודה ברת תוקף"}, {"type": "אזרח ותיק", "price": "16.00 ₪", "note": ""}, {"type": "תלמיד", "price": "8.00 ₪", "note": ""}]}], "highlights": "אסורה\nלמידע נוסף\nלהתחבר לטבע, להתחבר לעצמך: לינת שטח אמיתית בלב הגליל\nלמידע נוסף\nמצורפת חוברת הפעלה לכל המשפחה\nהקישו כאן\nפעילויות שניתן לקיים בשמורת טבע נחל עמוד\nלמידע נוסף\nהונגשו: חניה, מבואה ובה שולחנות פיקניק וברזיות, מרכז שירות למטייל, תחנת מידע, בתי שימוש, שבילי בטון מהמבואה ועד חניון הלילה, מאחזי יד במדרגות לאורך כל מסלולי ההליכה ושילוט הכוונה וזיהוי.\nחניון לילה: מקושר בשביל בטון לאזור המבואה והחניה, מיועד ללינה באוהלים משפחתיים.\nלמידע נוסף\nמותר לשכשך במים, בברכות שיכווי בגובה הברך\nלפרטים נוספים לחצו כאן >>\nלפרטים נוספים >>\nבמרכז השירות שלנו תוכלו למצוא:\nגלידות, שתיה קרה, שתיה חמה, מזון מהיר, חטיפים, מזכרות, ספרות, קרם הגנה, כובעים, ציוד מים, שימורים\nהמוצרים הינם בתשלום ובכפוף למלאי בחנויות.", "how_to_get": "מכביש 866 בין צומת חנניה לצומת מירון, בין קילומטר 40 לקילומטר 41, שני ק\"מ מצפון לכפר שמאי.\nהחלק העילי של הנחל הוא שמורת קולטת קהל, והכניסה אליו היא בתשלום.\nמטיילים הנכנסים לנחל עמוד עילי בכניסות אחרות מתבקשים לשלם ביציאה.\nרשמו בוויז: \nשמורת טבע נחל עמוד – חניה ומרכז מידע\nמותרת מכביש 85 (כביש עכו-עמיעד), דרך מעבר שמתחת לכביש, בצמוד לחניון נחל עמוד. במקום חנייה מסודרת.\nאפשר להיכנס לשמורה גם מכביש 8077 (כביש הגישה ליישובים חוקוק ולבנים), בנקודת המעבר של הכביש מעל הנחל, וגם שם יש חנייה מסודרת. עוד כ", "fetched_on": "2026-07-27"}}, {"type": "Feature", "geometry": {"type": "Point", "coordinates": [35.65164, 32.97543]}, "properties": {"id": "inpa-1898", "source_id": 1898, "operator": "inpa", "name_he": "שמורת טבע נחל המשושים", "link": "https://www.parks.org.il/reserve-park/%d7%a9%d7%9e%d7%95%d7%a8%d7%aa-%d7%98%d7%91%d7%a2-%d7%a0%d7%97%d7%9c-%d7%94%d7%9e%d7%a9%d7%95%d7%a9%d7%99%d7%9d/", "phone": "‎04-6820238 | למוקד המידע של רשות הטבע והגנים, באמצעות הווטס אפ – לחצו כאן או חייגו 3639*", "hours": [{"label": "קיץ א׳-ה׳", "open": "08:00", "close": "17:00"}, {"label": "קיץ שישי/ערב חג", "open": "08:00", "close": "16:00"}, {"label": "חורף א׳-ה׳", "open": "08:00", "close": "16:00"}, {"label": "חורף שישי/ערב חג", "open": "08:00", "close": "15:00"}], "hours_special": "בחג ובחול המועד סוכות: אין שינוי בשעות הפעילות\nשימו לב\nלמסלול הבריכה מותר להיכנס עד שעתיים וחצי לפני סגירת האתר.\nהכניסה לשמורה נסגרת שעה לפני השעות הרשומות.\nאם נרשמתם מראש, הגעתם לאתר ואין בו מקום פנוי – תתבקשו להציג בכניסה את האישור על \"תיאום מועד הביקור\" כדי להיכנס.", "prices": [{"title": "דמי כניסה", "rows": [{"type": "מבוגר", "price": "24.00 ₪", "note": ""}, {"type": "ילד", "price": "10.00 ₪", "note": ""}, {"type": "מבוגר בקבוצה (מעל 30 איש)", "price": "20.00 ₪", "note": ""}, {"type": "ילד בקבוצה (מעל 30 איש)", "price": "9.00 ₪", "note": ""}, {"type": "סטודנט", "price": "20.00 ₪", "note": ""}, {"type": "מילואים", "price": "18.00 ₪", "note": ""}, {"type": "חייל", "price": "ללא תשלום", "note": "חייל בשירות חובה / שירות לאומי / שירות אזרחי – כנגד הצגת תעודה ברת תוקף"}, {"type": "אזרח ותיק", "price": "12.00 ₪", "note": ""}, {"type": "תלמיד", "price": "8.00 ₪", "note": ""}]}], "highlights": "הונגשו: חניה, פינת פיקניק , בית שימוש, רחבת המבואה, תחנת מידע עם מערכת עזר לשמיעה, ברזיה.\nשביל התצפיות – שביל נגיש באורך 300 מטרים ובו שתי תצפיות לכיוון יער פארק יהודיה, הדרכה קולית וספסלי ישיבה.\nלמידע נוסף\nאסורה\nלמידע נוסף\nמצורפת חוברת הפעלה לכל המשפחה\nהקישו כאן\nפעילויות שניתן לקיים בשמורת טבע נחל המשושים\nלמידע נוסף\nמותרת שחייה וכניסה למים,\nלפרטים נוספים לחצו כאן >>\nלפרטים נוספים >>\nבמרכז השירות שלנו תוכלו למצוא:\nגלידות, שתיה קרה, שתיה חמה, מזון מהיר, חטיפים, מזכרות, ספרות, קרם הגנה, כובעים\nהמוצרים הינם בתשלום ובכפוף למלאי בחנויות.", "how_to_get": "הכניסה לשמורה מכביש 888 צפונית לחד-נס, שבסיומה מגיעים לחניון מוסדר ממנו מתחילים מסלולי תצפיות וירידה לבריכת המשושים.", "fetched_on": "2026-07-27"}}, {"type": "Feature", "geometry": {"type": "Point", "coordinates": [35.7127, 33.25163]}, "properties": {"id": "inpa-1896", "source_id": 1896, "operator": "inpa", "name_he": "גן לאומי מבצר נמרוד (קלעת נמרוד)", "link": "https://www.parks.org.il/reserve-park/%d7%92%d7%9f-%d7%9c%d7%90%d7%95%d7%9e%d7%99-%d7%9e%d7%91%d7%a6%d7%a8-%d7%a0%d7%9e%d7%a8%d7%95%d7%93-%d7%a7%d7%9c%d7%a2%d7%aa-%d7%a0%d7%9e%d7%a8%d7%95%d7%93/", "phone": "‎04-6949277 או 3639*, מוקד רשות הטבע והגנים. המוקד זמין גם בווטס אפ: 054-9642434", "hours": [{"label": "קיץ א׳-ה׳", "open": "08:00", "close": "17:00"}, {"label": "קיץ שישי/ערב חג", "open": "08:00", "close": "16:00"}, {"label": "חורף א׳-ה׳", "open": "08:00", "close": "16:00"}, {"label": "חורף שישי/ערב חג", "open": "08:00", "close": "15:00"}], "hours_special": "שימו לב:\nאם נרשמתם מראש, הגעתם לאתר ואין בו מקום פנוי – תתבקשו להציג בכניסה את האישור על \"תיאום מועד הביקור\" כדי להיכנס.", "prices": [{"title": "דמי כניסה", "rows": [{"type": "מבוגר", "price": "24.00 ₪", "note": ""}, {"type": "ילד", "price": "10.00 ₪", "note": ""}, {"type": "מבוגר בקבוצה (מעל 30 איש)", "price": "20.00 ₪", "note": ""}, {"type": "ילד בקבוצה (מעל 30 איש)", "price": "9.00 ₪", "note": ""}, {"type": "סטודנט", "price": "20.00 ₪", "note": ""}, {"type": "חייל", "price": "ללא תשלום", "note": "חייל בשירות חובה / שירות לאומי / שירות אזרחי – כנגד הצגת תעודה ברת תוקף"}, {"type": "אזרח ותיק", "price": "12.00 ₪", "note": ""}, {"type": "תלמיד", "price": "8.00 ₪", "note": ""}]}], "highlights": "מותרת – קשורים ברצועה וחסומים במחסום פה\nלמידע נוסף\nמצורפת חוברת הפעלה לכל המשפחה\nהקישו כאן\nפעילויות שניתן לקיים בגן לאומי מבצר נמרוד (קלעת נמרוד)\nלמידע נוסף\nהונגשו: חניה, בתי שימוש, פינת פיקניק מוצללת, שילוט הכוונה וזיהוי, מרפסת תצפית לנוף, שביל בטון שמקשר בין כל אלה ומאחזי יד לצד מדרגות.\nהמבצר העתיק נמצא בראש הרכס, שביל הגישה הקיים מפותל ותלול, לכן לא ניתן לבצע במבצר עבודות בינוי ותשתית מבלי לגרום לנזק משמעותי לעתיקות. הסעה בתחום האתר מהווה התאמת נגישות חלופית.\nלמידע נוסף\nלפרטים נוספים >>\nבמרכז השירות שלנו תוכלו למצוא:\nגלידות, שתיה קרה, שתיה חמה, מזון מהיר, חטיפים, מזכרות, ספרות, קרם הגנה, כובעים\nהמוצרים הינם בתשלום ובכפוף למלאי בחנויות.", "how_to_get": "על כביש על כביש 989 בין ק. שמונה לחרמון. 30 דקות מקריית שמונה.", "fetched_on": "2026-07-27"}}, {"type": "Feature", "geometry": {"type": "Point", "coordinates": [35.26641, 32.82256]}, "properties": {"id": "inpa-1895", "source_id": 1895, "operator": "inpa", "name_he": "שמורת טבע הר עצמון", "link": "https://www.parks.org.il/reserve-park/%d7%a9%d7%9e%d7%95%d7%a8%d7%aa-%d7%98%d7%91%d7%a2-%d7%94%d7%a8-%d7%a2%d7%a6%d7%9e%d7%95%d7%9f/", "phone": "", "hours": [], "hours_special": "", "prices": [], "highlights": "", "how_to_get": "", "fetched_on": "2026-07-27"}}, {"type": "Feature", "geometry": {"type": "Point", "coordinates": [35.22072, 32.99472]}, "properties": {"id": "inpa-1894", "source_id": 1894, "operator": "inpa", "name_he": "גן לאומי מבצר יחיעם", "link": "https://www.parks.org.il/reserve-park/%d7%92%d7%9f-%d7%9c%d7%90%d7%95%d7%9e%d7%99-%d7%9e%d7%91%d7%a6%d7%a8-%d7%99%d7%97%d7%99%d7%a2%d7%9d/", "phone": "‎ 04-8276600| למוקד המידע של רשות הטבע והגנים, באמצעות הווטס אפ – לחצו כאן או חייגו 3639*", "hours": [{"label": "קיץ א׳-ה׳", "open": "08:00", "close": "17:00"}, {"label": "קיץ שישי/ערב חג", "open": "08:00", "close": "16:00"}, {"label": "חורף א׳-ה׳", "open": "08:00", "close": "16:00"}, {"label": "חורף שישי/ערב חג", "open": "08:00", "close": "15:00"}], "hours_special": "שימו לב:\nהכניסה תתאפשר עד שעה לפני הסגירה.\nשימו לב: אם נרשמתם מראש, הגעתם לאתר ואין בו מקום פנוי – תתבקשו להציג בכניסה את האישור על \"תיאום מועד הביקור\" כדי להיכנס.", "prices": [{"title": "דמי כניסה", "rows": [{"type": "מבוגר", "price": "16.00 ₪", "note": ""}, {"type": "ילד", "price": "7.00 ₪", "note": ""}, {"type": "מבוגר בקבוצה (מעל 30 איש)", "price": "14.00 ₪", "note": ""}, {"type": "ילד בקבוצה (מעל 30 איש)", "price": "6.00 ₪", "note": ""}, {"type": "סטודנט", "price": "14.00 ₪", "note": ""}, {"type": "מילואים", "price": "12.00 ₪", "note": ""}, {"type": "חייל", "price": "ללא תשלום", "note": "חייל בשירות חובה / שירות לאומי / שירות אזרחי – כנגד הצגת תעודה ברת תוקף"}, {"type": "אזרח ותיק", "price": "8.00 ₪", "note": ""}, {"type": "תלמיד", "price": "6.00 ₪", "note": ""}]}], "highlights": "ניתן לעלות ברכב עד למבצר.\nהונגשו: חניה לרבות ליד המבצר, המבואה לרבות הקופה ואולם הקרנת הסרט, שבילי בטון/אספלט או עץ, בתי שימוש, פינות פיקניק מוצללות וברזיות, מאחזי יד במדרגות, שילוט הכוונה וזיהוי ושלטי מידע. במבצר הונגשו אולם העמודים, מרפסת תצפית לנוף, האולם העליון, ואולם מבואת המסגד.\nבחניון הלילה הונגשו: שירותים, פינת ישיבה, ושביל גישה לאוהל.\nלמידע נוסף – לחצו כאן\nמותרת – קשורים ברצועה וחסומים במחסום פה למידע נוסף\nקמפינג של אבירים: מתי בפעם האחרונה נרדמתם מול מבצר?\nלמידע נוסף\nמצורפת חוברת הפעלה לכל המשפחה\nהקישו כאן\nפעילויות שניתן לקיים בגן לאומי מבצר יחיעם\nלמידע נוסף\nמרחבי עבודה ולמידה בטבע – OPENפייס\nמחפשים פינת עבודה שקטה ונוחה?\nלקרוא וללמוד להנאתכם באויר הפתוח?\nלקיים פגישת עבודה בחיק הטבע?\nאו סתם להתאוורר במפגש חברתי?\nרשות הטבע והגנים מזמינה אתכם להתארח במרחבים הפתוחים בשמורות הטבע ובגנים הלאומיים\n לחצו כאן למציאת מרחבי עבודה באתרים נוספים >>\nמותר להדליק מנגל, אסור להדליק מדורה\nלפרטי", "how_to_get": "גן לאומי יחיעם שוכן בגליל המערבי, בחלקו הדרומי של קיבוץ יחיעם. הגישה לאתר מכביש נהריה-מעלות (כביש 89). כ-2.5 ק\"מ ממזרח לצומת כברי פונים דרומה (ימינה) לכביש הגישה לקיבוץ יחיעם (כביש 8833) ונוסעים בו כ-5 ק\"מ עד לקיבוץ ולמבצר.", "fetched_on": "2026-07-27"}}, {"type": "Feature", "geometry": {"type": "Point", "coordinates": [35.64797, 33.24485]}, "properties": {"id": "inpa-1892", "source_id": 1892, "operator": "inpa", "name_he": "שמורת טבע תל דן", "link": "https://www.parks.org.il/reserve-park/%d7%a9%d7%9e%d7%95%d7%a8%d7%aa-%d7%98%d7%91%d7%a2-%d7%aa%d7%9c-%d7%93%d7%9f/", "phone": "‎ 04-6951579 | למוקד המידע של רשות הטבע והגנים, באמצעות הווטס אפ – לחצו כאן או חייגו 3639*", "hours": [{"label": "קיץ א׳-ה׳", "open": "08:00", "close": "17:00"}, {"label": "קיץ שישי/ערב חג", "open": "08:00", "close": "16:00"}, {"label": "חורף א׳-ה׳", "open": "08:00", "close": "16:00"}, {"label": "חורף שישי/ערב חג", "open": "08:00", "close": "15:00"}], "hours_special": "שימו לב: אם נרשמתם מראש, הגעתם לאתר ואין בו מקום פנוי – תתבקשו להציג בכניסה את האישור על \"תיאום מועד הביקור\" כדי להיכנס.", "prices": [{"title": "דמי כניסה", "rows": [{"type": "מבוגר", "price": "31.00 ₪", "note": ""}, {"type": "ילד", "price": "16.00 ₪", "note": ""}, {"type": "מבוגר בקבוצה (מעל 30 איש)", "price": "26.00 ₪", "note": ""}, {"type": "ילד בקבוצה (מעל 30 איש)", "price": "14.00 ₪", "note": ""}, {"type": "סטודנט", "price": "26.00 ₪", "note": ""}, {"type": "מילואים", "price": "23.00 ₪", "note": ""}, {"type": "חייל", "price": "16.00 ₪", "note": "חייל בשירות חובה / שירות לאומי / שירות אזרחי – כנגד הצגת תעודה ברת תוקף"}, {"type": "אזרח ותיק", "price": "16.00 ₪", "note": ""}, {"type": "תלמיד", "price": "8.00 ₪", "note": ""}]}], "highlights": "קיים מדריך קולי בשפה פשוטה\nהונגשו: חניה, מבואה ומרכז שירות למטייל, בתי שימוש, שולחנות פיקניק וברזיות, שבילי בטון ועץ המובילים מהמבואה ועד למוקדי העניין העיקריים – שביל עץ צף שעובר בסבך הצמחייה עם נקודות תצפית וגשרונים מעל הנחל ומגיע עד לבריכות השכשוך בלב השמורה, שביל בטון מהמבואה ועד למרגלות עתיקות תל דן ושער אברהם.\nלאורך השבילים הונגשו פינות ישיבה למנוחה, שילוט הכוונה וזיהוי ושלטי הסבר ודגמים.\nבשל חשש לפגיעה בעתיקות, אין שביל נגיש אל טחנת הקמח, והשער הישראלי.\nשילוט הסבר מאויר ותכנית המבנה מהווים התאמת נגישות חלופית לטחנת הקמח.\nעמדות תצפית מונגשות מהוות התאמת נגישות חלופית לשער אברהם והשער הישראלי.\nלמידע נוסף – לחצו כאן\n קיים מדריך קולי בשפה פשוטה\nאסורה למידע נוסף\nמצורפת חוברת הפעלה לכל המשפחה הקישו כאן\nפעילויות שניתן לקיים בשמורת טבע תל דן למידע נוסף\nקיים מדריך קולי \nגם בשפה פשוטה, לחצו כאן >>\nהמדריך הקולי Trip-Talk משמש כמדריך מלווה למבקר העצמאי, המזמין לטייל בצורה חווייתית בתחנות המענ", "how_to_get": "על כביש 99 (קריית שמונה-מסעדה), כ- 11 ק\"מ מזרחית לצומת המצודות. בסמוך לקיבוץ דן", "fetched_on": "2026-07-27"}}, {"type": "Feature", "geometry": {"type": "Point", "coordinates": [34.91608, 32.54641]}, "properties": {"id": "inpa-1889", "source_id": 1889, "operator": "inpa", "name_he": "שמורת טבע נחל תנינים", "link": "https://www.parks.org.il/reserve-park/%d7%a9%d7%9e%d7%95%d7%a8%d7%aa-%d7%98%d7%91%d7%a2-%d7%a0%d7%97%d7%9c-%d7%aa%d7%a0%d7%99%d7%a0%d7%99%d7%9d/", "phone": "‎04-6265151 | למוקד המידע של רשות הטבע והגנים, באמצעות הווטס אפ – לחצו כאן או חייגו 3639*", "hours": [{"label": "קיץ א׳-ה׳", "open": "08:00", "close": "17:00"}, {"label": "קיץ שישי/ערב חג", "open": "08:00", "close": "16:00"}, {"label": "חורף א׳-ה׳", "open": "08:00", "close": "16:00"}, {"label": "חורף שישי/ערב חג", "open": "08:00", "close": "15:00"}], "hours_special": "שימו לב:\nאם נרשמתם מראש, הגעתם לאתר ואין בו מקום פנוי – תתבקשו להציג בכניסה את האישור על \"תיאום מועד הביקור\" כדי להיכנס.", "prices": [{"title": "נחל תנינים", "rows": [{"type": "מבוגר", "price": "24.00 ₪", "note": ""}, {"type": "ילד", "price": "10.00 ₪", "note": ""}, {"type": "מבוגר בקבוצה (מעל 30 איש)", "price": "20.00 ₪", "note": ""}, {"type": "ילד בקבוצה (מעל 30 איש)", "price": "9.00 ₪", "note": ""}, {"type": "סטודנט", "price": "20.00 ₪", "note": ""}, {"type": "מילואים", "price": "18.00 ₪", "note": ""}, {"type": "חייל", "price": "ללא תשלום", "note": "חייל בשירות חובה / שירות לאומי / שירות אזרחי – כנגד הצגת תעודה ברת תוקף"}, {"type": "אזרח ותיק", "price": "12.00 ₪", "note": ""}, {"type": "תלמיד", "price": "8.00 ₪", "note": ""}]}], "highlights": "הונגשו: החניה מחוץ לאתר – נכנסים ברגל, מבואה, חנות שירות למטייל, פינוק פיקניק וברזייה מוצללות, בתי שימוש שביל בטון מעגלי מהמבואה ועד לגדת הנחל ומשם עד לגשר העתיק הבנוי מעל הנחל, ספסלים על גדת הנחל, תצפית על הסכר ואמות המים, מאחזי יד במדרגות, שילוט הכוונה וזיהוי ושילוט הסבר. אחרי הגשר, המשך המסלול עשוי מצע מהודק.\nבכיתת הלימוד הונגשו: יש ספסלים וכסאות.\nאסורה\nלמידע נוסף\nפעילויות שניתן לקיים בשמורת טבע נחל תנינים\nלמידע נוסף\nלחצו כאן\nמרכז הדרכה כרמל\nMh.carmel@npa.org.il\n04-8276684\nמותר לשכשך במים – רק באמת המים\nלפרטים נוספים לחצו כאן >>\nלפרטים נוספים >>\nבמרכז השירות שלנו תוכלו למצוא:\nגלידות, שתיה קרה, מזכרות, ספרות, קרם הגנה, כובעים\nהמוצרים הינם בתשלום ובכפוף למלאי בחנויות\nכשיוצאים לטייל, הבחירה נתונה בידנו. לאן לטייל, עם מי לטייל והיכן לעצור ולתת לרגלים ולראש לנוח.\nבשבילים רבים אנו פוגשים ספסל באמצע הדרך ובדרך כלל המיקום של הספסל חייב להיות מושלם. כזה שיעביר לנו את החוויה בתצפית, בשיחה, במפג", "how_to_get": "נוסעים דרומה על כביש 4. לאחר שנעבור את צומת פארדיס נמשיך ישר ונעבור את פסי הרכבת. כק\"מ לאחר מכן פונים ימינה לכיוון מושב בית חנניה, ישנו במקום גם שילוט לנחל תנינים. ממשיכים ישר מערבה עד לפנייה ימינה. לאחר שפנינו נמשיך עם כביש זה עד לדרך עפר בה נפנה שוב ימינה אל השמורה עצמה.\nאו לרשום בוויז: שמורת טבע נחל תנינים", "fetched_on": "2026-07-27"}}, {"type": "Feature", "geometry": {"type": "Point", "coordinates": [35.56492, 32.91235]}, "properties": {"id": "inpa-1888", "source_id": 1888, "operator": "inpa", "name_he": "גן לאומי כורזים", "link": "https://www.parks.org.il/reserve-park/%d7%92%d7%9f-%d7%9c%d7%90%d7%95%d7%9e%d7%99-%d7%9b%d7%95%d7%a8%d7%96%d7%99%d7%9d/", "phone": "‎04-6934982 | למוקד המידע של רשות הטבע והגנים, באמצעות הווטס אפ – לחצו כאן או חייגו 3639*", "hours": [{"label": "קיץ א׳-ה׳", "open": "08:00", "close": "17:00"}, {"label": "קיץ שישי/ערב חג", "open": "08:00", "close": "16:00"}, {"label": "חורף א׳-ה׳", "open": "08:00", "close": "16:00"}, {"label": "חורף שישי/ערב חג", "open": "08:00", "close": "15:00"}], "hours_special": "שימו לב:\nאם נרשמתם מראש, הגעתם לאתר ואין בו מקום פנוי – תתבקשו להציג בכניסה את האישור על \"תיאום מועד הביקור\" כדי להיכנס.", "prices": [{"title": "דמי כניסה", "rows": [{"type": "מבוגר", "price": "24.00 ₪", "note": ""}, {"type": "ילד", "price": "10.00 ₪", "note": ""}, {"type": "מבוגר בקבוצה (מעל 30 איש)", "price": "20.00 ₪", "note": ""}, {"type": "ילד בקבוצה (מעל 30 איש)", "price": "9.00 ₪", "note": ""}, {"type": "סטודנט", "price": "20.00 ₪", "note": ""}, {"type": "מילואים", "price": "18.00 ₪", "note": ""}, {"type": "חייל", "price": "ללא תשלום", "note": "חייל בשירות חובה / שירות לאומי / שירות אזרחי – כנגד הצגת תעודה ברת תוקף"}, {"type": "אזרח ותיק", "price": "12.00 ₪", "note": ""}, {"type": "תלמיד", "price": "8.00 ₪", "note": ""}]}], "highlights": "מותרת – קשורים ברצועה וחסומים במחסום פה (אסורה בבית הכנסת)\nלמידע נוסף\nמצורפת חוברת הפעלה לכל המשפחה\nהקישו כאן\nפסיפס – טקסים בגן הלאומי\n\"חופרים בזמן\" בגן לאומי כורזים\nפעילויות שניתן לקיים בגן לאומי כורזים\nהונגשו: חניה, קופה, מרכז שירות למטייל, בתי שימוש, פינות פיקניק מוצללות, ברזיות, שביל בטון מהחניה ועד ללב אתר העתיקות לרבות בית הכנסת, מאחזי יד לצד מדרגות, שילוט הכוונה וזיהוי ושלטי הסבר.\nהשביל אל בית הבד וסביבתו וכן מסלול הטיול המעגלי עשויים מצע מהודק. השיפוע בשביל מתון.\nמרכז הדרכה גליל תחתון:\nטלפון 04-8276637\nמייל: mh-gt@npa.org.il\nמרחבי עבודה ולמידה בטבע – OPENפייס\nמחפשים פינת עבודה שקטה ונוחה?\nלקרוא וללמוד להנאתכם באויר הפתוח?\nלקיים פגישת עבודה בחיק הטבע?\nאו סתם להתאוורר במפגש חברתי?\nרשות הטבע והגנים מזמינה אתכם להתארח במרחבים הפתוחים בשמורות הטבע ובגנים הלאומיים\n לחצו כאן למציאת מרחבי עבודה באתרים נוספים >>\nלפרטים נוספים >>\nכשיוצאים לטייל, הבחירה נתונה בידנו. לאן לטייל, עם מי לטייל ו", "how_to_get": "על כביש 8277. בין צומת כורזים לאלמגור. 10 דקות מזרחית מצומת עמיעד.", "fetched_on": "2026-07-27"}}, {"type": "Feature", "geometry": {"type": "Point", "coordinates": [34.89353, 32.50177]}, "properties": {"id": "inpa-1887", "source_id": 1887, "operator": "inpa", "name_he": "גן לאומי קיסריה", "link": "https://www.parks.org.il/reserve-park/%d7%92%d7%9f-%d7%9c%d7%90%d7%95%d7%9e%d7%99-%d7%a7%d7%99%d7%a1%d7%a8%d7%99%d7%94/", "phone": "‎04-6267080 | למוקד המידע של רשות הטבע והגנים, באמצעות הווטס אפ – לחצו כאן או חייגו 3639*", "hours": [{"label": "קיץ א׳-ה׳", "open": "08:00", "close": "17:00"}, {"label": "קיץ שישי/ערב חג", "open": "08:00", "close": "16:00"}, {"label": "חורף א׳-ה׳", "open": "08:00", "close": "16:00"}, {"label": "חורף שישי/ערב חג", "open": "08:00", "close": "15:00"}], "hours_special": "שימו לב:\nמייצג \"חווית קיסריה\" (במתחם התיאטרון) ומיצג אינטראקטיבי \"כוכבי קיסריה\" (במתחם הנמל) טרם נפתחו לקהל המבקרים.\nאם נרשמתם מראש, הגעתם לאתר ואין בו מקום פנוי – תתבקשו להציג בכניסה את האישור על \"תיאום מועד הביקור\" כדי להיכנס.", "prices": [{"title": "דמי כניסה", "rows": [{"type": "מבוגר", "price": "46.00 ₪", "note": ""}, {"type": "ילד", "price": "27.00 ₪", "note": ""}, {"type": "מבוגר בקבוצה (מעל 30 איש)", "price": "39.00 ₪", "note": ""}, {"type": "ילד בקבוצה (מעל 30 איש)", "price": "23.00 ₪", "note": ""}, {"type": "סטודנט", "price": "39.00 ₪", "note": ""}, {"type": "מילואים", "price": "35.00 ₪", "note": ""}, {"type": "חייל", "price": "27.00 ₪", "note": "חייל בשירות חובה / שירות לאומי / שירות אזרחי – כנגד הצגת תעודה ברת תוקף"}, {"type": "אזרח ותיק", "price": "23.00 ₪", "note": ""}, {"type": "תלמיד", "price": "10.00 ₪", "note": ""}, {"type": "כניסה לנמל קיסריה", "price": "18.00 ₪", "note": ""}]}], "highlights": "מקומות החניה לבעלי רכב עם תג נכה נמצאים בשני קצות הגן הלאומי – בחניה נגישה במגרש החניה הפנימי מצפון לנמל, ובמגרש החניה הדרומי מחוץ לגן הלאומי צמוד לשער הכניסה לתיאטרון.\n• במתחם הנמל הונגשו: חניה, קופה, שבילי בטון או עץ מהכניסות לגן הלאומי ועד למוקדי העניין, מאחזי יד במדרגות, מרפסות תצפית לים ולעתיקות, בתי שימוש, סככות צל, שילוט הכוונה וזיהוי ושלטי מידע, מרכז המבקרים, חנויות, בתי קפה ומסעדות. מאמץ מיוחד הושקע בנגישות של התערוכה במרכז המבקרים החדש, הכוללת בין היתר מערכות עזר לשמיעה וכתוביות בסרטים.\n• במתחם ההיפודרום והתיאטרון הרומי הונגשו: שבילי בטון ועץ, תצפית לעתיקות ולים, כניסה לעתיקות (ככל הניתן בהתחשב ברגישות של העתיקות), ברזיות, מקומות ישיבה מוצללים ובתי שימוש\nשתי כניסות ושלושה מתחמים עיקריים:\nמתחם הנמל:\nחניה נגישה: מקומות חניה נגישים בכניסה לנמל ובחניה הפנימית.\nמתקני האתר: קופה נגישה כולל מתקן למוגבלי שמיעה שבילי בטון או עץ ומדרכות מכניסה לגן עד למוקדי ענין מאחזי יד במדרגות, מרפסת ת", "how_to_get": "סמוך לכביש החוף, ליד היישובים קיסריה, שדות ים וממערב לאור עקיבא.\nהגעה מכביש החוף דרך המחלף שליד תחנת הכח \"אורות רבין\" ומהכביש הישן כנ\"ל או דרך אור עקיבא.", "fetched_on": "2026-07-27"}}, {"type": "Feature", "geometry": {"type": "Point", "coordinates": [35.49932, 32.66788]}, "properties": {"id": "inpa-1885", "source_id": 1885, "operator": "inpa", "name_he": "שמורת טבע אלות סירין", "link": "https://www.parks.org.il/reserve-park/%d7%a9%d7%9e%d7%95%d7%a8%d7%aa-%d7%98%d7%91%d7%a2-%d7%90%d7%9c%d7%95%d7%aa-%d7%a1%d7%99%d7%a8%d7%99%d7%9f/", "phone": "", "hours": [], "hours_special": "האתר פתוח בשעות היום", "prices": [], "highlights": "", "how_to_get": "שמורת טבע אלות סירין נמצאת במזרח הגליל התחתון, ממזרח לכפר קיש.", "fetched_on": "2026-07-27"}}, {"type": "Feature", "geometry": {"type": "Point", "coordinates": [34.92634, 32.63935]}, "properties": {"id": "inpa-1884", "source_id": 1884, "operator": "inpa", "name_he": "שמורת טבע חוף דור הבונים", "link": "https://www.parks.org.il/reserve-park/%d7%a9%d7%9e%d7%95%d7%a8%d7%aa-%d7%98%d7%91%d7%a2-%d7%97%d7%95%d7%a3-%d7%93%d7%95%d7%a8-%d7%94%d7%91%d7%95%d7%a0%d7%99%d7%9d/", "phone": "‎04-8252266 | למוקד המידע של רשות הטבע והגנים, באמצעות הווטס אפ – לחצו כאן או חייגו 3639*", "hours": [], "hours_special": "החל ממעבר לשעון חורף השמורה תיסגר בשעה 17:00, כניסה אחרונה בשעה 16:00\nחודשי החורף (אוקטובר – מרץ):\nבחודש אוקטובר: 8:00 – 19:00, ניתן להיכנס עד השעה 18:00\nבערב ראש השנה ובערב כיפור – כניסה אחרונה עד השעה 13:00, סגירה 14:00\nמנובמבר עד מרץ: בימים ראשון עד שבת: 8:00 – 17:00, ניתן להיכנס עד השעה 16:00\nחודשי קיץ (אפריל – אוקטובר)\nשעות פתיחה: 8:00 – 20:00\nשעות הרחצה בהם יפעלו סוכות ההצלה:\nבחודשים אפריל עד יוני 8:00 – 17:00\nבחודשים יולי – אוגוסט 8:00 – 18:00\nבחודשים ספטמבר – אוקטובר: 8:00 – 17:00\nבאוקטובר מסתיימת עונת הרחצה\n שימו לב:\nהחל משנת 2019, הלינה בתחומי השמורה לא אפשרית, עקב תהליך הסדרה תכנונית שנדרשת למקום.", "prices": [{"title": "דמי כניסה", "rows": [{"type": "מבוגר", "price": "24.00 ₪", "note": ""}, {"type": "ילד", "price": "10.00 ₪", "note": ""}, {"type": "מבוגר בקבוצה (מעל 30 איש)", "price": "20.00 ₪", "note": ""}, {"type": "ילד בקבוצה (מעל 30 איש)", "price": "9.00 ₪", "note": ""}, {"type": "סטודנט", "price": "20.00 ₪", "note": ""}, {"type": "מילואים", "price": "18.00 ₪", "note": ""}, {"type": "חייל", "price": "ללא תשלום", "note": "חייל בשירות חובה / שירות לאומי / שירות אזרחי – כנגד הצגת תעודה ברת תוקף"}, {"type": "אזרח ותיק", "price": "12.00 ₪", "note": ""}, {"type": "תלמיד", "price": "8.00 ₪", "note": ""}]}], "highlights": "אסורה\nלמידע נוסף\nמצורפת חוברת הפעלה לכל המשפחה\nהקישו כאן\nבחוף הרחצה הונגשו: חניה, מרכז שירות למטייל לרבות שולחנות פיקניק וברזיות בסככה מרוצפת, בתי שימוש ומלתחות, תחנת עזרה ראשונה, מקלחות חוף, שילוט הכוונה והתמצאות.\nשביל דק עץ מהחנייה עד לרחבת הכניסה לחוף הרחצה. מהרחבה לקו המים ניתן להשתמש בכיסא מיוחד המותאם לנסיעה על החול. את הכיסא ניתן לקבל באמצעות פניה לאנשי הצוות בשמורה או לעובד הקופה בכניסה לאתר.\nמרכז הדרכה כרמל\nMh.carmel@npa.org.il\n04-8276684\nהרחצה מותרת בעונת הרחצה ובחוף המוכרז בנוכחות שירותי הצלה בלבד\nלפרטים נוספים לחצו כאן >>\nאסורה הדלקת אש בחצאי חביות, אלא אך ורק במנגלים ועל גבי שולחנות ייעודיים לכך בתחום המותר\nלפרטים לחצו כאן >>\nבמרכז השירות שלנו תוכלו למצוא:\nגלידות, שתיה קרה, שתיה חמה, מזון מהיר, חטיפים, מזכרות, ספרות, קרם הגנה, כובעים\nהמוצרים הינם בתשלום ובכפוף למלאי בחנויות.\nכשיוצאים לטייל, הבחירה נתונה בידנו. לאן לטייל, עם מי לטייל והיכן לעצור ולתת לרגלים ולראש לנוח.\nבשבילי", "how_to_get": "נוסעים בכביש החוף הישן (מספר 4 ) עד צומת הבונים , ופונים מערבה למושב הבונים (המעבר בגשר מעל כביש החוף) . בכניסה למושב יורדים ימינה לדרך עפר, ופונים שמאלה בצומת השטים עד הכביש. בכביש פונים ימינה, חוצים בזהירות את פסי הרכבת ומשם ממשיכים לדרך העפר ולמגרש החניה הסמוך לחוף.\nאפשרות נוספת:\nנוסעים בכביש החוף (כביש מספר 2) הבאים מדרום יפנו מזרחה במחלף זכרון יעקב , וימשיכו עד צומת פורידיס (כביש מספר 4) הבאים מצפון יפנו במחלף עתלית וימשיכו עד צומת אורן (כביש מספר 4) ומשם לכניסה למושב.", "fetched_on": "2026-07-27"}}, {"type": "Feature", "geometry": {"type": "Point", "coordinates": [35.50025, 32.50058]}, "properties": {"id": "inpa-1883", "source_id": 1883, "operator": "inpa", "name_he": "גן לאומי בית שאן", "link": "https://www.parks.org.il/reserve-park/%d7%92%d7%9f-%d7%9c%d7%90%d7%95%d7%9e%d7%99-%d7%91%d7%99%d7%aa-%d7%a9%d7%90%d7%9f/", "phone": "04-6481122, ללילות שאן – יש להתקשר בין השעות 08:00 – 16:00. בימים א', עד ה' ,\nלמוקד המידע של רשות הטבע והגנים, באמצעות הווטס אפ – לחצו כאן או חייגו 3639* שלוחה 6", "hours": [{"label": "קיץ א׳-ה׳", "open": "08:00", "close": "17:00"}, {"label": "קיץ שישי/ערב חג", "open": "08:00", "close": "16:00"}, {"label": "חורף א׳-ה׳", "open": "08:00", "close": "16:00"}, {"label": "חורף שישי/ערב חג", "open": "08:00", "close": "15:00"}], "hours_special": "שימו לב:\nאם נרשמתם מראש, הגעתם לאתר ואין בו מקום פנוי – תתבקשו להציג בכניסה את האישור על \"תיאום מועד הביקור\" כדי להיכנס.\nשעות פתיחה מיוחדות בפסח תשפ\"ה 2025 \nפעילות האימפריה חוזרת בחול המועד פסח, בימים שני ושלישי 14-15.4 בשעות: 18:00 – 22:3", "prices": [{"title": "דמי כניסה", "rows": [{"type": "מבוגר", "price": "31.00 ₪", "note": ""}, {"type": "ילד", "price": "16.00 ₪", "note": ""}, {"type": "מבוגר בקבוצה (מעל 30 איש)", "price": "26.00 ₪", "note": ""}, {"type": "ילד בקבוצה (מעל 30 איש)", "price": "14.00 ₪", "note": ""}, {"type": "סטודנט", "price": "26.00 ₪", "note": ""}, {"type": "מילואים", "price": "23.00 ₪", "note": ""}, {"type": "חייל", "price": "16.00 ₪", "note": "חייל בשירות חובה / שירות לאומי / שירות אזרחי – כנגד הצגת תעודה ברת תוקף"}, {"type": "אזרח ותיק", "price": "16.00 ₪", "note": ""}, {"type": "תלמיד", "price": "8.00 ₪", "note": ""}]}, {"title": "חיזיון אור קולי", "rows": [{"type": "מבוגר", "price": "55.00 ₪", "note": ""}, {"type": "ילד", "price": "45.00 ₪", "note": ""}, {"type": "מנוי", "price": "28.00 ₪", "note": ""}, {"type": "אזרח ותיק", "price": "28.00 ₪", "note": ""}, {"type": "סטודנט", "price": "45.00 ₪", "note": ""}, {"type": "חייל בשירות חובה", "price": "45.00 ₪", "note": ""}]}], "highlights": "הונגשו: חניות, מערך כניסה הכולל בית שימוש, חנות מזכרות ומזנון. אתר העתיקות מונגש חלקית בלבד. חלק מהתיאטרון הרומי כולל תחנת שמע מותאמת ללקויי שמיעה, בית המרחץ ורחובות העיר הרומית המשוחזרים. גישה לסרט הפתיחה למופע \"לילות שאן\".\nמותרת – קשורים ברצועה וחסומים במחסום פה למידע נוסף\nמצורפת חוברת הפעלה לכל המשפחה הקישו כאן\nפעילויות שניתן לקיים בגן לאומי בית שאן למידע נוסף\nלילות שאן – חוויה לילית קסומה\nמרכז הדרכה גליל תחתון:\nטלפון 04-8276637\nמייל: mh-gt@npa.org.il\nלפרטים נוספים >>\nבמרכז השירות שלנו תוכלו למצוא:\nגלידות, שתיה קרה, שתיה חמה, מזון מהיר, חטיפים, מזכרות, ספרות, קרם הגנה, כובעים\nהמוצרים הינם בתשלום ובכפוף למלאי בחנויות.\nכשיוצאים לטייל, הבחירה נתונה בידנו. לאן לטייל, עם מי לטייל והיכן לעצור ולתת לרגלים ולראש לנוח.\nבשבילים רבים אנו פוגשים ספסל באמצע הדרך ובדרך כלל המיקום של הספסל חייב להיות מושלם. כזה שיעביר לנו את החוויה בתצפית, בשיחה, במפגש ובחיבור למקום כך שיהיה מדויק לחוויית הביקור במק", "how_to_get": "הגן הלאומי נמצא בתוך העיר בית שאן, בכניסות לעיר שלטי הכוונה אל האתר קו 412 מירושלים לעפולה לפרטים מודיעין אגד", "fetched_on": "2026-07-27"}}, {"type": "Feature", "geometry": {"type": "Point", "coordinates": [35.63284, 33.22093]}, "properties": {"id": "inpa-1882", "source_id": 1882, "operator": "inpa", "name_he": "גן לאומי חורשת טל", "link": "https://www.parks.org.il/reserve-park/%d7%92%d7%9f-%d7%9c%d7%90%d7%95%d7%9e%d7%99-%d7%97%d7%95%d7%a8%d7%a9%d7%aa-%d7%98%d7%9c/", "phone": "‎04-6942440 | 04-6942360 | למוקד המידע של רשות הטבע והגנים, באמצעות הווטס אפ – לחצו כאן או חייגו 3639*", "hours": [{"label": "קיץ א׳-ה׳", "open": "08:00", "close": "17:00"}, {"label": "קיץ שישי/ערב חג", "open": "08:00", "close": "16:00"}, {"label": "חורף א׳-ה׳", "open": "08:00", "close": "16:00"}, {"label": "חורף שישי/ערב חג", "open": "08:00", "close": "15:00"}], "hours_special": "בחג ובחול המועד סוכות: אין שינוי בשעות הפעילות, יום אחרי הושענה סוכת נסגרת הבריכה.\nשימו לב: אם נרשמתם מראש, הגעתם לאתר ואין בו מקום פנוי – תתבקשו להציג בכניסה את האישור על \"תיאום מועד הביקור\" כדי להיכנס.", "prices": [{"title": "דמי כניסה", "rows": [{"type": "מבוגר", "price": "46.00 ₪", "note": "מגיל 14"}, {"type": "ילד", "price": "27.00 ₪", "note": "גיל 5-14"}, {"type": "מבוגר בקבוצה (מעל 30 איש)", "price": "39.00 ₪", "note": "מגיל 14"}, {"type": "ילד בקבוצה (מעל 30 איש)", "price": "23.00 ₪", "note": "גיל 5-14"}, {"type": "סטודנט", "price": "39.00 ₪", "note": ""}, {"type": "מילואים", "price": "35.00 ₪", "note": ""}, {"type": "חייל", "price": "27.00 ₪", "note": "חייל בשירות חובה / שירות לאומי / שירות אזרחי – כנגד הצגת תעודה ברת תוקף"}, {"type": "אזרח ותיק", "price": "23.00 ₪", "note": ""}]}], "highlights": "אסורה\nלמידע נוסף\nשלווה גלילית: גיבוש משפחתי בלתי נשכח לצד פלגי המים\nלמידע נוסף\nפעילויות שניתן לקיים בגן לאומי חורשת טל\nלמידע נוסף\nהונגשו: חניה, מבואה, מרכז שירות למטייל, בתי שימוש ומלתחות, שבילי אספלט שמקשרים את המבואה עם הליבה של חורשת טל, דק עץ עם שולחנות פיקניק נגישים ואזורי ישיבה מוצללים, ברזיות, רמפת כניסה לאדם עם מאחזי יד משני צדדיה, מאחזי יד במדרגות, שילוט הכוונה וזיהוי ושילוט מידע.\nלמידע נוסף – לחצו כאן\nמותרת שחייה וכניסה למים בבריכה, ושכשוך בחניון הלילה,\nלפרטים נוספים לחצו כאן >>\nמותר להדליק מנגל, אסור להדליק מדורה\nלפרטים נוספים >>\nבמרכז השירות שלנו תוכלו למצוא:\nגלידות, שתיה קרה, שתיה חמה, מזון מהיר, חטיפים, מזכרות, ספרות, קרם הגנה, כובעים, ציוד מים, שימורים, מוצרי קמפינג, פחמים\nהמוצרים הינם בתשלום ובכפוף למלאי בחנויות.\nכשיוצאים לטייל, הבחירה נתונה בידנו. לאן לטייל, עם מי לטייל והיכן לעצור ולתת לרגלים ולראש לנוח.\nבשבילים רבים אנו פוגשים ספסל באמצע הדרך ובדרך כלל המיקום של הספסל ", "how_to_get": "על כביש 99 (צפונית מזרחית לקריית שמונה). כ- 5 ק\"מ מזרחית לצומת המצודות.", "fetched_on": "2026-07-27"}}, {"type": "Feature", "geometry": {"type": "Point", "coordinates": [35.57438, 32.8807]}, "properties": {"id": "inpa-1881", "source_id": 1881, "operator": "inpa", "name_he": "גן לאומי כפר נחום", "link": "https://www.parks.org.il/reserve-park/%d7%92%d7%9f-%d7%9c%d7%90%d7%95%d7%9e%d7%99-%d7%9b%d7%a4%d7%a8-%d7%a0%d7%97%d7%95%d7%9d/", "phone": "‎04-6793865", "hours": [{"label": "קיץ א׳-ה׳", "open": "08:00", "close": "16:00"}, {"label": "קיץ שישי/ערב חג", "open": "13:00", "close": "15:00"}, {"label": "חורף א׳-ה׳", "open": "08:00", "close": "16:00"}, {"label": "חורף שישי/ערב חג", "open": "08:00", "close": "15:00"}], "hours_special": "שימו לב:\nהכניסה למבואת הטרמינל אינה בתשלום וללא תיאום ביקור.\nכניסה לכנסיות יש לתאם מול הכנסיה הרלוונטית", "prices": [], "highlights": "פעילויות שניתן לקיים בגן לאומי כפר נחום\nמידע נוסף\nהחניה מחוץ לגן הלאומי, קרוב לשער הכניסה. מהחניה הנגישה יש שביל מרוצף נגיש עד לכניסה לגן הלאומי.\nהונגשו: שער הכניסה, רחבת מבואה מרוצפת, שבילי בטון, בתי שימוש, ברזיות, פינת ישיבה מוצללת, מאחזי יד במדרגות ושילוט הכוונה וזיהוי.\nהחניה בתוך הגן לאומי, ממש בסמוך לחניה יש שביל מרוצף ומונגש שנכנס לגן לאומי.\nבאתר יש בית קפה ומסעדה מונגשים, בתי שימוש ברזיות פינות ישיבה מוצללות, מאחזי יד במדרגות ושילוט הכוונה וזיהוי.\nמידע נוסף >>\nלפרטים נוספים לחצו כאן >>\nלפרטים נוספים >>", "how_to_get": "כפר נחום שוכן בצפון-מערב הכנרת. בצומת כפר נחום, השוכן בכביש טבריה – ראש פינה (כביש מס' 90) פונים מזרחה לכביש 87. אתר כפר נחום נמצא ארבעה ק\"מ מהצומת.\nניתן להגיע לכפר נחום גם מהכביש המזרחי של הכנרת (כביש 92).\nשימו לב: החניה מחוץ לגן הלאומי, קרוב לשער הכניסה. מהחניה יש שביל מרוצף עד לכניסה לגן הלאומי.", "fetched_on": "2026-07-27"}}, {"type": "Feature", "geometry": {"type": "Point", "coordinates": [35.42758, 32.51881]}, "properties": {"id": "inpa-1880", "source_id": 1880, "operator": "inpa", "name_he": "גן לאומי בית אלפא", "link": "https://www.parks.org.il/reserve-park/%d7%92%d7%9f-%d7%9c%d7%90%d7%95%d7%9e%d7%99-%d7%91%d7%99%d7%aa-%d7%90%d7%9c%d7%a4%d7%90/", "phone": "‎04-6532004 | למוקד המידע של רשות הטבע והגנים, באמצעות הווטס אפ – לחצו כאן או חייגו 3639*", "hours": [{"label": "קיץ א׳-ה׳", "open": "08:00", "close": "17:00"}, {"label": "קיץ שישי/ערב חג", "open": "08:00", "close": "16:00"}, {"label": "חורף א׳-ה׳", "open": "08:00", "close": "16:00"}, {"label": "חורף שישי/ערב חג", "open": "08:00", "close": "15:00"}], "hours_special": "שימו לב:\nאם נרשמתם מראש, הגעתם לאתר ואין בו מקום פנוי – תתבקשו להציג בכניסה את האישור על \"תיאום מועד הביקור\" כדי להיכנס.", "prices": [{"title": "דמי כניסה", "rows": [{"type": "מבוגר", "price": "24.00 ₪", "note": ""}, {"type": "ילד", "price": "10.00 ₪", "note": ""}, {"type": "מבוגר בקבוצה (מעל 30 איש)", "price": "20.00 ₪", "note": ""}, {"type": "ילד בקבוצה (מעל 30 איש)", "price": "9.00 ₪", "note": ""}, {"type": "סטודנט", "price": "20.00 ₪", "note": ""}, {"type": "מילואים", "price": "18.00 ₪", "note": ""}, {"type": "חייל", "price": "ללא תשלום", "note": "חייל בשירות חובה / שירות לאומי / שירות אזרחי – כנגד הצגת תעודה ברת תוקף"}, {"type": "אזרח ותיק", "price": "12.00 ₪", "note": ""}, {"type": "תלמיד", "price": "8.00 ₪", "note": ""}]}], "highlights": "הונגשו: חניה, מבואה ומרכז שירות למטייל, רחבת התכנסות מוצללת ובה שלטי מידע ודגם של בית הכנסת, בתי שימוש, אולם בית הכנסת העתיק לרבות מקומות ישיבה והמיצג האור–קולי שמוקרן בו, ברזיה, מאחזי יד במדרגות ושילוט הכוונה וזיהוי.\nהתאמות הנגישות שבוצעו בשירות כוללות, בין היתר:\nמערכת שמע בקופה.\nניתן לבקש סיוע בהתמצאות וקבלת מידע.\nפטור מתשלום דמי כניסה למלווה של אדם עם מוגבלות המחזיק בתעודה מתאימה.\nהפטור מותנה בכך שהמלווה נוכח במקום מתן השירות עם האדם עם המוגבלות.\nהתאמות במערכת הכריזה – לבקשת אדם עם מוגבלות שמיעה, מידע הנמסר במערכת הכריזה הקולית ימסר לאותו אדם במסרון.\nלצורך כך יש ליידע את הקופאית ולמסור לה את מספר הטלפון הנייד שבאמצעותו ימסר המידע.\nאסורה\nלמידע נוסף\nפסיפס – טקסים בגן הלאומי\nפעילויות שניתן לקיים בגן לאומי בית אלפא\nקיים מדריך קולי גם בשפה פשוטה, לחצו כאן >>\nהמדריך הקולי Trip-Talk משמש כמדריך מלווה למבקר העצמאי, המזמין לטייל בצורה חווייתית בתחנות המעניינות של האתר. בכל תחנה מופיע קוד, שסרי", "how_to_get": "בתוך קיבוץ חפציבה. על כביש 669 בין צומת השיטה לבית שאן.\nכ- 10 דקות מערבית מבית שאן.\nקו 412 מבית שאן לעפולה -פרטים במודיעין אגד.", "fetched_on": "2026-07-27"}}, {"type": "Feature", "geometry": {"type": "Point", "coordinates": [35.51912, 32.59508]}, "properties": {"id": "inpa-1879", "source_id": 1879, "operator": "inpa", "name_he": "גן לאומי כוכב הירדן", "link": "https://www.parks.org.il/reserve-park/%d7%92%d7%9f-%d7%9c%d7%90%d7%95%d7%9e%d7%99-%d7%9b%d7%95%d7%9b%d7%91-%d7%94%d7%99%d7%a8%d7%93%d7%9f/", "phone": "‎04-6581766 | למוקד המידע של רשות הטבע והגנים, באמצעות הווטס אפ – לחצו כאן או חייגו 3639*", "hours": [{"label": "קיץ א׳-ה׳", "open": "08:00", "close": "17:00"}, {"label": "קיץ שישי/ערב חג", "open": "08:00", "close": "16:00"}, {"label": "חורף א׳-ה׳", "open": "08:00", "close": "16:00"}, {"label": "חורף שישי/ערב חג", "open": "08:00", "close": "15:00"}], "hours_special": "שעות פתיחה מיוחדות בפסח תשפ\"ה 2025 \nבימים שישי ושבת 18-19.4 האתר ייפתח בשעה 5:30 בבוקר\nשימו לב:\nאם נרשמתם מראש, הגעתם לאתר ואין בו מקום פנוי – תתבקשו להציג בכניסה את האישור על \"תיאום מועד הביקור\" כדי להיכנס.", "prices": [{"title": "דמי כניסה", "rows": [{"type": "מבוגר", "price": "24.00 ₪", "note": ""}, {"type": "ילד", "price": "10.00 ₪", "note": ""}, {"type": "מבוגר בקבוצה (מעל 30 איש)", "price": "20.00 ₪", "note": ""}, {"type": "ילד בקבוצה (מעל 30 איש)", "price": "9.00 ₪", "note": ""}, {"type": "סטודנט", "price": "20.00 ₪", "note": ""}, {"type": "מילואים", "price": "18.00 ₪", "note": ""}, {"type": "חייל", "price": "ללא תשלום", "note": "חייל בשירות חובה / שירות לאומי / שירות אזרחי – כנגד הצגת תעודה ברת תוקף"}, {"type": "אזרח ותיק", "price": "12.00 ₪", "note": ""}, {"type": "תלמיד", "price": "8.00 ₪", "note": ""}]}], "highlights": "מותרת – קשורים ברצועה וחסומים במחסום פה\nלמידע נוסף\nגבוה מעל כולם: חיבור אמיתי מול נוף עוצר נשימה ומבצר המסעיר את הדימיון\nלמידע נוסף\nחוברת הפעלה לכל המשפחה – לחצו כאן>>\nהרפתקה בגן שומר טבע, גן לאומי כוכב הירדן, בעקבות צמחים בסכנת הכחדה >>\nפעילויות שניתן לקיים בגן לאומי כוכב הירדן\nלמידע נוסף\nקיים מדריך קולי בשפה פשוטה, לחצו כאן >>\nהונגשו: חניה, מבואה, בתי שימוש, פינות פיקניק מוצללות וברזיות, שביל אספלט מהחניה ועד לתוך המבצר, נקודות תצפית, מאחזי יד במדרגות ושילוט הכוונה וזיהוי. שביל האספלט נושק לגן פסלי תומרקין ועובר במרבית נקודות העניין במבצר.\nקיים מדריך קולי גם בשפה פשוטה, לחצו כאן >>\nהמדריך הקולי Trip-Talk משמש כמדריך מלווה למבקר העצמאי, המזמין לטייל בצורה חווייתית בתחנות המעניינות של האתר. בכל תחנה מופיע קוד, שסריקתו באמצעות הטלפון הנייד מאפשרת שמיעת קטע קצר המוגש בצורה חווייתית ומרתקת.\nמרכז הדרכה גליל תחתון:\nטלפון 04-8276637\nמייל: mh-gt@npa.org.il\nבמרכז השירות שלנו תוכלו למצוא:\nגלידות,", "how_to_get": "בכביש 90 (בית שאן – טבריה) פונים לכביש 717 כ- 15 ק\"מ צפונית מבית שאן.", "fetched_on": "2026-07-27"}}, {"type": "Feature", "geometry": {"type": "Point", "coordinates": [35.35872, 32.55072]}, "properties": {"id": "inpa-1878", "source_id": 1878, "operator": "inpa", "name_he": "גן לאומי מעיין חרוד", "link": "https://www.parks.org.il/reserve-park/%d7%92%d7%9f-%d7%9c%d7%90%d7%95%d7%9e%d7%99-%d7%9e%d7%a2%d7%99%d7%99%d7%9f-%d7%97%d7%a8%d7%95%d7%93/", "phone": "‎04-6532211 | למוקד המידע של רשות הטבע והגנים, באמצעות הווטס אפ – לחצו כאן או חייגו 3639*", "hours": [{"label": "קיץ א׳-ה׳", "open": "08:00", "close": "17:00"}, {"label": "קיץ שישי/ערב חג", "open": "08:00", "close": "16:00"}, {"label": "חורף א׳-ה׳", "open": "08:00", "close": "16:00"}, {"label": "חורף שישי/ערב חג", "open": "08:00", "close": "15:00"}], "hours_special": "בחג ובחול המועד סוכות: אין שינוי בשעות הפעילות\nשימו לב: אם נרשמתם מראש, הגעתם לאתר ואין בו מקום פנוי – תתבקשו להציג בכניסה את האישור על \"תיאום מועד הביקור\" כדי להיכנס.", "prices": [{"title": "דמי כניסה", "rows": [{"type": "מבוגר", "price": "40.00 ₪", "note": ""}, {"type": "ילד", "price": "25.00 ₪", "note": ""}, {"type": "מבוגר בקבוצה (מעל 30 איש)", "price": "34.00 ₪", "note": ""}, {"type": "ילד בקבוצה (מעל 30 איש)", "price": "21.00 ₪", "note": ""}, {"type": "סטודנט", "price": "34.00 ₪", "note": ""}, {"type": "מילואים", "price": "30.00 ₪", "note": ""}, {"type": "חייל", "price": "25.00 ₪", "note": "חייל בשירות חובה / שירות לאומי / שירות אזרחי – כנגד הצגת תעודה ברת תוקף"}, {"type": "אזרח ותיק", "price": "20.00 ₪", "note": ""}, {"type": "תלמיד", "price": "10.00 ₪", "note": ""}]}], "highlights": "באזור הנופש הונגשו: חניה, המבואה, בתי שימוש, שבילי בטון עד לחניון הלילה, בריכות השכשוך ומערת גדעון (הדרך המונגשת למערת גדעון מתחילה בחניון הקראוונים), פינות פיקניק מוצללות וברזיות, מאחזי יד במדרגות, גשרונים ורמפות לרבות בכניסה לבריכות השכשוך, שילוט הכוונה וזיהוי ושלטי מידע.\nבחניון הלילה הונגשו: חניה לרבות בסמוך לאזור הקרוונים, שבילי בטון, בתי שימוש מקלחות ומלתחות, מטבח שדה ושולחנות פיקניק.\nמותרת – קשורים ברצועה וחסומים במחסום פה\nאסורה בחניון הלילה .\nלמידע נוסף על הכנסת כלבים\nקמפינג פלוס טבילה: לינת שטח מפנקת למרגלות הגלבוע\nלמידע נוסף על קמפינג\nפעילויות שניתן לקיים בגן לאומי מעיין חרוד\nלמידע נוסף על פעילויות\nמרכז הדרכה גליל תחתון:\nטלפון 04-8276637\nמייל: mh-gt@npa.org.il\nמותר לשכשך במים\nלפרטים נוספים לחצו כאן >>\nמותר להדליק מנגל ומדורה\nלפרטים לחצו כאן >>\nבמרכז השירות שלנו תוכלו למצוא:\nגלידות, שתיה קרה, שתיה חמה, מזון מהיר, חטיפים, מזכרות, ספרות, קרם הגנה, כובעים, ציוד מים, שימורים, מוצרי ק", "how_to_get": "בין עפולה לבית שאן, על כביש 71. כעשרה ק\"מ מעפולה יש לפנות לכיוון גדעונה (לעלות על הגשר). אפשרות נוספת לנסוע בכביש 675 מצומת הסרגל (התענכים) לצומת נבות ולאחר קילומטר נוסף לפנות למעיין חרוד.", "fetched_on": "2026-07-27"}}, {"type": "Feature", "geometry": {"type": "Point", "coordinates": [35.01669, 32.75397]}, "properties": {"id": "inpa-1877", "source_id": 1877, "operator": "inpa", "name_he": "שמורת טבע חי בר בכרמל", "link": "https://www.parks.org.il/reserve-park/%d7%a9%d7%9e%d7%95%d7%a8%d7%aa-%d7%98%d7%91%d7%a2-%d7%97%d7%99-%d7%91%d7%a8-%d7%91%d7%9b%d7%a8%d7%9e%d7%9c/", "phone": "‎04-8320648 | למוקד המידע של רשות הטבע והגנים, באמצעות הווטס אפ – לחצו כאן או חייגו 3639*", "hours": [], "hours_special": "הכניסה לשמורה נסגרת שעה לפני השעות הרשומות\nשעון קיץ: בימים א' – ה' ושבת: 17:00 – 08:00\nבימי שישי וערבי חג 16:00 – 08:00\nשעון חורף: בימים א' – ה' ושבת: 16:00 – 08:00\nבימי שישי וערבי חג 15:00 – 08:00\nבערב ראש השנה ובערב פסח 13:00 – 08:00\nבערב יום כיפור 13:00 – 08:00\nשימו לב:\nאם נרשמתם מראש, הגעתם לאתר ואין בו מקום פנוי – תתבקשו להציג בכניסה את האישור על מועד הביקור", "prices": [{"title": "דמי כניסה", "rows": [{"type": "מבוגר", "price": "24.00 ₪", "note": ""}, {"type": "ילד", "price": "10.00 ₪", "note": ""}, {"type": "מבוגר בקבוצה (מעל 30 איש)", "price": "20.00 ₪", "note": ""}, {"type": "ילד בקבוצה (מעל 30 איש)", "price": "9.00 ₪", "note": ""}, {"type": "סטודנט", "price": "20.00 ₪", "note": ""}, {"type": "מילואים", "price": "18.00 ₪", "note": ""}, {"type": "חייל", "price": "ללא תשלום", "note": "חייל בשירות חובה / שירות לאומי / שירות אזרחי – כנגד הצגת תעודה ברת תוקף"}, {"type": "אזרח ותיק", "price": "12.00 ₪", "note": ""}, {"type": "תלמיד", "price": "8.00 ₪", "note": ""}]}], "highlights": "אסורה\nלמידע נוסף\nהונגשו: חניה, מרכז מבקרים, בית שימוש, שבילים עשויים אספלט, עץ, מרצפות אבן, ומצע מהודק, מרפסות תצפית לנוף, עמדות צפייה בבעלי החיים, סככות צל, שילוט הכוונה וזיהוי, שלטי מידע ואמצעי המחשה.\nהצטרפו אלינו לקבוצת המתנדבים בסיוע בטיפול בדורסים בשמורת טבע חי בר כרמל. \nלפרטים לחצו כאן>>\nמרכז הדרכה כרמל\nMh.carmel@npa.org.il\n04-8276684\nלפרטים נוספים >>\nבמרכז השירות שלנו תוכלו למצוא:\nגלידות, שתיה קרה, מזכרות, ספרות, קרם הגנה, כובעים\nהמוצרים הינם בתשלום ובכפוף למלאי בחנויות\nצפייה בבעלי חיים בטבע היא תמיד חוויה מפתיעה ומרגשת, ואנו משלימים לכם אותה בעוד התנסות: \"שביל הרגליים היחפות\" וחדרי \"נא לגעת\" במתחם חדש שבו תוכלו למשש קרן של יחמור, לגעת בזהירות בקוצי דורבן, לגלות עקבות של בעלי חיים ולצעוד בשיווי משקל על קורת עץ. בשמורת טבע חי-בר כרמל נעשות פעולות אישוש והשבה לטבע של בעלי חיים בסכנת הכחדה או שנכחדו מהאזור. בשמורה חיים יונקים ועופות, דו־חיים וזוחלים, וזו ההזדמנות שלכם להכיר מקרוב את ", "how_to_get": "שלוש מאות מטר מדרום לכניסה לאוניברסיטת חיפה, על כביש חיפה – עוספיה (672) הפנייה מול חורשת הארבעים.", "fetched_on": "2026-07-27"}}, {"type": "Feature", "geometry": {"type": "Point", "coordinates": [35.18603, 32.58616]}, "properties": {"id": "inpa-1876", "source_id": 1876, "operator": "inpa", "name_he": "גן לאומי תל מגידו", "link": "https://www.parks.org.il/reserve-park/%d7%92%d7%9f-%d7%9c%d7%90%d7%95%d7%9e%d7%99-%d7%aa%d7%9c-%d7%9e%d7%92%d7%99%d7%93%d7%95/", "phone": "‎ 04-6590316 | למוקד המידע של רשות הטבע והגנים, באמצעות הווטס אפ – לחצו כאן או חייגו 3639*", "hours": [{"label": "קיץ א׳-ה׳", "open": "08:00", "close": "17:00"}, {"label": "קיץ שישי/ערב חג", "open": "08:00", "close": "16:00"}, {"label": "חורף א׳-ה׳", "open": "08:00", "close": "16:00"}, {"label": "חורף שישי/ערב חג", "open": "08:00", "close": "15:00"}], "hours_special": "שימו לב:\nאם נרשמתם מראש, הגעתם לאתר ואין בו מקום פנוי – תתבקשו להציג בכניסה את האישור על \"תיאום מועד הביקור\" כדי להיכנס.", "prices": [{"title": "דמי כניסה", "rows": [{"type": "מבוגר", "price": "31.00 ₪", "note": ""}, {"type": "ילד", "price": "16.00 ₪", "note": ""}, {"type": "מבוגר בקבוצה (מעל 30 איש)", "price": "26.00 ₪", "note": ""}, {"type": "ילד בקבוצה (מעל 30 איש)", "price": "14.00 ₪", "note": ""}, {"type": "סטודנט", "price": "26.00 ₪", "note": ""}, {"type": "מילואים", "price": "23.00 ₪", "note": ""}, {"type": "חייל", "price": "16.00 ₪", "note": "חייל בשירות חובה / שירות לאומי / שירות אזרחי – כנגד הצגת תעודה ברת תוקף"}, {"type": "אזרח ותיק", "price": "16.00 ₪", "note": ""}, {"type": "תלמיד", "price": "8.00 ₪", "note": ""}]}], "highlights": "קיים מדריך קולי בשפה פשוטה >>\nהונגשו: חניה, שבילי בטון, בית שימוש, מוזיאון, חנות מזכרות, מסעדה ושולחנות פיקניק. השבילים נוחים להליכה למעט העלייה לראש התל והירידה למפעל המים. בראש התל קיימות מרפסות תצפית מוצללות לנוף וספסלים.\nלמידע נוסף\nמותרת – קשורים ברצועה וחסומים במחסום פה (אסורה כניסה למבנים)\nלמידע נוסף\nקוד עתיקות – משחק בריחה לכל המשפחה\nמשחק בריחה לכל המשפחה\nלאן נעלם החותם של עבד ירבעם?\nהחותם המלכותי, היחיד מסוגו בעולם, נגנב. השודדים הצליחו להימלט, אבל החביאו את החותם באתר. פתרון התעלומה בידיכם! צאו לשטח, אספו רמזים ופצחו את קוד העתיקות לפני שישובו השודדים.\nמשחק הבריחה בשיתוף מיזם .www.929.org.il 929\nמתי: כל יום בשעות פעילות האתר\nציוד נדרש: יש להצטייד במכשיר סלולרי חכם.\nמשך המשחק: שעה וחצי–שעתיים.\nמחיר ערכת השתתפות במשחק: 20 ₪ למשפחה.\nבתשלום נוסף על דמי הכניסה. הכניסה לאתר חינם למנויי מטמון\nהפעילות מותנית בתנאי מזג האוויר, יש להתעדכן באתר הרשות\nקיים מדריך קולי גם בשפה פשוטה, לחצו כאן", "how_to_get": "על כביש 66 בין צומת מגידו לצומת יקנעם, כ- 2 ק\"מ צפונית מערבית לצומת מגידו. קו 056 מעפולה ליקנעם עילית לפרטים מודיעים אגד.\nכתבו בויז: גן לאומי תל מגידו", "fetched_on": "2026-07-27"}}, {"type": "Feature", "geometry": {"type": "Point", "coordinates": [35.40802, 32.81561]}, "properties": {"id": "inpa-1875", "source_id": 1875, "operator": "inpa", "name_he": "גן לאומי שדה עמודים", "link": "https://www.parks.org.il/reserve-park/%d7%92%d7%9f-%d7%9c%d7%90%d7%95%d7%9e%d7%99-%d7%a9%d7%93%d7%94-%d7%a2%d7%9e%d7%95%d7%93%d7%99%d7%9d/", "phone": "", "hours": [], "hours_special": "", "prices": [], "highlights": "", "how_to_get": "מצומת גולני נוסעים צפונה על כביש 65. כעבור ארבעה קילומטרים חולפים על פני צומת נטופה וממשיכים בכביש עוד כקילומטר אחד כאן אפשר לפנות ימינה (מזרחה) ולהחנות את הרכב ליד הגדר – חפשו שם שער כניסה מברזל. כבר מהכביש תוכלו לראות עמוד אבן ניצב בשדה – זהו מקום בית הכנסת החפור. משקוף האריות נמצא כ-150 מטר מדרום לבית הכנסת. נקודת ציון: 32.815248,35.4073127", "fetched_on": "2026-07-27"}}, {"type": "Feature", "geometry": {"type": "Point", "coordinates": [35.70184, 32.9417]}, "properties": {"id": "inpa-1874", "source_id": 1874, "operator": "inpa", "name_he": "שמורת טבע יהודיה", "link": "https://www.parks.org.il/reserve-park/yahudiya/", "phone": "‎04-6962817 | למוקד המידע של רשות הטבע והגנים, באמצעות הווטס אפ – לחצו כאן או חייגו 3639*", "hours": [{"label": "קיץ א׳-ה׳", "open": "08:00", "close": "17:00"}, {"label": "קיץ שישי/ערב חג", "open": "08:00", "close": "16:00"}, {"label": "חורף א׳-ה׳", "open": "08:00", "close": "16:00"}, {"label": "חורף שישי/ערב חג", "open": "08:00", "close": "15:00"}], "hours_special": "בחודשים יולי אוגוסט שעת פתיחה 07:00 בבוקר\nשימו לב:\nבשמורת יהודיה מספר מסלולים, שעת הכניסה האחרונה לכל מסלול משתנה בהתאם לאורכו. בכל מקרה כניסה אחרונה לשמורה הינה 14:30 בקיץ ו 13:30 בחורף – שעה אחת פחות בימי שישי..", "prices": [{"title": "דמי כניסה", "rows": [{"type": "מבוגר", "price": "24.00 ₪", "note": ""}, {"type": "ילד", "price": "10.00 ₪", "note": ""}, {"type": "מבוגר בקבוצה (מעל 30 איש)", "price": "20.00 ₪", "note": ""}, {"type": "ילד בקבוצה (מעל 30 איש)", "price": "9.00 ₪", "note": ""}, {"type": "סטודנט", "price": "20.00 ₪", "note": ""}, {"type": "מילואים", "price": "18.00 ₪", "note": ""}, {"type": "חייל", "price": "ללא תשלום", "note": "חייל בשירות חובה / שירות לאומי / שירות אזרחי – כנגד הצגת תעודה ברת תוקף"}, {"type": "אזרח ותיק", "price": "12.00 ₪", "note": ""}, {"type": "תלמיד", "price": "8.00 ₪", "note": ""}]}], "highlights": "אסורה\nלמידע נוסף\nלהתעורר הישר אל הטיול:\nלחניון הלילה>>\nפעילויות שניתן לקיים בשמורת טבע יער יהודיה\nלמידע נוסף\nהונגשו: חניה, מבואה, מרכז שירות למטייל ותחנת מידע, סככה ובה שלטי הסבר מאוירים וצילומים מהשמורה, בתי שימוש, פינות פיקניק מוצללות וברזיות, אזור התכנסות בקבוצה סמוך למבואה, שלטי הכוונה וזיהוי.\nבשל חשש לפגיעה בעתיקות לא הותקנו סימני אזהרה במדרגות עתיקות.\nלמידע נוסף – לחצו כאן\nהכניסה למסלולי השמורה בנעליים סגורות בלבד.\nמצורפת חוברת הפעלה לכל המשפחה, לחצו כאן >>\nמותרת שחייה וכניסה למים,\nלפרטים נוספים לחצו כאן >>\nלפרטים נוספים >>\nבמרכז השירות שלנו תוכלו למצוא:\nגלידות, שתיה קרה, שתיה חמה, מזון מהיר, חטיפים, מזכרות, ספרות, קרם הגנה, כובעים, קמפינג\nהמוצרים הינם בתשלום ובכפוף למלאי בחנויות.", "how_to_get": "7 ק\"מ מזרחית לצומת יהודיה על כביש מספר 87 (יהודיה – חושניה) לכיוון קצרין.\nכ- 5.5 ק\"מ מדרום לקצרין.", "fetched_on": "2026-07-27"}}, {"type": "Feature", "geometry": {"type": "Point", "coordinates": [35.694, 33.24684]}, "properties": {"id": "inpa-1873", "source_id": 1873, "operator": "inpa", "name_he": "שמורת טבע נחל חרמון בניאס", "link": "https://www.parks.org.il/reserve-park/%d7%a9%d7%9e%d7%95%d7%a8%d7%aa-%d7%98%d7%91%d7%a2-%d7%a0%d7%97%d7%9c-%d7%97%d7%a8%d7%9e%d7%95%d7%9f-%d7%91%d7%a0%d7%99%d7%90%d7%a1/", "phone": "‎ 04-6902577 מעיינות | ‎04-6950272 מפל והשביל התלוי | למוקד המידע של רשות הטבע והגנים, באמצעות הווטס אפ – לחצו כאן או חייגו 3639*", "hours": [{"label": "קיץ א׳-ה׳", "open": "08:00", "close": "17:00"}, {"label": "קיץ שישי/ערב חג", "open": "08:00", "close": "16:00"}, {"label": "חורף א׳-ה׳", "open": "08:00", "close": "16:00"}, {"label": "חורף שישי/ערב חג", "open": "08:00", "close": "15:00"}], "hours_special": "בחג ובחול המועד סוכות: אין שינוי בשעות הפעילות", "prices": [{"title": "דמי כניסה", "rows": [{"type": "מבוגר", "price": "31.00 ₪", "note": ""}, {"type": "ילד", "price": "16.00 ₪", "note": ""}, {"type": "מבוגר בקבוצה (מעל 30 איש)", "price": "26.00 ₪", "note": ""}, {"type": "ילד בקבוצה (מעל 30 איש)", "price": "14.00 ₪", "note": ""}, {"type": "סטודנט", "price": "26.00 ₪", "note": ""}, {"type": "מילואים", "price": "23.00 ₪", "note": ""}, {"type": "חייל", "price": "16.00 ₪", "note": "חייל בשירות חובה / שירות לאומי / שירות אזרחי – כנגד הצגת תעודה ברת תוקף"}, {"type": "אזרח ותיק", "price": "16.00 ₪", "note": ""}, {"type": "תלמיד", "price": "8.00 ₪", "note": ""}]}], "highlights": "אין כניסה עם כלבים כלל, למעט כלבי שירות\nלמידע נוסף\nמצורפת חוברת הפעלה לכל המשפחה\nלחוברת הפעלה הקישו כאן\nפעילויות שניתן לקיים בשמורת טבע נחל חרמון (בניאס)\nלמידע נוסף על פעילויות הקישו כאן\nלחצו כאן למדריך הקולי (קיים גם בשפה פשוטה) >>\nהמדריך הקולי Trip-Talk משמש כמדריך מלווה למבקר העצמאי, המזמין לטייל בצורה חווייתית בתחנות המעניינות של האתר. בכל תחנה מופיע קוד, שסריקתו באמצעות הטלפון הנייד מאפשרת שמיעת קטע קצר המוגש בצורה חווייתית ומרתקת.\nקיים מדריך קולי בשפה פשוטה\nבאזור המעיינות הונגשו: חניה, מרכז שירות למטייל, תצוגה ארכיאולוגית, בתי שימוש, שבילים מרוצפים וגשרונים עד למעיינות, פינות פיקניק מוצללות וברזיה, ספסלים, מאחזי יד במדרגות, שילוט הכוונה וזיהוי. ליד מרכז השירות למטייל יש תצוגה ארכיאולוגית המהווה התאמת נגישות חלופית לביקור בעתיקות. אזורי ההתכנסות לקיום מיסות נגישים.\nבאזור העתיקות הנגישות בוצעה, ככל הניתן, בהתחשב בתנאי השטח: הגישה אל מפלס מערת בניאס עשויה מצע מהודק או סלע מקומי בתוואי", "how_to_get": "מכביש 99, מקרית שמונה או ממסעדה כ-15 דקות.", "fetched_on": "2026-07-27"}}, {"type": "Feature", "geometry": {"type": "Point", "coordinates": [35.1277, 32.70274]}, "properties": {"id": "inpa-1871", "source_id": 1871, "operator": "inpa", "name_he": "גן לאומי בית שערים", "link": "https://www.parks.org.il/reserve-park/%d7%92%d7%9f-%d7%9c%d7%90%d7%95%d7%9e%d7%99-%d7%91%d7%99%d7%aa-%d7%a9%d7%a2%d7%a8%d7%99%d7%9d/", "phone": "‎04-9831643 | למוקד המידע של רשות הטבע והגנים, באמצעות הווטס אפ – לחצו כאן או חייגו 3639*", "hours": [{"label": "קיץ א׳-ה׳", "open": "08:00", "close": "17:00"}, {"label": "קיץ שישי/ערב חג", "open": "08:00", "close": "16:00"}, {"label": "חורף א׳-ה׳", "open": "08:00", "close": "16:00"}, {"label": "חורף שישי/ערב חג", "open": "08:00", "close": "15:00"}], "hours_special": "שימו לב:\nשעת הכניסה למיצג המנורה הינה מדוייקת. לפיכך יש להגיע לפחות 15 דקות מראש כדי להסדיר תשלום, שירותים וכדומה.\nאם נרשמתם מראש, הגעתם לאתר ואין בו מקום פנוי – תתבקשו להציג בכניסה את האישור על \"תיאום מועד הביקור\" כדי להיכנס.", "prices": [{"title": "דמי כניסה", "rows": [{"type": "מבוגר", "price": "24.00 ₪", "note": ""}, {"type": "ילד", "price": "10.00 ₪", "note": ""}, {"type": "מבוגר בקבוצה (מעל 30 איש)", "price": "20.00 ₪", "note": ""}, {"type": "ילד בקבוצה (מעל 30 איש)", "price": "9.00 ₪", "note": ""}, {"type": "סטודנט", "price": "20.00 ₪", "note": ""}, {"type": "מילואים", "price": "18.00 ₪", "note": ""}, {"type": "חייל", "price": "ללא תשלום", "note": "חייל בשירות חובה / שירות לאומי / שירות אזרחי – כנגד הצגת תעודה ברת תוקף"}, {"type": "אזרח ותיק", "price": "12.00 ₪", "note": ""}, {"type": "תלמיד", "price": "8.00 ₪", "note": ""}]}], "highlights": "מותרת – קשורים ברצועה וחסומים במחסום פה (אסורה כניסה למערות הקבורה) למידע נוסף\nהכניסה לגן הלאומי נעשית ברכב. ניתן לחנות ליד מרכז השירות למטייל, ובתאום מראש גם ליד מערות המנורה. \nבלב הגן הונגשו: חניה, שבילי בטון ושבילים מרוצפים, מרכז שירות למטייל, בתי שימוש, מאחזי יד במדרגות בנויות, פינות פיקניק מוצללות וברזיות ושילוט הכוונה וזיהוי. ליד מרכז השירות למטייל קיימים דגמים ושלטי הסבר המהווים התאמת נגישות חלופית לביקור במערות.\nבמערות הקבורה הונגשו:\nמערת רבי יהודה הנשיא– ניתן להגיע עד לפתח המערה ולצפות בה מבחוץ.\nמערת הארונות –בכניסה יש מפתן מעט מוגבה. פנים המערה נגיש.\nמתחם מערות המנורה:הכניסה למבואת המערות נגישה. המיצג האורקולי מונגש גם לאנשים עם מוגבלות בשמיעה.\nמצורפת חוברת הפעלה לכל המשפחה הקישו כאן\nפסיפס – טקסים בגן הלאומי\nפעילויות שניתן לקיים בגן לאומי בית שערים\nמרכז הדרכה כרמל\nMh.carmel@npa.org.il\n04-8276684\nמרחבי עבודה ולמידה בטבע – OPENפייס\nמחפשים פינת עבודה שקטה ונוחה?\nלקרוא וללמוד להנאת", "how_to_get": "נוסעים בכביש מספר 4 עד צומת פורידיס, שם פונים ימינה (לכיוון מזרח) לכביש 70. נוסעים עד צומת יוקנעם וממשיכים על כביש 722 עד צומת השומרים, שם פונים בפנייה הראשונה שמאלה עד לגן הלאומי בית שערים.( 10 דקות ממרכז קריית טבעון).\nוויז: 32.7027036,35.1275862", "fetched_on": "2026-07-27"}}, {"type": "Feature", "geometry": {"type": "Point", "coordinates": [35.10329, 33.04756]}, "properties": {"id": "inpa-1870", "source_id": 1870, "operator": "inpa", "name_he": "גן לאומי אכזיב וחוף אכזיב", "link": "https://www.parks.org.il/reserve-park/%d7%92%d7%9f-%d7%9c%d7%90%d7%95%d7%9e%d7%99-%d7%90%d7%9b%d7%96%d7%99%d7%91-%d7%95%d7%97%d7%95%d7%a3-%d7%90%d7%9b%d7%96%d7%99%d7%91/", "phone": "‎04-6352845 | למוקד המידע של רשות הטבע והגנים, באמצעות הווטס אפ – לחצו כאן או חייגו 3639*", "hours": [{"label": "קיץ א׳-ה׳", "open": "08:00", "close": "17:00"}, {"label": "קיץ שישי/ערב חג", "open": "08:00", "close": "16:00"}, {"label": "חורף א׳-ה׳", "open": "08:00", "close": "16:00"}, {"label": "חורף שישי/ערב חג", "open": "08:00", "close": "15:00"}], "hours_special": "שעות רחצה יולי – אוגוסט\nבההלך החודשים יולי – אוגוסט יפעלו שירותי ההצלה עד השעה 19:00\nשימו לב:\nבחוף רחצה דרומי \" חוף קלאב מד לשעבר\" – אין שירותי רחצה , הרחצה אסורה בחוף זה\nכניסה לחניון הלילה משעה 15:00. יציאה מהחניון בשעה 12:00 ביום המחרת.\nבימי החג ובשבתות רצוי להגיע מוקדם, הכניסה היא על בסיס מקום פנוי.\nאם נרשמתם מראש, הגעתם לאתר ואין בו מקום פנוי – תתבקשו להציג בכניסה את האישור על \"תיאום מועד הביקור\" כדי להיכנס.", "prices": [{"title": "דמי כניסה", "rows": [{"type": "מבוגר", "price": "40.00 ₪", "note": ""}, {"type": "ילד", "price": "25.00 ₪", "note": ""}, {"type": "מבוגר בקבוצה (מעל 30 איש)", "price": "34.00 ₪", "note": ""}, {"type": "ילד בקבוצה (מעל 30 איש)", "price": "21.00 ₪", "note": ""}, {"type": "סטודנט", "price": "34.00 ₪", "note": ""}, {"type": "מילואים", "price": "30.00 ₪", "note": ""}, {"type": "חייל", "price": "25.00 ₪", "note": "חייל בשירות חובה / שירות לאומי / שירות אזרחי – כנגד הצגת תעודה ברת תוקף"}, {"type": "אזרח ותיק", "price": "20.00 ₪", "note": ""}]}], "highlights": "אסורה\nלמידע נוסף\nחוויה ים-תיכונית: קמפינג במרחק נגיעה מהמפרצים הציוריים\nפעילויות שניתן לקיים בגן לאומי אכזיב\nלמידע נוסף\nהגעה וחניה: הונגשו 6 מקומות חניה מחוץ לגדר, ליד הכניסה הראשית ועוד שני מקומות לרכב גבוה עם מעלון בתוך הגן הצפוני. אנשים מבוגרים עם מוגבלות בהליכה שחונים בחוץ יכולים לבקש מהקופאי הסעה לחוף הים ברכב שירות. מי שנעזר בכיסא גלגלים רשאי להיכנס לגן ברכבו.\nבתוך הגן הלאומי הונגשו: המבואה, מרכז שירות למטייל, תחנת עזרה ראשונה, בתי שימוש, מקלחות ומלתחות, שבילי בטון ואספלט לאורך המדשאות ועד לקו החול הרטוב, מרפסת תצפית לים, פינות פיקניק מוצללות וברזיות, מאחזי יד במדרגות, שילוט הכוונה וזיהוי.\nלמידע נוסף\nרחצה מותרת בעונת הרחצה ובנוכחות שרותי הצלה במקום\nלפרטים נוספים לחצו כאן >>\nמותר להדליק מנגל, אסור להדליק מדורה\nלפרטים נוספים >>\nבמרכז השירות שלנו תוכלו למצוא:\nגלידות, שתיה קרה, שתיה חמה, מזון מהיר, חטיפים, מזכרות, ספרות, קרם הגנה, כובעים, קמפינג, פחמים, קרח, ציוד מים\nהמוצרים הינם בתשלו", "how_to_get": "גן לאומי אכזיב שוכן לחוף הים התיכון, כחמישה ק\"מ מצפון לנהריה. הכניסה מכביש 4, פנייה ראשונה שמאלה אחרי קיבוץ גשר הזיו, בין הסימן לקילומטר 245 לסימן לקילומטר 246.", "fetched_on": "2026-07-27"}}, {"type": "Feature", "geometry": {"type": "Point", "coordinates": [35.62553, 33.23155]}, "properties": {"id": "inpa-1869", "source_id": 1869, "operator": "inpa", "name_he": "שמורת טבע נחל שניר – חצבאני", "link": "https://www.parks.org.il/reserve-park/%d7%a9%d7%9e%d7%95%d7%a8%d7%aa-%d7%98%d7%91%d7%a2-%d7%a0%d7%97%d7%9c-%d7%a9%d7%a0%d7%99%d7%a8-%d7%97%d7%a6%d7%91%d7%90%d7%a0%d7%99/", "phone": "‎ 04-6950064 | למוקד המידע של רשות הטבע והגנים, באמצעות הווטס אפ – לחצו כאן או חייגו 3639*", "hours": [{"label": "קיץ א׳-ה׳", "open": "08:00", "close": "17:00"}, {"label": "קיץ שישי/ערב חג", "open": "08:00", "close": "16:00"}, {"label": "חורף א׳-ה׳", "open": "08:00", "close": "16:00"}, {"label": "חורף שישי/ערב חג", "open": "08:00", "close": "15:00"}], "hours_special": "שימו לב:\nאם נרשמתם מראש, הגעתם לאתר ואין בו מקום פנוי – תתבקשו להציג בכניסה את האישור על \"תיאום מועד הביקור\" כדי להיכנס.", "prices": [{"title": "דמי כניסה", "rows": [{"type": "מבוגר", "price": "31.00 ₪", "note": ""}, {"type": "ילד", "price": "16.00 ₪", "note": ""}, {"type": "מבוגר בקבוצה (מעל 30 איש)", "price": "26.00 ₪", "note": ""}, {"type": "ילד בקבוצה (מעל 30 איש)", "price": "14.00 ₪", "note": ""}, {"type": "סטודנט", "price": "26.00 ₪", "note": ""}, {"type": "מילואים", "price": "23.00 ₪", "note": ""}, {"type": "חייל", "price": "16.00 ₪", "note": "חייל בשירות חובה / שירות לאומי / שירות אזרחי – כנגד הצגת תעודה ברת תוקף"}, {"type": "אזרח ותיק", "price": "16.00 ₪", "note": ""}, {"type": "תלמיד", "price": "8.00 ₪", "note": ""}]}], "highlights": "הונגשו: חניה, מבואה עם מרכז שירות למטייל, בתי שימוש, פינות פיקניק מוצללות עם ברזיות, שביל בטון במסלול מעגלי, תצפית לנחל שניר ולבריכות, מאחזי יד במדרגות, שילוט הכוונה וזיהוי ושלטי הסבר.\nהשבילים האחרים עשויים מצע מהודק.\nלמידע נוסף – לחצו כאן\nאסורה\nלמידע נוסף\nפעילויות שניתן לקיים בשמורת טבע נחל שניר\nלמידע נוסף\nמותר לשכשך במים\nלפרטים נוספים לחצו כאן >>\nלפרטים נוספים >>\nבמרכז השירות שלנו תוכלו למצוא:\nגלידות, שתיה קרה, שתיה חמה, מזון מהיר, חטיפים, מזכרות, ספרות, קרם הגנה, כובעים, ציוד מים\nהמוצרים הינם בתשלום ובכפוף למלאי בחנויות.\nמתי הייתה הפעם האחרונה שטיפסתם על מסלעה של שפן סלע, זחלתם במאורת דרבן ושכשכתם רגליים בפלג מים של לוטרה? הנה ההזדמנות שלכם (ושל הילדים) להכיר באופן בלתי אמצעי את פארק החושים בשמורת טבע נחל שניר. כאן תצעדו ברגליים יחפות ותחושו את הטבע במלוא עוצמתו דרך חושי המישוש, הראייה והשמיעה. בואו להתמסר למסלול הרפתקאות באורך 500 מטרים, שיספק לכם חוויות מדליקות מעולמן של חיות הבר.\nמ", "how_to_get": "5 ק\"מ מצומת המצודות בקרית שמונה לכיוון מזרח כביש 99 – עד קיבוץ הגושרים ולפי השילוט.", "fetched_on": "2026-07-27"}}, {"type": "Feature", "geometry": {"type": "Point", "coordinates": [35.54964, 32.76654]}, "properties": {"id": "inpa-1868", "source_id": 1868, "operator": "inpa", "name_he": "גן לאומי חמת טבריה", "link": "https://www.parks.org.il/reserve-park/%d7%92%d7%9f-%d7%9c%d7%90%d7%95%d7%9e%d7%99-%d7%97%d7%9e%d7%aa-%d7%98%d7%91%d7%a8%d7%99%d7%94/", "phone": "‎04-6725287 | למוקד המידע של רשות הטבע והגנים, באמצעות הווטס אפ – לחצו כאן או חייגו 3639*", "hours": [], "hours_special": "שעון קיץ + שעון חורף\nבימים א', ב', ג' ושבת: 17:00 – 08:00\nבימים ד' + ה' – האתר פתוח 8:00-21:00 מלבד חודש אוגוסט, ריקון בריכות בשעה 20:00 \nבימי שישי וערבי חג: 16:00 – 08:00\nבערב ראש השנה ובערב פסח: 13:00 – 08:00\nבערב יום כיפור: 13:00 – 08:00\nשימו לב:\nריקון הבריכות לצורך ניקיון שוטף מתבצע בכל יום שעה לפני סגירת האתר\nאם נרשמתם מראש, הגעתם לאתר ואין בו מקום פנוי – תתבקשו להציג בכניסה את האישור על \"תיאום מועד הביקור\" כדי להיכנס.", "prices": [{"title": "דמי כניסה", "rows": [{"type": "מבוגר", "price": "16.00 ₪", "note": ""}, {"type": "ילד", "price": "7.00 ₪", "note": ""}, {"type": "מבוגר בקבוצה (מעל 30 איש)", "price": "14.00 ₪", "note": ""}, {"type": "ילד בקבוצה (מעל 30 איש)", "price": "6.00 ₪", "note": ""}, {"type": "סטודנט", "price": "14.00 ₪", "note": ""}, {"type": "מילואים", "price": "14.00 ₪", "note": ""}, {"type": "חייל", "price": "ללא תשלום", "note": "חייל בשירות חובה / שירות לאומי / שירות אזרחי – כנגד הצגת תעודה ברת תוקף"}, {"type": "אזרח ותיק", "price": "8.00 ₪", "note": ""}, {"type": "תלמיד", "price": "6.00 ₪", "note": ""}]}], "highlights": "מותרת – קשורים ברצועה וחסומים במחסום פה (אסורה בבית הכנסת) למידע נוסף\nפסיפס – טקסים בגן הלאומי\nפעילויות שניתן לקיים ולהזמין\nהונגשו: שער הכניסה, המבואה, שבילי בטון או אספלט בשיפוע מתון אל כל מרכזי העניין, בתי שימוש מקלחות ומלתחות, סככות צל, בריכות, ספסלים שולחנות פיקניק וברזיות, מאחזי יד לצד מדרגות, שילוט הכוונה וזיהוי ושלטי מידע. חלק מהשבילים עשויים מצע מהודק. בית הכנסת העתיק משמש כמרכז מבקרים. יש כסאות, יש כתוביות בסרט ומערכת עזר להנגשת שמע.\nמצורפת חוברת הפעלה לכל המשפחה, לחצו כאן >>\nמרכז הדרכה גליל תחתון: טלפון 04-8276637 מייל: mh-gt@npa.org.il\nמותר לשכשך במים לפרטים נוספים >>\nלפרטים נוספים >>\nבמרכז השירות שלנו תוכלו למצוא:\nגלידות, שתיה קרה, שתיה חמה, מזון מהיר, חטיפים, מזכרות, ספרות, קרם הגנה, כובעים, ציוד מים\nהמוצרים הינם בתשלום ובכפוף למלאי בחנויות.\nעל פי תפיסת הרפלקסולוגיה המוח קורא את העולם דרך כפות הרגליים, והן נקודת שיווי המשקל המרכזית של הגוף. בכף הרגל יש 26 עצמות, 107 רצועות ו", "how_to_get": "הגן הלאומי חמת טבריה נמצא לחופה המערבי של הכנרת בכניסה הדרומית לעיר טבריה ליד \"חמי טבריה\" . הכניסה לגן מכביש 90, בין סימני ק\"מ 412-413", "fetched_on": "2026-07-27"}}, {"type": "Feature", "geometry": {"type": "Point", "coordinates": [35.38823, 32.68878]}, "properties": {"id": "inpa-1867", "source_id": 1867, "operator": "inpa", "name_he": "שמורת טבע וגן לאומי הר תבור", "link": "https://www.parks.org.il/reserve-park/%d7%a9%d7%9e%d7%95%d7%a8%d7%aa-%d7%98%d7%91%d7%a2-%d7%95%d7%92%d7%9f-%d7%9c%d7%90%d7%95%d7%9e%d7%99-%d7%94%d7%a8-%d7%aa%d7%91%d7%95%d7%a8/", "phone": "", "hours": [], "hours_special": "", "prices": [], "highlights": "", "how_to_get": "נוסעים בכביש 65 מעפולה לכיוון צומת גולני. בצומת תבור פונים שמאלה (צפונה) לכביש 7266 בעקבות השילוט לדבוריה. בכיכר המרכזית בכפר פונים ימינה בעקבות השילוט לפסגת התבור ולמנזר, ולאחר כ-5 דקות נסיעה פונים ימינה לפסגת ההר.", "fetched_on": "2026-07-27"}}, {"type": "Feature", "geometry": {"type": "Point", "coordinates": [34.89681, 30.99007]}, "properties": {"id": "kkl-9f1b70ac", "operator": "kkl", "name_he": "אגם מים בפארק יצחק נבון ירוחם", "link": "https://www.kkl.org.il/travel/trips/42/", "info": "", "attrs": {"רמת קושי": "בסיסית", "עונה מומלצת": "כל השנה", "אורך המסלול": "3 ק\"מ", "לפי אזור": "דרום", "משך המסלול": "1-2 שעות", "סוג המסלול": "מסלולי הליכה,מסלולי אופניים,מצפורים,ארכיאולוגיה", "טווח מרחקים": "1", "עומס": "עומס קל"}, "fetched_on": "2026-07-27"}}, {"type": "Feature", "geometry": {"type": "Point", "coordinates": [35.6104, 33.10182]}, "properties": {"id": "kkl-c52f318b", "operator": "kkl", "name_he": "אגמון החולה קק\"ל", "link": "https://www.kkl.org.il/travel/hula_lake/", "info": "", "attrs": {"לפי אזור": "צפון", "סוג המסלול": "נגיש,מים ומעיינות,צפרות,מסלולי אופניים,מסלולי הליכה"}, "fetched_on": "2026-07-27"}}, {"type": "Feature", "geometry": {"type": "Point", "coordinates": [35.14899, 32.73091]}, "properties": {"id": "kkl-d4f1937e", "operator": "kkl", "name_he": "אל העין אשר ביזרעאל", "link": "https://www.kkl.org.il/travel/trips/2920/", "info": "", "attrs": {"עונה מומלצת": "כל השנה", "אורך המסלול": "1 ק\"מ", "לפי אזור": "צפון,גליל תחתון", "משך המסלול": "1-2 שעות", "סוג המסלול": "פיקניק,מים ומעיינות,היסטוריה ואומנות", "טווח מרחקים": "1", "עומס": "עומס קל"}, "fetched_on": "2026-07-27"}}, {"type": "Feature", "geometry": {"type": "Point", "coordinates": [35.17732, 31.74405]}, "properties": {"id": "kkl-1c9b4cb6", "operator": "kkl", "name_he": "אנדרטת ה-11 בספטמבר", "link": "https://www.kkl.org.il/travel/?catid=a15136b3-c0f4-4ff4-be65-7c44c442bc25&itemid=1c9b4cb6-1ce2-4e7b-af22-6589bd15cd12", "info": "", "attrs": {"לפי אזור": "מרכז"}, "fetched_on": "2026-07-27"}}, {"type": "Feature", "geometry": {"type": "Point", "coordinates": [34.92366, 31.96655]}, "properties": {"id": "kkl-46709d20", "operator": "kkl", "name_he": "אנדרטת ההנצחה והזיכרון ליוצאי לוב", "link": "https://www.kkl.org.il/travel/trips/1837/", "info": "", "attrs": {"רמת קושי": "בסיסית", "עונה מומלצת": "כל השנה", "אורך המסלול": "2 ק\"מ", "לפי אזור": "מרכז,שפלת יהודה", "משך המסלול": "1-2 שעות", "סוג המסלול": "נגיש,פיקניק,מסלול מעגלי,היסטוריה ואומנות", "טווח מרחקים": "1", "עומס": "עומס קל"}, "fetched_on": "2026-07-27"}}, {"type": "Feature", "geometry": {"type": "Point", "coordinates": [35.54276, 32.68523]}, "properties": {"id": "kkl-eded3383", "operator": "kkl", "name_he": "אנדרטת לוי אשכול", "link": "https://www.kkl.org.il/travel/scenic_lookout_eshkol/", "info": "", "attrs": {"לפי אזור": "צפון,גליל תחתון", "סוג המסלול": "מצפורים"}, "fetched_on": "2026-07-27"}}, {"type": "Feature", "geometry": {"type": "Point", "coordinates": [34.96823, 29.57522]}, "properties": {"id": "kkl-d40e90e2", "operator": "kkl", "name_he": "ארץ החרדונים באילת", "link": "https://www.kkl.org.il/travel/trips/2921/", "info": "", "attrs": {"רמת קושי": "בסיסית", "עונה מומלצת": "אביב,סתיו,קיץ", "לפי אזור": "דרום,אילת", "משך המסלול": "1-2 שעות", "סוג המסלול": "נוף ותצפית", "עומס": "עומס קל"}, "fetched_on": "2026-07-27"}}, {"type": "Feature", "geometry": {"type": "Point", "coordinates": [35.14535, 33.00936]}, "properties": {"id": "kkl-d2c219de", "operator": "kkl", "name_he": "אתר ההנצחה לשיירת יחיעם", "link": "https://www.kkl.org.il/travel/trips/2562/", "info": "", "attrs": {"רמת קושי": "בסיסית", "עונה מומלצת": "כל השנה", "לפי אזור": "צפון,גליל מערבי", "משך המסלול": "1-2 שעות", "סוג המסלול": "נגיש,פיקניק,היסטוריה ואומנות", "עומס": "עומס בינוני"}, "fetched_on": "2026-07-27"}}, {"type": "Feature", "geometry": {"type": "Point", "coordinates": [34.47266, 31.40178]}, "properties": {"id": "kkl-1f44e81e", "operator": "kkl", "name_he": "אתר הזיכרון חורשת רעים (נובה)", "link": "https://www.kkl.org.il/travel/memorial_site_reim_forest/", "info": "", "attrs": {"לפי אזור": "דרום", "סוג המסלול": "מסלולי הליכה"}, "fetched_on": "2026-07-27"}}, {"type": "Feature", "geometry": {"type": "Point", "coordinates": [34.98236, 31.93827]}, "properties": {"id": "kkl-8f417aa1", "operator": "kkl", "name_he": "אתר הזיכרון ליהדות זגלמביה ביער בן שמן", "link": "https://www.kkl.org.il/travel/trips/34/", "info": "", "attrs": {"רמת קושי": "בסיסית", "עונה מומלצת": "כל השנה", "אורך המסלול": "2 ק\"מ", "לפי אזור": "מרכז,שפלת יהודה", "משך המסלול": "1-2 שעות", "סוג המסלול": "נגיש,מסלול מעגלי,היסטוריה ואומנות", "טווח מרחקים": "1", "עומס": "עומס קל"}, "fetched_on": "2026-07-27"}}, {"type": "Feature", "geometry": {"type": "Point", "coordinates": [34.83372, 31.4308]}, "properties": {"id": "kkl-85053b3a", "operator": "kkl", "name_he": "באר זעק דרום ביער דבירה", "link": "https://www.kkl.org.il/travel/trips/2913/", "info": "", "attrs": {"לפי אזור": "דרום,שפלת יהודה", "משך המסלול": "1-2 שעות", "סוג המסלול": "פיקניק,מים ומעיינות,היסטוריה ואומנות", "עומס": "עומס קל"}, "fetched_on": "2026-07-27"}}, {"type": "Feature", "geometry": {"type": "Point", "coordinates": [34.5013, 31.46372]}, "properties": {"id": "kkl-192b0d9d", "operator": "kkl", "name_he": "בארות יצחק הישנה ומרכז המורשת בארות בנגב", "link": "https://www.kkl.org.il/travel/beerot_yitzhak/", "info": "", "attrs": {"לפי אזור": "דרום,נגב מערבי", "סוג המסלול": "נוף ותצפית,מסלולי הליכה"}, "fetched_on": "2026-07-27"}}, {"type": "Feature", "geometry": {"type": "Point", "coordinates": [34.66359, 31.65309]}, "properties": {"id": "kkl-8b08fa7f", "operator": "kkl", "name_he": "בוסתן במשלטי חוליקאת", "link": "https://www.kkl.org.il/travel/trips/2798/", "info": "", "attrs": {"רמת קושי": "בסיסית", "עונה מומלצת": "כל השנה", "לפי אזור": "נגב מערבי,נגב מזרחי", "משך המסלול": "1-2 שעות", "סוג המסלול": "פיקניק,נוף ותצפית,מסלול מעגלי,היסטוריה ואומנות", "עומס": "עומס קל"}, "fetched_on": "2026-07-27"}}, {"type": "Feature", "geometry": {"type": "Point", "coordinates": [35.44901, 32.52774]}, "properties": {"id": "kkl-0bb71563", "operator": "kkl", "name_he": "בוסתני נחל חרוד", "link": "https://www.kkl.org.il/travel/article/2566/", "info": "", "attrs": {"רמת קושי": "בסיסית", "עונה מומלצת": "כל השנה", "אורך המסלול": "25 ק\"מ", "לפי אזור": "צפון,עמק יזרעאל", "משך המסלול": "6 שעות ומעלה", "סוג המסלול": "פיקניק,מים ומעיינות,נוף ותצפית,היסטוריה ואומנות", "טווח מרחקים": "20", "עומס": "עומס קל"}, "fetched_on": "2026-07-27"}}, {"type": "Feature", "geometry": {"type": "Point", "coordinates": [34.5201, 31.60747]}, "properties": {"id": "kkl-9ceab4ad", "operator": "kkl", "name_he": "בית עלמי בקיבוץ זיקים", "link": "https://www.kkl.org.il/travel/trips/2937/", "info": "", "attrs": {"רמת קושי": "בסיסית", "עונה מומלצת": "כל השנה", "לפי אזור": "דרום,מישור החוף הדרומי", "משך המסלול": "3-5 שעות", "סוג המסלול": "פיקניק,נוף ותצפית,פריחה,היסטוריה ואומנות", "עומס": "עומס קל"}, "fetched_on": "2026-07-27"}}, {"type": "Feature", "geometry": {"type": "Point", "coordinates": [35.63073, 32.91196]}, "properties": {"id": "kkl-51d4f5e8", "operator": "kkl", "name_he": "בית צידה", "link": "https://www.kkl.org.il/travel/trips/2817/", "info": "", "attrs": {"רמת קושי": "בסיסית", "עונה מומלצת": "כל השנה", "אורך המסלול": "1 ק\"מ", "לפי אזור": "צפון,הגולן", "משך המסלול": "1-2 שעות", "סוג המסלול": "פיקניק,נוף ותצפית,מסלול מעגלי,היסטוריה ואומנות", "טווח מרחקים": "1", "עומס": "עומס קל"}, "fetched_on": "2026-07-27"}}, {"type": "Feature", "geometry": {"type": "Point", "coordinates": [34.82901, 31.34352]}, "properties": {"id": "kkl-cbbccdf3", "operator": "kkl", "name_he": "גבעות גורל", "link": "https://www.kkl.org.il/travel/trips/2908/", "info": "", "attrs": {"רמת קושי": "בסיסית", "עונה מומלצת": "אביב,חורף,סתיו", "לפי אזור": "דרום,נגב צפוני", "משך המסלול": "1-2 שעות", "סוג המסלול": "פריחה", "עומס": "עומס קל"}, "fetched_on": "2026-07-27"}}, {"type": "Feature", "geometry": {"type": "Point", "coordinates": [35.13008, 31.82401]}, "properties": {"id": "kkl-994f35be", "operator": "kkl", "name_he": "גבעת הרדאר", "link": "https://www.kkl.org.il/travel/scenic_lookout_radar/", "info": "", "attrs": {"לפי אזור": "מרכז", "סוג המסלול": "מצפורים"}, "fetched_on": "2026-07-27"}}, {"type": "Feature", "geometry": {"type": "Point", "coordinates": [35.76653, 32.94987]}, "properties": {"id": "kkl-c839e4cd", "operator": "kkl", "name_he": "גולן", "link": "https://www.kkl.org.il/travel/golan_heights/", "info": "", "attrs": {"לפי אזור": "צפון,הגולן", "סוג המסלול": "נגיש,מים ומעיינות,צפרות,מסלולי אופניים,מסלולי הליכה"}, "fetched_on": "2026-07-27"}}, {"type": "Feature", "geometry": {"type": "Point", "coordinates": [34.96091, 31.64478]}, "properties": {"id": "kkl-4a556bb7", "operator": "kkl", "name_he": "גן ארכיאולוגי פארק עדולם-צרפת", "link": "https://www.kkl.org.il/travel/trips/2043/", "info": "", "attrs": {"רמת קושי": "בסיסית", "עונה מומלצת": "כל השנה", "לפי אזור": "מרכז,שפלת יהודה", "משך המסלול": "1-2 שעות", "סוג המסלול": "נגיש,היסטוריה ואומנות", "עומס": "עומס קל"}, "fetched_on": "2026-07-27"}}, {"type": "Feature", "geometry": {"type": "Point", "coordinates": [35.02789, 31.91394]}, "properties": {"id": "kkl-0c3b6872", "operator": "kkl", "name_he": "גן האבן בדרך החשמל שביער בן שמן", "link": "https://www.kkl.org.il/travel/trips/2469/", "info": "", "attrs": {"רמת קושי": "בסיסית", "עונה מומלצת": "כל השנה", "אורך המסלול": "1 ק\"מ", "לפי אזור": "מרכז,שפלת יהודה", "משך המסלול": "1-2 שעות", "סוג המסלול": "פיקניק,מסלול מעגלי,היסטוריה ואומנות", "טווח מרחקים": "1", "עומס": "עומס קל"}, "fetched_on": "2026-07-27"}}, {"type": "Feature", "geometry": {"type": "Point", "coordinates": [35.13287, 32.70636]}, "properties": {"id": "kkl-9084d18e", "operator": "kkl", "name_he": "גן השומרים בקריית טבעון", "link": "https://www.kkl.org.il/travel/?catid=a15136b3-c0f4-4ff4-be65-7c44c442bc25&itemid=9084d18e-12f6-413e-b12c-cfebc1fc0af5", "info": "", "attrs": {"לפי אזור": "צפון"}, "fetched_on": "2026-07-27"}}, {"type": "Feature", "geometry": {"type": "Point", "coordinates": [35.59748, 33.10896]}, "properties": {"id": "kkl-b3f3d945", "operator": "kkl", "name_he": "גן-ביצה: הגן הבוטני באגמון החולה", "link": "https://www.kkl.org.il/travel/trips/316/", "info": "", "attrs": {"רמת קושי": "בסיסית", "עונה מומלצת": "כל השנה", "אורך המסלול": "1 ק\"מ", "לפי אזור": "צפון,גליל עליון", "משך המסלול": "1-2 שעות", "סוג המסלול": "נגיש,פיקניק,מים ומעיינות,מסלול מעגלי,פריחה", "טווח מרחקים": "1", "עומס": "עומס בינוני"}, "fetched_on": "2026-07-27"}}, {"type": "Feature", "geometry": {"type": "Point", "coordinates": [35.03558, 31.79746]}, "properties": {"id": "kkl-b5d4f018", "operator": "kkl", "name_he": "דרך בורמה", "link": "https://www.kkl.org.il/travel/trips/2841/", "info": "", "attrs": {"רמת קושי": "בסיסית", "עונה מומלצת": "כל השנה", "אורך המסלול": "10 ק\"מ", "לפי אזור": "מרכז,שפלת יהודה", "משך המסלול": "1-2 שעות", "סוג המסלול": "פיקניק,נוף ותצפית,היסטוריה ואומנות,חלק משביל ישראל", "טווח מרחקים": "10", "עומס": "עומס קל"}, "fetched_on": "2026-07-27"}}, {"type": "Feature", "geometry": {"type": "Point", "coordinates": [34.99712, 31.79783]}, "properties": {"id": "kkl-5adf2767", "operator": "kkl", "name_he": "דרך דיפנבייקר בפארק רבין", "link": "https://www.kkl.org.il/travel/trips/2824/", "info": "", "attrs": {"רמת קושי": "בסיסית", "עונה מומלצת": "כל השנה", "אורך המסלול": "8 ", "לפי אזור": "מרכז,ירושלים", "משך המסלול": "1-2 שעות", "סוג המסלול": "פיקניק,נוף ותצפית,פריחה,היסטוריה ואומנות", "טווח מרחקים": "1", "עומס": "עומס קל"}, "fetched_on": "2026-07-27"}}, {"type": "Feature", "geometry": {"type": "Point", "coordinates": [34.48964, 31.30853]}, "properties": {"id": "kkl-54f8a880", "operator": "kkl", "name_he": "דרך הבשור - הקטע התיכון", "link": "https://www.kkl.org.il/travel/trips/2748/", "info": "", "attrs": {"רמת קושי": "בסיסית", "עונה מומלצת": "אביב,חורף,סתיו", "אורך המסלול": "13 ק\"מ", "לפי אזור": "דרום,נגב מערבי", "משך המסלול": "3-5 שעות", "סוג המסלול": "פיקניק,נוף ותצפית,היסטוריה ואומנות", "טווח מרחקים": "10", "עומס": "עומס קל"}, "fetched_on": "2026-07-27"}}, {"type": "Feature", "geometry": {"type": "Point", "coordinates": [34.49173, 31.24374]}, "properties": {"id": "kkl-025c0689", "operator": "kkl", "name_he": "דרך הבשור הדרומית", "link": "https://www.kkl.org.il/travel/trips/2957/", "info": "", "attrs": {"רמת קושי": "בסיסית", "עונה מומלצת": "אביב,חורף,סתיו", "אורך המסלול": "18 ק\"מ", "לפי אזור": "דרום,נגב מערבי", "משך המסלול": "3-5 שעות", "סוג המסלול": "פיקניק,נוף ותצפית,היסטוריה ואומנות", "טווח מרחקים": "20", "עומס": "עומס קל"}, "fetched_on": "2026-07-27"}}, {"type": "Feature", "geometry": {"type": "Point", "coordinates": [35.13229, 32.72315]}, "properties": {"id": "kkl-a6560e16", "operator": "kkl", "name_he": "דרך הטמפלרים", "link": "https://www.kkl.org.il/travel/trips/2993/", "info": "", "attrs": {"רמת קושי": "בסיסית", "עונה מומלצת": "כל השנה", "אורך המסלול": "3 ק\"מ", "לפי אזור": "צפון,גליל תחתון", "משך המסלול": "1-2 שעות", "סוג המסלול": "היסטוריה ואומנות", "טווח מרחקים": "1", "עומס": "עומס קל"}, "fetched_on": "2026-07-27"}}, {"type": "Feature", "geometry": {"type": "Point", "coordinates": [34.97804, 31.77781]}, "properties": {"id": "kkl-13ae97cf", "operator": "kkl", "name_he": "דרך הפסלים ביער צרעה (יער הנשיא)", "link": "https://www.kkl.org.il/travel/trips/152/", "info": "", "attrs": {"רמת קושי": "בסיסית", "עונה מומלצת": "כל השנה", "אורך המסלול": "6 ק\"מ", "לפי אזור": "מרכז,שפלת יהודה", "משך המסלול": "3-5 שעות", "סוג המסלול": "נגיש,פיקניק,נוף ותצפית,פריחה,היסטוריה ואומנות", "טווח מרחקים": "1", "עומס": "עומס קל"}, "fetched_on": "2026-07-27"}}, {"type": "Feature", "geometry": {"type": "Point", "coordinates": [34.56807, 31.58085]}, "properties": {"id": "kkl-2858c1f7", "operator": "kkl", "name_he": "דרך השיזף ביער יד מרדכי", "link": "https://www.kkl.org.il/travel/trips/2894/", "info": "", "attrs": {"עונה מומלצת": "כל השנה", "לפי אזור": "דרום,מישור החוף הדרומי", "משך המסלול": "1-2 שעות", "סוג המסלול": "פיקניק", "עומס": "עומס קל"}, "fetched_on": "2026-07-27"}}, {"type": "Feature", "geometry": {"type": "Point", "coordinates": [34.47109, 31.43658]}, "properties": {"id": "kkl-42a0e995", "operator": "kkl", "name_he": "דרך השישה ביער בארי", "link": "https://www.kkl.org.il/travel/trips/2898/", "info": "", "attrs": {"עונה מומלצת": "כל השנה", "אורך המסלול": "15 ק\"מ", "לפי אזור": "דרום,נגב מערבי", "משך המסלול": "1-2 שעות", "סוג המסלול": "נגיש,פיקניק,נוף ותצפית", "טווח מרחקים": "10", "עומס": "עומס קל"}, "fetched_on": "2026-07-27"}}, {"type": "Feature", "geometry": {"type": "Point", "coordinates": [35.29346, 30.78192]}, "properties": {"id": "kkl-281c6c7f", "operator": "kkl", "name_he": "דרך השלום בערבה", "link": "https://www.kkl.org.il/travel/hashalom_road/", "info": "", "attrs": {"לפי אזור": "דרום,נגב צפוני", "סוג המסלול": "מצפורים"}, "fetched_on": "2026-07-27"}}, {"type": "Feature", "geometry": {"type": "Point", "coordinates": [35.40604, 32.50609]}, "properties": {"id": "kkl-a427222c", "operator": "kkl", "name_he": "דרך נוף גלבוע", "link": "https://www.kkl.org.il/travel/trips/142958/", "info": "", "attrs": {"רמת קושי": "בסיסית", "עונה מומלצת": "כל השנה", "אורך המסלול": "8 ", "לפי אזור": "צפון,גלבוע", "סוג המסלול": "פיקניק,נוף ותצפית,מסלול מעגלי,פריחה", "טווח מרחקים": "10", "עומס": "עומס כבד"}, "fetched_on": "2026-07-27"}}, {"type": "Feature", "geometry": {"type": "Point", "coordinates": [35.37455, 32.79651]}, "properties": {"id": "kkl-2b9a52b5", "operator": "kkl", "name_he": "דרך נוף הר תורען", "link": "https://www.kkl.org.il/travel/turaan_road/", "info": "", "attrs": {"לפי אזור": "צפון,גלבוע,גליל תחתון", "סוג המסלול": "מצפורים,מסלולי אופניים"}, "fetched_on": "2026-07-27"}}, {"type": "Feature", "geometry": {"type": "Point", "coordinates": [35.56237, 33.20035]}, "properties": {"id": "kkl-8d56c43d", "operator": "kkl", "name_he": "דרך נוף הרי נפתלי", "link": "https://www.kkl.org.il/travel/trips/285/", "info": "", "attrs": {"רמת קושי": "בסיסית", "עונה מומלצת": "כל השנה", "אורך המסלול": "12 ק\"מ", "לפי אזור": "צפון,גליל עליון", "משך המסלול": "1-2 שעות", "סוג המסלול": "נגיש,פיקניק,נוף ותצפית,היסטוריה ואומנות,חלק משביל ישראל", "טווח מרחקים": "10", "עומס": "עומס קל"}, "fetched_on": "2026-07-27"}}, {"type": "Feature", "geometry": {"type": "Point", "coordinates": [35.53988, 32.67358]}, "properties": {"id": "kkl-b4abcf2f", "operator": "kkl", "name_he": "דרך נוף יבנאל-מנחמיה", "link": "https://www.kkl.org.il/travel/trips/2954/", "info": "", "attrs": {"רמת קושי": "בסיסית", "עונה מומלצת": "אביב,חורף,סתיו", "אורך המסלול": "10 ק\"מ", "לפי אזור": "צפון,גליל תחתון", "משך המסלול": "1-2 שעות", "סוג המסלול": "פיקניק,נוף ותצפית,חלק משביל ישראל", "טווח מרחקים": "20", "עומס": "עומס קל"}, "fetched_on": "2026-07-27"}}, {"type": "Feature", "geometry": {"type": "Point", "coordinates": [35.04812, 32.75146]}, "properties": {"id": "kkl-0f64d717", "operator": "kkl", "name_he": "דרך נוף יער חוף הכרמל", "link": "https://www.kkl.org.il/travel/trips/2943/", "info": "", "attrs": {"רמת קושי": "בסיסית", "עונה מומלצת": "כל השנה", "אורך המסלול": "4 ק\"מ", "לפי אזור": "צפון,כרמל", "משך המסלול": "1-2 שעות", "סוג המסלול": "נגיש,פיקניק,נוף ותצפית,חלק משביל ישראל", "טווח מרחקים": "1", "עומס": "עומס קל"}, "fetched_on": "2026-07-27"}}, {"type": "Feature", "geometry": {"type": "Point", "coordinates": [35.0355, 31.34755]}, "properties": {"id": "kkl-1eb0b74b", "operator": "kkl", "name_he": "דרך נוף יער מיתר", "link": "https://www.kkl.org.il/travel/trips/2919/", "info": "", "attrs": {"עונה מומלצת": "כל השנה", "אורך המסלול": "3 ק\"מ", "לפי אזור": "דרום", "משך המסלול": "1-2 שעות", "סוג המסלול": "פיקניק,נוף ותצפית,היסטוריה ואומנות", "טווח מרחקים": "1", "עומס": "עומס קל"}, "fetched_on": "2026-07-27"}}, {"type": "Feature", "geometry": {"type": "Point", "coordinates": [35.55472, 32.74918]}, "properties": {"id": "kkl-7cfd69ac", "operator": "kkl", "name_he": "דרך נוף יער שוויץ", "link": "https://www.kkl.org.il/travel/trips/2977/", "info": "", "attrs": {"רמת קושי": "בסיסית", "עונה מומלצת": "כל השנה", "אורך המסלול": "6 ק\"מ", "לפי אזור": "צפון,גליל תחתון", "משך המסלול": "1-2 שעות", "סוג המסלול": "פיקניק,נוף ותצפית", "טווח מרחקים": "1", "עומס": "עומס קל"}, "fetched_on": "2026-07-27"}}, {"type": "Feature", "geometry": {"type": "Point", "coordinates": [35.24815, 32.73901]}, "properties": {"id": "kkl-a984368f", "operator": "kkl", "name_he": "דרך נוף יערות ציפורי", "link": "https://www.kkl.org.il/travel/trips/2702/", "info": "", "attrs": {"רמת קושי": "בסיסית", "עונה מומלצת": "כל השנה", "אורך המסלול": "16 ק\"מ", "לפי אזור": "צפון,גליל תחתון", "משך המסלול": "3-5 שעות", "סוג המסלול": "נגיש,פיקניק,נוף ותצפית,היסטוריה ואומנות,חלק משביל ישראל", "טווח מרחקים": "10", "עומס": "עומס קל"}, "fetched_on": "2026-07-27"}}, {"type": "Feature", "geometry": {"type": "Point", "coordinates": [35.57506, 33.22246]}, "properties": {"id": "kkl-b55a3ce0", "operator": "kkl", "name_he": "דרך נוף מצפה עדי–מטולה", "link": "https://www.kkl.org.il/travel/trips/2231/", "info": "", "attrs": {"רמת קושי": "בסיסית", "עונה מומלצת": "כל השנה", "אורך המסלול": "8 ק\"מ", "לפי אזור": "צפון,גליל עליון", "משך המסלול": "1-2 שעות", "סוג המסלול": "נגיש,נוף ותצפית", "טווח מרחקים": "1", "עומס": "עומס קל"}, "fetched_on": "2026-07-27"}}, {"type": "Feature", "geometry": {"type": "Point", "coordinates": [34.75701, 31.49659]}, "properties": {"id": "kkl-a75a6a1f", "operator": "kkl", "name_he": "דרך נוף נחל שקמה", "link": "https://www.kkl.org.il/travel/trips/2963/", "info": "", "attrs": {"רמת קושי": "בסיסית", "עונה מומלצת": "כל השנה", "אורך המסלול": "10 ק\"מ", "לפי אזור": "דרום,מישור החוף הדרומי", "משך המסלול": "1-2 שעות", "סוג המסלול": "פיקניק,נוף ותצפית", "טווח מרחקים": "20", "עומס": "עומס קל"}, "fetched_on": "2026-07-27"}}, {"type": "Feature", "geometry": {"type": "Point", "coordinates": [35.66147, 33.27094]}, "properties": {"id": "kkl-db409bae", "operator": "kkl", "name_he": "האלה שבנחל מחניים", "link": "https://www.kkl.org.il/travel/trips/2870/", "info": "", "attrs": {"רמת קושי": "בסיסית", "עונה מומלצת": "אביב,חורף,סתיו", "אורך המסלול": "2 ק\"מ", "לפי אזור": "צפון,עמק החולה", "משך המסלול": "1-2 שעות", "סוג המסלול": "פיקניק,מים ומעיינות,נוף ותצפית", "טווח מרחקים": "1", "עומס": "עומס קל"}, "fetched_on": "2026-07-27"}}, {"type": "Feature", "geometry": {"type": "Point", "coordinates": [35.46829, 33.0061]}, "properties": {"id": "kkl-42d9ceed", "operator": "kkl", "name_he": "האלה של רבי טרפון בקדיתא", "link": "https://www.kkl.org.il/travel/trips/2945/", "info": "", "attrs": {"רמת קושי": "בסיסית", "עונה מומלצת": "כל השנה", "לפי אזור": "צפון,גליל עליון", "משך המסלול": "1-2 שעות", "סוג המסלול": "היסטוריה ואומנות", "עומס": "עומס קל"}, "fetched_on": "2026-07-27"}}, {"type": "Feature", "geometry": {"type": "Point", "coordinates": [35.02949, 32.56489]}, "properties": {"id": "kkl-d61a054b", "operator": "kkl", "name_he": "ההר העגול ביער אלונה", "link": "https://www.kkl.org.il/travel/trips/the_round_mountain/", "info": "", "attrs": {"רמת קושי": "בסיסית", "עונה מומלצת": "כל השנה", "אורך המסלול": "200 מ'", "לפי אזור": "מרכז", "משך המסלול": "כחצי שעה", "סוג המסלול": "נגיש,פיקניק,נוף ותצפית,מסלול מעגלי,היסטוריה ואומנות"}, "fetched_on": "2026-07-27"}}, {"type": "Feature", "geometry": {"type": "Point", "coordinates": [35.1271, 31.77558]}, "properties": {"id": "kkl-603cb7e4", "operator": "kkl", "name_he": "החניון העליון בסטף", "link": "https://www.kkl.org.il/travel/parking_lot_sataf/", "info": "", "attrs": {"לפי אזור": "מרכז", "סוג המסלול": "פיקניק"}, "fetched_on": "2026-07-27"}}, {"type": "Feature", "geometry": {"type": "Point", "coordinates": [35.091, 31.80157]}, "properties": {"id": "kkl-6598aa8b", "operator": "kkl", "name_he": "הר אדר עד קרית ענבים – מסלול תש\"ח", "link": "https://www.kkl.org.il/travel/trips/2820/", "info": "", "attrs": {"רמת קושי": "בסיסית", "עונה מומלצת": "כל השנה", "אורך המסלול": "3 ק\"מ", "לפי אזור": "מרכז,שפלת יהודה", "משך המסלול": "1-2 שעות", "סוג המסלול": "נוף ותצפית,היסטוריה ואומנות", "טווח מרחקים": "1", "עומס": "עומס קל"}, "fetched_on": "2026-07-27"}}, {"type": "Feature", "geometry": {"type": "Point", "coordinates": [35.12121, 31.77368]}, "properties": {"id": "kkl-47a6506e", "operator": "kkl", "name_he": "הר איתן – חניון לילה ביער סטף", "link": "https://www.kkl.org.il/travel/campground_har_eitan/", "info": "", "attrs": {"לפי אזור": "מרכז,ירושלים", "סוג המסלול": "פיקניק,מסלולי אופניים,מסלולי הליכה"}, "fetched_on": "2026-07-27"}}, {"type": "Feature", "geometry": {"type": "Point", "coordinates": [35.42077, 32.484]}, "properties": {"id": "kkl-fbd18406", "operator": "kkl", "name_he": "הר ברקן ויער הגלבוע", "link": "https://www.kkl.org.il/travel/gilboa_forest/", "info": "", "attrs": {"לפי אזור": "צפון,גלבוע,גליל תחתון", "סוג המסלול": "מצפורים,מסלולי אופניים,ארכיאולוגיה"}, "fetched_on": "2026-07-27"}}, {"type": "Feature", "geometry": {"type": "Point", "coordinates": [35.35023, 32.7009]}, "properties": {"id": "kkl-fae837bf", "operator": "kkl", "name_he": "הר דבורה", "link": "https://www.kkl.org.il/travel/trips/2850/", "info": "", "attrs": {"רמת קושי": "בינונית", "עונה מומלצת": "כל השנה", "אורך המסלול": "5 ק\"מ", "לפי אזור": "צפון,גליל תחתון", "משך המסלול": "1-2 שעות", "סוג המסלול": "פיקניק,נוף ותצפית,מסלול מעגלי,היסטוריה ואומנות,חלק משביל ישראל", "טווח מרחקים": "1", "עומס": "עומס קל"}, "fetched_on": "2026-07-27"}}, {"type": "Feature", "geometry": {"type": "Point", "coordinates": [35.2981, 32.68325]}, "properties": {"id": "kkl-2c79454e", "operator": "kkl", "name_he": "הר הקפיצה: טיול בשביל הבשורה", "link": "https://www.kkl.org.il/travel/trips/228/", "info": "", "attrs": {"רמת קושי": "בסיסית", "עונה מומלצת": "אביב,חורף,סתיו", "אורך המסלול": "5 ק\"מ", "לפי אזור": "צפון,גליל תחתון", "משך המסלול": "1-2 שעות", "סוג המסלול": "נוף ותצפית", "טווח מרחקים": "1", "עומס": "עומס קל"}, "fetched_on": "2026-07-27"}}, {"type": "Feature", "geometry": {"type": "Point", "coordinates": [35.50034, 32.99476]}, "properties": {"id": "kkl-72fe5a1f", "operator": "kkl", "name_he": "הר יבנית", "link": "https://www.kkl.org.il/travel/scenic_lookout_yavnit/", "info": "", "attrs": {"לפי אזור": "צפון", "סוג המסלול": "נוף ותצפית"}, "fetched_on": "2026-07-27"}}, {"type": "Feature", "geometry": {"type": "Point", "coordinates": [35.04167, 31.75194]}, "properties": {"id": "kkl-1ec5997b", "operator": "kkl", "name_he": "הר יעלה", "link": "https://www.kkl.org.il/travel/?catid=a15136b3-c0f4-4ff4-be65-7c44c442bc25&itemid=1ec5997b-1c9e-4bc9-87bf-dc530914fe90", "info": "", "attrs": {"לפי אזור": "צפון"}, "fetched_on": "2026-07-27"}}, {"type": "Feature", "geometry": {"type": "Point", "coordinates": [35.3685, 32.70686]}, "properties": {"id": "kkl-f56410f3", "operator": "kkl", "name_he": "הר תבור", "link": "https://www.kkl.org.il/travel/scenic_lookout_tavor/", "info": "", "attrs": {"לפי אזור": "צפון,גליל תחתון", "סוג המסלול": "מצפורים"}, "fetched_on": "2026-07-27"}}, {"type": "Feature", "geometry": {"type": "Point", "coordinates": [34.92366, 31.96655]}, "properties": {"id": "kkl-c6d4a221", "operator": "kkl", "name_he": "השיזף הגדול ביער בן שמן", "link": "https://www.kkl.org.il/travel/trips/2704/", "info": "", "attrs": {"עונה מומלצת": "כל השנה", "אורך המסלול": "3 ק\"מ", "לפי אזור": "מרכז,שפלת יהודה", "משך המסלול": "1-2 שעות", "סוג המסלול": "פיקניק", "טווח מרחקים": "1", "עומס": "עומס קל"}, "fetched_on": "2026-07-27"}}, {"type": "Feature", "geometry": {"type": "Point", "coordinates": [35.49651, 32.88053]}, "properties": {"id": "kkl-e3d1fbc1", "operator": "kkl", "name_he": "חוקוק: עבר, הווה, עתיד", "link": "https://www.kkl.org.il/travel/trips/29649/", "info": "", "attrs": {"לפי אזור": "צפון", "סוג המסלול": "היסטוריה ואומנות,נוף ותצפית,מצפורים,ארכיאולוגיה,מסלולי הליכה"}, "fetched_on": "2026-07-27"}}, {"type": "Feature", "geometry": {"type": "Point", "coordinates": [34.96968, 31.63859]}, "properties": {"id": "kkl-c654f83a", "operator": "kkl", "name_he": "חורבת בורגין", "link": "https://www.kkl.org.il/travel/trips/khirbat-umm-burj/", "info": "", "attrs": {"רמת קושי": "בסיסית", "עונה מומלצת": "כל השנה", "אורך המסלול": "4 ק\"מ", "לפי אזור": "מרכז,שפלת יהודה", "סוג המסלול": "נוף ותצפית,מסלול מעגלי,היסטוריה ואומנות", "עומס": "עומס בינוני"}, "fetched_on": "2026-07-27"}}, {"type": "Feature", "geometry": {"type": "Point", "coordinates": [35.05301, 31.73517]}, "properties": {"id": "kkl-9abd414c", "operator": "kkl", "name_he": "חורבת בית עטאב", "link": "https://www.kkl.org.il/travel/?catid=a15136b3-c0f4-4ff4-be65-7c44c442bc25&itemid=9abd414c-303d-40f5-a2bc-e27fadca3452", "info": "", "attrs": {"לפי אזור": "צפון"}, "fetched_on": "2026-07-27"}}, {"type": "Feature", "geometry": {"type": "Point", "coordinates": [35.24694, 33.06666]}, "properties": {"id": "kkl-59a35307", "operator": "kkl", "name_he": "חורבת דנעילה בגליל המערבי", "link": "https://www.kkl.org.il/travel/trips/26/", "info": "", "attrs": {"רמת קושי": "בסיסית", "עונה מומלצת": "אביב,חורף,סתיו,קיץ", "אורך המסלול": "1 ק\"מ", "לפי אזור": "צפון,גליל מערבי", "משך המסלול": "1-2 שעות", "סוג המסלול": "מסלול מעגלי,היסטוריה ואומנות", "טווח מרחקים": "1", "עומס": "עומס קל"}, "fetched_on": "2026-07-27"}}, {"type": "Feature", "geometry": {"type": "Point", "coordinates": [35.04691, 31.71184]}, "properties": {"id": "kkl-c21063e2", "operator": "kkl", "name_he": "חורבת חנות", "link": "https://www.kkl.org.il/travel/trips/2735/", "info": "", "attrs": {"רמת קושי": "בסיסית", "עונה מומלצת": "כל השנה", "לפי אזור": "מרכז,ירושלים", "משך המסלול": "1-2 שעות", "סוג המסלול": "פיקניק,מסלול מעגלי,היסטוריה ואומנות,חלק משביל ישראל", "עומס": "עומס קל"}, "fetched_on": "2026-07-27"}}, {"type": "Feature", "geometry": {"type": "Point", "coordinates": [34.8338, 31.42705]}, "properties": {"id": "kkl-c1fbc2fa", "operator": "kkl", "name_he": "חורבת מגדלית ביער דבירה", "link": "https://www.kkl.org.il/travel/trips/2128/", "info": "", "attrs": {"רמת קושי": "בסיסית", "עונה מומלצת": "אביב,חורף,סתיו", "לפי אזור": "דרום,שפלת יהודה", "משך המסלול": "1-2 שעות", "סוג המסלול": "פריחה,היסטוריה ואומנות,חלק משביל ישראל", "עומס": "עומס קל"}, "fetched_on": "2026-07-27"}}, {"type": "Feature", "geometry": {"type": "Point", "coordinates": [34.90639, 31.44968]}, "properties": {"id": "kkl-703ac1cb", "operator": "kkl", "name_he": "חורבת מרשם ביער מורן", "link": "https://www.kkl.org.il/travel/trips/2851/", "info": "", "attrs": {"רמת קושי": "בסיסית", "עונה מומלצת": "כל השנה", "אורך המסלול": "1 ק\"מ", "לפי אזור": "דרום,שפלת יהודה", "משך המסלול": "1-2 שעות", "סוג המסלול": "פיקניק,נוף ותצפית,מסלול מעגלי,היסטוריה ואומנות", "טווח מרחקים": "1", "עומס": "עומס קל"}, "fetched_on": "2026-07-27"}}, {"type": "Feature", "geometry": {"type": "Point", "coordinates": [34.97224, 31.64945]}, "properties": {"id": "kkl-6ac5ba52", "operator": "kkl", "name_he": "חורבת עתרי", "link": "https://www.kkl.org.il/travel/trips/1878/", "info": "", "attrs": {"רמת קושי": "בסיסית", "עונה מומלצת": "כל השנה", "אורך המסלול": "2 ק\"מ", "לפי אזור": "מרכז,שפלת יהודה", "משך המסלול": "1-2 שעות", "סוג המסלול": "נוף ותצפית,מסלול מעגלי,היסטוריה ואומנות", "טווח מרחקים": "1", "עומס": "עומס קל"}, "fetched_on": "2026-07-27"}}, {"type": "Feature", "geometry": {"type": "Point", "coordinates": [34.47232, 30.77184]}, "properties": {"id": "kkl-3b6fa540", "operator": "kkl", "name_he": "חורשת בארותיים", "link": "https://www.kkl.org.il/travel/trips/2405/", "info": "", "attrs": {"רמת קושי": "בסיסית", "עונה מומלצת": "אביב,חורף,סתיו", "אורך המסלול": "2 ק\"מ", "לפי אזור": "דרום,נגב מערבי", "משך המסלול": "3-5 שעות", "סוג המסלול": "פיקניק,מסלול מעגלי,היסטוריה ואומנות", "טווח מרחקים": "1", "עומס": "עומס קל"}, "fetched_on": "2026-07-27"}}, {"type": "Feature", "geometry": {"type": "Point", "coordinates": [35.36565, 32.55024]}, "properties": {"id": "kkl-3414eaf2", "operator": "kkl", "name_he": "חורשת גדעון בנחל חרוד", "link": "https://www.kkl.org.il/travel/trips/2598/", "info": "", "attrs": {"רמת קושי": "בסיסית", "עונה מומלצת": "כל השנה", "אורך המסלול": "2 ק\"מ", "לפי אזור": "צפון,Beit_Shean_Valley", "משך המסלול": "1-2 שעות", "סוג המסלול": "נגיש,מים ומעיינות,מסלול מעגלי", "טווח מרחקים": "1", "עומס": "עומס קל"}, "fetched_on": "2026-07-27"}}, {"type": "Feature", "geometry": {"type": "Point", "coordinates": [35.18102, 31.77395]}, "properties": {"id": "kkl-73034993", "operator": "kkl", "name_he": "חורשת האומות ביער ירושלים", "link": "https://www.kkl.org.il/travel/nations_grove/", "info": "", "attrs": {"לפי אזור": "מרכז"}, "fetched_on": "2026-07-27"}}, {"type": "Feature", "geometry": {"type": "Point", "coordinates": [34.83472, 31.41177]}, "properties": {"id": "kkl-9131d386", "operator": "kkl", "name_he": "חניון \"טבע\" ביער דבירה", "link": "https://www.kkl.org.il/travel/parking_lot_teva/", "info": "", "attrs": {"לפי אזור": "דרום", "סוג המסלול": "פיקניק,ארכיאולוגיה"}, "fetched_on": "2026-07-27"}}, {"type": "Feature", "geometry": {"type": "Point", "coordinates": [35.10579, 33.06894]}, "properties": {"id": "kkl-f8e8f4a4", "operator": "kkl", "name_he": "חניון אחיטוב (בצת)", "link": "https://www.kkl.org.il/travel/parking_lot_hahituv/", "info": "", "attrs": {"לפי אזור": "צפון"}, "fetched_on": "2026-07-27"}}, {"type": "Feature", "geometry": {"type": "Point", "coordinates": [34.60738, 31.53662]}, "properties": {"id": "kkl-d87b73fd", "operator": "kkl", "name_he": "חניון איבים ביער ארז", "link": "https://www.kkl.org.il/travel/parking_lot_erez/", "info": "", "attrs": {"לפי אזור": "דרום", "סוג המסלול": "פיקניק"}, "fetched_on": "2026-07-27"}}, {"type": "Feature", "geometry": {"type": "Point", "coordinates": [35.11756, 32.62996]}, "properties": {"id": "kkl-3c0b7867", "operator": "kkl", "name_he": "חניון אלות הטל", "link": "https://www.kkl.org.il/travel/parking_lot_elot_hatal/", "info": "", "attrs": {"לפי אזור": "מרכז", "סוג המסלול": "פיקניק,מסלול מעגלי"}, "fetched_on": "2026-07-27"}}, {"type": "Feature", "geometry": {"type": "Point", "coordinates": [34.55302, 31.50735]}, "properties": {"id": "kkl-a773c060", "operator": "kkl", "name_he": "חניון אנדרטת חץ שחור", "link": "https://www.kkl.org.il/travel/scenic_lookout_chetz_shachor/", "info": "", "attrs": {"לפי אזור": "דרום", "סוג המסלול": "פיקניק,היסטוריה ואומנות"}, "fetched_on": "2026-07-27"}}, {"type": "Feature", "geometry": {"type": "Point", "coordinates": [34.93965, 31.84796]}, "properties": {"id": "kkl-7057ad1d", "operator": "kkl", "name_he": "חניון אסף אסולין", "link": "https://www.kkl.org.il/travel/parking_lot_hamegenim/", "info": "", "attrs": {"לפי אזור": "מרכז", "סוג המסלול": "פיקניק,היסטוריה ואומנות"}, "fetched_on": "2026-07-27"}}, {"type": "Feature", "geometry": {"type": "Point", "coordinates": [34.9064, 31.44989]}, "properties": {"id": "kkl-16d3c973", "operator": "kkl", "name_he": "חניון בית חוות מרשם ביער מורן", "link": "https://www.kkl.org.il/travel/parking_lot_mer/", "info": "", "attrs": {"לפי אזור": "דרום", "סוג המסלול": "פיקניק,ארכיאולוגיה"}, "fetched_on": "2026-07-27"}}, {"type": "Feature", "geometry": {"type": "Point", "coordinates": [35.05445, 31.8194]}, "properties": {"id": "kkl-130f3390", "operator": "kkl", "name_he": "חניון בני קפלן", "link": "https://www.kkl.org.il/travel/parking_lot_neve_ilan/", "info": "", "attrs": {"לפי אזור": "מרכז", "סוג המסלול": "פיקניק,ארכיאולוגיה"}, "fetched_on": "2026-07-27"}}, {"type": "Feature", "geometry": {"type": "Point", "coordinates": [34.65036, 31.72499]}, "properties": {"id": "kkl-022036ac", "operator": "kkl", "name_he": "חניון גבעה 69 ביער חסה", "link": "https://www.kkl.org.il/travel/parking_lot_69/", "info": "", "attrs": {"לפי אזור": "דרום", "סוג המסלול": "היסטוריה ואומנות"}, "fetched_on": "2026-07-27"}}, {"type": "Feature", "geometry": {"type": "Point", "coordinates": [35.62747, 33.02548]}, "properties": {"id": "kkl-6da2c2b0", "operator": "kkl", "name_he": "חניון גדות", "link": "https://www.kkl.org.il/travel/picnic_area_gadot/", "info": "", "attrs": {"לפי אזור": "צפון,גליל עליון", "סוג המסלול": "פיקניק,מים ומעיינות"}, "fetched_on": "2026-07-27"}}, {"type": "Feature", "geometry": {"type": "Point", "coordinates": [34.71505, 31.2348]}, "properties": {"id": "kkl-90f3fbac", "operator": "kkl", "name_he": "חניון דני רביב", "link": "https://www.kkl.org.il/travel/?catid=a15136b3-c0f4-4ff4-be65-7c44c442bc25&itemid=90f3fbac-c811-485e-b051-42b57542ae4a", "info": "", "attrs": {"לפי אזור": "צפון"}, "fetched_on": "2026-07-27"}}, {"type": "Feature", "geometry": {"type": "Point", "coordinates": [35.63856, 33.0531]}, "properties": {"id": "kkl-88bf92d8", "operator": "kkl", "name_he": "חניון דרדרה", "link": "https://www.kkl.org.il/travel/parking_lot_dardara/", "info": "", "attrs": {"לפי אזור": "צפון,גליל עליון", "סוג המסלול": "נגיש,פיקניק"}, "fetched_on": "2026-07-27"}}, {"type": "Feature", "geometry": {"type": "Point", "coordinates": [34.85799, 31.37813]}, "properties": {"id": "kkl-f514f508", "operator": "kkl", "name_he": "חניון האורנים ביער להב", "link": "https://www.kkl.org.il/travel/campground_lahav/", "info": "", "attrs": {"לפי אזור": "דרום", "סוג המסלול": "נגיש,פריחה,ארכיאולוגיה"}, "fetched_on": "2026-07-27"}}, {"type": "Feature", "geometry": {"type": "Point", "coordinates": [34.51245, 31.42695]}, "properties": {"id": "kkl-d4ce0fc9", "operator": "kkl", "name_he": "חניון הבאר ביער שוקדה", "link": "https://www.kkl.org.il/travel/campground_ver_beer_sh/", "info": "", "attrs": {"לפי אזור": "דרום", "סוג המסלול": "מים ומעיינות,פריחה,מסלולי אופניים"}, "fetched_on": "2026-07-27"}}, {"type": "Feature", "geometry": {"type": "Point", "coordinates": [35.75876, 33.06846]}, "properties": {"id": "kkl-3b9ca717", "operator": "kkl", "name_he": "חניון הלוחמים חטיבה 679", "link": "https://www.kkl.org.il/travel/679parking_lot/", "info": "", "attrs": {"לפי אזור": "צפון"}, "fetched_on": "2026-07-27"}}, {"type": "Feature", "geometry": {"type": "Point", "coordinates": [34.95049, 31.94745]}, "properties": {"id": "kkl-c6b0603b", "operator": "kkl", "name_he": "חניון הנוער יער בן שמן", "link": "https://www.kkl.org.il/travel/campground_ben_shemen/", "info": "", "attrs": {"לפי אזור": "מרכז", "סוג המסלול": "מצפורים,מסלולי אופניים,ארכיאולוגיה,מסלולי הליכה"}, "fetched_on": "2026-07-27"}}, {"type": "Feature", "geometry": {"type": "Point", "coordinates": [34.91622, 31.83685]}, "properties": {"id": "kkl-d7c6dd01", "operator": "kkl", "name_he": "חניון הנוער יער המגינים", "link": "https://www.kkl.org.il/travel/campground_hamegenim/", "info": "", "attrs": {"לפי אזור": "מרכז"}, "fetched_on": "2026-07-27"}}, {"type": "Feature", "geometry": {"type": "Point", "coordinates": [34.97758, 31.77812]}, "properties": {"id": "kkl-0c1eae97", "operator": "kkl", "name_he": "חניון הסוהר - יער צרעה", "link": "https://www.kkl.org.il/travel/?catid=a15136b3-c0f4-4ff4-be65-7c44c442bc25&itemid=0c1eae97-100b-4475-a564-4fbecc377987", "info": "", "attrs": {"לפי אזור": "צפון"}, "fetched_on": "2026-07-27"}}, {"type": "Feature", "geometry": {"type": "Point", "coordinates": [35.42, 32.45322]}, "properties": {"id": "kkl-8bbf5235", "operator": "kkl", "name_he": "חניון הר אבינדב, גלבוע", "link": "https://www.kkl.org.il/travel/campground_avinadav/", "info": "", "attrs": {"לפי אזור": "צפון,גלבוע", "סוג המסלול": "פיקניק,פריחה,מצפורים"}, "fetched_on": "2026-07-27"}}, {"type": "Feature", "geometry": {"type": "Point", "coordinates": [34.78637, 30.87577]}, "properties": {"id": "kkl-c2692a72", "operator": "kkl", "name_he": "חניון הרועה", "link": "https://www.kkl.org.il/travel/parking_lot_haro/", "info": "", "attrs": {"לפי אזור": "דרום", "סוג המסלול": "פיקניק"}, "fetched_on": "2026-07-27"}}, {"type": "Feature", "geometry": {"type": "Point", "coordinates": [34.77831, 30.90595]}, "properties": {"id": "kkl-71ab9ba1", "operator": "kkl", "name_he": "חניון הרועָה", "link": "https://www.kkl.org.il/travel/trips/2745/", "info": "", "attrs": {"רמת קושי": "בסיסית", "עונה מומלצת": "כל השנה", "אורך המסלול": "2 ק\"מ", "לפי אזור": "דרום,נגב צפוני", "משך המסלול": "3-5 שעות", "סוג המסלול": "פיקניק,היסטוריה ואומנות", "טווח מרחקים": "1", "עומס": "עומס קל"}, "fetched_on": "2026-07-27"}}, {"type": "Feature", "geometry": {"type": "Point", "coordinates": [35.82705, 33.08038]}, "properties": {"id": "kkl-f4501338", "operator": "kkl", "name_he": "חניון הרעם", "link": "https://www.kkl.org.il/travel/parking_lot_harham/", "info": "", "attrs": {"לפי אזור": "צפון"}, "fetched_on": "2026-07-27"}}, {"type": "Feature", "geometry": {"type": "Point", "coordinates": [34.53009, 31.4672]}, "properties": {"id": "kkl-946c7ca4", "operator": "kkl", "name_he": "חניון ומצפור יונתן ורמולן", "link": "https://www.kkl.org.il/travel/scenic_lookout_vermeulen/", "info": "", "attrs": {"לפי אזור": "דרום", "סוג המסלול": "נוף ותצפית,מצפורים"}, "fetched_on": "2026-07-27"}}, {"type": "Feature", "geometry": {"type": "Point", "coordinates": [34.53016, 31.46664]}, "properties": {"id": "kkl-d90ccebc", "operator": "kkl", "name_he": "חניון ורמולן וחניון ברק רפאל", "link": "https://www.kkl.org.il/travel/campground_ver_ref/", "info": "", "attrs": {"לפי אזור": "דרום", "סוג המסלול": "פיקניק,פריחה,נוף ותצפית,מצפורים,מסלולי אופניים,מסלולי הליכה"}, "fetched_on": "2026-07-27"}}, {"type": "Feature", "geometry": {"type": "Point", "coordinates": [34.46804, 30.792]}, "properties": {"id": "kkl-7371f6ed", "operator": "kkl", "name_he": "חניון חורשת בארותיים", "link": "https://www.kkl.org.il/travel/parking_lot_beer/", "info": "", "attrs": {"לפי אזור": "דרום"}, "fetched_on": "2026-07-27"}}, {"type": "Feature", "geometry": {"type": "Point", "coordinates": [35.1595, 31.25755]}, "properties": {"id": "kkl-434683fb", "operator": "kkl", "name_he": "חניון חורשת רן בפארק ערד", "link": "https://www.kkl.org.il/travel/parking_lot_ran/", "info": "", "attrs": {"לפי אזור": "דרום", "סוג המסלול": "מצפורים"}, "fetched_on": "2026-07-27"}}, {"type": "Feature", "geometry": {"type": "Point", "coordinates": [34.90269, 31.51837]}, "properties": {"id": "kkl-aeba3fe0", "operator": "kkl", "name_he": "חניון חזן ביער אמציה", "link": "https://www.kkl.org.il/travel/parking_lot_hazan/", "info": "", "attrs": {"לפי אזור": "דרום", "סוג המסלול": "ארכיאולוגיה"}, "fetched_on": "2026-07-27"}}, {"type": "Feature", "geometry": {"type": "Point", "coordinates": [34.47143, 31.43854]}, "properties": {"id": "kkl-5ad19ec3", "operator": "kkl", "name_he": "חניון טל", "link": "https://www.kkl.org.il/travel/parking_tal/", "info": "", "attrs": {"לפי אזור": "דרום"}, "fetched_on": "2026-07-27"}}, {"type": "Feature", "geometry": {"type": "Point", "coordinates": [35.11837, 32.61236]}, "properties": {"id": "kkl-f4469cc8", "operator": "kkl", "name_he": "חניון יום נחל גחר ע\"ש שרה פרוכט", "link": "https://www.kkl.org.il/travel/parking_lot_gahar_stream/", "info": "", "attrs": {"לפי אזור": "מרכז"}, "fetched_on": "2026-07-27"}}, {"type": "Feature", "geometry": {"type": "Point", "coordinates": [34.47633, 31.32695]}, "properties": {"id": "kkl-e6e98d9b", "operator": "kkl", "name_he": "חניון יעקב הררי בדרך הבשור התיכונה", "link": "https://www.kkl.org.il/travel/parking_lot_arari/", "info": "", "attrs": {"לפי אזור": "דרום", "סוג המסלול": "פיקניק,מים ומעיינות"}, "fetched_on": "2026-07-27"}}, {"type": "Feature", "geometry": {"type": "Point", "coordinates": [34.8968, 32.29152]}, "properties": {"id": "kkl-dcacd862", "operator": "kkl", "name_he": "חניון יער אילנות", "link": "https://www.kkl.org.il/travel/parking_lot_ilanot/", "info": "", "attrs": {"לפי אזור": "מרכז"}, "fetched_on": "2026-07-27"}}, {"type": "Feature", "geometry": {"type": "Point", "coordinates": [35.36222, 32.62298]}, "properties": {"id": "kkl-74c9a4fb", "operator": "kkl", "name_he": "חניון יער גבעת המורה", "link": "https://www.kkl.org.il/travel/parking_lot_mora/", "info": "", "attrs": {"לפי אזור": "צפון"}, "fetched_on": "2026-07-27"}}, {"type": "Feature", "geometry": {"type": "Point", "coordinates": [35.24821, 32.73924]}, "properties": {"id": "kkl-4f8dc027", "operator": "kkl", "name_he": "חניון יער ציפורי", "link": "https://www.kkl.org.il/travel/parking_lot_zipori/", "info": "", "attrs": {"לפי אזור": "צפון"}, "fetched_on": "2026-07-27"}}, {"type": "Feature", "geometry": {"type": "Point", "coordinates": [34.92744, 32.28895]}, "properties": {"id": "kkl-7d6a1b36", "operator": "kkl", "name_he": "חניון יער קדימה", "link": "https://www.kkl.org.il/travel/parking_lot_kadima/", "info": "", "attrs": {"לפי אזור": "מרכז"}, "fetched_on": "2026-07-27"}}, {"type": "Feature", "geometry": {"type": "Point", "coordinates": [35.27207, 32.73975]}, "properties": {"id": "kkl-6ca444e8", "operator": "kkl", "name_he": "חניון לילה - מחנה הצופים בציפורי", "link": "https://www.kkl.org.il/travel/campground_tzipori/", "info": "", "attrs": {"לפי אזור": "צפון,גליל תחתון"}, "fetched_on": "2026-07-27"}}, {"type": "Feature", "geometry": {"type": "Point", "coordinates": [35.17466, 31.79928]}, "properties": {"id": "kkl-7a3243f3", "operator": "kkl", "name_he": "חניון לילה בני ציון, יער ירושלים", "link": "https://www.kkl.org.il/travel/campground_bney_tzion/", "info": "", "attrs": {"לפי אזור": "מרכז,ירושלים", "סוג המסלול": "פיקניק"}, "fetched_on": "2026-07-27"}}, {"type": "Feature", "geometry": {"type": "Point", "coordinates": [35.06639, 31.73849]}, "properties": {"id": "kkl-e733d9c1", "operator": "kkl", "name_he": "חניון לילה בר גיורא, פארק בגין", "link": "https://www.kkl.org.il/travel/campground_bar_giora/", "info": "", "attrs": {"לפי אזור": "מרכז", "סוג המסלול": "פיקניק,חלק משביל ישראל,מסלולי הליכה"}, "fetched_on": "2026-07-27"}}, {"type": "Feature", "geometry": {"type": "Point", "coordinates": [35.07397, 32.56788]}, "properties": {"id": "kkl-67ab301e", "operator": "kkl", "name_he": "חניון לילה גַּלְעֵד", "link": "https://www.kkl.org.il/travel/campground_galed/", "info": "", "attrs": {"לפי אזור": "מרכז,גלבוע,רמת מנשה", "סוג המסלול": "פיקניק,מים ומעיינות,מסלולי הליכה"}, "fetched_on": "2026-07-27"}}, {"type": "Feature", "geometry": {"type": "Point", "coordinates": [35.77098, 32.89577]}, "properties": {"id": "kkl-34b331b1", "operator": "kkl", "name_he": "חניון לילה דליות, גולן", "link": "https://www.kkl.org.il/travel/campground_dalyot/", "info": "", "attrs": {"לפי אזור": "צפון,הגולן", "סוג המסלול": "פיקניק"}, "fetched_on": "2026-07-27"}}, {"type": "Feature", "geometry": {"type": "Point", "coordinates": [35.54741, 33.11221]}, "properties": {"id": "kkl-57d2eb43", "operator": "kkl", "name_he": "חניון לילה האלות - יער הרי נפתלי", "link": "https://www.kkl.org.il/travel/campground_naftali/", "info": "", "attrs": {"לפי אזור": "צפון,גליל עליון", "סוג המסלול": "נגיש,פיקניק"}, "fetched_on": "2026-07-27"}}, {"type": "Feature", "geometry": {"type": "Point", "coordinates": [35.02946, 32.56489]}, "properties": {"id": "kkl-094e7e0a", "operator": "kkl", "name_he": "חניון לילה ההר העגול", "link": "https://www.kkl.org.il/travel/campground_har_agol/", "info": "", "attrs": {"לפי אזור": "מרכז,רמת מנשה", "סוג המסלול": "פיקניק"}, "fetched_on": "2026-07-27"}}, {"type": "Feature", "geometry": {"type": "Point", "coordinates": [35.11781, 32.62907]}, "properties": {"id": "kkl-cdf1575c", "operator": "kkl", "name_he": "חניון לילה הזורע", "link": "https://www.kkl.org.il/travel/campground_hazoreha/", "info": "", "attrs": {"לפי אזור": "מרכז,גלבוע,רמת מנשה", "סוג המסלול": "פיקניק"}, "fetched_on": "2026-07-27"}}, {"type": "Feature", "geometry": {"type": "Point", "coordinates": [35.11781, 32.62907]}, "properties": {"id": "kkl-6baa96b9", "operator": "kkl", "name_he": "חניון לילה הר גחר", "link": "https://www.kkl.org.il/travel/campground_gachar/", "info": "", "attrs": {"לפי אזור": "מרכז,גלבוע,רמת מנשה", "סוג המסלול": "פיקניק"}, "fetched_on": "2026-07-27"}}, {"type": "Feature", "geometry": {"type": "Point", "coordinates": [35.35036, 32.70156]}, "properties": {"id": "kkl-5c892a4b", "operator": "kkl", "name_he": "חניון לילה הר דבורה", "link": "https://www.kkl.org.il/travel/campground_dvora/", "info": "", "attrs": {"לפי אזור": "צפון,עמק יזרעאל", "סוג המסלול": "פיקניק"}, "fetched_on": "2026-07-27"}}, {"type": "Feature", "geometry": {"type": "Point", "coordinates": [35.04691, 31.71187]}, "properties": {"id": "kkl-7e7c77e6", "operator": "kkl", "name_he": "חניון לילה חורבת חנות, פארק עצמאות ארה\"ב", "link": "https://www.kkl.org.il/travel/campground_usa_park/", "info": "", "attrs": {"לפי אזור": "מרכז", "סוג המסלול": "פיקניק,ארכיאולוגיה,מסלולי הליכה"}, "fetched_on": "2026-07-27"}}, {"type": "Feature", "geometry": {"type": "Point", "coordinates": [34.48213, 31.34324]}, "properties": {"id": "kkl-6758b58b", "operator": "kkl", "name_he": "חניון לילה יעקב הררי, יער המילואים (נחל בשור)", "link": "https://www.kkl.org.il/travel/campground_arari/", "info": "", "attrs": {"לפי אזור": "דרום", "סוג המסלול": "פיקניק"}, "fetched_on": "2026-07-27"}}, {"type": "Feature", "geometry": {"type": "Point", "coordinates": [34.83055, 31.59639]}, "properties": {"id": "kkl-0feef2b8", "operator": "kkl", "name_he": "חניון לילה יער המלאכים - שחריה", "link": "https://www.kkl.org.il/travel/campground_shacharya/", "info": "", "attrs": {"לפי אזור": "דרום", "סוג המסלול": "פיקניק"}, "fetched_on": "2026-07-27"}}, {"type": "Feature", "geometry": {"type": "Point", "coordinates": [34.85119, 31.71313]}, "properties": {"id": "kkl-9ef84c02", "operator": "kkl", "name_he": "חניון לילה יער חרובית", "link": "https://www.kkl.org.il/travel/campground_charuvit/", "info": "", "attrs": {"לפי אזור": "מרכז", "סוג המסלול": "פיקניק,מסלולי אופניים,מסלולי הליכה"}, "fetched_on": "2026-07-27"}}, {"type": "Feature", "geometry": {"type": "Point", "coordinates": [34.63751, 31.48131]}, "properties": {"id": "kkl-83d24e6d", "operator": "kkl", "name_he": "חניון לילה יער ניר משה", "link": "https://www.kkl.org.il/travel/campground_nir/", "info": "", "attrs": {"לפי אזור": "דרום", "סוג המסלול": "נגיש,פיקניק,היסטוריה ואומנות"}, "fetched_on": "2026-07-27"}}, {"type": "Feature", "geometry": {"type": "Point", "coordinates": [35.54256, 32.7625]}, "properties": {"id": "kkl-c9c9da06", "operator": "kkl", "name_he": "חניון לילה יער שווייץ", "link": "https://www.kkl.org.il/travel/campground_switzerland/", "info": "", "attrs": {"לפי אזור": "צפון,גליל תחתון", "סוג המסלול": "פיקניק,חלק משביל ישראל,מצפורים"}, "fetched_on": "2026-07-27"}}, {"type": "Feature", "geometry": {"type": "Point", "coordinates": [35.50819, 32.99077]}, "properties": {"id": "kkl-d4a1561c", "operator": "kkl", "name_he": "חניון לילה מצודת ביריה", "link": "https://www.kkl.org.il/travel/campground_birya/", "info": "", "attrs": {"לפי אזור": "צפון,גליל עליון", "סוג המסלול": "נגיש,פיקניק,פריחה,היסטוריה ואומנות,מסלולי אופניים"}, "fetched_on": "2026-07-27"}}, {"type": "Feature", "geometry": {"type": "Point", "coordinates": [34.9287, 31.67005]}, "properties": {"id": "kkl-b39fe048", "operator": "kkl", "name_he": "חניון לילה משואה - פארק בריטניה", "link": "https://www.kkl.org.il/travel/campground_uk/", "info": "", "attrs": {"לפי אזור": "מרכז", "סוג המסלול": "נגיש"}, "fetched_on": "2026-07-27"}}, {"type": "Feature", "geometry": {"type": "Point", "coordinates": [35.13332, 32.60209]}, "properties": {"id": "kkl-83acddc9", "operator": "kkl", "name_he": "חניון לילה משמר העמק", "link": "https://www.kkl.org.il/travel/campground_overnight_mish/", "info": "", "attrs": {"לפי אזור": "מרכז"}, "fetched_on": "2026-07-27"}}, {"type": "Feature", "geometry": {"type": "Point", "coordinates": [34.5618, 31.60385]}, "properties": {"id": "kkl-02ef5a52", "operator": "kkl", "name_he": "חניון לילה נביה מרעי בדרך השיזף", "link": "https://www.kkl.org.il/travel/campground_n_m/", "info": "", "attrs": {"לפי אזור": "דרום", "סוג המסלול": "נגיש,פיקניק"}, "fetched_on": "2026-07-27"}}, {"type": "Feature", "geometry": {"type": "Point", "coordinates": [35.06145, 31.78143]}, "properties": {"id": "kkl-a50146ea", "operator": "kkl", "name_he": "חניון לילה נחל כסלון", "link": "https://www.kkl.org.il/travel/campground_kisalon/", "info": "", "attrs": {"לפי אזור": "מרכז", "סוג המסלול": "פיקניק"}, "fetched_on": "2026-07-27"}}, {"type": "Feature", "geometry": {"type": "Point", "coordinates": [35.0661, 31.74055]}, "properties": {"id": "kkl-935b649b", "operator": "kkl", "name_he": "חניון לילה נס הרים, פארק עצמאות ארה\"ב", "link": "https://www.kkl.org.il/travel/campground_nes_harim/", "info": "", "attrs": {"לפי אזור": "מרכז,ירושלים", "סוג המסלול": "פיקניק,מצפורים,מסלולי הליכה"}, "fetched_on": "2026-07-27"}}, {"type": "Feature", "geometry": {"type": "Point", "coordinates": [34.6298, 31.30785]}, "properties": {"id": "kkl-5ac63083", "operator": "kkl", "name_he": "חניון לילה סילברט, פארק אופקים", "link": "https://www.kkl.org.il/travel/campground_silb/", "info": "", "attrs": {"לפי אזור": "דרום", "סוג המסלול": "פיקניק"}, "fetched_on": "2026-07-27"}}, {"type": "Feature", "geometry": {"type": "Point", "coordinates": [35.12995, 31.75103]}, "properties": {"id": "kkl-b1ff4c39", "operator": "kkl", "name_he": "חניון לילה סעדים, יער עמינדב", "link": "https://www.kkl.org.il/travel/campground_aminadav/", "info": "", "attrs": {"לפי אזור": "מרכז,ירושלים", "סוג המסלול": "פיקניק,מצפורים,מסלולי אופניים,מסלולי הליכה"}, "fetched_on": "2026-07-27"}}, {"type": "Feature", "geometry": {"type": "Point", "coordinates": [35.7965, 33.09457]}, "properties": {"id": "kkl-6ff9803e", "operator": "kkl", "name_he": "חניון לילה עין זיוון", "link": "https://www.kkl.org.il/travel/campground_ein_zivan/", "info": "", "attrs": {"לפי אזור": "צפון", "סוג המסלול": "פיקניק,נוף ותצפית"}, "fetched_on": "2026-07-27"}}, {"type": "Feature", "geometry": {"type": "Point", "coordinates": [35.11556, 31.7268]}, "properties": {"id": "kkl-f8c8bf97", "operator": "kkl", "name_he": "חניון לילה עין קובי (פארק בגין)", "link": "https://www.kkl.org.il/travel/campground_ein_kobi/", "info": "", "attrs": {"לפי אזור": "מרכז", "סוג המסלול": "פיקניק,ארכיאולוגיה,מסלולי הליכה"}, "fetched_on": "2026-07-27"}}, {"type": "Feature", "geometry": {"type": "Point", "coordinates": [35.06106, 31.79224]}, "properties": {"id": "kkl-6284b59a", "operator": "kkl", "name_he": "חניון לילה שורש", "link": "https://www.kkl.org.il/travel/campground_shoresh/", "info": "", "attrs": {"לפי אזור": "מרכז", "סוג המסלול": "נוף ותצפית,מסלולי הליכה"}, "fetched_on": "2026-07-27"}}, {"type": "Feature", "geometry": {"type": "Point", "coordinates": [35.0589, 32.64207]}, "properties": {"id": "kkl-5e2b6deb", "operator": "kkl", "name_he": "חניון לילה שער הכרמל", "link": "https://www.kkl.org.il/travel/shahar_hacarmel/", "info": "", "attrs": {"לפי אזור": "צפון,גלבוע", "סוג המסלול": "נגיש,פיקניק"}, "fetched_on": "2026-07-27"}}, {"type": "Feature", "geometry": {"type": "Point", "coordinates": [35.02086, 31.81053]}, "properties": {"id": "kkl-32e9558b", "operator": "kkl", "name_he": "חניון מח\"ל - פארק רבין", "link": "https://www.kkl.org.il/travel/campground_rabin/", "info": "", "attrs": {"לפי אזור": "מרכז", "סוג המסלול": "נגיש,פיקניק,היסטוריה ואומנות"}, "fetched_on": "2026-07-27"}}, {"type": "Feature", "geometry": {"type": "Point", "coordinates": [34.85072, 31.62704]}, "properties": {"id": "kkl-e1015373", "operator": "kkl", "name_he": "חניון מצודת גלאון ביער גוברין", "link": "https://www.kkl.org.il/travel/parking_lot_galon/", "info": "", "attrs": {"לפי אזור": "דרום", "סוג המסלול": "פיקניק,ארכיאולוגיה"}, "fetched_on": "2026-07-27"}}, {"type": "Feature", "geometry": {"type": "Point", "coordinates": [35.62525, 33.01395]}, "properties": {"id": "kkl-8e19c7cf", "operator": "kkl", "name_he": "חניון משמר הירדן הישנה", "link": "https://www.kkl.org.il/travel/parking_lot_mishmar_hayarden/", "info": "", "attrs": {"לפי אזור": "צפון"}, "fetched_on": "2026-07-27"}}, {"type": "Feature", "geometry": {"type": "Point", "coordinates": [35.06614, 31.74053]}, "properties": {"id": "kkl-6b9bcc0b", "operator": "kkl", "name_he": "חניון נס הרים בפארק עצמאות ארה\"ב", "link": "https://www.kkl.org.il/travel/parking_lot_neve_arhab/", "info": "", "attrs": {"לפי אזור": "מרכז", "סוג המסלול": "נגיש,פיקניק"}, "fetched_on": "2026-07-27"}}, {"type": "Feature", "geometry": {"type": "Point", "coordinates": [34.99032, 31.77934]}, "properties": {"id": "kkl-5efa6dec", "operator": "kkl", "name_he": "חניון סופי", "link": "https://www.kkl.org.il/travel/parking_lot_sofi/", "info": "", "attrs": {"לפי אזור": "מרכז,שפלת יהודה", "סוג המסלול": "פיקניק"}, "fetched_on": "2026-07-27"}}, {"type": "Feature", "geometry": {"type": "Point", "coordinates": [35.06133, 31.78083]}, "properties": {"id": "kkl-75519c18", "operator": "kkl", "name_he": "חניון סנט גאלן ביער הקדושים", "link": "https://www.kkl.org.il/travel/trips/2895/", "info": "", "attrs": {"עונה מומלצת": "כל השנה", "לפי אזור": "מרכז", "משך המסלול": "1-2 שעות", "סוג המסלול": "נגיש,פיקניק", "עומס": "עומס קל"}, "fetched_on": "2026-07-27"}}, {"type": "Feature", "geometry": {"type": "Point", "coordinates": [35.59013, 33.00998]}, "properties": {"id": "kkl-7cae7c9f", "operator": "kkl", "name_he": "חניון עין ירדה", "link": "https://www.kkl.org.il/travel/picnic_area_yarda/", "info": "", "attrs": {"לפי אזור": "צפון", "סוג המסלול": "נגיש,פיקניק"}, "fetched_on": "2026-07-27"}}, {"type": "Feature", "geometry": {"type": "Point", "coordinates": [35.64736, 32.70408]}, "properties": {"id": "kkl-c28b3425", "operator": "kkl", "name_he": "חניון עין עקוב ביער מבוא חמה", "link": "https://www.kkl.org.il/travel/parking_lot_ein_akub/", "info": "", "attrs": {"לפי אזור": "צפון"}, "fetched_on": "2026-07-27"}}, {"type": "Feature", "geometry": {"type": "Point", "coordinates": [35.56756, 33.1187]}, "properties": {"id": "kkl-24a28f27", "operator": "kkl", "name_he": "חניון פארק נחל קדש (תחתון)", "link": "https://www.kkl.org.il/travel/parking_lot_nahal_kadesh/", "info": "", "attrs": {"לפי אזור": "צפון"}, "fetched_on": "2026-07-27"}}, {"type": "Feature", "geometry": {"type": "Point", "coordinates": [35.02946, 32.56487]}, "properties": {"id": "kkl-f0c604a6", "operator": "kkl", "name_he": "חניון פיקניק ההר העגול", "link": "https://www.kkl.org.il/travel/parking_lot_haragol/", "info": "", "attrs": {"לפי אזור": "מרכז,שרון", "סוג המסלול": "פיקניק,היסטוריה ואומנות,מצפורים"}, "fetched_on": "2026-07-27"}}, {"type": "Feature", "geometry": {"type": "Point", "coordinates": [35.11721, 31.81446]}, "properties": {"id": "kkl-275e958f", "operator": "kkl", "name_he": "חניון פיקניק יער החמישה", "link": "https://www.kkl.org.il/travel/parking_lot_hahamisha/", "info": "", "attrs": {"לפי אזור": "מרכז", "סוג המסלול": "פיקניק,נוף ותצפית,מצפורים"}, "fetched_on": "2026-07-27"}}, {"type": "Feature", "geometry": {"type": "Point", "coordinates": [34.89372, 31.82333]}, "properties": {"id": "kkl-d0e32552", "operator": "kkl", "name_he": "חניון פיקניק יער חולדה", "link": "https://www.kkl.org.il/travel/parking_lot_hulda/", "info": "", "attrs": {"לפי אזור": "מרכז"}, "fetched_on": "2026-07-27"}}, {"type": "Feature", "geometry": {"type": "Point", "coordinates": [35.05044, 32.48643]}, "properties": {"id": "kkl-f2192e18", "operator": "kkl", "name_he": "חניון פיקניק יער עירון", "link": "https://www.kkl.org.il/travel/parking_lot_e_ron/", "info": "", "attrs": {"לפי אזור": "מרכז"}, "fetched_on": "2026-07-27"}}, {"type": "Feature", "geometry": {"type": "Point", "coordinates": [35.07872, 31.80245]}, "properties": {"id": "kkl-f2a02931", "operator": "kkl", "name_he": "חניון פיקניק פורצי הדרך בפארק רבין", "link": "https://www.kkl.org.il/travel/parking_lot_neve_portzei/", "info": "", "attrs": {"לפי אזור": "מרכז", "סוג המסלול": "פיקניק,היסטוריה ואומנות"}, "fetched_on": "2026-07-27"}}, {"type": "Feature", "geometry": {"type": "Point", "coordinates": [35.77538, 33.18978]}, "properties": {"id": "kkl-88704cca", "operator": "kkl", "name_he": "חניון פלס\"ר 7", "link": "https://www.kkl.org.il/travel/parking_lot_palsar_7/", "info": "", "attrs": {"לפי אזור": "צפון"}, "fetched_on": "2026-07-27"}}, {"type": "Feature", "geometry": {"type": "Point", "coordinates": [34.47261, 31.40129]}, "properties": {"id": "kkl-3d8fcdfd", "operator": "kkl", "name_he": "חניון רעים ודרך מתקני המים", "link": "https://www.kkl.org.il/travel/trips/1838/", "info": "", "attrs": {"רמת קושי": "בסיסית", "עונה מומלצת": "כל השנה", "אורך המסלול": "3 ק\"מ", "לפי אזור": "דרום,נגב מערבי", "משך המסלול": "1-2 שעות", "סוג המסלול": "נגיש,פיקניק,היסטוריה ואומנות", "טווח מרחקים": "1", "עומס": "עומס כבד"}, "fetched_on": "2026-07-27"}}, {"type": "Feature", "geometry": {"type": "Point", "coordinates": [35.22731, 32.87371]}, "properties": {"id": "kkl-18b0e531", "operator": "kkl", "name_he": "חניון שגב", "link": "https://www.kkl.org.il/travel/parking_lot_segev/", "info": "", "attrs": {"לפי אזור": "צפון"}, "fetched_on": "2026-07-27"}}, {"type": "Feature", "geometry": {"type": "Point", "coordinates": [35.1474, 33.01028]}, "properties": {"id": "kkl-84fb24ae", "operator": "kkl", "name_he": "חניון שיירת יחיעם", "link": "https://www.kkl.org.il/travel/parking_lot_yehiham/", "info": "", "attrs": {"לפי אזור": "צפון"}, "fetched_on": "2026-07-27"}}, {"type": "Feature", "geometry": {"type": "Point", "coordinates": [34.65523, 31.68212]}, "properties": {"id": "kkl-3b49ef69", "operator": "kkl", "name_he": "חניון שלולית חורף הודיה", "link": "https://www.kkl.org.il/travel/parking_lot_hodaya/", "info": "", "attrs": {"לפי אזור": "דרום", "סוג המסלול": "נגיש,פיקניק"}, "fetched_on": "2026-07-27"}}, {"type": "Feature", "geometry": {"type": "Point", "coordinates": [35.42923, 32.93918]}, "properties": {"id": "kkl-04377181", "operator": "kkl", "name_he": "חניון שפר", "link": "https://www.kkl.org.il/travel/parking_lot_shefer/", "info": "", "attrs": {"לפי אזור": "צפון"}, "fetched_on": "2026-07-27"}}, {"type": "Feature", "geometry": {"type": "Point", "coordinates": [35.32219, 32.90074]}, "properties": {"id": "kkl-e4da86ae", "operator": "kkl", "name_he": "חניון תל אחסנייה", "link": "https://www.kkl.org.il/travel/picnic_area_hussniyya/", "info": "", "attrs": {"לפי אזור": "צפון", "סוג המסלול": "פיקניק,היסטוריה ואומנות"}, "fetched_on": "2026-07-27"}}, {"type": "Feature", "geometry": {"type": "Point", "coordinates": [35.33185, 32.55752]}, "properties": {"id": "kkl-f5b0e924", "operator": "kkl", "name_he": "חניון תל יזרעאל", "link": "https://www.kkl.org.il/travel/parking_lot_israel/", "info": "", "attrs": {"לפי אזור": "צפון"}, "fetched_on": "2026-07-27"}}, {"type": "Feature", "geometry": {"type": "Point", "coordinates": [34.97029, 32.64974]}, "properties": {"id": "kkl-65b68371", "operator": "kkl", "name_he": "חניון תנועות הנוער ביער חוף כרמל (יער עופר)", "link": "https://www.kkl.org.il/travel/campground_hofhacarmel/", "info": "", "attrs": {"לפי אזור": "צפון,גליל מערבי", "סוג המסלול": "פיקניק,מצפורים"}, "fetched_on": "2026-07-27"}}, {"type": "Feature", "geometry": {"type": "Point", "coordinates": [35.48311, 33.00731]}, "properties": {"id": "kkl-c2c6c5ac", "operator": "kkl", "name_he": "חניוני ביריה", "link": "https://www.kkl.org.il/travel/parking_lot_biriya/", "info": "", "attrs": {"לפי אזור": "צפון"}, "fetched_on": "2026-07-27"}}, {"type": "Feature", "geometry": {"type": "Point", "coordinates": [35.07392, 32.56785]}, "properties": {"id": "kkl-65ec216c", "operator": "kkl", "name_he": "חניוני גַלעד", "link": "https://www.kkl.org.il/travel/parking_lot_zamir/", "info": "", "attrs": {"לפי אזור": "מרכז", "סוג המסלול": "נגיש,פיקניק,פריחה"}, "fetched_on": "2026-07-27"}}, {"type": "Feature", "geometry": {"type": "Point", "coordinates": [34.71506, 31.23477]}, "properties": {"id": "kkl-8aa89a29", "operator": "kkl", "name_he": "חניוני דרך הפסלים ביער חצרים", "link": "https://www.kkl.org.il/travel/parking_lot_psalim/", "info": "", "attrs": {"לפי אזור": "דרום", "סוג המסלול": "היסטוריה ואומנות"}, "fetched_on": "2026-07-27"}}, {"type": "Feature", "geometry": {"type": "Point", "coordinates": [34.56181, 31.60385]}, "properties": {"id": "kkl-9a9fa70b", "operator": "kkl", "name_he": "חניוני דרך השיזף ביער יד מרדכי", "link": "https://www.kkl.org.il/travel/parking_lot_shizaf/", "info": "", "attrs": {"לפי אזור": "דרום", "סוג המסלול": "פיקניק"}, "fetched_on": "2026-07-27"}}, {"type": "Feature", "geometry": {"type": "Point", "coordinates": [35.56258, 33.22641]}, "properties": {"id": "kkl-2a7e1ffb", "operator": "kkl", "name_he": "חניוני דרך נוף הרי נפתלי", "link": "https://www.kkl.org.il/travel/parking_lot_nof_naftali/", "info": "", "attrs": {"לפי אזור": "צפון"}, "fetched_on": "2026-07-27"}}, {"type": "Feature", "geometry": {"type": "Point", "coordinates": [35.38188, 32.76979]}, "properties": {"id": "kkl-1f836ad5", "operator": "kkl", "name_he": "חניוני דרך נוף יער בית קשת", "link": "https://www.kkl.org.il/travel/parking_lot_keshet/", "info": "", "attrs": {"לפי אזור": "צפון"}, "fetched_on": "2026-07-27"}}, {"type": "Feature", "geometry": {"type": "Point", "coordinates": [35.26293, 30.86397]}, "properties": {"id": "kkl-9672d853", "operator": "kkl", "name_he": "חניוני הערבה בכביש 90", "link": "https://www.kkl.org.il/travel/parking_lot_90/", "info": "", "attrs": {"לפי אזור": "דרום", "סוג המסלול": "פיקניק"}, "fetched_on": "2026-07-27"}}, {"type": "Feature", "geometry": {"type": "Point", "coordinates": [35.26291, 30.86202]}, "properties": {"id": "kkl-5dc6166d", "operator": "kkl", "name_he": "חניוני הערבה התיכונה", "link": "https://www.kkl.org.il/travel/trips/2488/", "info": "", "attrs": {"רמת קושי": "בסיסית", "עונה מומלצת": "אביב,חורף,סתיו", "אורך המסלול": "24 ק\"מ", "לפי אזור": "דרום,Arava", "משך המסלול": "1-2 שעות", "סוג המסלול": "נגיש,פיקניק", "טווח מרחקים": "20", "עומס": "עומס קל"}, "fetched_on": "2026-07-27"}}, {"type": "Feature", "geometry": {"type": "Point", "coordinates": [35.11777, 32.63002]}, "properties": {"id": "kkl-5be2f42b", "operator": "kkl", "name_he": "חניוני הר גחר (לשעבר חניוני הזורע)", "link": "https://www.kkl.org.il/travel/parking_lot_hazorea/", "info": "", "attrs": {"לפי אזור": "מרכז", "סוג המסלול": "פיקניק,פריחה"}, "fetched_on": "2026-07-27"}}, {"type": "Feature", "geometry": {"type": "Point", "coordinates": [35.09312, 31.82018]}, "properties": {"id": "kkl-91a8f6c5", "operator": "kkl", "name_he": "חניוני הר הרוח", "link": "https://www.kkl.org.il/travel/parking_lot_neve_haruha/", "info": "", "attrs": {"לפי אזור": "מרכז", "סוג המסלול": "נגיש,פיקניק,מצפורים"}, "fetched_on": "2026-07-27"}}, {"type": "Feature", "geometry": {"type": "Point", "coordinates": [35.1899, 32.9208]}, "properties": {"id": "kkl-abcaf07e", "operator": "kkl", "name_he": "חניוני יער אחיהוד", "link": "https://www.kkl.org.il/travel/parking_lot_hahihud/", "info": "", "attrs": {"לפי אזור": "צפון"}, "fetched_on": "2026-07-27"}}, {"type": "Feature", "geometry": {"type": "Point", "coordinates": [34.98475, 31.79991]}, "properties": {"id": "kkl-41a5cc23", "operator": "kkl", "name_he": "חניוני יער אשתאול", "link": "https://www.kkl.org.il/travel/parking_lot_eshteol/", "info": "", "attrs": {"לפי אזור": "מרכז"}, "fetched_on": "2026-07-27"}}, {"type": "Feature", "geometry": {"type": "Point", "coordinates": [34.53006, 31.46664]}, "properties": {"id": "kkl-c47561e8", "operator": "kkl", "name_he": "חניוני יער בארי", "link": "https://www.kkl.org.il/travel/parking_lot_beeri/", "info": "", "attrs": {"לפי אזור": "דרום", "סוג המסלול": "נגיש,פיקניק,מצפורים,ארכיאולוגיה"}, "fetched_on": "2026-07-27"}}, {"type": "Feature", "geometry": {"type": "Point", "coordinates": [34.95673, 31.94955]}, "properties": {"id": "kkl-e000dcc4", "operator": "kkl", "name_he": "חניוני יער בן שמן", "link": "https://www.kkl.org.il/travel/parking_lot_benshemen/", "info": "", "attrs": {"לפי אזור": "מרכז"}, "fetched_on": "2026-07-27"}}, {"type": "Feature", "geometry": {"type": "Point", "coordinates": [34.83061, 31.59632]}, "properties": {"id": "kkl-18e9e782", "operator": "kkl", "name_he": "חניוני יער המלאכים-שחריה", "link": "https://www.kkl.org.il/travel/parking_lot_hamala/", "info": "", "attrs": {"לפי אזור": "דרום", "סוג המסלול": "נגיש,פיקניק,מסלולי אופניים,ארכיאולוגיה,מסלולי הליכה"}, "fetched_on": "2026-07-27"}}, {"type": "Feature", "geometry": {"type": "Point", "coordinates": [35.0208, 31.81069]}, "properties": {"id": "kkl-bca4d51a", "operator": "kkl", "name_he": "חניוני יער הקדושים", "link": "https://www.kkl.org.il/travel/parking_lot_neve_hakdoshim/", "info": "", "attrs": {"לפי אזור": "מרכז", "סוג המסלול": "נגיש,פיקניק"}, "fetched_on": "2026-07-27"}}, {"type": "Feature", "geometry": {"type": "Point", "coordinates": [34.90036, 32.43566]}, "properties": {"id": "kkl-67d98555", "operator": "kkl", "name_he": "חניוני יער חדרה", "link": "https://www.kkl.org.il/travel/parking_lot_hadera/", "info": "", "attrs": {"לפי אזור": "מרכז"}, "fetched_on": "2026-07-27"}}, {"type": "Feature", "geometry": {"type": "Point", "coordinates": [34.97378, 32.65665]}, "properties": {"id": "kkl-3003d3c0", "operator": "kkl", "name_he": "חניוני יער חוף כרמל (יער עופר)", "link": "https://www.kkl.org.il/travel/parking_lot_ron/", "info": "", "attrs": {"לפי אזור": "צפון"}, "fetched_on": "2026-07-27"}}, {"type": "Feature", "geometry": {"type": "Point", "coordinates": [34.97189, 32.14603]}, "properties": {"id": "kkl-133402c9", "operator": "kkl", "name_he": "חניוני יער חורשים", "link": "https://www.kkl.org.il/travel/parking_lot_horashim/", "info": "", "attrs": {"לפי אזור": "מרכז"}, "fetched_on": "2026-07-27"}}, {"type": "Feature", "geometry": {"type": "Point", "coordinates": [35.17163, 33.08902]}, "properties": {"id": "kkl-962d8013", "operator": "kkl", "name_he": "חניוני יער חניתה", "link": "https://www.kkl.org.il/travel/?catid=a15136b3-c0f4-4ff4-be65-7c44c442bc25&itemid=962d8013-d72d-40a8-8a4d-c9d20a823278", "info": "", "attrs": {"לפי אזור": "צפון"}, "fetched_on": "2026-07-27"}}, {"type": "Feature", "geometry": {"type": "Point", "coordinates": [35.06001, 31.34765]}, "properties": {"id": "kkl-886b8bf4", "operator": "kkl", "name_he": "חניוני יער יתיר", "link": "https://www.kkl.org.il/travel/parking_lot_yatir/", "info": "", "attrs": {"לפי אזור": "דרום", "סוג המסלול": "ארכיאולוגיה"}, "fetched_on": "2026-07-27"}}, {"type": "Feature", "geometry": {"type": "Point", "coordinates": [35.41221, 32.77298]}, "properties": {"id": "kkl-6624c708", "operator": "kkl", "name_he": "חניוני יער לביא", "link": "https://www.kkl.org.il/travel/parking_lot_lavi/", "info": "", "attrs": {"לפי אזור": "צפון"}, "fetched_on": "2026-07-27"}}, {"type": "Feature", "geometry": {"type": "Point", "coordinates": [34.86513, 31.37974]}, "properties": {"id": "kkl-2127c2d6", "operator": "kkl", "name_he": "חניוני יער להב", "link": "https://www.kkl.org.il/travel/parking_lot_lahav/", "info": "", "attrs": {"לפי אזור": "דרום", "סוג המסלול": "פיקניק,ארכיאולוגיה"}, "fetched_on": "2026-07-27"}}, {"type": "Feature", "geometry": {"type": "Point", "coordinates": [34.94046, 31.3396]}, "properties": {"id": "kkl-73b8b139", "operator": "kkl", "name_he": "חניוני יער מיתר", "link": "https://www.kkl.org.il/travel/parking_meitar/", "info": "", "attrs": {"לפי אזור": "דרום"}, "fetched_on": "2026-07-27"}}, {"type": "Feature", "geometry": {"type": "Point", "coordinates": [34.63861, 31.48178]}, "properties": {"id": "kkl-7cc4704c", "operator": "kkl", "name_he": "חניוני יער ניר משה", "link": "https://www.kkl.org.il/travel/parking_lot_nir/", "info": "", "attrs": {"לפי אזור": "דרום", "סוג המסלול": "נגיש,פיקניק"}, "fetched_on": "2026-07-27"}}, {"type": "Feature", "geometry": {"type": "Point", "coordinates": [35.13477, 31.74943]}, "properties": {"id": "kkl-c4749691", "operator": "kkl", "name_he": "חניוני יער עמינדב", "link": "https://www.kkl.org.il/travel/parking_lot_aminadav/", "info": "", "attrs": {"לפי אזור": "מרכז", "סוג המסלול": "נגיש,פיקניק,היסטוריה ואומנות,נוף ותצפית,מסלולי הליכה"}, "fetched_on": "2026-07-27"}}, {"type": "Feature", "geometry": {"type": "Point", "coordinates": [34.84243, 32.25718]}, "properties": {"id": "kkl-53d664b6", "operator": "kkl", "name_he": "חניוני יער פולג", "link": "https://www.kkl.org.il/travel/parking_lot_poleg/", "info": "", "attrs": {"לפי אזור": "מרכז,שרון", "סוג המסלול": "נגיש,פיקניק"}, "fetched_on": "2026-07-27"}}, {"type": "Feature", "geometry": {"type": "Point", "coordinates": [34.97757, 31.77818]}, "properties": {"id": "kkl-73b7697f", "operator": "kkl", "name_he": "חניוני יער צרעה (הנשיא)", "link": "https://www.kkl.org.il/travel/parking_lot_zirha/", "info": "", "attrs": {"לפי אזור": "מרכז"}, "fetched_on": "2026-07-27"}}, {"type": "Feature", "geometry": {"type": "Point", "coordinates": [34.95839, 31.9989]}, "properties": {"id": "kkl-2cb1928f", "operator": "kkl", "name_he": "חניוני יער קהילתי שוהם", "link": "https://www.kkl.org.il/travel/parking_lot_shoam/", "info": "", "attrs": {"לפי אזור": "מרכז"}, "fetched_on": "2026-07-27"}}, {"type": "Feature", "geometry": {"type": "Point", "coordinates": [34.51242, 31.42694]}, "properties": {"id": "kkl-56cd11a5", "operator": "kkl", "name_he": "חניוני יער קהילתי שוקדה", "link": "https://www.kkl.org.il/travel/parking_lot_shokda/", "info": "", "attrs": {"לפי אזור": "דרום", "סוג המסלול": "פריחה"}, "fetched_on": "2026-07-27"}}, {"type": "Feature", "geometry": {"type": "Point", "coordinates": [35.06091, 32.64425]}, "properties": {"id": "kkl-17159ebf", "operator": "kkl", "name_he": "חניוני יער קרן הכרמל", "link": "https://www.kkl.org.il/travel/parking_lot_keren/", "info": "", "attrs": {"לפי אזור": "צפון"}, "fetched_on": "2026-07-27"}}, {"type": "Feature", "geometry": {"type": "Point", "coordinates": [35.54254, 32.76248]}, "properties": {"id": "kkl-b74fd25e", "operator": "kkl", "name_he": "חניוני יער שווייץ", "link": "https://www.kkl.org.il/travel/parking_lot_shvaits/", "info": "", "attrs": {"לפי אזור": "צפון"}, "fetched_on": "2026-07-27"}}, {"type": "Feature", "geometry": {"type": "Point", "coordinates": [35.2212, 33.04948]}, "properties": {"id": "kkl-dd591912", "operator": "kkl", "name_he": "חניוני לילה פארק גורן", "link": "https://www.kkl.org.il/travel/campground_park_goren/", "info": "", "attrs": {"לפי אזור": "צפון,גליל מערבי", "סוג המסלול": "פיקניק,היסטוריה ואומנות,מסלולי הליכה"}, "fetched_on": "2026-07-27"}}, {"type": "Feature", "geometry": {"type": "Point", "coordinates": [34.613, 31.37667]}, "properties": {"id": "kkl-a412cf40", "operator": "kkl", "name_he": "חניוני לילה פארק שרשרת (נחל גרר)", "link": "https://www.kkl.org.il/travel/campground_sharsheret/", "info": "", "attrs": {"לפי אזור": "דרום", "סוג המסלול": "פיקניק,מים ומעיינות"}, "fetched_on": "2026-07-27"}}, {"type": "Feature", "geometry": {"type": "Point", "coordinates": [35.19963, 33.07935]}, "properties": {"id": "kkl-c66c596f", "operator": "kkl", "name_he": "חניוני פארק אדמית", "link": "https://www.kkl.org.il/travel/parking_lot_admit/", "info": "", "attrs": {"לפי אזור": "צפון"}, "fetched_on": "2026-07-27"}}, {"type": "Feature", "geometry": {"type": "Point", "coordinates": [34.62981, 31.30773]}, "properties": {"id": "kkl-a8792012", "operator": "kkl", "name_he": "חניוני פארק אופקים", "link": "https://www.kkl.org.il/travel/parking_lot_ofakim/", "info": "", "attrs": {"לפי אזור": "דרום", "סוג המסלול": "ארכיאולוגיה"}, "fetched_on": "2026-07-27"}}, {"type": "Feature", "geometry": {"type": "Point", "coordinates": [35.11743, 31.72564]}, "properties": {"id": "kkl-facda602", "operator": "kkl", "name_he": "חניוני פארק בגין", "link": "https://www.kkl.org.il/travel/parking_lot_neve_begin/", "info": "", "attrs": {"לפי אזור": "מרכז", "סוג המסלול": "נגיש,פיקניק,מים ומעיינות,מצפורים"}, "fetched_on": "2026-07-27"}}, {"type": "Feature", "geometry": {"type": "Point", "coordinates": [35.03055, 31.08333]}, "properties": {"id": "kkl-6a4fab55", "operator": "kkl", "name_he": "חניוני פארק בן גוריון בדימונה", "link": "https://www.kkl.org.il/travel/parking_gurion/", "info": "", "attrs": {"לפי אזור": "דרום", "סוג המסלול": "נגיש"}, "fetched_on": "2026-07-27"}}, {"type": "Feature", "geometry": {"type": "Point", "coordinates": [34.92868, 31.66983]}, "properties": {"id": "kkl-38016bce", "operator": "kkl", "name_he": "חניוני פארק בריטניה", "link": "https://www.kkl.org.il/travel/parking_lot_britanya/", "info": "", "attrs": {"לפי אזור": "מרכז"}, "fetched_on": "2026-07-27"}}, {"type": "Feature", "geometry": {"type": "Point", "coordinates": [35.22839, 33.0543]}, "properties": {"id": "kkl-d9fe6c91", "operator": "kkl", "name_he": "חניוני פארק גורן", "link": "https://www.kkl.org.il/travel/parking_lot_goren/", "info": "", "attrs": {"לפי אזור": "צפון"}, "fetched_on": "2026-07-27"}}, {"type": "Feature", "geometry": {"type": "Point", "coordinates": [34.65318, 31.27688]}, "properties": {"id": "kkl-2f45987d", "operator": "kkl", "name_he": "חניוני פארק סיירת שקד", "link": "https://www.kkl.org.il/travel/parking_lot_shaked/", "info": "", "attrs": {"לפי אזור": "דרום", "סוג המסלול": "פיקניק"}, "fetched_on": "2026-07-27"}}, {"type": "Feature", "geometry": {"type": "Point", "coordinates": [34.61303, 31.37667]}, "properties": {"id": "kkl-7f776ea9", "operator": "kkl", "name_he": "חניוני פארק שרשרת נחל גרר", "link": "https://www.kkl.org.il/travel/parking_lot_sharsheret/", "info": "", "attrs": {"לפי אזור": "דרום", "סוג המסלול": "נגיש,פיקניק,מים ומעיינות,פריחה,ארכיאולוגיה"}, "fetched_on": "2026-07-27"}}, {"type": "Feature", "geometry": {"type": "Point", "coordinates": [34.963, 31.80908]}, "properties": {"id": "kkl-5314f332", "operator": "kkl", "name_he": "חניוני פיקניק דרך בורמה", "link": "https://www.kkl.org.il/travel/parking_lot_neve_burma/", "info": "", "attrs": {"לפי אזור": "מרכז", "סוג המסלול": "מצפורים"}, "fetched_on": "2026-07-27"}}, {"type": "Feature", "geometry": {"type": "Point", "coordinates": [35.19382, 32.75102]}, "properties": {"id": "kkl-d43f7a2c", "operator": "kkl", "name_he": "טחנת הנזירים ויערות ציפורי", "link": "https://www.kkl.org.il/travel/zipori_forests/", "info": "", "attrs": {"לפי אזור": "צפון,גלבוע,גליל תחתון", "סוג המסלול": "מצפורים,מסלולי אופניים,ארכיאולוגיה,מסלולי הליכה"}, "fetched_on": "2026-07-27"}}, {"type": "Feature", "geometry": {"type": "Point", "coordinates": [35.58483, 33.11118]}, "properties": {"id": "kkl-bf0726de", "operator": "kkl", "name_he": "טיול אביב באגמון החולה", "link": "https://www.kkl.org.il/travel/trips/1820/", "info": "", "attrs": {"רמת קושי": "בסיסית", "עונה מומלצת": "אביב", "אורך המסלול": "8 ", "לפי אזור": "צפון,Hula Valley", "משך המסלול": "6 שעות ומעלה", "סוג המסלול": "נגיש,פיקניק,נוף ותצפית,צפרות", "טווח מרחקים": "1", "עומס": "עומס קל"}, "fetched_on": "2026-07-27"}}, {"type": "Feature", "geometry": {"type": "Point", "coordinates": [34.9609, 31.64501]}, "properties": {"id": "kkl-31d5472a", "operator": "kkl", "name_he": "טיול אל אתרי פארק עדולם צרפת", "link": "https://www.kkl.org.il/travel/trips/108adullam/", "info": "", "attrs": {"רמת קושי": "בסיסית", "עונה מומלצת": "כל השנה", "אורך המסלול": "12 ק\"מ", "לפי אזור": "מרכז,שפלת יהודה", "משך המסלול": "6 שעות ומעלה", "סוג המסלול": "נוף ותצפית,מסלול מעגלי,היסטוריה ואומנות", "טווח מרחקים": "10", "עומס": "עומס קל"}, "fetched_on": "2026-07-27"}}, {"type": "Feature", "geometry": {"type": "Point", "coordinates": [35.16026, 31.7873]}, "properties": {"id": "kkl-ea2e8d82", "operator": "kkl", "name_he": "טיול באזור ירושלים בין אשתאול לעין כרם", "link": "https://www.kkl.org.il/travel/trips/268/", "info": "", "attrs": {"רמת קושי": "בסיסית", "עונה מומלצת": "כל השנה", "אורך המסלול": "15 ק\"מ", "לפי אזור": "מרכז,ירושלים", "משך המסלול": "6 שעות ומעלה", "סוג המסלול": "פיקניק,נוף ותצפית,היסטוריה ואומנות", "טווח מרחקים": "10", "עומס": "עומס קל"}, "fetched_on": "2026-07-27"}}, {"type": "Feature", "geometry": {"type": "Point", "coordinates": [34.84156, 31.38379]}, "properties": {"id": "kkl-cc77b0ca", "operator": "kkl", "name_he": "טיול באתרי יער להב", "link": "https://www.kkl.org.il/travel/trips/259/", "info": "", "attrs": {"רמת קושי": "בסיסית", "עונה מומלצת": "כל השנה", "אורך המסלול": "5 ק\"מ", "לפי אזור": "דרום,שפלת יהודה", "משך המסלול": "1-2 שעות", "סוג המסלול": "נגיש,פיקניק,נוף ותצפית,מסלול מעגלי,היסטוריה ואומנות", "טווח מרחקים": "1", "עומס": "עומס קל"}, "fetched_on": "2026-07-27"}}, {"type": "Feature", "geometry": {"type": "Point", "coordinates": [35.10754, 33.08781]}, "properties": {"id": "kkl-f8370690", "operator": "kkl", "name_he": "טיול בחוף אכזיב", "link": "https://www.kkl.org.il/travel/trips/315/", "info": "", "attrs": {"רמת קושי": "בסיסית", "עונה מומלצת": "כל השנה", "אורך המסלול": "3 ק\"מ", "לפי אזור": "צפון,גליל מערבי", "משך המסלול": "3-5 שעות", "סוג המסלול": "מים ומעיינות,נוף ותצפית,היסטוריה ואומנות", "טווח מרחקים": "1", "עומס": "עומס בינוני"}, "fetched_on": "2026-07-27"}}, {"type": "Feature", "geometry": {"type": "Point", "coordinates": [35.42279, 33.0423]}, "properties": {"id": "kkl-82bcaf11", "operator": "kkl", "name_he": "טיול ביער ברעם", "link": "https://www.kkl.org.il/travel/trips/80/", "info": "", "attrs": {"רמת קושי": "בינונית", "עונה מומלצת": "אביב,חורף,סתיו", "אורך המסלול": "5 ק\"מ", "לפי אזור": "צפון,גליל עליון", "משך המסלול": "1-2 שעות", "סוג המסלול": "פיקניק,נוף ותצפית,מסלול מעגלי,פריחה,חלק משביל ישראל", "טווח מרחקים": "1", "עומס": "עומס קל"}, "fetched_on": "2026-07-27"}}, {"type": "Feature", "geometry": {"type": "Point", "coordinates": [35.36243, 32.62214]}, "properties": {"id": "kkl-2e17d82f", "operator": "kkl", "name_he": "טיול ביער גבעת המורה", "link": "https://www.kkl.org.il/travel/trips/1836/", "info": "", "attrs": {"רמת קושי": "בסיסית", "עונה מומלצת": "אביב,חורף,סתיו", "אורך המסלול": "2 ק\"מ", "לפי אזור": "צפון,גליל תחתון", "משך המסלול": "3-5 שעות", "סוג המסלול": "פיקניק,נוף ותצפית,מסלול מעגלי,פריחה", "טווח מרחקים": "1", "עומס": "עומס קל"}, "fetched_on": "2026-07-27"}}, {"type": "Feature", "geometry": {"type": "Point", "coordinates": [34.94421, 31.85317]}, "properties": {"id": "kkl-fbe5cc21", "operator": "kkl", "name_he": "טיול ביער המגינים", "link": "https://www.kkl.org.il/travel/trips/231/", "info": "", "attrs": {"רמת קושי": "בסיסית", "עונה מומלצת": "אביב,חורף,סתיו", "אורך המסלול": "5 ק\"מ", "לפי אזור": "מרכז,שפלת יהודה", "משך המסלול": "3-5 שעות", "סוג המסלול": "נגיש,פיקניק,נוף ותצפית,מסלול מעגלי,היסטוריה ואומנות", "טווח מרחקים": "1", "עומס": "עומס כבד"}, "fetched_on": "2026-07-27"}}, {"type": "Feature", "geometry": {"type": "Point", "coordinates": [34.91045, 32.43856]}, "properties": {"id": "kkl-6b15f45f", "operator": "kkl", "name_he": "טיול ביער חדרה", "link": "https://www.kkl.org.il/travel/trips/1739/", "info": "", "attrs": {"רמת קושי": "בסיסית", "עונה מומלצת": "כל השנה", "אורך המסלול": "5 ק\"מ", "לפי אזור": "מרכז,שרון", "משך המסלול": "3-5 שעות", "סוג המסלול": "פיקניק,נוף ותצפית,מסלול מעגלי,חלק משביל ישראל", "טווח מרחקים": "1", "עומס": "עומס קל"}, "fetched_on": "2026-07-27"}}, {"type": "Feature", "geometry": {"type": "Point", "coordinates": [35.41445, 32.77515]}, "properties": {"id": "kkl-5301049e", "operator": "kkl", "name_he": "טיול ביער לביא", "link": "https://www.kkl.org.il/travel/trips/213/", "info": "", "attrs": {"רמת קושי": "בסיסית", "עונה מומלצת": "כל השנה", "אורך המסלול": "1 ק\"מ", "לפי אזור": "צפון,גליל תחתון", "משך המסלול": "1-2 שעות", "סוג המסלול": "נגיש,פיקניק,היסטוריה ואומנות", "טווח מרחקים": "1", "עומס": "עומס קל"}, "fetched_on": "2026-07-27"}}, {"type": "Feature", "geometry": {"type": "Point", "coordinates": [34.95534, 31.99747]}, "properties": {"id": "kkl-e4ccaa7a", "operator": "kkl", "name_he": "טיול ביער קהילתי שוהם", "link": "https://www.kkl.org.il/travel/trips/238/", "info": "", "attrs": {"רמת קושי": "בסיסית", "עונה מומלצת": "כל השנה", "אורך המסלול": "3 ק\"מ", "לפי אזור": "מרכז,שפלת יהודה", "משך המסלול": "1-2 שעות", "סוג המסלול": "נגיש,פיקניק,נוף ותצפית,פריחה,חלק משביל ישראל", "טווח מרחקים": "1", "עומס": "עומס קל"}, "fetched_on": "2026-07-27"}}, {"type": "Feature", "geometry": {"type": "Point", "coordinates": [35.62476, 33.0149]}, "properties": {"id": "kkl-73246b56", "operator": "kkl", "name_he": "טיול במשמר הירדן הישנה", "link": "https://www.kkl.org.il/travel/trips/317/", "info": "", "attrs": {"רמת קושי": "בסיסית", "עונה מומלצת": "כל השנה", "אורך המסלול": "2 ק\"מ", "לפי אזור": "צפון,גליל עליון", "משך המסלול": "1-2 שעות", "סוג המסלול": "נגיש,פיקניק,נוף ותצפית,מסלול מעגלי,היסטוריה ואומנות", "טווח מרחקים": "1", "עומס": "עומס קל"}, "fetched_on": "2026-07-27"}}, {"type": "Feature", "geometry": {"type": "Point", "coordinates": [34.95079, 31.94701]}, "properties": {"id": "kkl-26513a05", "operator": "kkl", "name_he": "טיול בנופי נחל נטוף שביער בן שמן", "link": "https://www.kkl.org.il/travel/trips/2083/", "info": "", "attrs": {"רמת קושי": "בסיסית", "עונה מומלצת": "כל השנה", "אורך המסלול": "10 ק\"מ", "לפי אזור": "מרכז,שפלת יהודה", "משך המסלול": "3-5 שעות", "סוג המסלול": "פיקניק,פריחה,היסטוריה ואומנות", "טווח מרחקים": "10", "עומס": "עומס קל"}, "fetched_on": "2026-07-27"}}, {"type": "Feature", "geometry": {"type": "Point", "coordinates": [35.18359, 32.571]}, "properties": {"id": "kkl-b434715f", "operator": "kkl", "name_he": "טיול בנחל קיני", "link": "https://www.kkl.org.il/travel/trips/250/", "info": "", "attrs": {"רמת קושי": "בסיסית", "עונה מומלצת": "כל השנה", "אורך המסלול": "2 ק\"מ", "לפי אזור": "צפון,עמק יזרעאל", "משך המסלול": "1-2 שעות", "סוג המסלול": "מים ומעיינות,מסלול מעגלי", "טווח מרחקים": "1", "עומס": "עומס בינוני"}, "fetched_on": "2026-07-27"}}, {"type": "Feature", "geometry": {"type": "Point", "coordinates": [34.46198, 31.44872]}, "properties": {"id": "kkl-119e6612", "operator": "kkl", "name_he": "טיול בנתיב אנז\"ק בנגב", "link": "https://www.kkl.org.il/travel/trips/215/", "info": "", "attrs": {"רמת קושי": "בסיסית", "עונה מומלצת": "כל השנה", "אורך המסלול": "6 ק\"מ", "לפי אזור": "דרום,נגב מערבי", "משך המסלול": "3-5 שעות", "סוג המסלול": "פיקניק,נוף ותצפית,היסטוריה ואומנות", "טווח מרחקים": "1", "עומס": "עומס קל"}, "fetched_on": "2026-07-27"}}, {"type": "Feature", "geometry": {"type": "Point", "coordinates": [35.19964, 33.0792]}, "properties": {"id": "kkl-9c81bf4c", "operator": "kkl", "name_he": "טיול בפארק אדמית", "link": "https://www.kkl.org.il/travel/trips/128/", "info": "", "attrs": {"רמת קושי": "בסיסית", "עונה מומלצת": "כל השנה", "אורך המסלול": "2 ק\"מ", "לפי אזור": "צפון,גליל מערבי", "משך המסלול": "6 שעות ומעלה", "סוג המסלול": "נגיש,פיקניק,נוף ותצפית,מסלול מעגלי", "טווח מרחקים": "1", "עומס": "עומס קל"}, "fetched_on": "2026-07-27"}}, {"type": "Feature", "geometry": {"type": "Point", "coordinates": [34.48959, 31.30863]}, "properties": {"id": "kkl-72ede456", "operator": "kkl", "name_he": "טיול בפארק אשכול (גן לאומי הבשור)", "link": "https://www.kkl.org.il/travel/trips/74/", "info": "", "attrs": {"רמת קושי": "בסיסית", "עונה מומלצת": "חורף,סתיו,קיץ", "אורך המסלול": "2 ק\"מ", "לפי אזור": "דרום,נגב מערבי", "משך המסלול": "3-5 שעות", "סוג המסלול": "נגיש,פיקניק,מים ומעיינות,מסלול מעגלי,היסטוריה ואומנות", "טווח מרחקים": "1", "עומס": "עומס קל"}, "fetched_on": "2026-07-27"}}, {"type": "Feature", "geometry": {"type": "Point", "coordinates": [34.76153, 31.01605]}, "properties": {"id": "kkl-ac3533a2", "operator": "kkl", "name_he": "טיול בפארק גולדה", "link": "https://www.kkl.org.il/travel/trips/1702/", "info": "", "attrs": {"רמת קושי": "בסיסית", "עונה מומלצת": "כל השנה", "אורך המסלול": "2 ק\"מ", "לפי אזור": "דרום,נגב צפוני", "משך המסלול": "1-2 שעות", "סוג המסלול": "נגיש,פיקניק,מים ומעיינות,מסלול מעגלי,היסטוריה ואומנות", "טווח מרחקים": "1", "עומס": "עומס קל"}, "fetched_on": "2026-07-27"}}, {"type": "Feature", "geometry": {"type": "Point", "coordinates": [34.96077, 29.57221]}, "properties": {"id": "kkl-dec3a88c", "operator": "kkl", "name_he": "טיול בפארק הולנד באילת", "link": "https://www.kkl.org.il/travel/trips/176/", "info": "", "attrs": {"רמת קושי": "בסיסית", "עונה מומלצת": "כל השנה", "אורך המסלול": "2 ק\"מ", "לפי אזור": "דרום,אילת", "משך המסלול": "1-2 שעות", "סוג המסלול": "נוף ותצפית,מסלול מעגלי", "טווח מרחקים": "1", "עומס": "עומס קל"}, "fetched_on": "2026-07-27"}}, {"type": "Feature", "geometry": {"type": "Point", "coordinates": [35.29825, 32.97335]}, "properties": {"id": "kkl-039e42bf", "operator": "kkl", "name_he": "טיול בפארק הסלעים", "link": "https://www.kkl.org.il/travel/trips/204/", "info": "", "attrs": {"רמת קושי": "בסיסית", "עונה מומלצת": "כל השנה", "אורך המסלול": "2 ק\"מ", "לפי אזור": "צפון,גליל מערבי", "משך המסלול": "1-2 שעות", "סוג המסלול": "נוף ותצפית,מסלול מעגלי", "טווח מרחקים": "1", "עומס": "עומס קל"}, "fetched_on": "2026-07-27"}}, {"type": "Feature", "geometry": {"type": "Point", "coordinates": [34.70161, 31.49497]}, "properties": {"id": "kkl-04bd4a1e", "operator": "kkl", "name_he": "טיול ברוחמה הישנה", "link": "https://www.kkl.org.il/travel/trips/236/", "info": "", "attrs": {"רמת קושי": "בסיסית", "עונה מומלצת": "אביב,חורף,סתיו", "אורך המסלול": "2 ק\"מ", "לפי אזור": "דרום,נגב מערבי", "משך המסלול": "1-2 שעות", "סוג המסלול": "נגיש,פיקניק,מסלול מעגלי,היסטוריה ואומנות", "טווח מרחקים": "1", "עומס": "עומס כבד"}, "fetched_on": "2026-07-27"}}, {"type": "Feature", "geometry": {"type": "Point", "coordinates": [34.77726, 31.49558]}, "properties": {"id": "kkl-f4f00606", "operator": "kkl", "name_he": "טיול ברכב בדרך יער יתיר", "link": "https://www.kkl.org.il/travel/trips/2048/", "info": "", "attrs": {"רמת קושי": "בינונית", "עונה מומלצת": "אביב,חורף,סתיו", "אורך המסלול": "4 ק\"מ", "לפי אזור": "דרום,שפלת יהודה", "משך המסלול": "1-2 שעות", "סוג המסלול": "נוף ותצפית,פריחה,היסטוריה ואומנות,חלק משביל ישראל", "טווח מרחקים": "1", "עומס": "עומס קל"}, "fetched_on": "2026-07-27"}}, {"type": "Feature", "geometry": {"type": "Point", "coordinates": [34.83053, 31.59612]}, "properties": {"id": "kkl-21c8110d", "operator": "kkl", "name_he": "טיול ברכב ביער המלאכים-שחריה", "link": "https://www.kkl.org.il/travel/trips/2863/", "info": "", "attrs": {"רמת קושי": "בסיסית", "עונה מומלצת": "כל השנה", "אורך המסלול": "5 ק\"מ", "לפי אזור": "דרום,שפלת יהודה", "משך המסלול": "1-2 שעות", "סוג המסלול": "נגיש,פיקניק,נוף ותצפית,מסלול מעגלי,היסטוריה ואומנות", "טווח מרחקים": "1"}, "fetched_on": "2026-07-27"}}, {"type": "Feature", "geometry": {"type": "Point", "coordinates": [34.4917, 31.24362]}, "properties": {"id": "kkl-919964e6", "operator": "kkl", "name_he": "טיול ברכב פרטי בדרך הבשור", "link": "https://www.kkl.org.il/travel/trips/346/", "info": "", "attrs": {"רמת קושי": "בסיסית", "עונה מומלצת": "אביב,חורף,סתיו", "אורך המסלול": "18 ק\"מ", "לפי אזור": "דרום,נגב מערבי", "משך המסלול": "1-2 שעות", "סוג המסלול": "נוף ותצפית", "טווח מרחקים": "10", "עומס": "עומס קל"}, "fetched_on": "2026-07-27"}}, {"type": "Feature", "geometry": {"type": "Point", "coordinates": [34.45551, 31.20514]}, "properties": {"id": "kkl-cc749f12", "operator": "kkl", "name_he": "טיול ברכב פרטי בדרך השדות", "link": "https://www.kkl.org.il/travel/trips/1799/", "info": "", "attrs": {"רמת קושי": "בסיסית", "עונה מומלצת": "כל השנה", "אורך המסלול": "20 ק\"מ", "לפי אזור": "דרום,נגב מערבי", "משך המסלול": "1-2 שעות", "סוג המסלול": "נוף ותצפית,היסטוריה ואומנות", "טווח מרחקים": "20", "עומס": "עומס קל"}, "fetched_on": "2026-07-27"}}, {"type": "Feature", "geometry": {"type": "Point", "coordinates": [35.00736, 31.78722]}, "properties": {"id": "kkl-6de5dbb0", "operator": "kkl", "name_he": "טיול ברכב פרטי ביער אשתאול", "link": "https://www.kkl.org.il/travel/trips/2053/", "info": "", "attrs": {"רמת קושי": "בסיסית", "עונה מומלצת": "כל השנה", "אורך המסלול": "8 ", "לפי אזור": "מרכז,שפלת יהודה", "משך המסלול": "3-5 שעות", "סוג המסלול": "פיקניק,נוף ותצפית,היסטוריה ואומנות,חלק משביל ישראל", "טווח מרחקים": "1", "עומס": "עומס קל"}, "fetched_on": "2026-07-27"}}, {"type": "Feature", "geometry": {"type": "Point", "coordinates": [35.75893, 33.07073]}, "properties": {"id": "kkl-c01e2b8b", "operator": "kkl", "name_he": "טיול ברכב פרטי בצפון הגולן", "link": "https://www.kkl.org.il/travel/trips/260/", "info": "", "attrs": {"רמת קושי": "בסיסית", "עונה מומלצת": "כל השנה", "אורך המסלול": "20 ק\"מ", "לפי אזור": "צפון,הגולן", "משך המסלול": "3-5 שעות", "סוג המסלול": "פיקניק,נוף ותצפית,מסלול מעגלי,היסטוריה ואומנות", "טווח מרחקים": "20", "עומס": "עומס קל"}, "fetched_on": "2026-07-27"}}, {"type": "Feature", "geometry": {"type": "Point", "coordinates": [34.9903, 29.79111]}, "properties": {"id": "kkl-2ff45fe3", "operator": "kkl", "name_he": "טיול ברכב פרטי לאתרי פארק תמנע", "link": "https://www.kkl.org.il/travel/trips/288/", "info": "", "attrs": {"רמת קושי": "בסיסית", "עונה מומלצת": "כל השנה", "אורך המסלול": "5 ק\"מ", "לפי אזור": "דרום,Arava", "משך המסלול": "3-5 שעות", "סוג המסלול": "נגיש,נוף ותצפית,מסלול מעגלי,היסטוריה ואומנות", "טווח מרחקים": "1", "עומס": "עומס קל"}, "fetched_on": "2026-07-27"}}, {"type": "Feature", "geometry": {"type": "Point", "coordinates": [35.13295, 31.74833]}, "properties": {"id": "kkl-67bab84a", "operator": "kkl", "name_he": "טיול ברכב פרטי ליער עמינדב", "link": "https://www.kkl.org.il/travel/trips/1612/", "info": "", "attrs": {"רמת קושי": "בסיסית", "עונה מומלצת": "כל השנה", "אורך המסלול": "15 ק\"מ", "לפי אזור": "מרכז,ירושלים", "משך המסלול": "3-5 שעות", "סוג המסלול": "נגיש,פיקניק,נוף ותצפית,מסלול מעגלי,פריחה,היסטוריה ואומנות", "טווח מרחקים": "10", "עומס": "עומס קל"}, "fetched_on": "2026-07-27"}}, {"type": "Feature", "geometry": {"type": "Point", "coordinates": [34.68376, 31.6928]}, "properties": {"id": "kkl-5b10d416", "operator": "kkl", "name_he": "טיול ברכב פרטי: אתרי חטיבת גבעתי במלחמת העצמאות", "link": "https://www.kkl.org.il/travel/trips/1574/", "info": "", "attrs": {"רמת קושי": "בסיסית", "עונה מומלצת": "כל השנה", "אורך המסלול": "50 ק\"מ", "לפי אזור": "דרום,נגב מערבי", "משך המסלול": "6 שעות ומעלה", "סוג המסלול": "נגיש,פיקניק,נוף ותצפית,היסטוריה ואומנות", "טווח מרחקים": "30", "עומס": "עומס קל"}, "fetched_on": "2026-07-27"}}, {"type": "Feature", "geometry": {"type": "Point", "coordinates": [35.21367, 32.70945]}, "properties": {"id": "kkl-7db79fe4", "operator": "kkl", "name_he": "טיול ברכב פרטי: בין נהלל ליפעת", "link": "https://www.kkl.org.il/travel/trips/253/", "info": "", "attrs": {"רמת קושי": "בסיסית", "עונה מומלצת": "כל השנה", "אורך המסלול": "12 ק\"מ", "לפי אזור": "צפון,עמק יזרעאל", "משך המסלול": "3-5 שעות", "סוג המסלול": "פיקניק,מים ומעיינות,נוף ותצפית,היסטוריה ואומנות", "טווח מרחקים": "10", "עומס": "עומס קל"}, "fetched_on": "2026-07-27"}}, {"type": "Feature", "geometry": {"type": "Point", "coordinates": [34.89605, 31.59668]}, "properties": {"id": "kkl-82b46247", "operator": "kkl", "name_he": "טיול ברכב פרטי: דרך הצנובר ביער מראשה", "link": "https://www.kkl.org.il/travel/trips/254/", "info": "", "attrs": {"רמת קושי": "בסיסית", "עונה מומלצת": "כל השנה", "אורך המסלול": "5 ק\"מ", "לפי אזור": "מרכז,נגב צפוני", "משך המסלול": "1-2 שעות", "סוג המסלול": "נוף ותצפית,מסלול מעגלי", "טווח מרחקים": "1", "עומס": "עומס קל"}, "fetched_on": "2026-07-27"}}, {"type": "Feature", "geometry": {"type": "Point", "coordinates": [35.29341, 30.80754]}, "properties": {"id": "kkl-f71fed5d", "operator": "kkl", "name_he": "טיול ברכב פרטי: דרך השלום שבערבה", "link": "https://www.kkl.org.il/travel/trips/156/", "info": "", "attrs": {"רמת קושי": "בסיסית", "עונה מומלצת": "אביב,חורף,סתיו", "אורך המסלול": "24 ק\"מ", "לפי אזור": "דרום,Arava", "משך המסלול": "3-5 שעות", "סוג המסלול": "נוף ותצפית", "טווח מרחקים": "20"}, "fetched_on": "2026-07-27"}}, {"type": "Feature", "geometry": {"type": "Point", "coordinates": [35.38369, 32.71788]}, "properties": {"id": "kkl-c3850e9f", "operator": "kkl", "name_he": "טיול ברכב פרטי: דרך נוף יער בית קשת", "link": "https://www.kkl.org.il/travel/trips/208/", "info": "", "attrs": {"רמת קושי": "בסיסית", "עונה מומלצת": "כל השנה", "אורך המסלול": "19 ק\"מ", "לפי אזור": "צפון,גליל תחתון", "משך המסלול": "3-5 שעות", "סוג המסלול": "נגיש,פיקניק,נוף ותצפית,מסלול מעגלי,חלק משביל ישראל", "טווח מרחקים": "10", "עומס": "עומס קל"}, "fetched_on": "2026-07-27"}}, {"type": "Feature", "geometry": {"type": "Point", "coordinates": [35.18141, 32.89314]}, "properties": {"id": "kkl-3835ea17", "operator": "kkl", "name_he": "טיול ברכב פרטי: דרך נוף יער שגב", "link": "https://www.kkl.org.il/travel/trips/131/", "info": "", "attrs": {"רמת קושי": "בסיסית", "עונה מומלצת": "כל השנה", "אורך המסלול": "10 ק\"מ", "לפי אזור": "צפון,גליל תחתון", "משך המסלול": "1-2 שעות", "סוג המסלול": "נגיש,פיקניק,נוף ותצפית", "טווח מרחקים": "1", "עומס": "עומס קל"}, "fetched_on": "2026-07-27"}}, {"type": "Feature", "geometry": {"type": "Point", "coordinates": [35.50036, 32.9946]}, "properties": {"id": "kkl-d36990e2", "operator": "kkl", "name_he": "טיול ברכב פרטי: דרך נוף ממירון לחצור הגלילית", "link": "https://www.kkl.org.il/travel/trips/247/", "info": "", "attrs": {"רמת קושי": "בסיסית", "עונה מומלצת": "כל השנה", "אורך המסלול": "16 ק\"מ", "לפי אזור": "צפון,גליל עליון", "משך המסלול": "3-5 שעות", "סוג המסלול": "נגיש,פיקניק,נוף ותצפית,פריחה", "טווח מרחקים": "10", "עומס": "עומס קל"}, "fetched_on": "2026-07-27"}}, {"type": "Feature", "geometry": {"type": "Point", "coordinates": [34.66869, 31.34497]}, "properties": {"id": "kkl-1a1c1c4b", "operator": "kkl", "name_he": "טיול ברכב פרטי: דרך נוף נחל שמריה", "link": "https://www.kkl.org.il/travel/trips/1868/", "info": "", "attrs": {"רמת קושי": "בסיסית", "עונה מומלצת": "אביב,חורף,סתיו", "אורך המסלול": "2 ק\"מ", "לפי אזור": "דרום,נגב צפוני", "משך המסלול": "1-2 שעות", "סוג המסלול": "נוף ותצפית", "טווח מרחקים": "1", "עומס": "עומס כבד"}, "fetched_on": "2026-07-27"}}, {"type": "Feature", "geometry": {"type": "Point", "coordinates": [34.75446, 31.49952]}, "properties": {"id": "kkl-110acd69", "operator": "kkl", "name_he": "טיול ברכב פרטי: דרך נוף נחל שקמה", "link": "https://www.kkl.org.il/travel/trips/1881/", "info": "", "attrs": {"רמת קושי": "בסיסית", "עונה מומלצת": "כל השנה", "אורך המסלול": "45 ק\"מ", "לפי אזור": "דרום,מישור החוף הדרומי", "משך המסלול": "3-5 שעות", "סוג המסלול": "פיקניק,נוף ותצפית,היסטוריה ואומנות,חלק משביל ישראל", "טווח מרחקים": "30", "עומס": "עומס קל"}, "fetched_on": "2026-07-27"}}, {"type": "Feature", "geometry": {"type": "Point", "coordinates": [34.93025, 31.68955]}, "properties": {"id": "kkl-c67b1321", "operator": "kkl", "name_he": "טיול ברכב פרטי: דרך נוף פארק בריטניה", "link": "https://www.kkl.org.il/travel/trips/227/", "info": "", "attrs": {"רמת קושי": "בסיסית", "עונה מומלצת": "כל השנה", "אורך המסלול": "22 ק\"מ", "לפי אזור": "מרכז,שפלת יהודה", "משך המסלול": "3-5 שעות", "סוג המסלול": "נגיש,פיקניק,נוף ותצפית,היסטוריה ואומנות,חלק משביל ישראל", "טווח מרחקים": "20", "עומס": "עומס קל"}, "fetched_on": "2026-07-27"}}, {"type": "Feature", "geometry": {"type": "Point", "coordinates": [35.46246, 32.5542]}, "properties": {"id": "kkl-ca80c507", "operator": "kkl", "name_he": "טיול ברכב פרטי: דרך נוף שלוחת צבאים", "link": "https://www.kkl.org.il/travel/trips/223/", "info": "", "attrs": {"רמת קושי": "בסיסית", "עונה מומלצת": "כל השנה", "אורך המסלול": "6 ק\"מ", "לפי אזור": "צפון,גליל תחתון", "משך המסלול": "3-5 שעות", "סוג המסלול": "נוף ותצפית", "טווח מרחקים": "1", "עומס": "עומס קל"}, "fetched_on": "2026-07-27"}}, {"type": "Feature", "geometry": {"type": "Point", "coordinates": [35.18968, 32.91985]}, "properties": {"id": "kkl-94b41738", "operator": "kkl", "name_he": "טיול ברכב פרטי: יער אחיהוד", "link": "https://www.kkl.org.il/travel/trips/197/", "info": "", "attrs": {"רמת קושי": "בסיסית", "עונה מומלצת": "כל השנה", "אורך המסלול": "8 ", "לפי אזור": "צפון,galil_maaravi", "משך המסלול": "1-2 שעות", "סוג המסלול": "פיקניק,נוף ותצפית", "טווח מרחקים": "1", "עומס": "עומס כבד"}, "fetched_on": "2026-07-27"}}, {"type": "Feature", "geometry": {"type": "Point", "coordinates": [35.57087, 33.12528]}, "properties": {"id": "kkl-e146f878", "operator": "kkl", "name_he": "טיול ברכב פרטי: מעמק החולה לבקעת קדש", "link": "https://www.kkl.org.il/travel/trips/262/", "info": "", "attrs": {"רמת קושי": "בסיסית", "עונה מומלצת": "כל השנה", "אורך המסלול": "7 ק\"מ", "לפי אזור": "צפון,גליל עליון", "משך המסלול": "3-5 שעות", "סוג המסלול": "פיקניק,נוף ותצפית,היסטוריה ואומנות,חלק משביל ישראל", "טווח מרחקים": "1", "עומס": "עומס קל"}, "fetched_on": "2026-07-27"}}, {"type": "Feature", "geometry": {"type": "Point", "coordinates": [35.4305, 32.4639]}, "properties": {"id": "kkl-e623a8fa", "operator": "kkl", "name_he": "טיול ברכב פרטי: מצפורים בגלבוע", "link": "https://www.kkl.org.il/travel/trips/320/", "info": "", "attrs": {"רמת קושי": "בסיסית", "עונה מומלצת": "כל השנה", "אורך המסלול": "30 ק\"מ", "לפי אזור": "צפון,גלבוע", "משך המסלול": "3-5 שעות", "סוג המסלול": "נגיש,פיקניק,נוף ותצפית", "טווח מרחקים": "30", "עומס": "עומס קל"}, "fetched_on": "2026-07-27"}}, {"type": "Feature", "geometry": {"type": "Point", "coordinates": [34.41446, 30.85608]}, "properties": {"id": "kkl-f2eb8ea3", "operator": "kkl", "name_he": "טיול ברכב פרטי: סובב ניצנה", "link": "https://www.kkl.org.il/travel/trips/177/", "info": "", "attrs": {"רמת קושי": "בסיסית", "עונה מומלצת": "אביב,חורף,סתיו", "אורך המסלול": "11 ק\"מ", "לפי אזור": "דרום,נגב צפוני", "משך המסלול": "3-5 שעות", "סוג המסלול": "נוף ותצפית,מסלול מעגלי,היסטוריה ואומנות", "טווח מרחקים": "10", "עומס": "עומס קל"}, "fetched_on": "2026-07-27"}}, {"type": "Feature", "geometry": {"type": "Point", "coordinates": [34.77726, 31.49558]}, "properties": {"id": "kkl-a0cbee6c", "operator": "kkl", "name_he": "טיול ברכב פרטי: סובב ניצנה", "link": "https://www.kkl.org.il/travel/trips/177/", "info": "", "attrs": {"רמת קושי": "בינונית", "עונה מומלצת": "אביב,חורף,סתיו", "אורך המסלול": "4 ק\"מ", "לפי אזור": "דרום,שפלת יהודה", "משך המסלול": "1-2 שעות", "סוג המסלול": "נוף ותצפית,פריחה,היסטוריה ואומנות,חלק משביל ישראל", "טווח מרחקים": "1", "עומס": "עומס קל"}, "fetched_on": "2026-07-27"}}, {"type": "Feature", "geometry": {"type": "Point", "coordinates": [34.99364, 31.84151]}, "properties": {"id": "kkl-baa7b8eb", "operator": "kkl", "name_he": "טיול בשביל אמות המים בפארק איילון קנדה", "link": "https://www.kkl.org.il/travel/trips/the_aqueduct_trail/", "info": "", "attrs": {"רמת קושי": "בסיסית", "עונה מומלצת": "כל השנה", "אורך המסלול": "2.5 ק\"מ", "לפי אזור": "מרכז,שפלת יהודה", "משך המסלול": "1-2 שעות", "סוג המסלול": "פיקניק,מים ומעיינות,נוף ותצפית,פריחה,היסטוריה ואומנות", "עומס": "עומס קל"}, "fetched_on": "2026-07-27"}}, {"type": "Feature", "geometry": {"type": "Point", "coordinates": [34.91024, 31.65907]}, "properties": {"id": "kkl-b97ac908", "operator": "kkl", "name_he": "טיול בשביל האלות שבפארק בריטניה", "link": "https://www.kkl.org.il/travel/trips/244/", "info": "", "attrs": {"רמת קושי": "בסיסית", "עונה מומלצת": "אביב,חורף,סתיו", "אורך המסלול": "3 ק\"מ", "לפי אזור": "מרכז,שפלת יהודה", "משך המסלול": "1-2 שעות", "סוג המסלול": "פיקניק,נוף ותצפית,חלק משביל ישראל", "טווח מרחקים": "1", "עומס": "עומס קל"}, "fetched_on": "2026-07-27"}}, {"type": "Feature", "geometry": {"type": "Point", "coordinates": [34.91023, 31.65907]}, "properties": {"id": "kkl-2d0984ee", "operator": "kkl", "name_he": "טיול בשביל הבארות ובורות המים שבפארק בריטניה", "link": "https://www.kkl.org.il/travel/trips/36/", "info": "", "attrs": {"רמת קושי": "בסיסית", "עונה מומלצת": "כל השנה", "אורך המסלול": "4 ק\"מ", "לפי אזור": "מרכז,שפלת יהודה", "משך המסלול": "3-4 שעות", "סוג המסלול": "נוף ותצפית,פריחה,היסטוריה ואומנות", "טווח מרחקים": "1", "עומס": "עומס קל"}, "fetched_on": "2026-07-27"}}, {"type": "Feature", "geometry": {"type": "Point", "coordinates": [35.77484, 33.16626]}, "properties": {"id": "kkl-59c19480", "operator": "kkl", "name_he": "טיול בשביל הגולן: מאנדרטת פלס\"ר 7 לתל קצעא", "link": "https://www.kkl.org.il/travel/trips/1643/", "info": "", "attrs": {"רמת קושי": "גבוהה", "עונה מומלצת": "כל השנה", "אורך המסלול": "8 ", "לפי אזור": "הגולן", "משך המסלול": "3-5 שעות", "סוג המסלול": "נוף ותצפית", "טווח מרחקים": "1", "עומס": "עומס קל"}, "fetched_on": "2026-07-27"}}, {"type": "Feature", "geometry": {"type": "Point", "coordinates": [35.6661, 32.80203]}, "properties": {"id": "kkl-582e37a8", "operator": "kkl", "name_he": "טיול בשביל הגולן: מגבעת יואב לנחל תאנה", "link": "https://www.kkl.org.il/travel/trips/1723/", "info": "", "attrs": {"רמת קושי": "בסיסית", "עונה מומלצת": "כל השנה", "אורך המסלול": "6 ק\"מ", "לפי אזור": "צפון,הגולן", "משך המסלול": "3-5 שעות", "סוג המסלול": "נוף ותצפית", "טווח מרחקים": "1", "עומס": "עומס קל"}, "fetched_on": "2026-07-27"}}, {"type": "Feature", "geometry": {"type": "Point", "coordinates": [35.10632, 32.63025]}, "properties": {"id": "kkl-eeb6cdb5", "operator": "kkl", "name_he": "טיול בשביל הנגיש בנחל השופט", "link": "https://www.kkl.org.il/travel/trips/2790/", "info": "", "attrs": {"רמת קושי": "בסיסית", "עונה מומלצת": "כל השנה", "לפי אזור": "מרכז", "משך המסלול": "1-2 שעות", "סוג המסלול": "נגיש,מים ומעיינות", "עומס": "עומס קל"}, "fetched_on": "2026-07-27"}}, {"type": "Feature", "geometry": {"type": "Point", "coordinates": [35.04036, 32.47164]}, "properties": {"id": "kkl-3285f46d", "operator": "kkl", "name_he": "טיול בשביל מגידו", "link": "https://www.kkl.org.il/travel/trips/megiddo_trail/", "info": "", "attrs": {"רמת קושי": "גבוהה", "עונה מומלצת": "אביב,חורף,סתיו", "אורך המסלול": "73.5 ק\"מ", "לפי אזור": "מרכז,רמת מנשה", "משך המסלול": "4 ימים", "סוג המסלול": "מים ומעיינות,נוף ותצפית,פריחה,היסטוריה ואומנות", "טווח מרחקים": "1", "עומס": "עומס קל"}, "fetched_on": "2026-07-27"}}, {"type": "Feature", "geometry": {"type": "Point", "coordinates": [34.96478, 32.66187]}, "properties": {"id": "kkl-11092ae6", "operator": "kkl", "name_he": "טיול בשביל נעם שביער חוף הכרמל", "link": "https://www.kkl.org.il/travel/trips/1561/", "info": "", "attrs": {"רמת קושי": "בינונית", "עונה מומלצת": "כל השנה", "אורך המסלול": "3 ק\"מ", "לפי אזור": "צפון,כרמל", "משך המסלול": "1-2 שעות", "סוג המסלול": "נוף ותצפית,מסלול מעגלי,חלק משביל ישראל", "טווח מרחקים": "1", "עומס": "עומס קל"}, "fetched_on": "2026-07-27"}}, {"type": "Feature", "geometry": {"type": "Point", "coordinates": [34.62981, 31.3076]}, "properties": {"id": "kkl-36fe1f41", "operator": "kkl", "name_he": "טיול חורף בפארק אופקים", "link": "https://www.kkl.org.il/travel/trips/1555/", "info": "", "attrs": {"רמת קושי": "בסיסית", "אורך המסלול": "5 ק\"מ", "לפי אזור": "דרום,נגב צפוני", "משך המסלול": "3-5 שעות", "סוג המסלול": "נגיש,פיקניק,נוף ותצפית,מסלול מעגלי,היסטוריה ואומנות", "טווח מרחקים": "1", "עומס": "עומס קל"}, "fetched_on": "2026-07-27"}}, {"type": "Feature", "geometry": {"type": "Point", "coordinates": [35.58603, 33.11105]}, "properties": {"id": "kkl-6434a8ac", "operator": "kkl", "name_he": "טיול חורף לאגמון החולה קק\"ל", "link": "https://www.kkl.org.il/travel/trips/281/", "info": "", "attrs": {"רמת קושי": "בסיסית", "עונה מומלצת": "חורף,סתיו", "לפי אזור": "צפון,הגולן", "משך המסלול": "3-5 שעות", "סוג המסלול": "נגיש,מים ומעיינות,נוף ותצפית,מסלול מעגלי,צפרות", "עומס": "עומס קל"}, "fetched_on": "2026-07-27"}}, {"type": "Feature", "geometry": {"type": "Point", "coordinates": [34.9729, 32.09376]}, "properties": {"id": "kkl-3d472459", "operator": "kkl", "name_he": "טיול יער קהילתי ראש העין", "link": "https://www.kkl.org.il/travel/trips/2775/", "info": "", "attrs": {"רמת קושי": "בסיסית", "עונה מומלצת": "כל השנה", "לפי אזור": "מרכז,שרון", "משך המסלול": "1-2 שעות", "סוג המסלול": "פיקניק,נוף ותצפית,מסלול מעגלי,פריחה,היסטוריה ואומנות", "עומס": "עומס קל"}, "fetched_on": "2026-07-27"}}, {"type": "Feature", "geometry": {"type": "Point", "coordinates": [35.39719, 32.5136]}, "properties": {"id": "kkl-55595f27", "operator": "kkl", "name_he": "טיול לאירוס הגלבוע", "link": "https://www.kkl.org.il/travel/trips/142/", "info": "", "attrs": {"רמת קושי": "בסיסית", "עונה מומלצת": "אביב", "אורך המסלול": "18 ק\"מ", "לפי אזור": "צפון,גלבוע", "משך המסלול": "1-2 שעות", "סוג המסלול": "פיקניק,נוף ותצפית,מסלול מעגלי,פריחה", "טווח מרחקים": "10", "עומס": "עומס קל"}, "fetched_on": "2026-07-27"}}, {"type": "Feature", "geometry": {"type": "Point", "coordinates": [34.50019, 31.46118]}, "properties": {"id": "kkl-8346c19a", "operator": "kkl", "name_he": "טיול לבארות יצחק הישנה", "link": "https://www.kkl.org.il/travel/trips/1793/", "info": "", "attrs": {"רמת קושי": "בסיסית", "עונה מומלצת": "כל השנה", "אורך המסלול": "2 ק\"מ", "לפי אזור": "דרום,נגב מערבי", "משך המסלול": "1-2 שעות", "סוג המסלול": "נגיש,היסטוריה ואומנות", "טווח מרחקים": "1", "עומס": "עומס קל"}, "fetched_on": "2026-07-27"}}, {"type": "Feature", "geometry": {"type": "Point", "coordinates": [34.40888, 31.3291]}, "properties": {"id": "kkl-e30172f9", "operator": "kkl", "name_he": "טיול לבית הכנסת הקדום במעון", "link": "https://www.kkl.org.il/travel/trips/139/", "info": "", "attrs": {"רמת קושי": "בסיסית", "עונה מומלצת": "כל השנה", "אורך המסלול": "2 ק\"מ", "לפי אזור": "דרום,נגב צפוני", "משך המסלול": "1-2 שעות", "סוג המסלול": "מסלול מעגלי,היסטוריה ואומנות", "טווח מרחקים": "1", "עומס": "עומס קל"}, "fetched_on": "2026-07-27"}}, {"type": "Feature", "geometry": {"type": "Point", "coordinates": [34.65979, 31.68535]}, "properties": {"id": "kkl-2a11df99", "operator": "kkl", "name_he": "טיול לבריכת החורף הודיה", "link": "https://www.kkl.org.il/travel/trips/1798/", "info": "", "attrs": {"רמת קושי": "בסיסית", "עונה מומלצת": "אביב,חורף", "אורך המסלול": "1 ק\"מ", "לפי אזור": "דרום,מישור החוף הדרומי", "משך המסלול": "1-2 שעות", "סוג המסלול": "נגיש,פיקניק,מים ומעיינות,מסלול מעגלי", "טווח מרחקים": "1", "עומס": "עומס קל"}, "fetched_on": "2026-07-27"}}, {"type": "Feature", "geometry": {"type": "Point", "coordinates": [35.59009, 33.00932]}, "properties": {"id": "kkl-bde41f4f", "operator": "kkl", "name_he": "טיול לחורבת ירדה ולעין ירדה", "link": "https://www.kkl.org.il/travel/trips/325/", "info": "", "attrs": {"רמת קושי": "בסיסית", "עונה מומלצת": "כל השנה", "אורך המסלול": "2 ק\"מ", "לפי אזור": "צפון,גליל עליון", "משך המסלול": "1-2 שעות", "סוג המסלול": "מים ומעיינות,נוף ותצפית,מסלול מעגלי,היסטוריה ואומנות", "טווח מרחקים": "1", "עומס": "עומס קל"}, "fetched_on": "2026-07-27"}}, {"type": "Feature", "geometry": {"type": "Point", "coordinates": [34.64954, 31.72469]}, "properties": {"id": "kkl-a687e3e2", "operator": "kkl", "name_he": "טיול לחורשת עזריקם", "link": "https://www.kkl.org.il/travel/trips/1554/", "info": "", "attrs": {"רמת קושי": "בסיסית", "עונה מומלצת": "אביב,חורף,סתיו", "אורך המסלול": "5 ק\"מ", "לפי אזור": "דרום,מישור החוף הדרומי", "משך המסלול": "1-2 שעות", "סוג המסלול": "נוף ותצפית,מסלול מעגלי,היסטוריה ואומנות", "טווח מרחקים": "1", "עומס": "עומס קל"}, "fetched_on": "2026-07-27"}}, {"type": "Feature", "geometry": {"type": "Point", "coordinates": [35.24429, 32.84624]}, "properties": {"id": "kkl-72b1e55c", "operator": "kkl", "name_he": "טיול לטיילת נוף הר שכניה ולתצפית הר מנוף", "link": "https://www.kkl.org.il/travel/trips/2307/", "info": "", "attrs": {"רמת קושי": "בסיסית", "עונה מומלצת": "כל השנה", "אורך המסלול": "3 ק\"מ", "לפי אזור": "צפון,גליל תחתון", "משך המסלול": "1-2 שעות", "סוג המסלול": "נגיש,נוף ותצפית", "טווח מרחקים": "1"}, "fetched_on": "2026-07-27"}}, {"type": "Feature", "geometry": {"type": "Point", "coordinates": [35.73552, 33.20721]}, "properties": {"id": "kkl-3ece005e", "operator": "kkl", "name_he": "טיול ליער אודם", "link": "https://www.kkl.org.il/travel/trips/287/", "info": "", "attrs": {"רמת קושי": "בינונית", "עונה מומלצת": "כל השנה", "אורך המסלול": "7 ק\"מ", "לפי אזור": "צפון,הגולן", "משך המסלול": "3-5 שעות", "סוג המסלול": "פיקניק,נוף ותצפית", "טווח מרחקים": "1", "עומס": "עומס קל"}, "fetched_on": "2026-07-27"}}, {"type": "Feature", "geometry": {"type": "Point", "coordinates": [34.89255, 32.26215]}, "properties": {"id": "kkl-5fd73574", "operator": "kkl", "name_he": "טיול ליער אילנות", "link": "https://www.kkl.org.il/travel/trips/1560/", "info": "", "attrs": {"רמת קושי": "בסיסית", "עונה מומלצת": "כל השנה", "אורך המסלול": "4 ק\"מ", "לפי אזור": "מרכז,שרון", "משך המסלול": "1-2 שעות", "סוג המסלול": "נגיש,פיקניק,נוף ותצפית", "טווח מרחקים": "1", "עומס": "עומס קל"}, "fetched_on": "2026-07-27"}}, {"type": "Feature", "geometry": {"type": "Point", "coordinates": [34.96031, 32.04283]}, "properties": {"id": "kkl-5244865c", "operator": "kkl", "name_he": "טיול ליער אלעד", "link": "https://www.kkl.org.il/travel/trips/174/", "info": "", "attrs": {"רמת קושי": "בסיסית", "עונה מומלצת": "כל השנה", "אורך המסלול": "2 ק\"מ", "לפי אזור": "מרכז,שפלת יהודה", "משך המסלול": "1-2 שעות", "סוג המסלול": "פיקניק,מסלול מעגלי,היסטוריה ואומנות", "טווח מרחקים": "1", "עומס": "עומס קל"}, "fetched_on": "2026-07-27"}}, {"type": "Feature", "geometry": {"type": "Point", "coordinates": [34.92748, 32.28797]}, "properties": {"id": "kkl-36826220", "operator": "kkl", "name_he": "טיול ליער קדימה", "link": "https://www.kkl.org.il/travel/trips/295/", "info": "", "attrs": {"רמת קושי": "בסיסית", "עונה מומלצת": "כל השנה", "אורך המסלול": "5 ק\"מ", "לפי אזור": "מרכז,שרון", "משך המסלול": "1-2 שעות", "סוג המסלול": "נגיש,פיקניק,מסלול מעגלי,פריחה", "טווח מרחקים": "1", "עומס": "עומס קל"}, "fetched_on": "2026-07-27"}}, {"type": "Feature", "geometry": {"type": "Point", "coordinates": [34.51175, 31.4279]}, "properties": {"id": "kkl-53fcd05f", "operator": "kkl", "name_he": "טיול ליער קהילתי שוקדה", "link": "https://www.kkl.org.il/travel/trips/1778/", "info": "", "attrs": {"רמת קושי": "בסיסית", "עונה מומלצת": "כל השנה", "אורך המסלול": "1 ק\"מ", "לפי אזור": "דרום,נגב מערבי", "משך המסלול": "1-2 שעות", "סוג המסלול": "פיקניק,נוף ותצפית,מסלול מעגלי,פריחה,היסטוריה ואומנות", "טווח מרחקים": "1", "עומס": "עומס קל"}, "fetched_on": "2026-07-27"}}, {"type": "Feature", "geometry": {"type": "Point", "coordinates": [35.54923, 33.11295]}, "properties": {"id": "kkl-17bd76aa", "operator": "kkl", "name_he": "טיול למצפור מלכיה", "link": "https://www.kkl.org.il/travel/trips/257/", "info": "", "attrs": {"רמת קושי": "בסיסית", "עונה מומלצת": "כל השנה", "אורך המסלול": "1 ק\"מ", "לפי אזור": "צפון,גליל עליון", "משך המסלול": "1-2 שעות", "סוג המסלול": "נגיש,נוף ותצפית,מסלול מעגלי,היסטוריה ואומנות", "טווח מרחקים": "1", "עומס": "עומס קל"}, "fetched_on": "2026-07-27"}}, {"type": "Feature", "geometry": {"type": "Point", "coordinates": [35.5891, 32.89132]}, "properties": {"id": "kkl-e45ed5f6", "operator": "kkl", "name_he": "טיול לפארק הירדן", "link": "https://www.kkl.org.il/travel/trips/182/", "info": "", "attrs": {"רמת קושי": "בסיסית", "עונה מומלצת": "כל השנה", "אורך המסלול": "2 ק\"מ", "לפי אזור": "צפון", "משך המסלול": "1-2 שעות", "סוג המסלול": "נגיש,פיקניק,מים ומעיינות,מסלול מעגלי,היסטוריה ואומנות", "טווח מרחקים": "1", "עומס": "עומס קל"}, "fetched_on": "2026-07-27"}}, {"type": "Feature", "geometry": {"type": "Point", "coordinates": [34.93071, 32.50842]}, "properties": {"id": "kkl-7b0c0184", "operator": "kkl", "name_he": "טיול לפארק ז'בוטינסקי בשוני", "link": "https://www.kkl.org.il/travel/trips/289/", "info": "", "attrs": {"רמת קושי": "בסיסית", "עונה מומלצת": "כל השנה", "אורך המסלול": "2 ק\"מ", "לפי אזור": "צפון,כרמל", "משך המסלול": "1-2 שעות", "סוג המסלול": "פיקניק,מסלול מעגלי,היסטוריה ואומנות", "טווח מרחקים": "1", "עומס": "עומס קל"}, "fetched_on": "2026-07-27"}}, {"type": "Feature", "geometry": {"type": "Point", "coordinates": [35.14662, 31.79494]}, "properties": {"id": "kkl-5a7452c9", "operator": "kkl", "name_he": "טיול לשביל הכפר בסטף", "link": "https://www.kkl.org.il/travel/trips/270/", "info": "", "attrs": {"רמת קושי": "בסיסית", "עונה מומלצת": "כל השנה", "אורך המסלול": "2 ק\"מ", "לפי אזור": "מרכז,ירושלים", "משך המסלול": "1-2 שעות", "סוג המסלול": "מים ומעיינות,נוף ותצפית,חלק משביל ישראל", "טווח מרחקים": "1", "עומס": "עומס קל"}, "fetched_on": "2026-07-27"}}, {"type": "Feature", "geometry": {"type": "Point", "coordinates": [34.74329, 31.72039]}, "properties": {"id": "kkl-d9498d8f", "operator": "kkl", "name_he": "טיול לשלולית חורף שפיר", "link": "https://www.kkl.org.il/travel/trips/239/", "info": "", "attrs": {"רמת קושי": "בסיסית", "עונה מומלצת": "כל השנה", "אורך המסלול": "15 ק\"מ", "לפי אזור": "דרום", "משך המסלול": "1-2 שעות", "סוג המסלול": "פיקניק,מים ומעיינות", "טווח מרחקים": "10", "עומס": "עומס קל"}, "fetched_on": "2026-07-27"}}, {"type": "Feature", "geometry": {"type": "Point", "coordinates": [34.95078, 31.94704]}, "properties": {"id": "kkl-698f0a64", "operator": "kkl", "name_he": "טיול לתל חדיד שביער בן שמן", "link": "https://www.kkl.org.il/travel/trips/181/", "info": "", "attrs": {"רמת קושי": "בסיסית", "עונה מומלצת": "כל השנה", "אורך המסלול": "2 ק\"מ", "לפי אזור": "מרכז,שפלת יהודה", "סוג המסלול": "פיקניק,נוף ותצפית,היסטוריה ואומנות,חלק משביל ישראל", "טווח מרחקים": "1", "עומס": "עומס קל"}, "fetched_on": "2026-07-27"}}, {"type": "Feature", "geometry": {"type": "Point", "coordinates": [34.65025, 31.72589]}, "properties": {"id": "kkl-48fd732b", "operator": "kkl", "name_he": "טיול מגשר עד הלום לגבעה 69", "link": "https://www.kkl.org.il/travel/trips/246/", "info": "", "attrs": {"רמת קושי": "בסיסית", "עונה מומלצת": "כל השנה", "אורך המסלול": "6 ק\"מ", "לפי אזור": "מרכז,מישור החוף הדרומי", "משך המסלול": "3-5 שעות", "סוג המסלול": "פיקניק,היסטוריה ואומנות", "טווח מרחקים": "1", "עומס": "עומס קל"}, "fetched_on": "2026-07-27"}}, {"type": "Feature", "geometry": {"type": "Point", "coordinates": [34.47107, 31.43658]}, "properties": {"id": "kkl-6bb38423", "operator": "kkl", "name_he": "טיול נגיש ביער בארי", "link": "https://www.kkl.org.il/travel/trips/235/", "info": "", "attrs": {"רמת קושי": "בסיסית", "עונה מומלצת": "אביב,חורף,סתיו", "אורך המסלול": "2 ק\"מ", "לפי אזור": "דרום,נגב מערבי", "משך המסלול": "1-2 שעות", "סוג המסלול": "נגיש,פיקניק,נוף ותצפית,מסלול מעגלי,היסטוריה ואומנות", "טווח מרחקים": "1", "עומס": "עומס קל"}, "fetched_on": "2026-07-27"}}, {"type": "Feature", "geometry": {"type": "Point", "coordinates": [34.89403, 31.00609]}, "properties": {"id": "kkl-31193610", "operator": "kkl", "name_he": "טיול צפרות בפארק יצחק נבון ירוחם", "link": "https://www.kkl.org.il/travel/article/1678/", "info": "", "attrs": {"רמת קושי": "בסיסית", "עונה מומלצת": "כל השנה", "אורך המסלול": "1 ק\"מ", "לפי אזור": "דרום,נגב צפוני", "משך המסלול": "1-2 שעות", "סוג המסלול": "פיקניק,מסלול מעגלי,צפרות", "טווח מרחקים": "1", "עומס": "עומס קל"}, "fetched_on": "2026-07-27"}}, {"type": "Feature", "geometry": {"type": "Point", "coordinates": [34.96556, 32.34638]}, "properties": {"id": "kkl-6670f61e", "operator": "kkl", "name_he": "טיול צפרות: מצפור ויקר במאגר משמר השרון", "link": "https://www.kkl.org.il/travel/trips/1754/", "info": "", "attrs": {"רמת קושי": "בסיסית", "עונה מומלצת": "אביב,חורף,סתיו", "אורך המסלול": "1 ק\"מ", "לפי אזור": "מרכז,שרון", "משך המסלול": "1-2 שעות", "סוג המסלול": "נגיש,פיקניק,מסלול מעגלי,צפרות", "טווח מרחקים": "1", "עומס": "עומס קל"}, "fetched_on": "2026-07-27"}}, {"type": "Feature", "geometry": {"type": "Point", "coordinates": [34.97411, 32.65531]}, "properties": {"id": "kkl-69aa4b3c", "operator": "kkl", "name_he": "טיול רגלי ביער חוף הכרמל", "link": "https://www.kkl.org.il/travel/trips/2822/", "info": "", "attrs": {"רמת קושי": "גבוהה", "עונה מומלצת": "כל השנה", "אורך המסלול": "8 ", "לפי אזור": "Carmel_Menashe", "משך המסלול": "3-5 שעות", "סוג המסלול": "נוף ותצפית,מסלול מעגלי,חלק משביל ישראל", "טווח מרחקים": "1", "עומס": "עומס קל"}, "fetched_on": "2026-07-27"}}, {"type": "Feature", "geometry": {"type": "Point", "coordinates": [35.16026, 31.7873]}, "properties": {"id": "kkl-8c945668", "operator": "kkl", "name_he": "טיולים באזור ירושלים", "link": "https://www.kkl.org.il/travel/trips/26891/", "info": "", "attrs": {"עונה מומלצת": "כל השנה", "לפי אזור": "מרכז,ירושלים", "סוג המסלול": "פיקניק,נוף ותצפית,היסטוריה ואומנות"}, "fetched_on": "2026-07-27"}}, {"type": "Feature", "geometry": {"type": "Point", "coordinates": [34.4896, 31.30862]}, "properties": {"id": "kkl-cfa3d001", "operator": "kkl", "name_he": "טיולים בדרום", "link": "https://www.kkl.org.il/travel/trips/268911/", "info": "", "attrs": {"עונה מומלצת": "כל השנה", "לפי אזור": "דרום,נגב צפוני,נגב מערבי,אילת", "סוג המסלול": "פיקניק,נוף ותצפית,היסטוריה ואומנות"}, "fetched_on": "2026-07-27"}}, {"type": "Feature", "geometry": {"type": "Point", "coordinates": [35.49568, 32.9849]}, "properties": {"id": "kkl-eab54a20", "operator": "kkl", "name_he": "טיולים בפארק עמק התכלת", "link": "https://www.kkl.org.il/travel/trips/252/", "info": "", "attrs": {"רמת קושי": "בסיסית", "עונה מומלצת": "כל השנה", "אורך המסלול": "1 ק\"מ", "לפי אזור": "צפון,גליל עליון", "משך המסלול": "1-2 שעות", "סוג המסלול": "מים ומעיינות,נוף ותצפית,מסלול מעגלי", "טווח מרחקים": "1", "עומס": "עומס קל"}, "fetched_on": "2026-07-27"}}, {"type": "Feature", "geometry": {"type": "Point", "coordinates": [34.95277, 32.14518]}, "properties": {"id": "kkl-0e2f3752", "operator": "kkl", "name_he": "טיולים ברכב וברגל ביער חורשים", "link": "https://www.kkl.org.il/travel/trips/116/", "info": "", "attrs": {"רמת קושי": "בסיסית", "עונה מומלצת": "כל השנה", "אורך המסלול": "2 ק\"מ", "לפי אזור": "מרכז,שרון", "משך המסלול": "1-2 שעות", "סוג המסלול": "נגיש,פיקניק,נוף ותצפית,מסלול מעגלי", "טווח מרחקים": "1", "עומס": "עומס בינוני"}, "fetched_on": "2026-07-27"}}, {"type": "Feature", "geometry": {"type": "Point", "coordinates": [35.16026, 31.7873]}, "properties": {"id": "kkl-5b2c4e51", "operator": "kkl", "name_he": "טיולים סביב קרית ענבים", "link": "https://www.kkl.org.il/travel/trips/26892/", "info": "", "attrs": {"עונה מומלצת": "כל השנה", "לפי אזור": "מרכז,ירושלים", "סוג המסלול": "פיקניק,נוף ותצפית,היסטוריה ואומנות"}, "fetched_on": "2026-07-27"}}, {"type": "Feature", "geometry": {"type": "Point", "coordinates": [35.16026, 31.7873]}, "properties": {"id": "kkl-59e2db79", "operator": "kkl", "name_he": "טיולים עם ילדים", "link": "https://www.kkl.org.il/travel/trips/26893/", "info": "", "attrs": {"עונה מומלצת": "כל השנה", "לפי אזור": "כל הארץ", "סוג המסלול": "נגיש,פיקניק,מים ומעיינות,נוף ותצפית,מסלול מעגלי,היסטוריה ואומנות"}, "fetched_on": "2026-07-27"}}, {"type": "Feature", "geometry": {"type": "Point", "coordinates": [35.03056, 31.77764]}, "properties": {"id": "kkl-571914d1", "operator": "kkl", "name_he": "יד אנה פרנק ומערת בני ברית ביער הקדושים", "link": "https://www.kkl.org.il/travel/trips/188/", "info": "", "attrs": {"רמת קושי": "בסיסית", "עונה מומלצת": "כל השנה", "אורך המסלול": "2 ק\"מ", "לפי אזור": "מרכז,ירושלים", "משך המסלול": "1-2 שעות", "סוג המסלול": "פיקניק,מסלול מעגלי,היסטוריה ואומנות", "טווח מרחקים": "1", "עומס": "עומס קל"}, "fetched_on": "2026-07-27"}}, {"type": "Feature", "geometry": {"type": "Point", "coordinates": [35.18977, 32.91979]}, "properties": {"id": "kkl-cade0f4a", "operator": "kkl", "name_he": "יער אחיהוד: טיול להר גמל ולמערת יונים", "link": "https://www.kkl.org.il/travel/trips/1839/", "info": "", "attrs": {"רמת קושי": "בינונית", "עונה מומלצת": "כל השנה", "אורך המסלול": "3 ק\"מ", "לפי אזור": "צפון,גליל מערבי", "משך המסלול": "1-2 שעות", "סוג המסלול": "נוף ותצפית,היסטוריה ואומנות", "טווח מרחקים": "1", "עומס": "עומס קל"}, "fetched_on": "2026-07-27"}}, {"type": "Feature", "geometry": {"type": "Point", "coordinates": [34.89933, 32.29324]}, "properties": {"id": "kkl-0b7ad658", "operator": "kkl", "name_he": "יער אילנות - יער, גן בוטני יערני (ארבורטום) ומרכז מבקרים", "link": "https://www.kkl.org.il/travel/ilanot_forest_and_arboretum/", "info": "", "attrs": {"לפי אזור": "מרכז,שרון", "סוג המסלול": "מסלולי הליכה"}, "fetched_on": "2026-07-27"}}, {"type": "Feature", "geometry": {"type": "Point", "coordinates": [35.0289, 32.56683]}, "properties": {"id": "kkl-0ed21be4", "operator": "kkl", "name_he": "יער אלונה", "link": "https://www.kkl.org.il/travel/alona_forest/", "info": "", "attrs": {"לפי אזור": "צפון,שרון", "סוג המסלול": "מסלולי הליכה"}, "fetched_on": "2026-07-27"}}, {"type": "Feature", "geometry": {"type": "Point", "coordinates": [34.96615, 32.03883]}, "properties": {"id": "kkl-26424874", "operator": "kkl", "name_he": "יער אלעד: טיול בשביל אלכסנדרוני", "link": "https://www.kkl.org.il/travel/trips/1886/", "info": "", "attrs": {"רמת קושי": "בסיסית", "עונה מומלצת": "אביב,חורף,סתיו", "אורך המסלול": "2 ק\"מ", "לפי אזור": "מרכז,שפלת יהודה", "משך המסלול": "1-2 שעות", "סוג המסלול": "פיקניק,נוף ותצפית,היסטוריה ואומנות,חלק משביל ישראל", "טווח מרחקים": "1", "עומס": "עומס קל"}, "fetched_on": "2026-07-27"}}, {"type": "Feature", "geometry": {"type": "Point", "coordinates": [34.56456, 31.5517]}, "properties": {"id": "kkl-f262dcd1", "operator": "kkl", "name_he": "יער ארז ודיר סנייד", "link": "https://www.kkl.org.il/travel/trips/2901/", "info": "", "attrs": {"רמת קושי": "בסיסית", "עונה מומלצת": "כל השנה", "אורך המסלול": "6 ק\"מ", "לפי אזור": "דרום", "משך המסלול": "1-2 שעות", "סוג המסלול": "פיקניק,היסטוריה ואומנות", "טווח מרחקים": "1", "עומס": "עומס קל"}, "fetched_on": "2026-07-27"}}, {"type": "Feature", "geometry": {"type": "Point", "coordinates": [34.59468, 31.57349]}, "properties": {"id": "kkl-50e91e4e", "operator": "kkl", "name_he": "יער ארז: מחניון איבים לגבעת המרדפים", "link": "https://www.kkl.org.il/travel/trips/2741/", "info": "", "attrs": {"רמת קושי": "בסיסית", "עונה מומלצת": "אביב,חורף,סתיו", "אורך המסלול": "4 ק\"מ", "לפי אזור": "מישור החוף הדרומי", "משך המסלול": "1-2 שעות", "סוג המסלול": "נגיש,נוף ותצפית", "טווח מרחקים": "1", "עומס": "עומס קל"}, "fetched_on": "2026-07-27"}}, {"type": "Feature", "geometry": {"type": "Point", "coordinates": [34.98344, 31.80072]}, "properties": {"id": "kkl-a251db29", "operator": "kkl", "name_he": "יער אשתאול-דרך בורמה", "link": "https://www.kkl.org.il/travel/eshtaol_forest/", "info": "", "attrs": {"לפי אזור": "מרכז", "סוג המסלול": "מצפורים"}, "fetched_on": "2026-07-27"}}, {"type": "Feature", "geometry": {"type": "Point", "coordinates": [34.47087, 31.43716]}, "properties": {"id": "kkl-128ead95", "operator": "kkl", "name_he": "יער בארי", "link": "https://www.kkl.org.il/travel/beeri_forest/", "info": "", "attrs": {"לפי אזור": "דרום", "סוג המסלול": "מצפורים,מסלולי אופניים,ארכיאולוגיה"}, "fetched_on": "2026-07-27"}}, {"type": "Feature", "geometry": {"type": "Point", "coordinates": [35.50024, 32.99498]}, "properties": {"id": "kkl-50f959d0", "operator": "kkl", "name_he": "יער ביריה-מירון", "link": "https://www.kkl.org.il/travel/biria_miron_forest/", "info": "", "attrs": {"לפי אזור": "צפון,הגולן", "סוג המסלול": "מצפורים,מסלולי אופניים,ארכיאולוגיה,מסלולי הליכה"}, "fetched_on": "2026-07-27"}}, {"type": "Feature", "geometry": {"type": "Point", "coordinates": [35.38341, 32.71808]}, "properties": {"id": "kkl-a84a2046", "operator": "kkl", "name_he": "יער בית קשת", "link": "https://www.kkl.org.il/travel/beit_keshet_forest/", "info": "", "attrs": {"לפי אזור": "צפון,גלבוע,גליל תחתון", "סוג המסלול": "מצפורים,מסלולי אופניים,ארכיאולוגיה,מסלולי הליכה"}, "fetched_on": "2026-07-27"}}, {"type": "Feature", "geometry": {"type": "Point", "coordinates": [34.95039, 31.94776]}, "properties": {"id": "kkl-afbbe3a2", "operator": "kkl", "name_he": "יער בן שמן", "link": "https://www.kkl.org.il/travel/ben_shemen_forest/", "info": "", "attrs": {"לפי אזור": "מרכז"}, "fetched_on": "2026-07-27"}}, {"type": "Feature", "geometry": {"type": "Point", "coordinates": [35.42223, 33.04111]}, "properties": {"id": "kkl-206afed9", "operator": "kkl", "name_he": "יער ברעם", "link": "https://www.kkl.org.il/travel/baram_forests/", "info": "", "attrs": {"לפי אזור": "צפון"}, "fetched_on": "2026-07-27"}}, {"type": "Feature", "geometry": {"type": "Point", "coordinates": [34.83235, 31.41292]}, "properties": {"id": "kkl-95365f65", "operator": "kkl", "name_he": "יער דבירה", "link": "https://www.kkl.org.il/travel/kkl_dvira_forest/", "info": "", "attrs": {"לפי אזור": "דרום"}, "fetched_on": "2026-07-27"}}, {"type": "Feature", "geometry": {"type": "Point", "coordinates": [35.13696, 31.81596]}, "properties": {"id": "kkl-071f3851", "operator": "kkl", "name_he": "יער החמישה", "link": "https://www.kkl.org.il/travel/kkl_hachamisha/", "info": "", "attrs": {"לפי אזור": "מרכז"}, "fetched_on": "2026-07-27"}}, {"type": "Feature", "geometry": {"type": "Point", "coordinates": [34.95872, 32.04348]}, "properties": {"id": "kkl-ed123a96", "operator": "kkl", "name_he": "יער הכ\"ח", "link": "https://www.kkl.org.il/travel/kkl_hakoach_forest/", "info": "", "attrs": {"לפי אזור": "מרכז"}, "fetched_on": "2026-07-27"}}, {"type": "Feature", "geometry": {"type": "Point", "coordinates": [34.94679, 31.86409]}, "properties": {"id": "kkl-f84f483c", "operator": "kkl", "name_he": "יער המגינים", "link": "https://www.kkl.org.il/travel/kkl_hamegenim_forest/", "info": "", "attrs": {"לפי אזור": "מרכז"}, "fetched_on": "2026-07-27"}}, {"type": "Feature", "geometry": {"type": "Point", "coordinates": [34.83015, 31.59625]}, "properties": {"id": "kkl-e529d110", "operator": "kkl", "name_he": "יער המלאכים - שחריה", "link": "https://www.kkl.org.il/travel/kkl_shahariya_forest/", "info": "", "attrs": {"לפי אזור": "דרום"}, "fetched_on": "2026-07-27"}}, {"type": "Feature", "geometry": {"type": "Point", "coordinates": [35.06145, 31.78154]}, "properties": {"id": "kkl-44822143", "operator": "kkl", "name_he": "יער הקדושים", "link": "https://www.kkl.org.il/travel/kkl_hakdoshim_forest/", "info": "", "attrs": {"לפי אזור": "מרכז"}, "fetched_on": "2026-07-27"}}, {"type": "Feature", "geometry": {"type": "Point", "coordinates": [35.06133, 31.78083]}, "properties": {"id": "kkl-4e4abd1c", "operator": "kkl", "name_he": "יער הקדושים: מהמסרק לנחל כסלון", "link": "https://www.kkl.org.il/travel/trips/2580/", "info": "", "attrs": {"רמת קושי": "בינונית", "עונה מומלצת": "כל השנה", "אורך המסלול": "5 ק\"מ", "לפי אזור": "מרכז,ירושלים", "משך המסלול": "6 שעות ומעלה", "סוג המסלול": "נוף ותצפית,היסטוריה ואומנות,חלק משביל ישראל", "טווח מרחקים": "1", "עומס": "עומס קל"}, "fetched_on": "2026-07-27"}}, {"type": "Feature", "geometry": {"type": "Point", "coordinates": [34.83893, 31.8456]}, "properties": {"id": "kkl-4cd211af", "operator": "kkl", "name_he": "יער הרצל חולדה", "link": "https://www.kkl.org.il/travel/trips/24/", "info": "", "attrs": {"רמת קושי": "בסיסית", "עונה מומלצת": "חורף,סתיו,קיץ", "אורך המסלול": "2 ק\"מ", "לפי אזור": "מרכז,שפלת יהודה", "משך המסלול": "1-2 שעות", "סוג המסלול": "נגיש,פיקניק,מסלול מעגלי,היסטוריה ואומנות", "טווח מרחקים": "1", "עומס": "עומס קל"}, "fetched_on": "2026-07-27"}}, {"type": "Feature", "geometry": {"type": "Point", "coordinates": [35.06283, 32.63034]}, "properties": {"id": "kkl-5e48fda7", "operator": "kkl", "name_he": "יער חגית (יער לקוחות חברת החשמל)", "link": "https://www.kkl.org.il/travel/trips/2049/", "info": "", "attrs": {"רמת קושי": "בסיסית", "עונה מומלצת": "אביב,חורף,סתיו", "לפי אזור": "צפון,Carmel_Menashe", "משך המסלול": "1-2 שעות", "סוג המסלול": "פיקניק,מים ומעיינות", "עומס": "עומס קל"}, "fetched_on": "2026-07-27"}}, {"type": "Feature", "geometry": {"type": "Point", "coordinates": [34.89729, 32.43428]}, "properties": {"id": "kkl-e68e24d2", "operator": "kkl", "name_he": "יער חדרה", "link": "https://www.kkl.org.il/travel/kkl_hadera_forest/", "info": "", "attrs": {"לפי אזור": "מרכז"}, "fetched_on": "2026-07-27"}}, {"type": "Feature", "geometry": {"type": "Point", "coordinates": [35.15999, 33.07532]}, "properties": {"id": "kkl-6fc5ac37", "operator": "kkl", "name_he": "יער חניתה", "link": "https://www.kkl.org.il/travel/kkl_hanita_forest/", "info": "", "attrs": {"לפי אזור": "צפון"}, "fetched_on": "2026-07-27"}}, {"type": "Feature", "geometry": {"type": "Point", "coordinates": [35.13174, 33.07617]}, "properties": {"id": "kkl-e8590376", "operator": "kkl", "name_he": "יער חניתה: טיול לעין כובשים", "link": "https://www.kkl.org.il/travel/trips/302/", "info": "", "attrs": {"רמת קושי": "בסיסית", "עונה מומלצת": "כל השנה", "אורך המסלול": "2 ק\"מ", "לפי אזור": "צפון,גליל מערבי", "משך המסלול": "1-2 שעות", "סוג המסלול": "פיקניק,מים ומעיינות,נוף ותצפית,מסלול מעגלי,היסטוריה ואומנות", "טווח מרחקים": "1", "עומס": "עומס קל"}, "fetched_on": "2026-07-27"}}, {"type": "Feature", "geometry": {"type": "Point", "coordinates": [34.72286, 31.23728]}, "properties": {"id": "kkl-2d1ac849", "operator": "kkl", "name_he": "יער חצרים - דרך הפסלים", "link": "https://www.kkl.org.il/travel/trips/hazerim_statues_road/", "info": "", "attrs": {"לפי אזור": "דרום"}, "fetched_on": "2026-07-27"}}, {"type": "Feature", "geometry": {"type": "Point", "coordinates": [34.86068, 31.72799]}, "properties": {"id": "kkl-7037ef98", "operator": "kkl", "name_he": "יער חרובית", "link": "https://www.kkl.org.il/travel/trips/haruvit_forest/", "info": "", "attrs": {"לפי אזור": "מרכז"}, "fetched_on": "2026-07-27"}}, {"type": "Feature", "geometry": {"type": "Point", "coordinates": [35.18274, 31.78403]}, "properties": {"id": "kkl-e45d5f95", "operator": "kkl", "name_he": "יער ירושלים", "link": "https://www.kkl.org.il/travel/trips/jerusalem_forest/", "info": "", "attrs": {"לפי אזור": "מרכז"}, "fetched_on": "2026-07-27"}}, {"type": "Feature", "geometry": {"type": "Point", "coordinates": [35.03554, 31.34748]}, "properties": {"id": "kkl-8fe898d5", "operator": "kkl", "name_he": "יער יתיר", "link": "https://www.kkl.org.il/travel/trips/yatir_forest/", "info": "", "attrs": {"רמת קושי": "בסיסית", "עונה מומלצת": "כל השנה", "לפי אזור": "דרום,נגב צפוני", "משך המסלול": "3-5 שעות", "סוג המסלול": "פיקניק,נוף ותצפית,חלק משביל ישראל", "טווח מרחקים": "1", "עומס": "עומס קל"}, "fetched_on": "2026-07-27"}}, {"type": "Feature", "geometry": {"type": "Point", "coordinates": [35.15368, 33.05024]}, "properties": {"id": "kkl-a8cbc396", "operator": "kkl", "name_he": "יער כברי: טיול לגבעת המשוריין", "link": "https://www.kkl.org.il/travel/trips/341/", "info": "", "attrs": {"רמת קושי": "בסיסית", "עונה מומלצת": "כל השנה", "אורך המסלול": "2 ק\"מ", "לפי אזור": "צפון,גליל מערבי", "משך המסלול": "1-2 שעות", "סוג המסלול": "פיקניק,נוף ותצפית,מסלול מעגלי", "טווח מרחקים": "1", "עומס": "עומס קל"}, "fetched_on": "2026-07-27"}}, {"type": "Feature", "geometry": {"type": "Point", "coordinates": [35.03563, 31.34914]}, "properties": {"id": "kkl-bca34a65", "operator": "kkl", "name_he": "יער לביא", "link": "https://www.kkl.org.il/travel/trips/lavi-forest/", "info": "", "attrs": {"לפי אזור": "צפון"}, "fetched_on": "2026-07-27"}}, {"type": "Feature", "geometry": {"type": "Point", "coordinates": [34.85821, 31.37744]}, "properties": {"id": "kkl-514b19fb", "operator": "kkl", "name_he": "יער להב", "link": "https://www.kkl.org.il/travel/trips/lahav_forest/", "info": "", "attrs": {"לפי אזור": "דרום"}, "fetched_on": "2026-07-27"}}, {"type": "Feature", "geometry": {"type": "Point", "coordinates": [34.8512, 31.38317]}, "properties": {"id": "kkl-a9e22de9", "operator": "kkl", "name_he": "יער להב: טיול לאתר כנפי קק\"ל בעין רימון", "link": "https://www.kkl.org.il/travel/article/2408/", "info": "", "attrs": {"רמת קושי": "בסיסית", "עונה מומלצת": "אביב,חורף,סתיו", "אורך המסלול": "1 ק\"מ", "לפי אזור": "דרום,שפלת יהודה", "משך המסלול": "1-2 שעות", "סוג המסלול": "מסלול מעגלי,צפרות", "טווח מרחקים": "1", "עומס": "עומס קל"}, "fetched_on": "2026-07-27"}}, {"type": "Feature", "geometry": {"type": "Point", "coordinates": [34.94414, 31.85274]}, "properties": {"id": "kkl-f3523e4b", "operator": "kkl", "name_he": "יער לח\"י, המגינים וחורשת המטוס ביערות גזר - נחשון", "link": "https://www.kkl.org.il/travel/trips/gezer-nachshon-forests/", "info": "", "attrs": {"לפי אזור": "מרכז", "סוג המסלול": "מצפורים,ארכיאולוגיה"}, "fetched_on": "2026-07-27"}}, {"type": "Feature", "geometry": {"type": "Point", "coordinates": [35.13444, 32.70882]}, "properties": {"id": "kkl-b6bb9bcd", "operator": "kkl", "name_he": "יער לנדוי", "link": "https://www.kkl.org.il/travel/trips/landoy_forest/", "info": "", "attrs": {"לפי אזור": "צפון,גליל מערבי", "סוג המסלול": "מסלולי הליכה"}, "fetched_on": "2026-07-27"}}, {"type": "Feature", "geometry": {"type": "Point", "coordinates": [35.77233, 33.27136]}, "properties": {"id": "kkl-fc747a99", "operator": "kkl", "name_he": "יער מג'דל שמס", "link": "https://www.kkl.org.il/travel/trips/majdal_shams/", "info": "", "attrs": {"לפי אזור": "צפון,גליל עליון,הגולן"}, "fetched_on": "2026-07-27"}}, {"type": "Feature", "geometry": {"type": "Point", "coordinates": [34.94973, 31.35091]}, "properties": {"id": "kkl-d9efb193", "operator": "kkl", "name_he": "יער מיתר", "link": "https://www.kkl.org.il/travel/trips/meitar_forest/", "info": "", "attrs": {"לפי אזור": "דרום"}, "fetched_on": "2026-07-27"}}, {"type": "Feature", "geometry": {"type": "Point", "coordinates": [35.55641, 33.11475]}, "properties": {"id": "kkl-38ea88d6", "operator": "kkl", "name_he": "יער נבי יושע: שביל הפלמ\"ח", "link": "https://www.kkl.org.il/travel/trips/195/", "info": "", "attrs": {"רמת קושי": "בינונית", "עונה מומלצת": "כל השנה", "אורך המסלול": "2 ק\"מ", "לפי אזור": "צפון,גליל עליון", "משך המסלול": "1-2 שעות", "סוג המסלול": "פיקניק,נוף ותצפית,פריחה,היסטוריה ואומנות,חלק משביל ישראל", "טווח מרחקים": "1", "עומס": "עומס קל"}, "fetched_on": "2026-07-27"}}, {"type": "Feature", "geometry": {"type": "Point", "coordinates": [35.13696, 31.81596]}, "properties": {"id": "kkl-7364f56f", "operator": "kkl", "name_he": "יער נווה אילן", "link": "https://www.kkl.org.il/travel/trips/neve-ilan-forest/", "info": "", "attrs": {"לפי אזור": "מרכז", "סוג המסלול": "מצפורים,מסלולי הליכה"}, "fetched_on": "2026-07-27"}}, {"type": "Feature", "geometry": {"type": "Point", "coordinates": [34.63009, 31.47746]}, "properties": {"id": "kkl-4aa4cc82", "operator": "kkl", "name_he": "יער ניר משה", "link": "https://www.kkl.org.il/travel/trips/2736/", "info": "", "attrs": {"רמת קושי": "בסיסית", "עונה מומלצת": "אביב,חורף,סתיו", "לפי אזור": "דרום,נגב מערבי", "משך המסלול": "1-2 שעות", "סוג המסלול": "פיקניק,נוף ותצפית,מסלול מעגלי", "טווח מרחקים": "10", "עומס": "עומס קל"}, "fetched_on": "2026-07-27"}}, {"type": "Feature", "geometry": {"type": "Point", "coordinates": [34.63006, 31.47769]}, "properties": {"id": "kkl-8dff88df", "operator": "kkl", "name_he": "יער ניר משה - דרך פרשי היאומנרי", "link": "https://www.kkl.org.il/travel/trips/2904/", "info": "", "attrs": {"רמת קושי": "בסיסית", "עונה מומלצת": "אביב,חורף,סתיו", "אורך המסלול": "4 ק\"מ", "לפי אזור": "דרום,נגב מערבי", "משך המסלול": "1-2 שעות", "סוג המסלול": "פיקניק,נוף ותצפית,היסטוריה ואומנות", "טווח מרחקים": "1", "עומס": "עומס קל"}, "fetched_on": "2026-07-27"}}, {"type": "Feature", "geometry": {"type": "Point", "coordinates": [35.12637, 31.76985]}, "properties": {"id": "kkl-90f5dc59", "operator": "kkl", "name_he": "יער סטף", "link": "https://www.kkl.org.il/travel/trips/sataf_forest/", "info": "", "attrs": {"לפי אזור": "מרכז", "סוג המסלול": "ארכיאולוגיה,מסלולי הליכה"}, "fetched_on": "2026-07-27"}}, {"type": "Feature", "geometry": {"type": "Point", "coordinates": [34.901, 31.36176]}, "properties": {"id": "kkl-7d454abf", "operator": "kkl", "name_he": "יער סנסנה", "link": "https://www.kkl.org.il/travel/trips/2763/", "info": "", "attrs": {"רמת קושי": "בסיסית", "עונה מומלצת": "אביב,חורף,סתיו", "לפי אזור": "דרום,שפלת יהודה", "משך המסלול": "3-5 שעות", "סוג המסלול": "נוף ותצפית,חלק משביל ישראל", "עומס": "עומס קל"}, "fetched_on": "2026-07-27"}}, {"type": "Feature", "geometry": {"type": "Point", "coordinates": [35.0504, 32.48642]}, "properties": {"id": "kkl-00943891", "operator": "kkl", "name_he": "יער עירון", "link": "https://www.kkl.org.il/travel/trips/iron_forest/", "info": "", "attrs": {"לפי אזור": "מרכז", "סוג המסלול": "מסלולי הליכה"}, "fetched_on": "2026-07-27"}}, {"type": "Feature", "geometry": {"type": "Point", "coordinates": [35.13424, 31.75124]}, "properties": {"id": "kkl-a07430f5", "operator": "kkl", "name_he": "יער עמינדב ויד קנדי", "link": "https://www.kkl.org.il/travel/trips/aminadav-forest/", "info": "", "attrs": {"לפי אזור": "מרכז", "סוג המסלול": "מצפורים,מסלולי אופניים,ארכיאולוגיה,מסלולי הליכה"}, "fetched_on": "2026-07-27"}}, {"type": "Feature", "geometry": {"type": "Point", "coordinates": [34.84684, 32.26251]}, "properties": {"id": "kkl-94d4dbcb", "operator": "kkl", "name_he": "יער פולג", "link": "https://www.kkl.org.il/travel/trips/poleg_forest/", "info": "", "attrs": {"לפי אזור": "מרכז,שרון", "סוג המסלול": "מסלולי הליכה"}, "fetched_on": "2026-07-27"}}, {"type": "Feature", "geometry": {"type": "Point", "coordinates": [34.74366, 31.62098]}, "properties": {"id": "kkl-9ec26bc6", "operator": "kkl", "name_he": "יער פלוגות", "link": "https://www.kkl.org.il/travel/trips/2864/", "info": "", "attrs": {"רמת קושי": "בסיסית", "עונה מומלצת": "כל השנה", "אורך המסלול": "1 ק\"מ", "לפי אזור": "דרום,נגב צפוני", "משך המסלול": "1-2 שעות", "סוג המסלול": "פיקניק,נוף ותצפית,מסלול מעגלי,היסטוריה ואומנות", "טווח מרחקים": "1", "עומס": "עומס קל"}, "fetched_on": "2026-07-27"}}, {"type": "Feature", "geometry": {"type": "Point", "coordinates": [34.97787, 31.77848]}, "properties": {"id": "kkl-f53564c8", "operator": "kkl", "name_he": "יער צרעה - הנשיא", "link": "https://www.kkl.org.il/travel/trips/hanasi_forest/", "info": "", "attrs": {"לפי אזור": "מרכז", "סוג המסלול": "מצפורים,ארכיאולוגיה,מסלולי הליכה"}, "fetched_on": "2026-07-27"}}, {"type": "Feature", "geometry": {"type": "Point", "coordinates": [34.92754, 32.28787]}, "properties": {"id": "kkl-755ee7e3", "operator": "kkl", "name_he": "יער קדימה", "link": "https://www.kkl.org.il/travel/trips/kadima_forest/", "info": "", "attrs": {"לפי אזור": "מרכז,שרון", "סוג המסלול": "מסלולי הליכה"}, "fetched_on": "2026-07-27"}}, {"type": "Feature", "geometry": {"type": "Point", "coordinates": [35.20268, 32.68227]}, "properties": {"id": "kkl-636d32df", "operator": "kkl", "name_he": "יער קהילתי מגדל העמק", "link": "https://www.kkl.org.il/travel/trips/1904/", "info": "", "attrs": {"רמת קושי": "בסיסית", "עונה מומלצת": "כל השנה", "לפי אזור": "צפון,גליל תחתון", "משך המסלול": "1-2 שעות", "סוג המסלול": "נגיש,פיקניק,נוף ותצפית", "עומס": "עומס קל"}, "fetched_on": "2026-07-27"}}, {"type": "Feature", "geometry": {"type": "Point", "coordinates": [35.2389, 31.83504]}, "properties": {"id": "kkl-a1b71c65", "operator": "kkl", "name_he": "יער קהילתי פסגת זאב-נווה יעקב (מיר)", "link": "https://www.kkl.org.il/travel/trips/pisgat_zeev_forest/", "info": "", "attrs": {"לפי אזור": "מרכז", "סוג המסלול": "ארכיאולוגיה"}, "fetched_on": "2026-07-27"}}, {"type": "Feature", "geometry": {"type": "Point", "coordinates": [34.97279, 32.09403]}, "properties": {"id": "kkl-558d47dc", "operator": "kkl", "name_he": "יער קהילתי ראש העין", "link": "https://www.kkl.org.il/travel/trips/rosh_haayin_forest/", "info": "", "attrs": {"לפי אזור": "מרכז", "סוג המסלול": "מצפורים,ארכיאולוגיה,מסלולי הליכה"}, "fetched_on": "2026-07-27"}}, {"type": "Feature", "geometry": {"type": "Point", "coordinates": [35.19342, 31.80465]}, "properties": {"id": "kkl-c3ace533", "operator": "kkl", "name_he": "יער קהילתי רמות", "link": "https://www.kkl.org.il/travel/trips/ramot_mitzpe_naftuch/", "info": "", "attrs": {"לפי אזור": "מרכז", "סוג המסלול": "נגיש,מסלולי הליכה"}, "fetched_on": "2026-07-27"}}, {"type": "Feature", "geometry": {"type": "Point", "coordinates": [34.95483, 31.99825]}, "properties": {"id": "kkl-7870ce4d", "operator": "kkl", "name_he": "יער קהילתי שהם", "link": "https://www.kkl.org.il/travel/trips/shoham-park/", "info": "", "attrs": {"לפי אזור": "מרכז", "סוג המסלול": "מצפורים,מסלולי אופניים,ארכיאולוגיה"}, "fetched_on": "2026-07-27"}}, {"type": "Feature", "geometry": {"type": "Point", "coordinates": [35.14448, 32.79774]}, "properties": {"id": "kkl-a7f21988", "operator": "kkl", "name_he": "יער קרית אתא", "link": "https://www.kkl.org.il/travel/trips/kiryat_ata_forest/", "info": "", "attrs": {"לפי אזור": "צפון,גלבוע,גליל תחתון", "סוג המסלול": "מצפורים,מסלולי הליכה"}, "fetched_on": "2026-07-27"}}, {"type": "Feature", "geometry": {"type": "Point", "coordinates": [35.08883, 32.67355]}, "properties": {"id": "kkl-f2630524", "operator": "kkl", "name_he": "יער קרן הכרמל", "link": "https://www.kkl.org.il/travel/trips/keren_hacarmel_forest/", "info": "", "attrs": {"לפי אזור": "צפון,כרמל", "סוג המסלול": "מסלולי הליכה"}, "fetched_on": "2026-07-27"}}, {"type": "Feature", "geometry": {"type": "Point", "coordinates": [34.79202, 31.34059]}, "properties": {"id": "kkl-31e5537b", "operator": "kkl", "name_he": "יער רמות (דודאים)", "link": "https://www.kkl.org.il/travel/trips/dudaim_ramot/", "info": "", "attrs": {"לפי אזור": "דרום"}, "fetched_on": "2026-07-27"}}, {"type": "Feature", "geometry": {"type": "Point", "coordinates": [35.22678, 32.87341]}, "properties": {"id": "kkl-fa6352d5", "operator": "kkl", "name_he": "יער שגב", "link": "https://www.kkl.org.il/travel/trips/segev-forest/", "info": "", "attrs": {"לפי אזור": "צפון,גליל מערבי,כרמל", "סוג המסלול": "מצפורים,ארכיאולוגיה,מסלולי הליכה"}, "fetched_on": "2026-07-27"}}, {"type": "Feature", "geometry": {"type": "Point", "coordinates": [35.54222, 32.76267]}, "properties": {"id": "kkl-0b44187d", "operator": "kkl", "name_he": "יער שווייץ", "link": "https://www.kkl.org.il/travel/trips/switzerland_forest/", "info": "", "attrs": {"לפי אזור": "צפון"}, "fetched_on": "2026-07-27"}}, {"type": "Feature", "geometry": {"type": "Point", "coordinates": [34.51265, 31.42721]}, "properties": {"id": "kkl-7412cb45", "operator": "kkl", "name_he": "יער שוקדה", "link": "https://www.kkl.org.il/travel/trips/shokeda_forest/", "info": "", "attrs": {"לפי אזור": "דרום"}, "fetched_on": "2026-07-27"}}, {"type": "Feature", "geometry": {"type": "Point", "coordinates": [34.52396, 31.42173]}, "properties": {"id": "kkl-2aeb324f", "operator": "kkl", "name_he": "כלניות הנגב", "link": "https://www.kkl.org.il/travel/article/1556/", "info": "", "attrs": {"רמת קושי": "בסיסית", "עונה מומלצת": "חורף", "לפי אזור": "דרום", "משך המסלול": "1-2 שעות", "סוג המסלול": "פריחה"}, "fetched_on": "2026-07-27"}}, {"type": "Feature", "geometry": {"type": "Point", "coordinates": [35.346, 32.54757]}, "properties": {"id": "kkl-039717b4", "operator": "kkl", "name_he": "כתף שאול וחניוני הגלבוע", "link": "https://www.kkl.org.il/travel/parking_lot_katef/", "info": "", "attrs": {"לפי אזור": "צפון"}, "fetched_on": "2026-07-27"}}, {"type": "Feature", "geometry": {"type": "Point", "coordinates": [35.26561, 30.81304]}, "properties": {"id": "kkl-e55afdb9", "operator": "kkl", "name_he": "מאמצים שיטים", "link": "https://www.kkl.org.il/travel/article/2887/", "info": "", "attrs": {"רמת קושי": "בסיסית", "עונה מומלצת": "כל השנה", "לפי אזור": "צפון", "משך המסלול": "1-2 שעות", "סוג המסלול": "פיקניק,נוף ותצפית,מסלול מעגלי"}, "fetched_on": "2026-07-27"}}, {"type": "Feature", "geometry": {"type": "Point", "coordinates": [34.462, 31.4487]}, "properties": {"id": "kkl-e1983f4f", "operator": "kkl", "name_he": "מבואת בתרונות בארי בנתיב אנז\"ק", "link": "https://www.kkl.org.il/travel/trips/2958/", "info": "", "attrs": {"רמת קושי": "בסיסית", "לפי אזור": "דרום,נגב מערבי", "משך המסלול": "1-2 שעות", "סוג המסלול": "נגיש,פיקניק,נוף ותצפית,פריחה,היסטוריה ואומנות", "עומס": "עומס קל"}, "fetched_on": "2026-07-27"}}, {"type": "Feature", "geometry": {"type": "Point", "coordinates": [34.9799, 31.83345]}, "properties": {"id": "kkl-e4c28586", "operator": "kkl", "name_he": "מגבעה 314 למנזר לטרון", "link": "https://www.kkl.org.il/travel/trips/2116/", "info": "", "attrs": {"רמת קושי": "בסיסית", "עונה מומלצת": "אביב,חורף,סתיו", "לפי אזור": "מרכז,שפלת יהודה", "משך המסלול": "1-2 שעות", "סוג המסלול": "פיקניק,פריחה,היסטוריה ואומנות,חלק משביל ישראל", "עומס": "עומס קל"}, "fetched_on": "2026-07-27"}}, {"type": "Feature", "geometry": {"type": "Point", "coordinates": [34.46226, 31.44988]}, "properties": {"id": "kkl-c2ee5c17", "operator": "kkl", "name_he": "מגדל התצפית ביד אנז\"ק", "link": "https://www.kkl.org.il/travel/scenic_lookout_anzak/", "info": "", "attrs": {"לפי אזור": "דרום", "סוג המסלול": "היסטוריה ואומנות,מצפורים"}, "fetched_on": "2026-07-27"}}, {"type": "Feature", "geometry": {"type": "Point", "coordinates": [34.44698, 31.38052]}, "properties": {"id": "kkl-761b3170", "operator": "kkl", "name_he": "מגדל התצפית ביער כיסופים", "link": "https://www.kkl.org.il/travel/trips/2991/", "info": "", "attrs": {"רמת קושי": "בסיסית", "עונה מומלצת": "כל השנה", "לפי אזור": "דרום,נגב מערבי", "משך המסלול": "1-2 שעות", "סוג המסלול": "נוף ותצפית,פריחה", "עומס": "עומס קל"}, "fetched_on": "2026-07-27"}}, {"type": "Feature", "geometry": {"type": "Point", "coordinates": [34.39913, 31.37462]}, "properties": {"id": "kkl-6afa7490", "operator": "kkl", "name_he": "מגדל כיסופים", "link": "https://www.kkl.org.il/travel/scenic_lookout_kisufim/", "info": "", "attrs": {"לפי אזור": "דרום", "סוג המסלול": "מצפורים"}, "fetched_on": "2026-07-27"}}, {"type": "Feature", "geometry": {"type": "Point", "coordinates": [35.21523, 32.66638]}, "properties": {"id": "kkl-3b9c48f6", "operator": "kkl", "name_he": "מהיוגב לחניון הבונקרים", "link": "https://www.kkl.org.il/travel/trips/2950/", "info": "", "attrs": {"רמת קושי": "בסיסית", "עונה מומלצת": "כל השנה", "אורך המסלול": "12 ק\"מ", "לפי אזור": "צפון,עמק יזרעאל", "משך המסלול": "1-2 שעות", "סוג המסלול": "פיקניק,נוף ותצפית", "טווח מרחקים": "20", "עומס": "עומס בינוני"}, "fetched_on": "2026-07-27"}}, {"type": "Feature", "geometry": {"type": "Point", "coordinates": [35.09126, 31.77435]}, "properties": {"id": "kkl-59ea89b1", "operator": "kkl", "name_he": "מהר טייסים לעין טייסים", "link": "https://www.kkl.org.il/travel/trips/187/", "info": "", "attrs": {"רמת קושי": "גבוהה", "עונה מומלצת": "אביב,חורף,סתיו", "אורך המסלול": "1 ק\"מ", "לפי אזור": "מרכז,ירושלים", "משך המסלול": "1-2 שעות", "סוג המסלול": "מים ומעיינות,נוף ותצפית,פריחה,היסטוריה ואומנות", "טווח מרחקים": "1", "עומס": "עומס קל"}, "fetched_on": "2026-07-27"}}, {"type": "Feature", "geometry": {"type": "Point", "coordinates": [35.12211, 32.59756]}, "properties": {"id": "kkl-7174f0db", "operator": "kkl", "name_he": "מוקדי פריחת רקפות ברמת מנשה", "link": "https://www.kkl.org.il/travel/trips/2890/", "info": "", "attrs": {"עונה מומלצת": "חורף", "אורך המסלול": "1 ק\"מ", "לפי אזור": "צפון,רמת מנשה", "משך המסלול": "1-2 שעות", "סוג המסלול": "פיקניק,פריחה", "טווח מרחקים": "1", "עומס": "עומס קל"}, "fetched_on": "2026-07-27"}}, {"type": "Feature", "geometry": {"type": "Point", "coordinates": [35.0247, 31.74234]}, "properties": {"id": "kkl-12969af0", "operator": "kkl", "name_he": "מחניון יום/לילה נס הרים לחורבת בית עטאב", "link": "https://www.kkl.org.il/travel/trips/1641/", "info": "", "attrs": {"רמת קושי": "בינונית", "עונה מומלצת": "כל השנה", "אורך המסלול": "3.8 ק\"מ", "לפי אזור": "מרכז,ירושלים", "משך המסלול": "1-2 שעות", "סוג המסלול": "פיקניק,מים ומעיינות,נוף ותצפית,מסלול מעגלי,פריחה,היסטוריה ואומנות", "טווח מרחקים": "1", "עומס": "עומס קל"}, "fetched_on": "2026-07-27"}}, {"type": "Feature", "geometry": {"type": "Point", "coordinates": [35.03557, 31.80275]}, "properties": {"id": "kkl-76502ee8", "operator": "kkl", "name_he": "מחניון מח\"ל למשלט 21", "link": "https://www.kkl.org.il/travel/trips/mahal_parking_lot_to_the_21st_signpost/", "info": "", "attrs": {"רמת קושי": "בינונית", "עונה מומלצת": "אביב,חורף,סתיו", "אורך המסלול": "5 ק\"מ", "לפי אזור": "מרכז,ירושלים", "משך המסלול": "3-4 שעות", "סוג המסלול": "פיקניק,נוף ותצפית,מסלול מעגלי,היסטוריה ואומנות,חלק משביל ישראל", "טווח מרחקים": "1", "עומס": "עומס קל"}, "fetched_on": "2026-07-27"}}, {"type": "Feature", "geometry": {"type": "Point", "coordinates": [34.73246, 31.7166]}, "properties": {"id": "kkl-3dc33484", "operator": "kkl", "name_he": "מחסום כפר ורבורג", "link": "https://www.kkl.org.il/travel/article/warburg_village/", "info": "", "attrs": {"רמת קושי": "בסיסית", "עונה מומלצת": "כל השנה", "לפי אזור": "דרום", "משך המסלול": "1-2 שעות", "סוג המסלול": "מסלול מעגלי,היסטוריה ואומנות", "טווח מרחקים": "10", "עומס": "עומס בינוני"}, "fetched_on": "2026-07-27"}}, {"type": "Feature", "geometry": {"type": "Point", "coordinates": [35.11313, 31.73025]}, "properties": {"id": "kkl-7fd3bed0", "operator": "kkl", "name_he": "מטיילים בפארק בגין", "link": "https://www.kkl.org.il/travel/trips/2836/", "info": "", "attrs": {"רמת קושי": "בסיסית", "לפי אזור": "מרכז,ירושלים", "משך המסלול": "3-5 שעות", "סוג המסלול": "פיקניק,מים ומעיינות,נוף ותצפית", "עומס": "עומס קל"}, "fetched_on": "2026-07-27"}}, {"type": "Feature", "geometry": {"type": "Point", "coordinates": [35.63095, 32.91598]}, "properties": {"id": "kkl-94246e8d", "operator": "kkl", "name_he": "מסלול אמות המים בפארק הירדן", "link": "https://www.kkl.org.il/travel/trips/2833/", "info": "", "attrs": {"רמת קושי": "בינונית", "עונה מומלצת": "קיץ", "אורך המסלול": "1 ק\"מ", "לפי אזור": "צפון,הגולן", "משך המסלול": "1-2 שעות", "סוג המסלול": "פיקניק,מים ומעיינות,מסלול מעגלי", "טווח מרחקים": "1", "עומס": "עומס קל"}, "fetched_on": "2026-07-27"}}, {"type": "Feature", "geometry": {"type": "Point", "coordinates": [35.14231, 32.61525]}, "properties": {"id": "kkl-bc7bf678", "operator": "kkl", "name_he": "מסלול טיול באנדרטת חללי הקיבוצים", "link": "https://www.kkl.org.il/travel/trips/2985/", "info": "", "attrs": {"רמת קושי": "בסיסית", "עונה מומלצת": "כל השנה", "אורך המסלול": "6 ק\"מ", "לפי אזור": "צפון,רמת מנשה", "משך המסלול": "1-2 שעות", "סוג המסלול": "פיקניק,נוף ותצפית,היסטוריה ואומנות", "טווח מרחקים": "1", "עומס": "עומס קל"}, "fetched_on": "2026-07-27"}}, {"type": "Feature", "geometry": {"type": "Point", "coordinates": [34.58614, 31.50871]}, "properties": {"id": "kkl-3c76821a", "operator": "kkl", "name_he": "מסלול טיול באנדרטת חץ שחור", "link": "https://www.kkl.org.il/travel/trips/2110/", "info": "", "attrs": {"רמת קושי": "בסיסית", "עונה מומלצת": "כל השנה", "לפי אזור": "דרום,נגב מערבי", "משך המסלול": "1-2 שעות", "סוג המסלול": "נגיש,פיקניק,נוף ותצפית,היסטוריה ואומנות", "עומס": "עומס קל"}, "fetched_on": "2026-07-27"}}, {"type": "Feature", "geometry": {"type": "Point", "coordinates": [35.3744, 32.79615]}, "properties": {"id": "kkl-8bc16bd3", "operator": "kkl", "name_he": "מסלול טיול בדרך נוף הר תורען", "link": "https://www.kkl.org.il/travel/trips/2844/", "info": "", "attrs": {"רמת קושי": "בסיסית", "עונה מומלצת": "כל השנה", "אורך המסלול": "11 ק\"מ", "לפי אזור": "צפון,גליל תחתון", "משך המסלול": "1-2 שעות", "סוג המסלול": "נוף ותצפית,היסטוריה ואומנות", "טווח מרחקים": "10", "עומס": "עומס קל"}, "fetched_on": "2026-07-27"}}, {"type": "Feature", "geometry": {"type": "Point", "coordinates": [35.26172, 32.84272]}, "properties": {"id": "kkl-4e7b09f0", "operator": "kkl", "name_he": "מסלול טיול בהר אחים", "link": "https://www.kkl.org.il/travel/trips/2327/", "info": "", "attrs": {"רמת קושי": "בסיסית", "עונה מומלצת": "כל השנה", "אורך המסלול": "10 ק\"מ", "לפי אזור": "צפון,גליל תחתון", "משך המסלול": "1-2 שעות", "סוג המסלול": "נגיש,פיקניק,נוף ותצפית", "טווח מרחקים": "1", "עומס": "עומס קל"}, "fetched_on": "2026-07-27"}}, {"type": "Feature", "geometry": {"type": "Point", "coordinates": [34.86068, 31.72726]}, "properties": {"id": "kkl-a212a12f", "operator": "kkl", "name_he": "מסלול טיול ביער חרובית", "link": "https://www.kkl.org.il/travel/trips/2253/", "info": "", "attrs": {"רמת קושי": "בסיסית", "עונה מומלצת": "כל השנה", "אורך המסלול": "4 ק\"מ", "לפי אזור": "מרכז,שפלת יהודה", "משך המסלול": "6 שעות ומעלה", "סוג המסלול": "נגיש,פיקניק,נוף ותצפית", "טווח מרחקים": "1", "עומס": "עומס קל"}, "fetched_on": "2026-07-27"}}, {"type": "Feature", "geometry": {"type": "Point", "coordinates": [34.81856, 31.24975]}, "properties": {"id": "kkl-8c0a440b", "operator": "kkl", "name_he": "מסלול טיול במצפה בית אשל", "link": "https://www.kkl.org.il/travel/trips/2678/", "info": "", "attrs": {"רמת קושי": "בסיסית", "עונה מומלצת": "כל השנה", "אורך המסלול": "1 ק\"מ", "לפי אזור": "דרום,נגב צפוני", "משך המסלול": "1-2 שעות", "סוג המסלול": "נגיש,נוף ותצפית,מסלול מעגלי", "טווח מרחקים": "1", "עומס": "עומס קל"}, "fetched_on": "2026-07-27"}}, {"type": "Feature", "geometry": {"type": "Point", "coordinates": [34.82717, 31.36832]}, "properties": {"id": "kkl-9cd64c06", "operator": "kkl", "name_he": "מסלול טיול במצפור אור אסרף", "link": "https://www.kkl.org.il/travel/trips/2846/", "info": "", "attrs": {"רמת קושי": "בסיסית", "עונה מומלצת": "כל השנה", "לפי אזור": "דרום,שפלת יהודה", "משך המסלול": "1-2 שעות", "סוג המסלול": "פיקניק,נוף ותצפית,מסלול מעגלי", "עומס": "עומס קל"}, "fetched_on": "2026-07-27"}}, {"type": "Feature", "geometry": {"type": "Point", "coordinates": [35.01708, 31.9113]}, "properties": {"id": "kkl-6bdf17f5", "operator": "kkl", "name_he": "מסלול טיול במצפור אמנון ליפקין שחק וגבעת הברושים", "link": "https://www.kkl.org.il/travel/trips/1929/", "info": "", "attrs": {"רמת קושי": "בסיסית", "עונה מומלצת": "חורף,סתיו,קיץ", "לפי אזור": "צפון,שפלת יהודה", "משך המסלול": "1-2 שעות", "סוג המסלול": "נגיש,נוף ותצפית,היסטוריה ואומנות", "עומס": "עומס קל"}, "fetched_on": "2026-07-27"}}, {"type": "Feature", "geometry": {"type": "Point", "coordinates": [35.0777, 32.72787]}, "properties": {"id": "kkl-27687d73", "operator": "kkl", "name_he": "מסלול טיול במצפור בר יהודה בכרמל", "link": "https://www.kkl.org.il/travel/trips/2328/", "info": "", "attrs": {"רמת קושי": "בסיסית", "עונה מומלצת": "כל השנה", "אורך המסלול": "7 ק\"מ", "לפי אזור": "צפון,כרמל", "משך המסלול": "1-2 שעות", "סוג המסלול": "פיקניק,נוף ותצפית", "טווח מרחקים": "1", "עומס": "עומס קל"}, "fetched_on": "2026-07-27"}}, {"type": "Feature", "geometry": {"type": "Point", "coordinates": [35.02915, 31.08358]}, "properties": {"id": "kkl-72d6a0c3", "operator": "kkl", "name_he": "מסלול טיול בפארק בן גוריון בדימונה", "link": "https://www.kkl.org.il/travel/trips/2454/", "info": "", "attrs": {"רמת קושי": "בסיסית", "עונה מומלצת": "כל השנה", "אורך המסלול": "1 ק\"מ", "לפי אזור": "דרום,נגב צפוני", "משך המסלול": "1-2 שעות", "סוג המסלול": "נגיש,פיקניק,מים ומעיינות,מסלול מעגלי", "טווח מרחקים": "1", "עומס": "עומס קל"}, "fetched_on": "2026-07-27"}}, {"type": "Feature", "geometry": {"type": "Point", "coordinates": [35.04428, 31.77246]}, "properties": {"id": "kkl-d2f5a426", "operator": "kkl", "name_he": "מסלול טיול נגיש באנדרטת מגילת האש ביער הקדושים", "link": "https://www.kkl.org.il/travel/trips/accessible_hiking_trails/center/the_fire_scroll_monument/", "info": "", "attrs": {"רמת קושי": "accessible", "עונה מומלצת": "כל השנה", "אורך המסלול": "50 מ'", "לפי אזור": "מרכז,ירושלים", "משך המסלול": "עצמאי", "סוג המסלול": "נגיש,מסלול מעגלי,היסטוריה ואומנות", "טווח מרחקים": "1", "עומס": "עומס קל"}, "fetched_on": "2026-07-27"}}, {"type": "Feature", "geometry": {"type": "Point", "coordinates": [35.13476, 31.74911]}, "properties": {"id": "kkl-12717a0b", "operator": "kkl", "name_he": "מסלול טיול נגיש באנדרטת רובינשטיין ביער עמינדב", "link": "https://www.kkl.org.il/travel/trips/accessible_hiking_trails/center/piano_keys_monument/", "info": "", "attrs": {"רמת קושי": "בסיסית", "עונה מומלצת": "כל השנה", "אורך המסלול": "100 מ'", "לפי אזור": "מרכז,ירושלים", "משך המסלול": "עצמאי", "סוג המסלול": "נגיש,פיקניק,נוף ותצפית,היסטוריה ואומנות", "טווח מרחקים": "1", "עומס": "עומס קל"}, "fetched_on": "2026-07-27"}}, {"type": "Feature", "geometry": {"type": "Point", "coordinates": [35.50586, 33.0278]}, "properties": {"id": "kkl-9c6d71f8", "operator": "kkl", "name_he": "מסלול טיול נגיש בבית הכנסת בנבוריה", "link": "https://www.kkl.org.il/travel/trips/accessible_hiking_trails/accessible_hiking_trails_north/ancient_synagogue_of_naboria/", "info": "", "attrs": {"רמת קושי": "בסיסית", "עונה מומלצת": "כל השנה", "אורך המסלול": "50 מ'", "לפי אזור": "צפון,גליל עליון", "משך המסלול": "עצמאי", "סוג המסלול": "נגיש,פיקניק,היסטוריה ואומנות", "טווח מרחקים": "1", "עומס": "עומס קל"}, "fetched_on": "2026-07-27"}}, {"type": "Feature", "geometry": {"type": "Point", "coordinates": [34.40888, 31.3291]}, "properties": {"id": "kkl-de34aca4", "operator": "kkl", "name_he": "מסלול טיול נגיש בבית הכנסת העתיק במעון", "link": "https://www.kkl.org.il/travel/trips/accessible_hiking_trails/accessible_hiking_trails_south/ancient_synagogue/", "info": "", "attrs": {"רמת קושי": "accessible", "עונה מומלצת": "כל השנה", "לפי אזור": "דרום,נגב מערבי", "משך המסלול": "עצמאי", "סוג המסלול": "נגיש,מסלול מעגלי,היסטוריה ואומנות", "טווח מרחקים": "1", "עומס": "עומס קל"}, "fetched_on": "2026-07-27"}}, {"type": "Feature", "geometry": {"type": "Point", "coordinates": [35.24397, 32.72311]}, "properties": {"id": "kkl-a7921684", "operator": "kkl", "name_he": "מסלול טיול נגיש בגבעת חציר", "link": "https://www.kkl.org.il/travel/trips/accessible_hiking_trails/accessible_hiking_trails_north/hay_hill/", "info": "", "attrs": {"רמת קושי": "בסיסית", "עונה מומלצת": "כל השנה", "אורך המסלול": "6.4 ק\"מ", "לפי אזור": "צפון,גליל תחתון", "משך המסלול": "עצמאי", "סוג המסלול": "נגיש,מסלול מעגלי", "טווח מרחקים": "1", "עומס": "עומס קל"}, "fetched_on": "2026-07-27"}}, {"type": "Feature", "geometry": {"type": "Point", "coordinates": [35.37508, 32.53641]}, "properties": {"id": "kkl-22e2946d", "operator": "kkl", "name_he": "מסלול טיול נגיש בהר שאול", "link": "https://www.kkl.org.il/travel/trips/accessible_hiking_trails/accessible_hiking_trails_north/mount_shaul/", "info": "", "attrs": {"רמת קושי": "בסיסית", "עונה מומלצת": "כל השנה", "אורך המסלול": "200 מ'", "לפי אזור": "צפון,גליל תחתון", "משך המסלול": "עצמאי", "סוג המסלול": "נגיש,פיקניק,נוף ותצפית", "טווח מרחקים": "1", "עומס": "עומס קל"}, "fetched_on": "2026-07-27"}}, {"type": "Feature", "geometry": {"type": "Point", "coordinates": [34.95523, 31.9979]}, "properties": {"id": "kkl-3da040c7", "operator": "kkl", "name_he": "מסלול טיול נגיש בחורבת תנשמת", "link": "https://www.kkl.org.il/travel/trips/accessible_hiking_trails/center/bacchus_church_ruins_of_tansham/", "info": "", "attrs": {"רמת קושי": "accessible", "עונה מומלצת": "כל השנה", "אורך המסלול": "50 מ'", "לפי אזור": "מרכז,שפלת יהודה", "משך המסלול": "עצמאי", "סוג המסלול": "נגיש,פיקניק,מסלול מעגלי,היסטוריה ואומנות", "טווח מרחקים": "1", "עומס": "עומס קל"}, "fetched_on": "2026-07-27"}}, {"type": "Feature", "geometry": {"type": "Point", "coordinates": [35.13289, 31.74831]}, "properties": {"id": "kkl-aa3ebc27", "operator": "kkl", "name_he": "מסלול טיול נגיש בחורשת קדושי קהיר יער עמינדב", "link": "https://www.kkl.org.il/travel/trips/accessible_hiking_trails/center/aminadav_accessible_path/", "info": "", "attrs": {"רמת קושי": "accessible", "עונה מומלצת": "כל השנה", "אורך המסלול": "1 ק\"מ", "לפי אזור": "מרכז,ירושלים", "משך המסלול": "עצמאי", "סוג המסלול": "נגיש,פיקניק", "טווח מרחקים": "1", "עומס": "עומס קל"}, "fetched_on": "2026-07-27"}}, {"type": "Feature", "geometry": {"type": "Point", "coordinates": [34.99524, 31.82633]}, "properties": {"id": "kkl-f1f0d10b", "operator": "kkl", "name_he": "מסלול טיול נגיש בחניון מח\"ל", "link": "https://www.kkl.org.il/travel/trips/accessible_hiking_trails/center/mahal_parking_lot/", "info": "", "attrs": {"רמת קושי": "accessible", "עונה מומלצת": "כל השנה", "אורך המסלול": "200 מ'", "לפי אזור": "מרכז,שפלת יהודה", "משך המסלול": "עצמאי", "סוג המסלול": "נגיש,פיקניק,מסלול מעגלי,היסטוריה ואומנות,חלק משביל ישראל", "טווח מרחקים": "1", "עומס": "עומס קל"}, "fetched_on": "2026-07-27"}}, {"type": "Feature", "geometry": {"type": "Point", "coordinates": [34.49699, 31.42941]}, "properties": {"id": "kkl-b7486268", "operator": "kkl", "name_he": "מסלול טיול נגיש בחניון נח'אביר", "link": "https://www.kkl.org.il/travel/trips/accessible_hiking_trails/accessible_hiking_trails_south/nakhabir_parking/", "info": "", "attrs": {"רמת קושי": "accessible", "עונה מומלצת": "אביב,חורף,סתיו", "אורך המסלול": "350 מ'", "לפי אזור": "דרום,נגב מערבי", "משך המסלול": "עצמאי", "סוג המסלול": "נגיש,פיקניק,מסלול מעגלי,פריחה,היסטוריה ואומנות", "טווח מרחקים": "1", "עומס": "עומס בינוני"}, "fetched_on": "2026-07-27"}}, {"type": "Feature", "geometry": {"type": "Point", "coordinates": [35.03057, 31.77764]}, "properties": {"id": "kkl-38945452", "operator": "kkl", "name_he": "מסלול טיול נגיש ביד אנה פרנק יער הקדושים", "link": "https://www.kkl.org.il/travel/trips/accessible_hiking_trails/center/hand_of_anne_frank/", "info": "", "attrs": {"רמת קושי": "accessible", "עונה מומלצת": "כל השנה", "אורך המסלול": "200 מ'", "לפי אזור": "מרכז,ירושלים", "משך המסלול": "עצמאי", "סוג המסלול": "נגיש,מסלול מעגלי,היסטוריה ואומנות", "טווח מרחקים": "1", "עומס": "עומס קל"}, "fetched_on": "2026-07-27"}}, {"type": "Feature", "geometry": {"type": "Point", "coordinates": [34.89255, 32.26215]}, "properties": {"id": "kkl-917998d9", "operator": "kkl", "name_he": "מסלול טיול נגיש ביער אילנות", "link": "https://www.kkl.org.il/travel/trips/accessible_hiking_trails/center/ilanot_forest_accessible/", "info": "", "attrs": {"רמת קושי": "accessible", "עונה מומלצת": "כל השנה", "אורך המסלול": "2 ק\"מ", "לפי אזור": "מרכז,שרון", "משך המסלול": "עצמאי", "סוג המסלול": "נגיש,פיקניק,מסלול מעגלי", "טווח מרחקים": "1", "עומס": "עומס קל"}, "fetched_on": "2026-07-27"}}, {"type": "Feature", "geometry": {"type": "Point", "coordinates": [35.65222, 32.72675]}, "properties": {"id": "kkl-6766097c", "operator": "kkl", "name_he": "מסלול טיול נגיש במצפה כנרת מנדל", "link": "https://www.kkl.org.il/travel/trips/accessible_hiking_trails/accessible_hiking_trails_north/mitzpe_kinneret_mandel/", "info": "", "attrs": {"רמת קושי": "בסיסית", "עונה מומלצת": "כל השנה", "אורך המסלול": "20 מ'", "לפי אזור": "צפון,הגולן", "סוג המסלול": "נגיש,פיקניק,נוף ותצפית", "טווח מרחקים": "1", "עומס": "עומס קל"}, "fetched_on": "2026-07-27"}}, {"type": "Feature", "geometry": {"type": "Point", "coordinates": [34.55335, 31.49545]}, "properties": {"id": "kkl-194ae894", "operator": "kkl", "name_he": "מסלול טיול נגיש במצפור יונתן ורמולן", "link": "https://www.kkl.org.il/travel/trips/accessible_hiking_trails/accessible_hiking_trails_south/jonathan_vermulen/", "info": "", "attrs": {"רמת קושי": "accessible", "עונה מומלצת": "אביב,חורף,סתיו", "אורך המסלול": "200 מ'", "לפי אזור": "דרום,נגב מערבי", "משך המסלול": "עצמאי", "סוג המסלול": "נגיש,פיקניק,נוף ותצפית,מסלול מעגלי,פריחה", "טווח מרחקים": "1", "עומס": "עומס קל"}, "fetched_on": "2026-07-27"}}, {"type": "Feature", "geometry": {"type": "Point", "coordinates": [34.78267, 31.24369]}, "properties": {"id": "kkl-0aca350e", "operator": "kkl", "name_he": "מסלול טיול נגיש במרכז להנצחת חיילי אנז\"ק", "link": "https://www.kkl.org.il/travel/trips/accessible_hiking_trails/accessible_hiking_trails_south/anzac_soldiers_memorial_enter/", "info": "", "attrs": {"רמת קושי": "בסיסית", "עונה מומלצת": "כל השנה", "לפי אזור": "דרום,נגב צפוני", "משך המסלול": "עצמאי", "סוג המסלול": "נגיש,מסלול מעגלי,היסטוריה ואומנות", "טווח מרחקים": "1", "עומס": "עומס קל"}, "fetched_on": "2026-07-27"}}, {"type": "Feature", "geometry": {"type": "Point", "coordinates": [35.01625, 31.82231]}, "properties": {"id": "kkl-dbc9dcd9", "operator": "kkl", "name_he": "מסלול טיול נגיש בעין מסילה ביער אשתאול", "link": "https://www.kkl.org.il/travel/trips/accessible_hiking_trails/center/rail_eye/", "info": "", "attrs": {"רמת קושי": "accessible", "עונה מומלצת": "כל השנה", "אורך המסלול": "100 מ'", "לפי אזור": "מרכז,ירושלים", "משך המסלול": "עצמאי", "סוג המסלול": "נגיש,מסלול מעגלי,היסטוריה ואומנות", "טווח מרחקים": "1", "עומס": "עומס קל"}, "fetched_on": "2026-07-27"}}, {"type": "Feature", "geometry": {"type": "Point", "coordinates": [35.65913, 32.68659]}, "properties": {"id": "kkl-42f42e99", "operator": "kkl", "name_he": "מסלול טיול נגיש בעין עקוב", "link": "https://www.kkl.org.il/travel/trips/accessible_hiking_trails/accessible_hiking_trails_north/akob_eye/", "info": "", "attrs": {"רמת קושי": "בסיסית", "עונה מומלצת": "כל השנה", "אורך המסלול": "70 מ'", "לפי אזור": "צפון,הגולן", "משך המסלול": "עצמאי", "סוג המסלול": "נגיש,פיקניק,מים ומעיינות,נוף ותצפית", "טווח מרחקים": "1", "עומס": "עומס קל"}, "fetched_on": "2026-07-27"}}, {"type": "Feature", "geometry": {"type": "Point", "coordinates": [35.19963, 33.07917]}, "properties": {"id": "kkl-18a51ab5", "operator": "kkl", "name_he": "מסלול טיול נגיש בפארק אדמית", "link": "https://www.kkl.org.il/travel/trips/accessible_hiking_trails/accessible_hiking_trails_north/admit_park/", "info": "", "attrs": {"רמת קושי": "בסיסית", "עונה מומלצת": "כל השנה", "אורך המסלול": "500 מ'", "לפי אזור": "צפון,גליל עליון", "משך המסלול": "עצמאי", "סוג המסלול": "נגיש,פיקניק,נוף ותצפית,היסטוריה ואומנות", "טווח מרחקים": "1", "עומס": "עומס קל"}, "fetched_on": "2026-07-27"}}, {"type": "Feature", "geometry": {"type": "Point", "coordinates": [34.99364, 31.84151]}, "properties": {"id": "kkl-6809b509", "operator": "kkl", "name_he": "מסלול טיול נגיש בפארק איילון קנדה", "link": "https://www.kkl.org.il/travel/trips/accessible_hiking_trails/center/park_ayalon_canada_2023/", "info": "", "attrs": {"רמת קושי": "accessible", "עונה מומלצת": "כל השנה", "אורך המסלול": "100 מ'", "לפי אזור": "מרכז,שפלת יהודה", "משך המסלול": "עצמאי", "סוג המסלול": "נגיש,פיקניק,מסלול מעגלי,היסטוריה ואומנות", "טווח מרחקים": "1", "עומס": "עומס קל"}, "fetched_on": "2026-07-27"}}, {"type": "Feature", "geometry": {"type": "Point", "coordinates": [35.20134, 33.06429]}, "properties": {"id": "kkl-47e01c75", "operator": "kkl", "name_he": "מסלול טיול נגיש בפארק גורן, שביל תצפית על מבצר מונפורט", "link": "https://www.kkl.org.il/travel/trips/accessible_hiking_trails/accessible_hiking_trails_north/goren_park/", "info": "", "attrs": {"רמת קושי": "בסיסית", "עונה מומלצת": "כל השנה", "אורך המסלול": "200 מ'", "לפי אזור": "צפון,גליל עליון", "משך המסלול": "עצמאי", "סוג המסלול": "נגיש,פיקניק,נוף ותצפית", "טווח מרחקים": "1", "עומס": "עומס קל"}, "fetched_on": "2026-07-27"}}, {"type": "Feature", "geometry": {"type": "Point", "coordinates": [35.63098, 32.91594]}, "properties": {"id": "kkl-c1c202d4", "operator": "kkl", "name_he": "מסלול טיול נגיש בפארק הירדן", "link": "https://www.kkl.org.il/travel/trips/accessible_hiking_trails/accessible_hiking_trails_north/jordan_park/", "info": "", "attrs": {"רמת קושי": "בסיסית", "עונה מומלצת": "כל השנה", "אורך המסלול": "1.2 ק\"מ", "לפי אזור": "צפון,הגולן", "משך המסלול": "עצמאי", "סוג המסלול": "נגיש,פיקניק,מים ומעיינות,נוף ותצפית,היסטוריה ואומנות", "טווח מרחקים": "1", "עומס": "עומס קל"}, "fetched_on": "2026-07-27"}}, {"type": "Feature", "geometry": {"type": "Point", "coordinates": [34.81507, 31.74691]}, "properties": {"id": "kkl-2c75cbc3", "operator": "kkl", "name_he": "מסלול טיול נגיש בפארק הלוחם", "link": "https://www.kkl.org.il/travel/trips/accessible_hiking_trails/center/warrior_park/", "info": "", "attrs": {"רמת קושי": "accessible", "עונה מומלצת": "כל השנה", "אורך המסלול": "1.5 ק\"מ", "לפי אזור": "מרכז,שפלת יהודה", "משך המסלול": "עצמאי", "סוג המסלול": "נגיש,פיקניק,מסלול מעגלי", "טווח מרחקים": "1", "עומס": "עומס קל"}, "fetched_on": "2026-07-27"}}, {"type": "Feature", "geometry": {"type": "Point", "coordinates": [34.98833, 29.63258]}, "properties": {"id": "kkl-b3128b57", "operator": "kkl", "name_he": "מסלול טיול נגיש בפארק הצפרות באילת", "link": "https://www.kkl.org.il/travel/trips/accessible_hiking_trails/accessible_hiking_trails_south/bird_park_in_eilat/", "info": "", "attrs": {"רמת קושי": "accessible", "עונה מומלצת": "כל השנה", "אורך המסלול": "1 ק\"מ", "לפי אזור": "דרום,אילת", "משך המסלול": "עצמאי", "סוג המסלול": "נגיש,מים ומעיינות,מסלול מעגלי,צפרות", "טווח מרחקים": "1", "עומס": "עומס קל"}, "fetched_on": "2026-07-27"}}, {"type": "Feature", "geometry": {"type": "Point", "coordinates": [34.61971, 31.30677]}, "properties": {"id": "kkl-de912c7b", "operator": "kkl", "name_he": "מסלול טיול נגיש בפארק סיירת שקד", "link": "https://www.kkl.org.il/travel/trips/accessible_hiking_trails/accessible_hiking_trails_south/shaked_patrol_park/", "info": "", "attrs": {"רמת קושי": "accessible", "עונה מומלצת": "אביב,חורף,סתיו", "אורך המסלול": "900 מ'", "לפי אזור": "דרום,נגב מערבי", "משך המסלול": "עצמאי", "סוג המסלול": "נגיש,פיקניק,נוף ותצפית,מסלול מעגלי,פריחה,היסטוריה ואומנות", "טווח מרחקים": "1", "עומס": "עומס קל"}, "fetched_on": "2026-07-27"}}, {"type": "Feature", "geometry": {"type": "Point", "coordinates": [35.04033, 32.61193]}, "properties": {"id": "kkl-e8f01569", "operator": "kkl", "name_he": "מסלול טיול נגיש בשביל \"האנרגיות המתחדשות\" ביער חגית", "link": "https://www.kkl.org.il/travel/trips/accessible_hiking_trails/accessible_hiking_trails_north/path_of_renewable_energies/", "info": "", "attrs": {"רמת קושי": "בסיסית", "עונה מומלצת": "כל השנה", "אורך המסלול": "250 מ'", "לפי אזור": "צפון,גליל תחתון", "משך המסלול": "עצמאי", "סוג המסלול": "נגיש,פיקניק", "טווח מרחקים": "1", "עומס": "עומס קל"}, "fetched_on": "2026-07-27"}}, {"type": "Feature", "geometry": {"type": "Point", "coordinates": [35.55643, 33.11472]}, "properties": {"id": "kkl-076d79b1", "operator": "kkl", "name_he": "מסלול טיול נגיש בשביל מצודת כ\"ח (מצודת ישע)", "link": "https://www.kkl.org.il/travel/trips/accessible_hiking_trails/accessible_hiking_trails_north/nabi_yoshua_citadel_trail/", "info": "", "attrs": {"רמת קושי": "בסיסית", "עונה מומלצת": "כל השנה", "אורך המסלול": "150 מ'", "לפי אזור": "צפון,גליל עליון", "משך המסלול": "עצמאי", "סוג המסלול": "נגיש,נוף ותצפית,היסטוריה ואומנות,חלק משביל ישראל", "טווח מרחקים": "1", "עומס": "עומס קל"}, "fetched_on": "2026-07-27"}}, {"type": "Feature", "geometry": {"type": "Point", "coordinates": [34.98829, 31.76256]}, "properties": {"id": "kkl-0b64ae56", "operator": "kkl", "name_he": "מסלול טיול נגיש בשביל נופי נחל שורק/נשות הדסה", "link": "https://www.kkl.org.il/travel/trips/accessible_hiking_trails/center/nahal_sorek_scenic_trail/", "info": "", "attrs": {"רמת קושי": "accessible", "עונה מומלצת": "כל השנה", "אורך המסלול": "750 מ'", "לפי אזור": "מרכז,ירושלים", "משך המסלול": "עצמאי", "סוג המסלול": "נגיש,פיקניק,נוף ותצפית,מסלול מעגלי", "טווח מרחקים": "1", "עומס": "עומס קל"}, "fetched_on": "2026-07-27"}}, {"type": "Feature", "geometry": {"type": "Point", "coordinates": [34.66482, 31.66433]}, "properties": {"id": "kkl-1100569b", "operator": "kkl", "name_he": "מסלול טיול נגיש בשלולית חורף הודיה", "link": "https://www.kkl.org.il/travel/trips/accessible_hiking_trails/accessible_hiking_trails_south/winter_puddle/", "info": "", "attrs": {"רמת קושי": "accessible", "עונה מומלצת": "חורף", "אורך המסלול": "200 מ'", "לפי אזור": "דרום,נגב צפוני", "משך המסלול": "עצמאי", "סוג המסלול": "נגיש,פיקניק,מים ומעיינות,מסלול מעגלי", "טווח מרחקים": "1", "עומס": "עומס קל"}, "fetched_on": "2026-07-27"}}, {"type": "Feature", "geometry": {"type": "Point", "coordinates": [35.31717, 32.5582]}, "properties": {"id": "kkl-f2421f59", "operator": "kkl", "name_he": "מסלול טיול נגיש בתל יזרעאל", "link": "https://www.kkl.org.il/travel/trips/accessible_hiking_trails/accessible_hiking_trails_north/tel_jezreel/", "info": "", "attrs": {"רמת קושי": "בסיסית", "עונה מומלצת": "כל השנה", "אורך המסלול": "200 מ'", "לפי אזור": "צפון,גליל תחתון", "משך המסלול": "עצמאי", "סוג המסלול": "נגיש,פיקניק,נוף ותצפית", "טווח מרחקים": "1", "עומס": "עומס קל"}, "fetched_on": "2026-07-27"}}, {"type": "Feature", "geometry": {"type": "Point", "coordinates": [35.11305, 31.73047]}, "properties": {"id": "kkl-617063e8", "operator": "kkl", "name_he": "מפארק בגין לחורבת חנות", "link": "https://www.kkl.org.il/travel/trips/2992/", "info": "", "attrs": {"רמת קושי": "בינונית", "עונה מומלצת": "אביב,חורף,סתיו", "אורך המסלול": "6 ק\"מ", "לפי אזור": "מרכז,ירושלים", "משך המסלול": "1-2 שעות", "סוג המסלול": "פיקניק,נוף ותצפית,היסטוריה ואומנות", "טווח מרחקים": "1", "עומס": "עומס קל"}, "fetched_on": "2026-07-27"}}, {"type": "Feature", "geometry": {"type": "Point", "coordinates": [34.93071, 32.50842]}, "properties": {"id": "kkl-ba388e65", "operator": "kkl", "name_he": "מפארק שוני-ז'בוטינסקי לחורבת עקב", "link": "https://www.kkl.org.il/travel/trips/from-shuni-to-akab/", "info": "", "attrs": {"רמת קושי": "בסיסית", "עונה מומלצת": "אביב,חורף,סתיו", "אורך המסלול": "8 ", "לפי אזור": "צפון,כרמל", "סוג המסלול": "פיקניק,נוף ותצפית,מסלול מעגלי,פריחה,היסטוריה ואומנות,חלק משביל ישראל", "עומס": "עומס בינוני"}, "fetched_on": "2026-07-27"}}, {"type": "Feature", "geometry": {"type": "Point", "coordinates": [35.50808, 32.99057]}, "properties": {"id": "kkl-acdd6d2c", "operator": "kkl", "name_he": "מצודת ביריה", "link": "https://www.kkl.org.il/travel/?catid=a15136b3-c0f4-4ff4-be65-7c44c442bc25&itemid=acdd6d2c-9fd2-4559-bc6f-14d034350b9c", "info": "", "attrs": {"לפי אזור": "צפון"}, "fetched_on": "2026-07-27"}}, {"type": "Feature", "geometry": {"type": "Point", "coordinates": [35.50805, 32.99046]}, "properties": {"id": "kkl-0ba768d5", "operator": "kkl", "name_he": "מצודת ביריה", "link": "https://www.kkl.org.il/travel/trips/255/", "info": "", "attrs": {"רמת קושי": "בסיסית", "עונה מומלצת": "כל השנה", "אורך המסלול": "1 ק\"מ", "לפי אזור": "צפון,גליל עליון", "משך המסלול": "3-5 שעות", "סוג המסלול": "נגיש,פיקניק,נוף ותצפית,היסטוריה ואומנות", "טווח מרחקים": "1", "עומס": "עומס קל"}, "fetched_on": "2026-07-27"}}, {"type": "Feature", "geometry": {"type": "Point", "coordinates": [34.87994, 31.60533]}, "properties": {"id": "kkl-43c45c7d", "operator": "kkl", "name_he": "מצודת גלאון ביער גוברין", "link": "https://www.kkl.org.il/travel/trips/2988/", "info": "", "attrs": {"רמת קושי": "בסיסית", "עונה מומלצת": "כל השנה", "לפי אזור": "דרום,שפלת יהודה", "משך המסלול": "1-2 שעות", "סוג המסלול": "פיקניק,היסטוריה ואומנות", "עומס": "עומס קל"}, "fetched_on": "2026-07-27"}}, {"type": "Feature", "geometry": {"type": "Point", "coordinates": [35.03415, 31.33824]}, "properties": {"id": "kkl-761acb41", "operator": "kkl", "name_he": "מצודת היערנים", "link": "https://www.kkl.org.il/travel/scenic_lookout_yaaranim/", "info": "", "attrs": {"לפי אזור": "דרום", "סוג המסלול": "נגיש,פיקניק,נוף ותצפית,חלק משביל ישראל"}, "fetched_on": "2026-07-27"}}, {"type": "Feature", "geometry": {"type": "Point", "coordinates": [35.66262, 32.81559]}, "properties": {"id": "kkl-024796a4", "operator": "kkl", "name_he": "מצפה אופיר", "link": "https://www.kkl.org.il/travel/?catid=a15136b3-c0f4-4ff4-be65-7c44c442bc25&itemid=024796a4-b31c-41f8-bbc9-33e694137540", "info": "", "attrs": {}, "fetched_on": "2026-07-27"}}, {"type": "Feature", "geometry": {"type": "Point", "coordinates": [35.55451, 32.74687]}, "properties": {"id": "kkl-3c148703", "operator": "kkl", "name_he": "מצפה אורון שאול", "link": "", "info": "", "attrs": {"לפי אזור": "צפון"}, "fetched_on": "2026-07-27"}}, {"type": "Feature", "geometry": {"type": "Point", "coordinates": [34.81311, 31.42721]}, "properties": {"id": "kkl-7d67217f", "operator": "kkl", "name_he": "מצפה בית אשל", "link": "https://www.kkl.org.il/travel/trips/beit-eshel/", "info": "", "attrs": {"לפי אזור": "דרום"}, "fetched_on": "2026-07-27"}}, {"type": "Feature", "geometry": {"type": "Point", "coordinates": [35.55183, 33.2487]}, "properties": {"id": "kkl-60b58727", "operator": "kkl", "name_he": "מצפה בניה", "link": "https://www.kkl.org.il/travel/?catid=a15136b3-c0f4-4ff4-be65-7c44c442bc25&itemid=60b58727-b346-4da4-b9b1-7760a054e475", "info": "", "attrs": {"לפי אזור": "צפון"}, "fetched_on": "2026-07-27"}}, {"type": "Feature", "geometry": {"type": "Point", "coordinates": [35.54536, 33.22678]}, "properties": {"id": "kkl-da15253a", "operator": "kkl", "name_he": "מצפה בניה בהרי נפתלי", "link": "https://www.kkl.org.il/travel/trips/2934/", "info": "", "attrs": {"רמת קושי": "בסיסית", "עונה מומלצת": "כל השנה", "לפי אזור": "צפון,גליל עליון", "משך המסלול": "1-2 שעות", "עומס": "עומס קל"}, "fetched_on": "2026-07-27"}}, {"type": "Feature", "geometry": {"type": "Point", "coordinates": [34.96278, 31.80886]}, "properties": {"id": "kkl-13123b3a", "operator": "kkl", "name_he": "מצפה הראל", "link": "https://www.kkl.org.il/travel/?catid=a15136b3-c0f4-4ff4-be65-7c44c442bc25&itemid=13123b3a-fd1c-43f3-a568-defba6738fda", "info": "", "attrs": {"לפי אזור": "מרכז"}, "fetched_on": "2026-07-27"}}, {"type": "Feature", "geometry": {"type": "Point", "coordinates": [34.98593, 32.14187]}, "properties": {"id": "kkl-7d605ea2", "operator": "kkl", "name_he": "מצפה וחניון חזי ספיר ביער חורשים", "link": "https://www.kkl.org.il/travel/?catid=a15136b3-c0f4-4ff4-be65-7c44c442bc25&itemid=7d605ea2-bfa1-46d0-a785-ecd1876ef23e", "info": "", "attrs": {"לפי אזור": "מרכז"}, "fetched_on": "2026-07-27"}}, {"type": "Feature", "geometry": {"type": "Point", "coordinates": [35.64539, 32.70677]}, "properties": {"id": "kkl-e37532ed", "operator": "kkl", "name_he": "מצפה כנרת מנדל", "link": "https://www.kkl.org.il/travel/?catid=a15136b3-c0f4-4ff4-be65-7c44c442bc25&itemid=e37532ed-56c1-4a34-8758-70cf3576fbc7", "info": "", "attrs": {"לפי אזור": "צפון"}, "fetched_on": "2026-07-27"}}, {"type": "Feature", "geometry": {"type": "Point", "coordinates": [35.18261, 31.78443]}, "properties": {"id": "kkl-a0b896ee", "operator": "kkl", "name_he": "מצפה כרם ביער ירושלים", "link": "https://www.kkl.org.il/travel/trips/1637/", "info": "", "attrs": {"רמת קושי": "בסיסית", "עונה מומלצת": "כל השנה", "אורך המסלול": "1 ק\"מ", "לפי אזור": "מרכז,ירושלים", "משך המסלול": "1-2 שעות", "סוג המסלול": "פיקניק,נוף ותצפית,מסלול מעגלי,היסטוריה ואומנות", "טווח מרחקים": "1", "עומס": "עומס בינוני"}, "fetched_on": "2026-07-27"}}, {"type": "Feature", "geometry": {"type": "Point", "coordinates": [35.5619, 33.21538]}, "properties": {"id": "kkl-6fb7e9ef", "operator": "kkl", "name_he": "מצפה לירן סעדיה", "link": "https://www.kkl.org.il/travel/?catid=a15136b3-c0f4-4ff4-be65-7c44c442bc25&itemid=6fb7e9ef-ed8d-4edc-be07-11e6f5ff5838", "info": "", "attrs": {"לפי אזור": "צפון"}, "fetched_on": "2026-07-27"}}, {"type": "Feature", "geometry": {"type": "Point", "coordinates": [35.5571, 33.10665]}, "properties": {"id": "kkl-d3bc801d", "operator": "kkl", "name_he": "מצפה מאואר", "link": "https://www.kkl.org.il/travel/?catid=a15136b3-c0f4-4ff4-be65-7c44c442bc25&itemid=d3bc801d-37b9-4dba-b4ba-bd933087a801", "info": "", "attrs": {"לפי אזור": "צפון"}, "fetched_on": "2026-07-27"}}, {"type": "Feature", "geometry": {"type": "Point", "coordinates": [35.22828, 33.0541]}, "properties": {"id": "kkl-48af946c", "operator": "kkl", "name_he": "מצפה מונפורט", "link": "https://www.kkl.org.il/travel/scenic_lookout_mon/", "info": "", "attrs": {"לפי אזור": "צפון,גליל מערבי", "סוג המסלול": "מצפורים"}, "fetched_on": "2026-07-27"}}, {"type": "Feature", "geometry": {"type": "Point", "coordinates": [34.92247, 31.66779]}, "properties": {"id": "kkl-fcd5594b", "operator": "kkl", "name_he": "מצפה משואה", "link": "https://www.kkl.org.il/travel/?catid=a15136b3-c0f4-4ff4-be65-7c44c442bc25&itemid=fcd5594b-e652-4f8d-91d6-3faaca2f8a18", "info": "", "attrs": {"לפי אזור": "מרכז"}, "fetched_on": "2026-07-27"}}, {"type": "Feature", "geometry": {"type": "Point", "coordinates": [34.94959, 31.33858]}, "properties": {"id": "kkl-8bc24038", "operator": "kkl", "name_he": "מצפה נעם רוזנטל", "link": "https://www.kkl.org.il/travel/scenic_lookout_rozental/", "info": "", "attrs": {"לפי אזור": "דרום", "סוג המסלול": "נוף ותצפית,חלק משביל ישראל,מצפורים"}, "fetched_on": "2026-07-27"}}, {"type": "Feature", "geometry": {"type": "Point", "coordinates": [34.96518, 32.65119]}, "properties": {"id": "kkl-6cdfbc84", "operator": "kkl", "name_he": "מצפה עופר", "link": "https://www.kkl.org.il/travel/?catid=a15136b3-c0f4-4ff4-be65-7c44c442bc25&itemid=6cdfbc84-a634-4d7f-8319-01b4ad993050", "info": "", "attrs": {"לפי אזור": "צפון"}, "fetched_on": "2026-07-27"}}, {"type": "Feature", "geometry": {"type": "Point", "coordinates": [35.56314, 33.10719]}, "properties": {"id": "kkl-760b90bd", "operator": "kkl", "name_he": "מצפה רן כוכבא", "link": "https://www.kkl.org.il/travel/?catid=a15136b3-c0f4-4ff4-be65-7c44c442bc25&itemid=760b90bd-7865-46a8-9bc3-4142a5668453", "info": "", "attrs": {"לפי אזור": "צפון"}, "fetched_on": "2026-07-27"}}, {"type": "Feature", "geometry": {"type": "Point", "coordinates": [34.82706, 31.36849]}, "properties": {"id": "kkl-36516dc9", "operator": "kkl", "name_he": "מצפור אור אסרף", "link": "https://www.kkl.org.il/travel/scenic_lookout_or_asraf/", "info": "", "attrs": {"לפי אזור": "דרום", "סוג המסלול": "נוף ותצפית,מצפורים"}, "fetched_on": "2026-07-27"}}, {"type": "Feature", "geometry": {"type": "Point", "coordinates": [34.9817, 32.09918]}, "properties": {"id": "kkl-8ff874da", "operator": "kkl", "name_he": "מצפור אילן בחורבת דייר", "link": "https://www.kkl.org.il/travel/?catid=a15136b3-c0f4-4ff4-be65-7c44c442bc25&itemid=8ff874da-b6ce-41f7-be17-8a22e9742ea7", "info": "", "attrs": {"לפי אזור": "מרכז"}, "fetched_on": "2026-07-27"}}, {"type": "Feature", "geometry": {"type": "Point", "coordinates": [35.19962, 33.07932]}, "properties": {"id": "kkl-97ce7814", "operator": "kkl", "name_he": "מצפור איתן לבב", "link": "https://www.kkl.org.il/travel/?catid=a15136b3-c0f4-4ff4-be65-7c44c442bc25&itemid=97ce7814-ce2a-410f-9ca3-e550ac8898ee", "info": "", "attrs": {"לפי אזור": "צפון"}, "fetched_on": "2026-07-27"}}, {"type": "Feature", "geometry": {"type": "Point", "coordinates": [35.38366, 32.73634]}, "properties": {"id": "kkl-a0814b64", "operator": "kkl", "name_he": "מצפור אלוני בית קשת", "link": "https://www.kkl.org.il/travel/?catid=a15136b3-c0f4-4ff4-be65-7c44c442bc25&itemid=a0814b64-b0b4-48f5-9d2c-7d5ea5921718", "info": "", "attrs": {"לפי אזור": "צפון"}, "fetched_on": "2026-07-27"}}, {"type": "Feature", "geometry": {"type": "Point", "coordinates": [34.96078, 29.57209]}, "properties": {"id": "kkl-36e30a28", "operator": "kkl", "name_he": "מצפור אליק בפארק הולנד", "link": "https://www.kkl.org.il/travel/scenic_lookout_alik/", "info": "", "attrs": {"לפי אזור": "דרום,אילת", "סוג המסלול": "נוף ותצפית,מצפורים"}, "fetched_on": "2026-07-27"}}, {"type": "Feature", "geometry": {"type": "Point", "coordinates": [35.54875, 33.19807]}, "properties": {"id": "kkl-ddfe9e93", "operator": "kkl", "name_he": "מצפור אמיר קרא", "link": "https://www.kkl.org.il/travel/?catid=a15136b3-c0f4-4ff4-be65-7c44c442bc25&itemid=ddfe9e93-afb4-459b-8c61-aac82c9551e9", "info": "", "attrs": {"לפי אזור": "צפון"}, "fetched_on": "2026-07-27"}}, {"type": "Feature", "geometry": {"type": "Point", "coordinates": [35.01063, 31.8915]}, "properties": {"id": "kkl-65cdd12c", "operator": "kkl", "name_he": "מצפור אמנון ליפקין שחק", "link": "https://www.kkl.org.il/travel/scenic_lookout_amnon_lipkin/", "info": "", "attrs": {"לפי אזור": "מרכז", "סוג המסלול": "נוף ותצפית,מצפורים"}, "fetched_on": "2026-07-27"}}, {"type": "Feature", "geometry": {"type": "Point", "coordinates": [34.56175, 31.5196]}, "properties": {"id": "kkl-26fcea03", "operator": "kkl", "name_he": "מצפור אסף סיבוני", "link": "https://www.kkl.org.il/travel/scenic_lookout_siboni/", "info": "", "attrs": {"לפי אזור": "דרום,מישור החוף הדרומי", "סוג המסלול": "נוף ותצפית,מצפורים"}, "fetched_on": "2026-07-27"}}, {"type": "Feature", "geometry": {"type": "Point", "coordinates": [35.1347, 31.7492]}, "properties": {"id": "kkl-8fe28a2d", "operator": "kkl", "name_he": "מצפור ארתור רובינשטיין", "link": "https://www.kkl.org.il/travel/?catid=a15136b3-c0f4-4ff4-be65-7c44c442bc25&itemid=8fe28a2d-dd16-4740-8501-efe2e9d44b40", "info": "", "attrs": {"לפי אזור": "מרכז"}, "fetched_on": "2026-07-27"}}, {"type": "Feature", "geometry": {"type": "Point", "coordinates": [35.38363, 32.73642]}, "properties": {"id": "kkl-b712932a", "operator": "kkl", "name_he": "מצפור בית היערן", "link": "https://www.kkl.org.il/travel/?catid=a15136b3-c0f4-4ff4-be65-7c44c442bc25&itemid=b712932a-a1ff-4306-a436-40894e7d466a", "info": "", "attrs": {"לפי אזור": "צפון"}, "fetched_on": "2026-07-27"}}, {"type": "Feature", "geometry": {"type": "Point", "coordinates": [35.07752, 32.72841]}, "properties": {"id": "kkl-965cc5f4", "operator": "kkl", "name_he": "מצפור בר יהודה בכרמל", "link": "https://www.kkl.org.il/travel/?catid=a15136b3-c0f4-4ff4-be65-7c44c442bc25&itemid=965cc5f4-7ff8-4ffd-87c6-b6e6285d3b2f", "info": "", "attrs": {"לפי אזור": "צפון"}, "fetched_on": "2026-07-27"}}, {"type": "Feature", "geometry": {"type": "Point", "coordinates": [34.57668, 31.52979]}, "properties": {"id": "kkl-c4dc6f58", "operator": "kkl", "name_he": "מצפור גבעת גמל - לזכרו של יעקב (ינצ'יק) גברי", "link": "https://www.kkl.org.il/travel/scenic_lookout_gamal/", "info": "", "attrs": {"לפי אזור": "דרום", "סוג המסלול": "נוף ותצפית,מצפורים"}, "fetched_on": "2026-07-27"}}, {"type": "Feature", "geometry": {"type": "Point", "coordinates": [34.8411, 31.71342]}, "properties": {"id": "kkl-ff9892b3", "operator": "kkl", "name_he": "מצפור דוד קרון", "link": "https://www.kkl.org.il/travel/?catid=a15136b3-c0f4-4ff4-be65-7c44c442bc25&itemid=ff9892b3-5d69-4468-bc94-3154200ae35c", "info": "", "attrs": {"לפי אזור": "מרכז"}, "fetched_on": "2026-07-27"}}, {"type": "Feature", "geometry": {"type": "Point", "coordinates": [34.49505, 31.43003]}, "properties": {"id": "kkl-08f5e2ee", "operator": "kkl", "name_he": "מצפור הבתרונות", "link": "https://www.kkl.org.il/travel/scenic_lookout_habitronot/", "info": "", "attrs": {"לפי אזור": "דרום,נגב מערבי", "סוג המסלול": "היסטוריה ואומנות,נוף ותצפית,מצפורים"}, "fetched_on": "2026-07-27"}}, {"type": "Feature", "geometry": {"type": "Point", "coordinates": [35.14472, 32.77063]}, "properties": {"id": "kkl-820edfaa", "operator": "kkl", "name_he": "מצפור החיפושיות בנופית", "link": "https://www.kkl.org.il/travel/?catid=a15136b3-c0f4-4ff4-be65-7c44c442bc25&itemid=820edfaa-a592-4c4c-9351-7237d82bcdd2", "info": "", "attrs": {"לפי אזור": "צפון"}, "fetched_on": "2026-07-27"}}, {"type": "Feature", "geometry": {"type": "Point", "coordinates": [34.84896, 31.39087]}, "properties": {"id": "kkl-abf783d6", "operator": "kkl", "name_he": "מצפור הסלבך", "link": "https://www.kkl.org.il/travel/scenic_lookout_salbach/", "info": "", "attrs": {"לפי אזור": "דרום", "סוג המסלול": "נוף ותצפית,מצפורים"}, "fetched_on": "2026-07-27"}}, {"type": "Feature", "geometry": {"type": "Point", "coordinates": [35.5156, 32.99285]}, "properties": {"id": "kkl-db32325f", "operator": "kkl", "name_he": "מצפור הר יבנית ביער ביריה (אביי ורבא)", "link": "https://www.kkl.org.il/travel/trips/2051/", "info": "", "attrs": {"רמת קושי": "בסיסית", "עונה מומלצת": "כל השנה", "לפי אזור": "צפון,גליל עליון", "משך המסלול": "1-2 שעות", "סוג המסלול": "נוף ותצפית,היסטוריה ואומנות,צפרות", "עומס": "עומס קל"}, "fetched_on": "2026-07-27"}}, {"type": "Feature", "geometry": {"type": "Point", "coordinates": [35.37486, 32.53705]}, "properties": {"id": "kkl-626fba20", "operator": "kkl", "name_he": "מצפור הר שאול", "link": "https://www.kkl.org.il/travel/scenic_lookout_shaul/", "info": "", "attrs": {"לפי אזור": "גלבוע", "סוג המסלול": "מצפורים"}, "fetched_on": "2026-07-27"}}, {"type": "Feature", "geometry": {"type": "Point", "coordinates": [34.97143, 32.64684]}, "properties": {"id": "kkl-4ac943eb", "operator": "kkl", "name_he": "מצפור השייטת", "link": "https://www.kkl.org.il/travel/?catid=a15136b3-c0f4-4ff4-be65-7c44c442bc25&itemid=4ac943eb-f5e9-434a-89ee-dece26ea10a0", "info": "", "attrs": {"לפי אזור": "צפון"}, "fetched_on": "2026-07-27"}}, {"type": "Feature", "geometry": {"type": "Point", "coordinates": [35.29344, 30.77952]}, "properties": {"id": "kkl-4a3bd823", "operator": "kkl", "name_he": "מצפור השלום בדרך השלום", "link": "https://www.kkl.org.il/travel/scenic_lookout_hashalom/", "info": "", "attrs": {"לפי אזור": "דרום", "סוג המסלול": "מצפורים"}, "fetched_on": "2026-07-27"}}, {"type": "Feature", "geometry": {"type": "Point", "coordinates": [34.83058, 31.59635]}, "properties": {"id": "kkl-b9f4829c", "operator": "kkl", "name_he": "מצפור השפלה", "link": "https://www.kkl.org.il/travel/scenic_lookout_hashfela/", "info": "", "attrs": {"לפי אזור": "דרום"}, "fetched_on": "2026-07-27"}}, {"type": "Feature", "geometry": {"type": "Point", "coordinates": [35.3685, 32.70686]}, "properties": {"id": "kkl-4ce9702f", "operator": "kkl", "name_he": "מצפור התבור", "link": "https://www.kkl.org.il/travel/scenic_lookout_mihatavor/", "info": "", "attrs": {"לפי אזור": "צפון,גליל תחתון", "סוג המסלול": "מצפורים"}, "fetched_on": "2026-07-27"}}, {"type": "Feature", "geometry": {"type": "Point", "coordinates": [35.38776, 32.52346]}, "properties": {"id": "kkl-3ddae1f0", "operator": "kkl", "name_he": "מצפור ויניה כהן", "link": "https://www.kkl.org.il/travel/?catid=a15136b3-c0f4-4ff4-be65-7c44c442bc25&itemid=3ddae1f0-1656-479b-b343-77e6d6960fa2", "info": "", "attrs": {"לפי אזור": "צפון"}, "fetched_on": "2026-07-27"}}, {"type": "Feature", "geometry": {"type": "Point", "coordinates": [35.25974, 30.66616]}, "properties": {"id": "kkl-eb2bdcad", "operator": "kkl", "name_he": "מצפור חופירה", "link": "https://www.kkl.org.il/travel/scenic_lookout_hufira/", "info": "", "attrs": {"לפי אזור": "דרום", "סוג המסלול": "מצפורים"}, "fetched_on": "2026-07-27"}}, {"type": "Feature", "geometry": {"type": "Point", "coordinates": [35.06324, 31.71338]}, "properties": {"id": "kkl-2e0d6344", "operator": "kkl", "name_he": "מצפור חניון הדסה", "link": "https://www.kkl.org.il/travel/scenic_lookout_hadassah/", "info": "", "attrs": {"לפי אזור": "מרכז", "סוג המסלול": "מצפורים"}, "fetched_on": "2026-07-27"}}, {"type": "Feature", "geometry": {"type": "Point", "coordinates": [35.67214, 32.81276]}, "properties": {"id": "kkl-a6cf72fc", "operator": "kkl", "name_he": "מצפור טופז", "link": "https://www.kkl.org.il/travel/?catid=a15136b3-c0f4-4ff4-be65-7c44c442bc25&itemid=a6cf72fc-683a-4d5c-8e1c-2e5d0da3f63b", "info": "", "attrs": {"לפי אזור": "צפון"}, "fetched_on": "2026-07-27"}}, {"type": "Feature", "geometry": {"type": "Point", "coordinates": [34.76247, 31.01874]}, "properties": {"id": "kkl-f68664a2", "operator": "kkl", "name_he": "מצפור טלי", "link": "https://www.kkl.org.il/travel/scenic_lookout_tali/", "info": "", "attrs": {"לפי אזור": "דרום", "סוג המסלול": "מצפורים"}, "fetched_on": "2026-07-27"}}, {"type": "Feature", "geometry": {"type": "Point", "coordinates": [35.55687, 33.18302]}, "properties": {"id": "kkl-196de143", "operator": "kkl", "name_he": "מצפור יוחאי ודור", "link": "https://www.kkl.org.il/travel/?catid=a15136b3-c0f4-4ff4-be65-7c44c442bc25&itemid=196de143-a4b3-43c2-b7c6-455e1c78da4d", "info": "", "attrs": {"לפי אזור": "צפון"}, "fetched_on": "2026-07-27"}}, {"type": "Feature", "geometry": {"type": "Point", "coordinates": [35.44827, 32.55986]}, "properties": {"id": "kkl-d3d00099", "operator": "kkl", "name_he": "מצפור יוס ודוד", "link": "https://www.kkl.org.il/travel/?catid=a15136b3-c0f4-4ff4-be65-7c44c442bc25&itemid=d3d00099-b684-4eff-a151-5711e7897df4", "info": "", "attrs": {"לפי אזור": "צפון"}, "fetched_on": "2026-07-27"}}, {"type": "Feature", "geometry": {"type": "Point", "coordinates": [35.54146, 32.76368]}, "properties": {"id": "kkl-68f0a7cd", "operator": "kkl", "name_he": "מצפור יער שוויץ", "link": "https://www.kkl.org.il/travel/?catid=a15136b3-c0f4-4ff4-be65-7c44c442bc25&itemid=68f0a7cd-cefd-4bce-8d72-d231bf895440", "info": "", "attrs": {"לפי אזור": "צפון", "סוג המסלול": "נוף ותצפית,חלק משביל ישראל,מצפורים"}, "fetched_on": "2026-07-27"}}, {"type": "Feature", "geometry": {"type": "Point", "coordinates": [35.38228, 32.51877]}, "properties": {"id": "kkl-98723166", "operator": "kkl", "name_he": "מצפור יצחק חידו", "link": "https://www.kkl.org.il/travel/?catid=a15136b3-c0f4-4ff4-be65-7c44c442bc25&itemid=98723166-f12b-4691-b780-ec2180c9cb55", "info": "", "attrs": {"לפי אזור": "צפון"}, "fetched_on": "2026-07-27"}}, {"type": "Feature", "geometry": {"type": "Point", "coordinates": [35.32935, 32.78452]}, "properties": {"id": "kkl-6913c82d", "operator": "kkl", "name_he": "מצפור לאודרמילק", "link": "https://www.kkl.org.il/travel/?catid=a15136b3-c0f4-4ff4-be65-7c44c442bc25&itemid=6913c82d-78db-40df-97ab-0e3867819821", "info": "", "attrs": {"לפי אזור": "צפון"}, "fetched_on": "2026-07-27"}}, {"type": "Feature", "geometry": {"type": "Point", "coordinates": [35.06949, 31.81053]}, "properties": {"id": "kkl-17269937", "operator": "kkl", "name_he": "מצפור לוקי", "link": "https://www.kkl.org.il/travel/?catid=a15136b3-c0f4-4ff4-be65-7c44c442bc25&itemid=17269937-f4c9-49b7-ba80-76b0d52004f6", "info": "", "attrs": {"לפי אזור": "מרכז"}, "fetched_on": "2026-07-27"}}, {"type": "Feature", "geometry": {"type": "Point", "coordinates": [34.52755, 31.2182]}, "properties": {"id": "kkl-5ceefcdb", "operator": "kkl", "name_he": "מצפור מאגרי הבשור", "link": "https://www.kkl.org.il/travel/scenic_lookout_bsor/", "info": "", "attrs": {"לפי אזור": "דרום", "סוג המסלול": "מצפורים"}, "fetched_on": "2026-07-27"}}, {"type": "Feature", "geometry": {"type": "Point", "coordinates": [35.51355, 33.0977]}, "properties": {"id": "kkl-e02f5953", "operator": "kkl", "name_he": "מצפור מלכיה", "link": "https://www.kkl.org.il/travel/?catid=a15136b3-c0f4-4ff4-be65-7c44c442bc25&itemid=e02f5953-dca6-4b80-83dd-0d42558cecfa", "info": "", "attrs": {"לפי אזור": "צפון"}, "fetched_on": "2026-07-27"}}, {"type": "Feature", "geometry": {"type": "Point", "coordinates": [35.11725, 31.81442]}, "properties": {"id": "kkl-93db9ce0", "operator": "kkl", "name_he": "מצפור מרסל לוריא", "link": "https://www.kkl.org.il/travel/?catid=a15136b3-c0f4-4ff4-be65-7c44c442bc25&itemid=93db9ce0-d5b1-4b15-b507-819550237855", "info": "", "attrs": {"לפי אזור": "מרכז"}, "fetched_on": "2026-07-27"}}, {"type": "Feature", "geometry": {"type": "Point", "coordinates": [35.64611, 32.69732]}, "properties": {"id": "kkl-b1b25689", "operator": "kkl", "name_he": "מצפור נגב כנרות", "link": "https://www.kkl.org.il/travel/?catid=a15136b3-c0f4-4ff4-be65-7c44c442bc25&itemid=b1b25689-8ccd-4099-a910-955446ba5f58", "info": "", "attrs": {"לפי אזור": "צפון"}, "fetched_on": "2026-07-27"}}, {"type": "Feature", "geometry": {"type": "Point", "coordinates": [34.44262, 31.37492]}, "properties": {"id": "kkl-cf28197c", "operator": "kkl", "name_he": "מצפור נחל אסף", "link": "https://www.kkl.org.il/travel/scenic_lookout_nachal_asaf/", "info": "", "attrs": {"לפי אזור": "דרום", "סוג המסלול": "מצפורים"}, "fetched_on": "2026-07-27"}}, {"type": "Feature", "geometry": {"type": "Point", "coordinates": [34.95806, 32.63063]}, "properties": {"id": "kkl-1645b2c7", "operator": "kkl", "name_he": "מצפור עדנה רוג'רס", "link": "https://www.kkl.org.il/travel/trips/2975/", "info": "", "attrs": {"רמת קושי": "בסיסית", "עונה מומלצת": "כל השנה", "אורך המסלול": "2 ק\"מ", "לפי אזור": "צפון,כרמל", "משך המסלול": "1-2 שעות", "סוג המסלול": "פיקניק,נוף ותצפית,היסטוריה ואומנות", "טווח מרחקים": "1", "עומס": "עומס קל"}, "fetched_on": "2026-07-27"}}, {"type": "Feature", "geometry": {"type": "Point", "coordinates": [35.61137, 33.09754]}, "properties": {"id": "kkl-d597177f", "operator": "kkl", "name_he": "מצפור עופות המים", "link": "", "info": "", "attrs": {"לפי אזור": "צפון"}, "fetched_on": "2026-07-27"}}, {"type": "Feature", "geometry": {"type": "Point", "coordinates": [34.96514, 32.65169]}, "properties": {"id": "kkl-44c75a9f", "operator": "kkl", "name_he": "מצפור עידו כהן", "link": "https://www.kkl.org.il/travel/?catid=a15136b3-c0f4-4ff4-be65-7c44c442bc25&itemid=44c75a9f-2e8d-48e7-85c8-4a8c32fbfe04", "info": "", "attrs": {"לפי אזור": "צפון"}, "fetched_on": "2026-07-27"}}, {"type": "Feature", "geometry": {"type": "Point", "coordinates": [34.96345, 32.65166]}, "properties": {"id": "kkl-8706f532", "operator": "kkl", "name_he": "מצפור עידו כהן ביער חוף הכרמל", "link": "https://www.kkl.org.il/travel/trips/2278/", "info": "", "attrs": {"רמת קושי": "בסיסית", "עונה מומלצת": "כל השנה", "אורך המסלול": "1 ק\"מ", "לפי אזור": "צפון,כרמל", "משך המסלול": "1-2 שעות", "סוג המסלול": "נגיש,נוף ותצפית,מסלול מעגלי,פריחה,חלק משביל ישראל", "טווח מרחקים": "1", "עומס": "עומס קל"}, "fetched_on": "2026-07-27"}}, {"type": "Feature", "geometry": {"type": "Point", "coordinates": [34.99228, 31.84906]}, "properties": {"id": "kkl-5e12c7b0", "operator": "kkl", "name_he": "מצפור עמק איילון", "link": "https://www.kkl.org.il/travel/?catid=a15136b3-c0f4-4ff4-be65-7c44c442bc25&itemid=5e12c7b0-422b-4aaa-9e60-033d633d6a98", "info": "", "attrs": {"לפי אזור": "מרכז"}, "fetched_on": "2026-07-27"}}, {"type": "Feature", "geometry": {"type": "Point", "coordinates": [35.17224, 30.35524]}, "properties": {"id": "kkl-034714ef", "operator": "kkl", "name_he": "מצפור פארן", "link": "https://www.kkl.org.il/travel/scenic_lookout_faran/", "info": "", "attrs": {"לפי אזור": "דרום", "סוג המסלול": "מצפורים"}, "fetched_on": "2026-07-27"}}, {"type": "Feature", "geometry": {"type": "Point", "coordinates": [34.97428, 32.65596]}, "properties": {"id": "kkl-37874488", "operator": "kkl", "name_he": "מצפור צביקה קפלן", "link": "https://www.kkl.org.il/travel/?catid=a15136b3-c0f4-4ff4-be65-7c44c442bc25&itemid=37874488-c397-45cc-8df9-483789827808", "info": "", "attrs": {"לפי אזור": "צפון"}, "fetched_on": "2026-07-27"}}, {"type": "Feature", "geometry": {"type": "Point", "coordinates": [35.11282, 31.39135]}, "properties": {"id": "kkl-f44866a1", "operator": "kkl", "name_he": "מצפור קריות", "link": "https://www.kkl.org.il/travel/scenic_lookout_krayot/", "info": "", "attrs": {"לפי אזור": "דרום", "סוג המסלול": "מצפורים"}, "fetched_on": "2026-07-27"}}, {"type": "Feature", "geometry": {"type": "Point", "coordinates": [34.84896, 31.39087]}, "properties": {"id": "kkl-def502de", "operator": "kkl", "name_he": "מצפור קְרֶל", "link": "https://www.kkl.org.il/travel/scenic_lookout_krell/", "info": "", "attrs": {"לפי אזור": "דרום", "סוג המסלול": "מצפורים"}, "fetched_on": "2026-07-27"}}, {"type": "Feature", "geometry": {"type": "Point", "coordinates": [35.53035, 32.77394]}, "properties": {"id": "kkl-b0d60462", "operator": "kkl", "name_he": "מצפור קרל לוץ", "link": "https://www.kkl.org.il/travel/?catid=a15136b3-c0f4-4ff4-be65-7c44c442bc25&itemid=b0d60462-bc75-401c-bc44-d36efba6625f", "info": "", "attrs": {"לפי אזור": "צפון"}, "fetched_on": "2026-07-27"}}, {"type": "Feature", "geometry": {"type": "Point", "coordinates": [35.16834, 33.08464]}, "properties": {"id": "kkl-fbd0bece", "operator": "kkl", "name_he": "מצפור שביט", "link": "https://www.kkl.org.il/travel/?catid=a15136b3-c0f4-4ff4-be65-7c44c442bc25&itemid=fbd0bece-5572-4c51-a8a8-1fabed48a64f", "info": "", "attrs": {"לפי אזור": "צפון"}, "fetched_on": "2026-07-27"}}, {"type": "Feature", "geometry": {"type": "Point", "coordinates": [34.47117, 31.34699]}, "properties": {"id": "kkl-17ebcf54", "operator": "kkl", "name_he": "מצפור שי דיין", "link": "https://www.kkl.org.il/travel/scenic_lookout_dayan/", "info": "", "attrs": {"לפי אזור": "דרום", "סוג המסלול": "מצפורים"}, "fetched_on": "2026-07-27"}}, {"type": "Feature", "geometry": {"type": "Point", "coordinates": [34.98388, 31.8004]}, "properties": {"id": "kkl-b3b5fd69", "operator": "kkl", "name_he": "מצפור שירי", "link": "https://www.kkl.org.il/travel/?catid=a15136b3-c0f4-4ff4-be65-7c44c442bc25&itemid=b3b5fd69-96eb-4e21-b7c2-2650d80653e4", "info": "", "attrs": {"לפי אזור": "מרכז"}, "fetched_on": "2026-07-27"}}, {"type": "Feature", "geometry": {"type": "Point", "coordinates": [35.02119, 31.8168]}, "properties": {"id": "kkl-6aec1bf1", "operator": "kkl", "name_he": "מצפור שער הגיא", "link": "https://www.kkl.org.il/travel/scenic_lookout_msh/", "info": "", "attrs": {"לפי אזור": "מרכז", "סוג המסלול": "נוף ותצפית,מצפורים"}, "fetched_on": "2026-07-27"}}, {"type": "Feature", "geometry": {"type": "Point", "coordinates": [34.44559, 31.38738]}, "properties": {"id": "kkl-cbdd3c9f", "operator": "kkl", "name_he": "מצפור תל גמה", "link": "https://www.kkl.org.il/travel/scenic_lookout_tel_jema/", "info": "", "attrs": {"לפי אזור": "דרום", "סוג המסלול": "מצפורים"}, "fetched_on": "2026-07-27"}}, {"type": "Feature", "geometry": {"type": "Point", "coordinates": [34.758, 31.50242]}, "properties": {"id": "kkl-6b19dbb1", "operator": "kkl", "name_he": "מצפור תל נגילה", "link": "https://www.kkl.org.il/travel/scenic_lookout_tel_najila/", "info": "", "attrs": {"לפי אזור": "דרום", "סוג המסלול": "מצפורים"}, "fetched_on": "2026-07-27"}}, {"type": "Feature", "geometry": {"type": "Point", "coordinates": [35.53683, 32.76708]}, "properties": {"id": "kkl-66f4af1a", "operator": "kkl", "name_he": "מצפור תלת-מפלסי", "link": "https://www.kkl.org.il/travel/?catid=a15136b3-c0f4-4ff4-be65-7c44c442bc25&itemid=66f4af1a-161c-48ad-8cac-b2821c76a9a7", "info": "", "attrs": {"לפי אזור": "צפון"}, "fetched_on": "2026-07-27"}}, {"type": "Feature", "geometry": {"type": "Point", "coordinates": [34.47095, 31.43714]}, "properties": {"id": "kkl-977582b0", "operator": "kkl", "name_he": "מצפורי יער בארי", "link": "https://www.kkl.org.il/travel/scenic_lookout_beeri/", "info": "", "attrs": {"לפי אזור": "דרום", "סוג המסלול": "נוף ותצפית,מצפורים"}, "fetched_on": "2026-07-27"}}, {"type": "Feature", "geometry": {"type": "Point", "coordinates": [35.19786, 33.08409]}, "properties": {"id": "kkl-b943cc74", "operator": "kkl", "name_he": "מצפורים בגליל המערבי", "link": "https://www.kkl.org.il/travel/trips/1939/", "info": "", "attrs": {"רמת קושי": "בסיסית", "עונה מומלצת": "כל השנה", "לפי אזור": "צפון,גליל מערבי", "משך המסלול": "1-2 שעות", "סוג המסלול": "נגיש,פיקניק,מים ומעיינות,נוף ותצפית"}, "fetched_on": "2026-07-27"}}, {"type": "Feature", "geometry": {"type": "Point", "coordinates": [35.67676, 32.76549]}, "properties": {"id": "kkl-b1953c13", "operator": "kkl", "name_he": "מצפורים חדשים בדרום הגולן", "link": "https://www.kkl.org.il/travel/trips/2617/", "info": "", "attrs": {"רמת קושי": "בסיסית", "עונה מומלצת": "כל השנה", "אורך המסלול": "1 ק\"מ", "לפי אזור": "צפון,הגולן", "משך המסלול": "1-2 שעות", "סוג המסלול": "פיקניק,נוף ותצפית", "טווח מרחקים": "1"}, "fetched_on": "2026-07-27"}}, {"type": "Feature", "geometry": {"type": "Point", "coordinates": [35.55453, 32.7468]}, "properties": {"id": "kkl-e37b49ea", "operator": "kkl", "name_he": "מצפים ביער שווייץ", "link": "https://www.kkl.org.il/travel/trips/2391/", "info": "", "attrs": {"רמת קושי": "בסיסית", "עונה מומלצת": "כל השנה", "אורך המסלול": "5 ק\"מ", "לפי אזור": "צפון,גליל תחתון", "משך המסלול": "1-2 שעות", "סוג המסלול": "נגיש,נוף ותצפית,חלק משביל ישראל", "טווח מרחקים": "1"}, "fetched_on": "2026-07-27"}}, {"type": "Feature", "geometry": {"type": "Point", "coordinates": [34.89842, 32.29674]}, "properties": {"id": "kkl-22ff1051", "operator": "kkl", "name_he": "מרכז המבקרים החדש באילנות", "link": "https://www.kkl.org.il/travel/trips/2601/", "info": "", "attrs": {"רמת קושי": "בסיסית", "עונה מומלצת": "כל השנה", "אורך המסלול": "2 ק\"מ", "לפי אזור": "מרכז,שרון", "משך המסלול": "1-2 שעות", "סוג המסלול": "נגיש,פיקניק,מסלול מעגלי", "טווח מרחקים": "1", "עומס": "עומס קל"}, "fetched_on": "2026-07-27"}}, {"type": "Feature", "geometry": {"type": "Point", "coordinates": [34.65894, 31.34089]}, "properties": {"id": "kkl-4a5b05d9", "operator": "kkl", "name_he": "מרכז המבקרים ע\"ש דוד נחמיאס", "link": "https://www.kkl.org.il/travel/trips/david-nachmias-center/", "info": "", "attrs": {"לפי אזור": "דרום"}, "fetched_on": "2026-07-27"}}, {"type": "Feature", "geometry": {"type": "Point", "coordinates": [34.82625, 32.10983]}, "properties": {"id": "kkl-aba4557d", "operator": "kkl", "name_he": "מרכז צפרות חדש ביער ראש ציפור", "link": "https://www.kkl.org.il/travel/trips/2629/", "info": "", "attrs": {"רמת קושי": "בסיסית", "עונה מומלצת": "כל השנה", "אורך המסלול": "1 ק\"מ", "לפי אזור": "מרכז", "משך המסלול": "1-2 שעות", "סוג המסלול": "נגיש,פיקניק,מים ומעיינות,מסלול מעגלי,צפרות", "טווח מרחקים": "1", "עומס": "עומס כבד"}, "fetched_on": "2026-07-27"}}, {"type": "Feature", "geometry": {"type": "Point", "coordinates": [34.65901, 31.34098]}, "properties": {"id": "kkl-7968f64b", "operator": "kkl", "name_he": "מרכז קק\"ל בגילת על שם דוד נחמיאס", "link": "https://www.kkl.org.il/travel/trips/2157/", "info": "", "attrs": {"רמת קושי": "בסיסית", "עונה מומלצת": "כל השנה", "אורך המסלול": "1 ק\"מ", "לפי אזור": "דרום,נגב מערבי", "משך המסלול": "1-2 שעות", "סוג המסלול": "נגיש,היסטוריה ואומנות", "טווח מרחקים": "1", "עומס": "עומס קל"}, "fetched_on": "2026-07-27"}}, {"type": "Feature", "geometry": {"type": "Point", "coordinates": [35.04153, 31.7951]}, "properties": {"id": "kkl-f47d69bc", "operator": "kkl", "name_he": "משואבה לשמורת המסרק ברכב פרטי", "link": "https://www.kkl.org.il/travel/trips/1949/", "info": "", "attrs": {"רמת קושי": "בסיסית", "עונה מומלצת": "כל השנה", "אורך המסלול": "4 ק\"מ", "לפי אזור": "מרכז,ירושלים", "משך המסלול": "1-2 שעות", "סוג המסלול": "פיקניק,נוף ותצפית", "עומס": "עומס קל"}, "fetched_on": "2026-07-27"}}, {"type": "Feature", "geometry": {"type": "Point", "coordinates": [35.04849, 31.79983]}, "properties": {"id": "kkl-0af78b46", "operator": "kkl", "name_he": "משלט 16 בשלוחת שיירות", "link": "https://www.kkl.org.il/travel/?catid=a15136b3-c0f4-4ff4-be65-7c44c442bc25&itemid=0af78b46-2c08-482d-a576-4409b647f507", "info": "", "attrs": {"לפי אזור": "מרכז"}, "fetched_on": "2026-07-27"}}, {"type": "Feature", "geometry": {"type": "Point", "coordinates": [35.13804, 31.79296]}, "properties": {"id": "kkl-88a246a2", "operator": "kkl", "name_he": "משלט 7", "link": "https://www.kkl.org.il/travel/?catid=a15136b3-c0f4-4ff4-be65-7c44c442bc25&itemid=88a246a2-df6d-49aa-a8ce-7d40ddbc3e31", "info": "", "attrs": {"לפי אזור": "מרכז"}, "fetched_on": "2026-07-27"}}, {"type": "Feature", "geometry": {"type": "Point", "coordinates": [34.99249, 31.84992]}, "properties": {"id": "kkl-71740b5b", "operator": "kkl", "name_he": "משלט י\"ד בפארק איילון קנדה", "link": "https://www.kkl.org.il/travel/trips/2981/", "info": "", "attrs": {"רמת קושי": "בסיסית", "עונה מומלצת": "כל השנה", "לפי אזור": "מרכז,שפלת יהודה", "משך המסלול": "1-2 שעות", "סוג המסלול": "פיקניק,היסטוריה ואומנות", "עומס": "עומס קל"}, "fetched_on": "2026-07-27"}}, {"type": "Feature", "geometry": {"type": "Point", "coordinates": [34.77723, 31.49578]}, "properties": {"id": "kkl-63ebf2d1", "operator": "kkl", "name_he": "משמורת פורה לתל נגילה", "link": "https://www.kkl.org.il/travel/trips/fertile_reserve_for_tel_nagila/", "info": "", "attrs": {"רמת קושי": "בינונית", "עונה מומלצת": "אביב,חורף,סתיו", "אורך המסלול": "4 ק\"מ", "לפי אזור": "דרום,שפלת יהודה", "משך המסלול": "1-2 שעות", "סוג המסלול": "נוף ותצפית,פריחה,היסטוריה ואומנות,חלק משביל ישראל", "טווח מרחקים": "1", "עומס": "עומס קל"}, "fetched_on": "2026-07-27"}}, {"type": "Feature", "geometry": {"type": "Point", "coordinates": [35.08237, 31.80891]}, "properties": {"id": "kkl-d2b75e0d", "operator": "kkl", "name_he": "נווה אילן הישנה ויער המכללות", "link": "https://www.kkl.org.il/travel/trips/2732/", "info": "", "attrs": {"רמת קושי": "בסיסית", "עונה מומלצת": "כל השנה", "אורך המסלול": "1 ק\"מ", "לפי אזור": "מרכז,ירושלים", "משך המסלול": "1-2 שעות", "סוג המסלול": "פיקניק,נוף ותצפית,היסטוריה ואומנות", "טווח מרחקים": "1", "עומס": "עומס קל"}, "fetched_on": "2026-07-27"}}, {"type": "Feature", "geometry": {"type": "Point", "coordinates": [34.89207, 32.38622]}, "properties": {"id": "kkl-be2fce3a", "operator": "kkl", "name_he": "נחל אלכסנדר", "link": "https://www.kkl.org.il/travel/trips/27/", "info": "", "attrs": {"רמת קושי": "בסיסית", "עונה מומלצת": "כל השנה", "לפי אזור": "מרכז,שרון", "משך המסלול": "1-2 שעות", "סוג המסלול": "נגיש,פיקניק,מים ומעיינות,היסטוריה ואומנות,חלק משביל ישראל", "עומס": "עומס קל"}, "fetched_on": "2026-07-27"}}, {"type": "Feature", "geometry": {"type": "Point", "coordinates": [34.90503, 32.37034]}, "properties": {"id": "kkl-44441899", "operator": "kkl", "name_he": "נחל אלכסנדר תיכון", "link": "https://www.kkl.org.il/travel/trips/2852/", "info": "", "attrs": {"רמת קושי": "בסיסית", "עונה מומלצת": "כל השנה", "אורך המסלול": "9 ק\"מ", "לפי אזור": "מרכז,שרון", "משך המסלול": "6 שעות ומעלה", "סוג המסלול": "פיקניק,מים ומעיינות,נוף ותצפית,צפרות", "טווח מרחקים": "1", "עומס": "עומס כבד"}, "fetched_on": "2026-07-27"}}, {"type": "Feature", "geometry": {"type": "Point", "coordinates": [34.89115, 32.3862]}, "properties": {"id": "kkl-1cdde142", "operator": "kkl", "name_he": "נחל אלכסנדר: מפארק איטליה לפארק צבי הנחל", "link": "https://www.kkl.org.il/travel/trips/1951/", "info": "", "attrs": {"רמת קושי": "בסיסית", "עונה מומלצת": "כל השנה", "לפי אזור": "מרכז,שרון", "משך המסלול": "1-2 שעות", "סוג המסלול": "נגיש,פיקניק,מים ומעיינות", "עומס": "עומס קל"}, "fetched_on": "2026-07-27"}}, {"type": "Feature", "geometry": {"type": "Point", "coordinates": [35.35011, 32.70177]}, "properties": {"id": "kkl-7c98d38f", "operator": "kkl", "name_he": "נחל ברק בן אבינעם", "link": "https://www.kkl.org.il/travel/trips/2959/", "info": "", "attrs": {"רמת קושי": "בינונית", "עונה מומלצת": "אביב,חורף,סתיו", "אורך המסלול": "2 ק\"מ", "לפי אזור": "צפון,גליל תחתון", "משך המסלול": "1-2 שעות", "סוג המסלול": "נוף ותצפית", "טווח מרחקים": "1", "עומס": "עומס קל"}, "fetched_on": "2026-07-27"}}, {"type": "Feature", "geometry": {"type": "Point", "coordinates": [34.47632, 31.32694]}, "properties": {"id": "kkl-3f1ced71", "operator": "kkl", "name_he": "נחל בשור: טיול למצפור שי", "link": "https://www.kkl.org.il/travel/trips/1782/", "info": "", "attrs": {"רמת קושי": "בסיסית", "עונה מומלצת": "כל השנה", "אורך המסלול": "1 ק\"מ", "לפי אזור": "דרום,נגב מערבי", "משך המסלול": "1-2 שעות", "סוג המסלול": "פיקניק,נוף ותצפית,מסלול מעגלי", "טווח מרחקים": "1", "עומס": "עומס קל"}, "fetched_on": "2026-07-27"}}, {"type": "Feature", "geometry": {"type": "Point", "coordinates": [35.17173, 33.08872]}, "properties": {"id": "kkl-e59769c8", "operator": "kkl", "name_he": "נחל הבאר ביער חניתה", "link": "https://www.kkl.org.il/travel/trips/2280/", "info": "", "attrs": {"רמת קושי": "בסיסית", "עונה מומלצת": "כל השנה", "אורך המסלול": "3 ק\"מ", "לפי אזור": "צפון", "משך המסלול": "1-2 שעות", "סוג המסלול": "נוף ותצפית,מסלול מעגלי,היסטוריה ואומנות", "טווח מרחקים": "1", "עומס": "עומס בינוני"}, "fetched_on": "2026-07-27"}}, {"type": "Feature", "geometry": {"type": "Point", "coordinates": [34.49002, 31.30851]}, "properties": {"id": "kkl-ca0048aa", "operator": "kkl", "name_he": "נחל הבשור - דרך נוף", "link": "https://www.kkl.org.il/travel/trips/besor_stream/", "info": "", "attrs": {"לפי אזור": "דרום"}, "fetched_on": "2026-07-27"}}, {"type": "Feature", "geometry": {"type": "Point", "coordinates": [35.0361, 31.72981]}, "properties": {"id": "kkl-c5d8397d", "operator": "kkl", "name_he": "נחל המערה", "link": "https://www.kkl.org.il/travel/trips/2205/", "info": "", "attrs": {"רמת קושי": "גבוהה", "עונה מומלצת": "כל השנה", "אורך המסלול": "8 ק\"מ", "לפי אזור": "מרכז,ירושלים", "משך המסלול": "6 שעות ומעלה", "סוג המסלול": "מים ומעיינות,נוף ותצפית,פריחה,היסטוריה ואומנות", "טווח מרחקים": "1", "עומס": "עומס קל"}, "fetched_on": "2026-07-27"}}, {"type": "Feature", "geometry": {"type": "Point", "coordinates": [35.44936, 32.5282]}, "properties": {"id": "kkl-efdd4975", "operator": "kkl", "name_he": "נחל חרוד", "link": "https://www.kkl.org.il/travel/trips/harod_stream/", "info": "", "attrs": {"לפי אזור": "צפון"}, "fetched_on": "2026-07-27"}}, {"type": "Feature", "geometry": {"type": "Point", "coordinates": [35.0703, 31.82018]}, "properties": {"id": "kkl-4e1fb03f", "operator": "kkl", "name_he": "נחל יתלה ואבני המיל", "link": "https://www.kkl.org.il/travel/trips/2909/", "info": "", "attrs": {"רמת קושי": "גבוהה", "עונה מומלצת": "אביב,חורף,סתיו", "אורך המסלול": "10 ק\"מ", "לפי אזור": "מרכז,ירושלים", "סוג המסלול": "פיקניק,נוף ותצפית", "טווח מרחקים": "10", "עומס": "עומס קל"}, "fetched_on": "2026-07-27"}}, {"type": "Feature", "geometry": {"type": "Point", "coordinates": [35.16797, 31.7707]}, "properties": {"id": "kkl-23f72a20", "operator": "kkl", "name_he": "נחל עין כרם", "link": "https://www.kkl.org.il/travel/trips/2949/", "info": "", "attrs": {"רמת קושי": "בסיסית", "עונה מומלצת": "כל השנה", "לפי אזור": "מרכז,ירושלים", "משך המסלול": "1-2 שעות", "סוג המסלול": "מים ומעיינות,נוף ותצפית,היסטוריה ואומנות", "עומס": "עומס קל"}, "fetched_on": "2026-07-27"}}, {"type": "Feature", "geometry": {"type": "Point", "coordinates": [34.46202, 31.44916]}, "properties": {"id": "kkl-b8c3872d", "operator": "kkl", "name_he": "נתיב אנז''ק", "link": "https://www.kkl.org.il/travel/trips/anzac-trail/", "info": "", "attrs": {"לפי אזור": "דרום"}, "fetched_on": "2026-07-27"}}, {"type": "Feature", "geometry": {"type": "Point", "coordinates": [35.12637, 31.76985]}, "properties": {"id": "kkl-21d2a9ff", "operator": "kkl", "name_he": "סטף", "link": "https://www.kkl.org.il/travel/trips/sataf/", "info": "", "attrs": {"לפי אזור": "מרכז"}, "fetched_on": "2026-07-27"}}, {"type": "Feature", "geometry": {"type": "Point", "coordinates": [34.68405, 31.663]}, "properties": {"id": "kkl-c8c61a3c", "operator": "kkl", "name_he": "סיפורי נגבה", "link": "https://www.kkl.org.il/travel/trips/2230/", "info": "", "attrs": {"רמת קושי": "בסיסית", "עונה מומלצת": "כל השנה", "אורך המסלול": "2 ק\"מ", "לפי אזור": "דרום,מישור החוף הדרומי", "משך המסלול": "1-2 שעות", "סוג המסלול": "מסלול מעגלי,היסטוריה ואומנות", "טווח מרחקים": "1", "עומס": "עומס קל"}, "fetched_on": "2026-07-27"}}, {"type": "Feature", "geometry": {"type": "Point", "coordinates": [34.68136, 31.66121]}, "properties": {"id": "kkl-a1007847", "operator": "kkl", "name_he": "סיפורים ממשלטי נגבה", "link": "https://www.kkl.org.il/travel/trips/2282/", "info": "", "attrs": {"רמת קושי": "בסיסית", "עונה מומלצת": "כל השנה", "אורך המסלול": "15 ק\"מ", "לפי אזור": "דרום,מישור החוף הדרומי", "משך המסלול": "3-5 שעות", "סוג המסלול": "נוף ותצפית,היסטוריה ואומנות", "טווח מרחקים": "10", "עומס": "עומס קל"}, "fetched_on": "2026-07-27"}}, {"type": "Feature", "geometry": {"type": "Point", "coordinates": [34.93603, 31.70017]}, "properties": {"id": "kkl-11ae1142", "operator": "kkl", "name_he": "עזקה: עיר מבצר בגבול יהודה", "link": "https://www.kkl.org.il/travel/trips/2843/", "info": "", "attrs": {"רמת קושי": "בסיסית", "עונה מומלצת": "כל השנה", "אורך המסלול": "1 ק\"מ", "לפי אזור": "מרכז,שפלת יהודה", "משך המסלול": "1-2 שעות", "סוג המסלול": "פיקניק,נוף ותצפית,מסלול מעגלי,היסטוריה ואומנות", "טווח מרחקים": "1", "עומס": "עומס קל"}, "fetched_on": "2026-07-27"}}, {"type": "Feature", "geometry": {"type": "Point", "coordinates": [35.14683, 33.02143]}, "properties": {"id": "kkl-3131d3b6", "operator": "kkl", "name_he": "עין געתון ויער כברי", "link": "https://www.kkl.org.il/travel/trips/kabri-gaaton-forest/", "info": "", "attrs": {"לפי אזור": "צפון,גליל מערבי,כרמל", "סוג המסלול": "מסלולי הליכה"}, "fetched_on": "2026-07-27"}}, {"type": "Feature", "geometry": {"type": "Point", "coordinates": [35.05, 31.71629]}, "properties": {"id": "kkl-d0294a00", "operator": "kkl", "name_he": "עין מטע ועין תנור", "link": "https://www.kkl.org.il/travel/trips/130/", "info": "", "attrs": {"רמת קושי": "בינונית", "עונה מומלצת": "כל השנה", "אורך המסלול": "2.5 ק\"מ", "לפי אזור": "מרכז,ירושלים", "משך המסלול": "2-3שעות", "סוג המסלול": "פיקניק,מים ומעיינות,נוף ותצפית,מסלול מעגלי,חלק משביל ישראל", "טווח מרחקים": "1", "עומס": "עומס קל"}, "fetched_on": "2026-07-27"}}, {"type": "Feature", "geometry": {"type": "Point", "coordinates": [34.77726, 31.49558]}, "properties": {"id": "kkl-ae93ecb0", "operator": "kkl", "name_he": "עין נקופה ויער הסתדרות המורים", "link": "https://www.kkl.org.il/travel/trips/2942/", "info": "", "attrs": {"רמת קושי": "בינונית", "עונה מומלצת": "אביב,חורף,סתיו", "אורך המסלול": "4 ק\"מ", "לפי אזור": "דרום,שפלת יהודה", "משך המסלול": "1-2 שעות", "סוג המסלול": "נוף ותצפית,פריחה,היסטוריה ואומנות,חלק משביל ישראל", "טווח מרחקים": "1", "עומס": "עומס קל"}, "fetched_on": "2026-07-27"}}, {"type": "Feature", "geometry": {"type": "Point", "coordinates": [35.55421, 32.73055]}, "properties": {"id": "kkl-73e28671", "operator": "kkl", "name_he": "עין פוריה", "link": "https://www.kkl.org.il/travel/trips/2827/", "info": "", "attrs": {"רמת קושי": "בסיסית", "עונה מומלצת": "כל השנה", "אורך המסלול": "1 ק\"מ", "לפי אזור": "צפון,גליל תחתון", "משך המסלול": "1-2 שעות", "סוג המסלול": "פיקניק,מים ומעיינות,נוף ותצפית,מסלול מעגלי,חלק משביל ישראל", "טווח מרחקים": "1", "עומס": "עומס קל"}, "fetched_on": "2026-07-27"}}, {"type": "Feature", "geometry": {"type": "Point", "coordinates": [35.24852, 30.81417]}, "properties": {"id": "kkl-e4f59dc4", "operator": "kkl", "name_he": "ערבה תיכונה: ביקור במרכז המבקרים ויידור", "link": "https://www.kkl.org.il/travel/trips/1599/", "info": "", "attrs": {"רמת קושי": "בסיסית", "עונה מומלצת": "כל השנה", "אורך המסלול": "2 ק\"מ", "לפי אזור": "דרום,Arava", "משך המסלול": "1-2 שעות", "סוג המסלול": "נגיש,מסלול מעגלי,היסטוריה ואומנות", "טווח מרחקים": "1", "עומס": "עומס קל"}, "fetched_on": "2026-07-27"}}, {"type": "Feature", "geometry": {"type": "Point", "coordinates": [35.23682, 30.77413]}, "properties": {"id": "kkl-65ee9477", "operator": "kkl", "name_he": "ערבה תיכונה: טיול בנחל גדרון", "link": "https://www.kkl.org.il/travel/trips/237/", "info": "", "attrs": {"רמת קושי": "בסיסית", "עונה מומלצת": "אביב,חורף,סתיו", "אורך המסלול": "2 ק\"מ", "לפי אזור": "דרום,Arava", "משך המסלול": "1-2 שעות", "סוג המסלול": "נוף ותצפית,מסלול מעגלי", "טווח מרחקים": "1", "עומס": "עומס קל"}, "fetched_on": "2026-07-27"}}, {"type": "Feature", "geometry": {"type": "Point", "coordinates": [35.19947, 33.07984]}, "properties": {"id": "kkl-84350e7b", "operator": "kkl", "name_he": "פארק אדמית", "link": "https://www.kkl.org.il/travel/trips/adamit_park/", "info": "", "attrs": {"לפי אזור": "צפון"}, "fetched_on": "2026-07-27"}}, {"type": "Feature", "geometry": {"type": "Point", "coordinates": [34.62983, 31.30774]}, "properties": {"id": "kkl-1ba01abd", "operator": "kkl", "name_he": "פארק אופקים", "link": "https://www.kkl.org.il/travel/kkl_jeru/", "info": "", "attrs": {"לפי אזור": "דרום"}, "fetched_on": "2026-07-27"}}, {"type": "Feature", "geometry": {"type": "Point", "coordinates": [34.90456, 32.3703]}, "properties": {"id": "kkl-c335de6f", "operator": "kkl", "name_he": "פארק איטליה - נחל אלכסנדר", "link": "https://www.kkl.org.il/travel/kkl_jeru/", "info": "", "attrs": {"לפי אזור": "מרכז"}, "fetched_on": "2026-07-27"}}, {"type": "Feature", "geometry": {"type": "Point", "coordinates": [34.99362, 31.84179]}, "properties": {"id": "kkl-6503407a", "operator": "kkl", "name_he": "פארק איילון - קנדה", "link": "https://www.kkl.org.il/travel/kkl_jeru/", "info": "", "attrs": {"לפי אזור": "מרכז"}, "fetched_on": "2026-07-27"}}, {"type": "Feature", "geometry": {"type": "Point", "coordinates": [35.11347, 31.72957]}, "properties": {"id": "kkl-859189f5", "operator": "kkl", "name_he": "פארק בגין", "link": "https://www.kkl.org.il/travel/kkl_jeru/", "info": "", "attrs": {"לפי אזור": "מרכז"}, "fetched_on": "2026-07-27"}}, {"type": "Feature", "geometry": {"type": "Point", "coordinates": [35.03047, 31.08167]}, "properties": {"id": "kkl-2a5542d4", "operator": "kkl", "name_he": "פארק בן גוריון", "link": "https://www.kkl.org.il/travel/kkl_jeru/", "info": "", "attrs": {"לפי אזור": "דרום"}, "fetched_on": "2026-07-27"}}, {"type": "Feature", "geometry": {"type": "Point", "coordinates": [34.91104, 31.65905]}, "properties": {"id": "kkl-5327bd05", "operator": "kkl", "name_he": "פארק בריטניה", "link": "https://www.kkl.org.il/travel/kkl_jeru/", "info": "", "attrs": {"לפי אזור": "מרכז"}, "fetched_on": "2026-07-27"}}, {"type": "Feature", "geometry": {"type": "Point", "coordinates": [34.76237, 31.01641]}, "properties": {"id": "kkl-f4d24e38", "operator": "kkl", "name_he": "פארק גולדה", "link": "https://www.kkl.org.il/travel/kkl_gold/", "info": "", "attrs": {"לפי אזור": "דרום"}, "fetched_on": "2026-07-27"}}, {"type": "Feature", "geometry": {"type": "Point", "coordinates": [35.20134, 33.06429]}, "properties": {"id": "kkl-4bcec673", "operator": "kkl", "name_he": "פארק גורן", "link": "https://www.kkl.org.il/travel/trips/313/", "info": "", "attrs": {"רמת קושי": "בסיסית", "עונה מומלצת": "כל השנה", "אורך המסלול": "8 ק\"מ", "לפי אזור": "צפון,גליל מערבי", "משך המסלול": "3-5 שעות", "סוג המסלול": "נגיש,פיקניק,נוף ותצפית", "טווח מרחקים": "1", "עומס": "עומס קל"}, "fetched_on": "2026-07-27"}}, {"type": "Feature", "geometry": {"type": "Point", "coordinates": [35.22827, 33.05387]}, "properties": {"id": "kkl-5c6968d0", "operator": "kkl", "name_he": "פארק גורן", "link": "https://www.kkl.org.il/travel/kkl_jeru/", "info": "", "attrs": {"לפי אזור": "צפון"}, "fetched_on": "2026-07-27"}}, {"type": "Feature", "geometry": {"type": "Point", "coordinates": [34.96042, 29.57271]}, "properties": {"id": "kkl-2af8f047", "operator": "kkl", "name_he": "פארק הולנד באילת", "link": "https://www.kkl.org.il/travel/kkl_zap_holand_e/", "info": "", "attrs": {"לפי אזור": "דרום"}, "fetched_on": "2026-07-27"}}, {"type": "Feature", "geometry": {"type": "Point", "coordinates": [35.63111, 32.91705]}, "properties": {"id": "kkl-c2af726d", "operator": "kkl", "name_he": "פארק הירדן", "link": "https://www.kkl.org.il/travel/kkl_hayar/", "info": "", "attrs": {"לפי אזור": "צפון"}, "fetched_on": "2026-07-27"}}, {"type": "Feature", "geometry": {"type": "Point", "coordinates": [35.44643, 32.50689]}, "properties": {"id": "kkl-904ca469", "operator": "kkl", "name_he": "פארק המעיינות", "link": "https://www.kkl.org.il/travel/trips/211/", "info": "", "attrs": {"רמת קושי": "בסיסית", "עונה מומלצת": "כל השנה", "לפי אזור": "צפון,גליל תחתון", "משך המסלול": "3-5 שעות", "סוג המסלול": "מים ומעיינות", "עומס": "עומס קל"}, "fetched_on": "2026-07-27"}}, {"type": "Feature", "geometry": {"type": "Point", "coordinates": [34.97253, 29.57367]}, "properties": {"id": "kkl-84aea5ad", "operator": "kkl", "name_he": "פארק הצפרות אילת", "link": "https://www.kkl.org.il/travel/kkl_zap_eilat/", "info": "", "attrs": {"לפי אזור": "דרום"}, "fetched_on": "2026-07-27"}}, {"type": "Feature", "geometry": {"type": "Point", "coordinates": [34.97243, 29.57284]}, "properties": {"id": "kkl-d59e84f7", "operator": "kkl", "name_he": "פארק הצפרות באילת", "link": "https://www.kkl.org.il/travel/trips/2889/", "info": "", "attrs": {"עונה מומלצת": "כל השנה", "אורך המסלול": "1 ק\"מ", "לפי אזור": "דרום,אילת", "משך המסלול": "1-2 שעות", "סוג המסלול": "נגיש,צפרות", "טווח מרחקים": "1"}, "fetched_on": "2026-07-27"}}, {"type": "Feature", "geometry": {"type": "Point", "coordinates": [34.94702, 32.53484]}, "properties": {"id": "kkl-9a05fd90", "operator": "kkl", "name_he": "פארק ז'בוטינסקי - שוני", "link": "https://www.kkl.org.il/travel/kkl_jashu/", "info": "", "attrs": {"לפי אזור": "צפון,גליל מערבי,כרמל", "סוג המסלול": "ארכיאולוגיה"}, "fetched_on": "2026-07-27"}}, {"type": "Feature", "geometry": {"type": "Point", "coordinates": [35.17732, 31.74403]}, "properties": {"id": "kkl-86d81c78", "operator": "kkl", "name_he": "פארק ירושלים", "link": "https://www.kkl.org.il/travel/kkl_jeru/", "info": "", "attrs": {"לפי אזור": "מרכז"}, "fetched_on": "2026-07-27"}}, {"type": "Feature", "geometry": {"type": "Point", "coordinates": [34.80821, 31.23635]}, "properties": {"id": "kkl-08a3449d", "operator": "kkl", "name_he": "פארק נחל באר שבע", "link": "https://www.kkl.org.il/travel/kkl_beer7/", "info": "", "attrs": {"לפי אזור": "דרום"}, "fetched_on": "2026-07-27"}}, {"type": "Feature", "geometry": {"type": "Point", "coordinates": [35.40805, 32.6941]}, "properties": {"id": "kkl-e3379b0c", "operator": "kkl", "name_he": "פארק נחל השבעה", "link": "https://www.kkl.org.il/travel/trips/2955/", "info": "", "attrs": {"רמת קושי": "בסיסית", "עונה מומלצת": "אביב,חורף,סתיו", "אורך המסלול": "2 ק\"מ", "לפי אזור": "צפון,גליל תחתון", "משך המסלול": "1-2 שעות", "סוג המסלול": "נגיש,פיקניק,נוף ותצפית", "טווח מרחקים": "1", "עומס": "עומס קל"}, "fetched_on": "2026-07-27"}}, {"type": "Feature", "geometry": {"type": "Point", "coordinates": [35.12226, 32.59798]}, "properties": {"id": "kkl-236f06c0", "operator": "kkl", "name_he": "פארק נחל השופט", "link": "https://www.kkl.org.il/travel/kkl_nahasho/", "info": "", "attrs": {"לפי אזור": "מרכז,שרון", "סוג המסלול": "מצפורים,מסלולי אופניים,מסלולי הליכה"}, "fetched_on": "2026-07-27"}}, {"type": "Feature", "geometry": {"type": "Point", "coordinates": [35.62938, 33.04068]}, "properties": {"id": "kkl-e56cec74", "operator": "kkl", "name_he": "פארק נחלי החולה", "link": "https://www.kkl.org.il/travel/picnic_area_hula_park/", "info": "", "attrs": {"לפי אזור": "צפון", "סוג המסלול": "פיקניק,מים ומעיינות"}, "fetched_on": "2026-07-27"}}, {"type": "Feature", "geometry": {"type": "Point", "coordinates": [34.65088, 31.2796]}, "properties": {"id": "kkl-be08c0ad", "operator": "kkl", "name_he": "פארק סיירת שקד", "link": "https://www.kkl.org.il/travel/trips/2777/", "info": "", "attrs": {"רמת קושי": "בסיסית", "עונה מומלצת": "אביב,חורף,סתיו", "אורך המסלול": "2 ק\"מ", "לפי אזור": "דרום,נגב מערבי", "משך המסלול": "1-2 שעות", "סוג המסלול": "נוף ותצפית,היסטוריה ואומנות"}, "fetched_on": "2026-07-27"}}, {"type": "Feature", "geometry": {"type": "Point", "coordinates": [35.19174, 30.61653]}, "properties": {"id": "kkl-dbdfe7cf", "operator": "kkl", "name_he": "פארק ספיר: ביקור במיצג חיים במדבר", "link": "https://www.kkl.org.il/travel/trips/294/", "info": "", "attrs": {"רמת קושי": "בסיסית", "עונה מומלצת": "כל השנה", "אורך המסלול": "2 ק\"מ", "לפי אזור": "דרום,Arava", "משך המסלול": "1-2 שעות", "סוג המסלול": "פיקניק,מים ומעיינות,מסלול מעגלי,היסטוריה ואומנות", "טווח מרחקים": "1", "עומס": "עומס קל"}, "fetched_on": "2026-07-27"}}, {"type": "Feature", "geometry": {"type": "Point", "coordinates": [34.96082, 31.64536]}, "properties": {"id": "kkl-4cd53bbb", "operator": "kkl", "name_he": "פארק עדולם - צרפת", "link": "https://www.kkl.org.il/travel/kkl_adolam_fr/", "info": "", "attrs": {"לפי אזור": "מרכז", "סוג המסלול": "מסלולי אופניים,ארכיאולוגיה,מסלולי הליכה"}, "fetched_on": "2026-07-27"}}, {"type": "Feature", "geometry": {"type": "Point", "coordinates": [35.73305, 33.13976]}, "properties": {"id": "kkl-8ddd73f2", "operator": "kkl", "name_he": "פארק עורבים", "link": "https://www.kkl.org.il/travel/kkl_p_orvim/", "info": "", "attrs": {"עונה מומלצת": "כל השנה", "לפי אזור": "צפון,גליל עליון,הגולן", "סוג המסלול": "היסטוריה ואומנות"}, "fetched_on": "2026-07-27"}}, {"type": "Feature", "geometry": {"type": "Point", "coordinates": [35.49915, 32.97285]}, "properties": {"id": "kkl-426cf17a", "operator": "kkl", "name_he": "פארק עמק התכלת", "link": "https://www.kkl.org.il/travel/kkl_emekha/", "info": "", "attrs": {"לפי אזור": "צפון,הגולן", "סוג המסלול": "מצפורים,מסלולי הליכה"}, "fetched_on": "2026-07-27"}}, {"type": "Feature", "geometry": {"type": "Point", "coordinates": [35.06276, 31.71382]}, "properties": {"id": "kkl-7f24c75c", "operator": "kkl", "name_he": "פארק עצמאות ארצות הברית", "link": "https://www.kkl.org.il/travel/kkl_parkusa/", "info": "", "attrs": {"לפי אזור": "מרכז", "סוג המסלול": "מצפורים,ארכיאולוגיה,מסלולי הליכה"}, "fetched_on": "2026-07-27"}}, {"type": "Feature", "geometry": {"type": "Point", "coordinates": [35.03052, 32.76848]}, "properties": {"id": "kkl-26d00743", "operator": "kkl", "name_he": "פארק קק\"ל בנשר", "link": "https://www.kkl.org.il/travel/trips/29487/", "info": "", "attrs": {"רמת קושי": "בסיסית", "עונה מומלצת": "כל השנה", "אורך המסלול": "2 ק\"מ", "לפי אזור": "צפון,Carmel_Menashe", "משך המסלול": "1-2 שעות", "סוג המסלול": "נוף ותצפית,מסלול מעגלי,חלק משביל ישראל", "טווח מרחקים": "1", "עומס": "עומס כבד"}, "fetched_on": "2026-07-27"}}, {"type": "Feature", "geometry": {"type": "Point", "coordinates": [34.80663, 32.10082]}, "properties": {"id": "kkl-8cbdc9d0", "operator": "kkl", "name_he": "פארק ראש ציפור", "link": "https://www.kkl.org.il/travel/kkl_tsipor/", "info": "", "attrs": {"לפי אזור": "מרכז", "סוג המסלול": "מצפורים"}, "fetched_on": "2026-07-27"}}, {"type": "Feature", "geometry": {"type": "Point", "coordinates": [35.0248, 31.79474]}, "properties": {"id": "kkl-7eacdfde", "operator": "kkl", "name_he": "פארק רבין", "link": "https://www.kkl.org.il/travel/kkl_parkrabin/", "info": "", "attrs": {"לפי אזור": "מרכז,ירושלים", "סוג המסלול": "מצפורים,ארכיאולוגיה"}, "fetched_on": "2026-07-27"}}, {"type": "Feature", "geometry": {"type": "Point", "coordinates": [35.12226, 32.59798]}, "properties": {"id": "kkl-dc77234f", "operator": "kkl", "name_he": "פארק רמת מנשה", "link": "https://www.kkl.org.il/travel/kkl_ramatmena/", "info": "", "attrs": {"לפי אזור": "מרכז,שרון", "סוג המסלול": "מסלולי אופניים"}, "fetched_on": "2026-07-27"}}, {"type": "Feature", "geometry": {"type": "Point", "coordinates": [34.61295, 31.37725]}, "properties": {"id": "kkl-413c8c31", "operator": "kkl", "name_he": "פארק שרשרת נחל גרר", "link": "https://www.kkl.org.il/travel/kkl_shar_grar/", "info": "", "attrs": {"לפי אזור": "דרום", "סוג המסלול": "מסלולי אופניים"}, "fetched_on": "2026-07-27"}}, {"type": "Feature", "geometry": {"type": "Point", "coordinates": [35.00317, 29.78833]}, "properties": {"id": "kkl-f23c1beb", "operator": "kkl", "name_he": "פארק תמנע", "link": "https://www.kkl.org.il/travel/kkl_tim/", "info": "", "attrs": {"לפי אזור": "דרום", "סוג המסלול": "מסלולי אופניים,מסלולי הליכה"}, "fetched_on": "2026-07-27"}}, {"type": "Feature", "geometry": {"type": "Point", "coordinates": [35.1022, 32.71434]}, "properties": {"id": "kkl-79003658", "operator": "kkl", "name_he": "פארקים בנחל קישון", "link": "https://www.kkl.org.il/travel/trips/81/", "info": "", "attrs": {"רמת קושי": "בסיסית", "עונה מומלצת": "כל השנה", "אורך המסלול": "5 ק\"מ", "לפי אזור": "צפון,עמק יזרעאל", "משך המסלול": "3-5 שעות", "סוג המסלול": "פיקניק,מים ומעיינות,היסטוריה ואומנות", "עומס": "עומס בינוני"}, "fetched_on": "2026-07-27"}}, {"type": "Feature", "geometry": {"type": "Point", "coordinates": [35.48372, 32.98945]}, "properties": {"id": "kkl-a154ef17", "operator": "kkl", "name_he": "פינות חמד ביער ביריה", "link": "https://www.kkl.org.il/travel/trips/165/", "info": "", "attrs": {"רמת קושי": "בסיסית", "עונה מומלצת": "כל השנה", "אורך המסלול": "6 ק\"מ", "לפי אזור": "צפון,גליל עליון", "משך המסלול": "3-5 שעות", "סוג המסלול": "נגיש,פיקניק,נוף ותצפית", "טווח מרחקים": "1", "עומס": "עומס קל"}, "fetched_on": "2026-07-27"}}, {"type": "Feature", "geometry": {"type": "Point", "coordinates": [34.82701, 31.37465]}, "properties": {"id": "kkl-9f5074d8", "operator": "kkl", "name_he": "פריחת החלמוניות ביער להב", "link": "https://www.kkl.org.il/travel/trips/222/", "info": "", "attrs": {"רמת קושי": "בסיסית", "עונה מומלצת": "סתיו", "לפי אזור": "דרום,נגב צפוני", "משך המסלול": "1-2 שעות", "סוג המסלול": "פיקניק,פריחה", "עומס": "עומס בינוני"}, "fetched_on": "2026-07-27"}}, {"type": "Feature", "geometry": {"type": "Point", "coordinates": [35.5195, 32.50961]}, "properties": {"id": "kkl-c71faa6b", "operator": "kkl", "name_he": "קניון הבזלת", "link": "https://www.kkl.org.il/travel/trips/2866/", "info": "", "attrs": {"רמת קושי": "בסיסית", "עונה מומלצת": "כל השנה", "אורך המסלול": "1 ק\"מ", "לפי אזור": "צפון,Beit_Shean_Valley", "משך המסלול": "1-2 שעות", "סוג המסלול": "נגיש,פיקניק,מים ומעיינות,נוף ותצפית,מסלול מעגלי", "טווח מרחקים": "1", "עומס": "עומס קל"}, "fetched_on": "2026-07-27"}}, {"type": "Feature", "geometry": {"type": "Point", "coordinates": [35.59748, 33.10896]}, "properties": {"id": "kkl-cf7eea32", "operator": "kkl", "name_he": "קצת היסטוריה", "link": "https://www.kkl.org.il/travel/trips/316/", "info": "", "attrs": {"רמת קושי": "בסיסית", "עונה מומלצת": "כל השנה", "אורך המסלול": "1 ק\"מ", "לפי אזור": "צפון,גליל עליון", "משך המסלול": "1-2 שעות", "סוג המסלול": "נגיש,פיקניק,מים ומעיינות,מסלול מעגלי,פריחה", "טווח מרחקים": "1", "עומס": "עומס בינוני"}, "fetched_on": "2026-07-27"}}, {"type": "Feature", "geometry": {"type": "Point", "coordinates": [35.13532, 32.7068]}, "properties": {"id": "kkl-5ae1be40", "operator": "kkl", "name_he": "קריית טבעון: טיול לחורשת השומרים", "link": "https://www.kkl.org.il/travel/trips/193/", "info": "", "attrs": {"רמת קושי": "בסיסית", "עונה מומלצת": "כל השנה", "אורך המסלול": "2 ק\"מ", "לפי אזור": "צפון", "משך המסלול": "1-2 שעות", "סוג המסלול": "נוף ותצפית,מסלול מעגלי,היסטוריה ואומנות", "טווח מרחקים": "1", "עומס": "עומס קל"}, "fetched_on": "2026-07-27"}}, {"type": "Feature", "geometry": {"type": "Point", "coordinates": [35.56329, 33.09092]}, "properties": {"id": "kkl-af47f8a5", "operator": "kkl", "name_he": "קרן נפתלי", "link": "https://www.kkl.org.il/travel/?catid=a15136b3-c0f4-4ff4-be65-7c44c442bc25&itemid=af47f8a5-3910-4e0a-ae43-572f70a6638b", "info": "", "attrs": {"לפי אזור": "צפון"}, "fetched_on": "2026-07-27"}}, {"type": "Feature", "geometry": {"type": "Point", "coordinates": [35.55185, 33.19535]}, "properties": {"id": "kkl-b8b5b523", "operator": "kkl", "name_he": "רכס הרי נפתלי", "link": "https://www.kkl.org.il/travel/kkl_nafta/", "info": "", "attrs": {"לפי אזור": "צפון,הגולן", "סוג המסלול": "מצפורים,מסלולי אופניים,ארכיאולוגיה,מסלולי הליכה"}, "fetched_on": "2026-07-27"}}, {"type": "Feature", "geometry": {"type": "Point", "coordinates": [34.88683, 30.97252]}, "properties": {"id": "kkl-36d9ee7d", "operator": "kkl", "name_he": "רכס ירוחם ופארק יצחק נבון ירוחם", "link": "https://www.kkl.org.il/travel/trips/2076/", "info": "", "attrs": {"רמת קושי": "גבוהה", "עונה מומלצת": "אביב,חורף,סתיו", "לפי אזור": "דרום,נגב צפוני", "משך המסלול": "3-5 שעות", "סוג המסלול": "פיקניק,מים ומעיינות,נוף ותצפית,פריחה", "עומס": "עומס קל"}, "fetched_on": "2026-07-27"}}, {"type": "Feature", "geometry": {"type": "Point", "coordinates": [35.00637, 32.23168]}, "properties": {"id": "kkl-fcf466ce", "operator": "kkl", "name_he": "שביל האלונים בכוכב יאיר", "link": "https://www.kkl.org.il/travel/trips/261176/", "info": "", "attrs": {"רמת קושי": "בסיסית", "עונה מומלצת": "כל השנה", "אורך המסלול": "1.2 ק\"מ", "לפי אזור": "מרכז,שרון", "משך המסלול": "1-2 שעות", "סוג המסלול": "מסלול מעגלי,פריחה,היסטוריה ואומנות", "עומס": "עומס קל"}, "fetched_on": "2026-07-27"}}, {"type": "Feature", "geometry": {"type": "Point", "coordinates": [35.14876, 32.75818]}, "properties": {"id": "kkl-5bc2dc5c", "operator": "kkl", "name_he": "שביל אוהד – סובב נופית", "link": "https://www.kkl.org.il/travel/trips/261/", "info": "", "attrs": {"רמת קושי": "בסיסית", "עונה מומלצת": "כל השנה", "לפי אזור": "צפון,גליל תחתון", "משך המסלול": "1-2 שעות", "סוג המסלול": "נוף ותצפית", "עומס": "עומס קל"}, "fetched_on": "2026-07-27"}}, {"type": "Feature", "geometry": {"type": "Point", "coordinates": [34.97762, 31.7781]}, "properties": {"id": "kkl-96a7cb5c", "operator": "kkl", "name_he": "שביל אחרית דבר", "link": "https://www.kkl.org.il/travel/?catid=a15136b3-c0f4-4ff4-be65-7c44c442bc25&itemid=96a7cb5c-ac9b-46de-982e-5fba6084b15f", "info": "", "attrs": {"לפי אזור": "מרכז"}, "fetched_on": "2026-07-27"}}, {"type": "Feature", "geometry": {"type": "Point", "coordinates": [34.89975, 32.2933]}, "properties": {"id": "kkl-e39fabbf", "operator": "kkl", "name_he": "שביל האירוסים ביער אילנות", "link": "https://www.kkl.org.il/travel/trips/2149/", "info": "", "attrs": {"רמת קושי": "בסיסית", "עונה מומלצת": "חורף", "אורך המסלול": "3 ק\"מ", "לפי אזור": "מרכז,שרון", "משך המסלול": "1-2 שעות", "סוג המסלול": "פיקניק,מסלול מעגלי,פריחה", "טווח מרחקים": "1", "עומס": "עומס קל"}, "fetched_on": "2026-07-27"}}, {"type": "Feature", "geometry": {"type": "Point", "coordinates": [35.18319, 31.78369]}, "properties": {"id": "kkl-68340d70", "operator": "kkl", "name_he": "שביל הארז - טיול טבע ונוף ביער ירושלים", "link": "https://www.kkl.org.il/travel/trips/2709/", "info": "", "attrs": {"רמת קושי": "בינונית", "עונה מומלצת": "כל השנה", "אורך המסלול": "4 ק\"מ", "לפי אזור": "מרכז,ירושלים", "משך המסלול": "1-2 שעות", "סוג המסלול": "פיקניק,נוף ותצפית,מסלול מעגלי", "טווח מרחקים": "1", "עומס": "עומס קל"}, "fetched_on": "2026-07-27"}}, {"type": "Feature", "geometry": {"type": "Point", "coordinates": [35.14662, 31.79494]}, "properties": {"id": "kkl-2a8b8a0a", "operator": "kkl", "name_he": "שביל הבעל בסטף", "link": "https://www.kkl.org.il/travel/trips/82/", "info": "", "attrs": {"רמת קושי": "בסיסית", "עונה מומלצת": "כל השנה", "אורך המסלול": "3 ק\"מ", "לפי אזור": "מרכז,ירושלים", "סוג המסלול": "פיקניק,מים ומעיינות,נוף ותצפית,מסלול מעגלי,חלק משביל ישראל", "טווח מרחקים": "1", "עומס": "עומס קל"}, "fetched_on": "2026-07-27"}}, {"type": "Feature", "geometry": {"type": "Point", "coordinates": [34.97529, 32.65236]}, "properties": {"id": "kkl-90c515da", "operator": "kkl", "name_he": "שביל הבריחה", "link": "https://www.kkl.org.il/travel/trips/2823/", "info": "", "attrs": {"רמת קושי": "בסיסית", "עונה מומלצת": "כל השנה", "אורך המסלול": "1.5 ק\"מ", "לפי אזור": "צפון,כרמל", "משך המסלול": "1-2 שעות", "סוג המסלול": "פיקניק,נוף ותצפית,מסלול מעגלי,היסטוריה ואומנות,חלק משביל ישראל", "טווח מרחקים": "1", "עומס": "עומס קל"}, "fetched_on": "2026-07-27"}}, {"type": "Feature", "geometry": {"type": "Point", "coordinates": [35.66879, 32.75963]}, "properties": {"id": "kkl-4f3a6c8b", "operator": "kkl", "name_he": "שביל הגולן: מאמפי גולן למבוא חמה (קטע 14)", "link": "https://www.kkl.org.il/travel/trips/2027/", "info": "", "attrs": {"רמת קושי": "בינונית", "עונה מומלצת": "אביב,חורף,סתיו", "לפי אזור": "צפון,הגולן", "משך המסלול": "3-5 שעות", "סוג המסלול": "נוף ותצפית", "עומס": "עומס קל"}, "fetched_on": "2026-07-27"}}, {"type": "Feature", "geometry": {"type": "Point", "coordinates": [35.66879, 32.75963]}, "properties": {"id": "kkl-c47e49c7", "operator": "kkl", "name_he": "שביל הגולן: מחניון אמפי גולן לחניון גבעת יואב", "link": "https://www.kkl.org.il/travel/trips/1744/", "info": "", "attrs": {"רמת קושי": "בינונית", "עונה מומלצת": "כל השנה", "אורך המסלול": "6 ק\"מ", "לפי אזור": "צפון,הגולן", "משך המסלול": "3-5 שעות", "סוג המסלול": "נוף ותצפית", "טווח מרחקים": "1", "עומס": "עומס קל"}, "fetched_on": "2026-07-27"}}, {"type": "Feature", "geometry": {"type": "Point", "coordinates": [35.77094, 32.89562]}, "properties": {"id": "kkl-87c9a47e", "operator": "kkl", "name_he": "שביל הגולן: מחניון דליות לאום אל-דנאניר", "link": "https://www.kkl.org.il/travel/trips/1673/", "info": "", "attrs": {"רמת קושי": "בינונית", "עונה מומלצת": "אביב,חורף,סתיו", "אורך המסלול": "10 ק\"מ", "לפי אזור": "צפון,הגולן", "משך המסלול": "3-5 שעות", "סוג המסלול": "נוף ותצפית", "טווח מרחקים": "10", "עומס": "עומס קל"}, "fetched_on": "2026-07-27"}}, {"type": "Feature", "geometry": {"type": "Point", "coordinates": [35.77095, 32.89564]}, "properties": {"id": "kkl-ccf488d7", "operator": "kkl", "name_he": "שביל הגולן: מחניון דליות לקשתות רחבעם", "link": "https://www.kkl.org.il/travel/trips/2086/", "info": "", "attrs": {"רמת קושי": "גבוהה", "עונה מומלצת": "אביב,חורף,סתיו", "אורך המסלול": "11 ק\"מ", "לפי אזור": "צפון,הגולן", "משך המסלול": "6 שעות ומעלה", "סוג המסלול": "מים ומעיינות,היסטוריה ואומנות", "טווח מרחקים": "10", "עומס": "עומס קל"}, "fetched_on": "2026-07-27"}}, {"type": "Feature", "geometry": {"type": "Point", "coordinates": [35.77155, 33.08105]}, "properties": {"id": "kkl-967f3a0e", "operator": "kkl", "name_he": "שביל הגולן: מחניון עין זיוון לבאב אל-הווא", "link": "https://www.kkl.org.il/travel/trips/1689/", "info": "", "attrs": {"רמת קושי": "גבוהה", "עונה מומלצת": "כל השנה", "אורך המסלול": "10 ק\"מ", "לפי אזור": "צפון,הגולן", "משך המסלול": "3-5 שעות", "סוג המסלול": "פיקניק,נוף ותצפית", "טווח מרחקים": "10", "עומס": "עומס קל"}, "fetched_on": "2026-07-27"}}, {"type": "Feature", "geometry": {"type": "Point", "coordinates": [35.65913, 32.68659]}, "properties": {"id": "kkl-51beda16", "operator": "kkl", "name_he": "שביל הגולן: מחניון עין עקוב למבוא חמה (קטע 15)", "link": "https://www.kkl.org.il/travel/trips/2914/", "info": "", "attrs": {"רמת קושי": "בינונית", "עונה מומלצת": "כל השנה", "אורך המסלול": "6 ק\"מ", "לפי אזור": "צפון,הגולן", "משך המסלול": "3-5 שעות", "סוג המסלול": "נוף ותצפית", "טווח מרחקים": "1", "עומס": "עומס קל"}, "fetched_on": "2026-07-27"}}, {"type": "Feature", "geometry": {"type": "Point", "coordinates": [34.86333, 31.3794]}, "properties": {"id": "kkl-f7140ba0", "operator": "kkl", "name_he": "שביל הזהב ביער להב", "link": "https://www.kkl.org.il/travel/trips/2862/", "info": "", "attrs": {"רמת קושי": "בסיסית", "עונה מומלצת": "כל השנה", "אורך המסלול": "1 ק\"מ", "לפי אזור": "דרום,שפלת יהודה,נגב צפוני", "משך המסלול": "1-2 שעות", "סוג המסלול": "פיקניק,נוף ותצפית,מסלול מעגלי,היסטוריה ואומנות", "טווח מרחקים": "1", "עומס": "עומס קל"}, "fetched_on": "2026-07-27"}}, {"type": "Feature", "geometry": {"type": "Point", "coordinates": [35.56314, 33.10672]}, "properties": {"id": "kkl-517992f1", "operator": "kkl", "name_he": "שביל החידות ומצפה רן", "link": "https://www.kkl.org.il/travel/trips/2923/", "info": "", "attrs": {"רמת קושי": "בסיסית", "עונה מומלצת": "כל השנה", "אורך המסלול": "1 ק\"מ", "לפי אזור": "צפון,גליל עליון", "משך המסלול": "1-2 שעות", "סוג המסלול": "נוף ותצפית,היסטוריה ואומנות", "טווח מרחקים": "1", "עומס": "עומס קל"}, "fetched_on": "2026-07-27"}}, {"type": "Feature", "geometry": {"type": "Point", "coordinates": [35.38425, 32.68428]}, "properties": {"id": "kkl-31b0fa43", "operator": "kkl", "name_he": "שביל החלמוניות בהר תבור", "link": "https://www.kkl.org.il/travel/trips/2872/", "info": "", "attrs": {"רמת קושי": "בסיסית", "עונה מומלצת": "סתיו", "אורך המסלול": "2 ק\"מ", "לפי אזור": "צפון,גליל תחתון", "משך המסלול": "1-2 שעות", "סוג המסלול": "נוף ותצפית,פריחה", "טווח מרחקים": "1", "עומס": "עומס קל"}, "fetched_on": "2026-07-27"}}, {"type": "Feature", "geometry": {"type": "Point", "coordinates": [35.4993, 32.99664]}, "properties": {"id": "kkl-c76d34bf", "operator": "kkl", "name_he": "שביל החלמוניות ביער ביריה", "link": "https://www.kkl.org.il/travel/trips/2869/", "info": "", "attrs": {"רמת קושי": "בסיסית", "עונה מומלצת": "סתיו", "אורך המסלול": "1 ק\"מ", "לפי אזור": "צפון,גליל עליון", "משך המסלול": "1-2 שעות", "סוג המסלול": "פיקניק,פריחה", "טווח מרחקים": "1", "עומס": "עומס קל"}, "fetched_on": "2026-07-27"}}, {"type": "Feature", "geometry": {"type": "Point", "coordinates": [35.41021, 32.72128]}, "properties": {"id": "kkl-687e1896", "operator": "kkl", "name_he": "שביל הטרשונים ביער בית קשת", "link": "https://www.kkl.org.il/travel/trips/2902/", "info": "", "attrs": {"עונה מומלצת": "אביב,חורף,סתיו", "אורך המסלול": "1 ק\"מ", "לפי אזור": "צפון,גליל תחתון", "משך המסלול": "1-2 שעות", "סוג המסלול": "פיקניק,נוף ותצפית,פריחה", "טווח מרחקים": "1", "עומס": "עומס קל"}, "fetched_on": "2026-07-27"}}, {"type": "Feature", "geometry": {"type": "Point", "coordinates": [34.96375, 32.63661]}, "properties": {"id": "kkl-120ac64b", "operator": "kkl", "name_he": "שביל היער הקסום ביער חוף הכרמל", "link": "https://www.kkl.org.il/travel/trips/2956/", "info": "", "attrs": {"רמת קושי": "בסיסית", "עונה מומלצת": "כל השנה", "אורך המסלול": "2 ק\"מ", "לפי אזור": "צפון,Carmel_Menashe", "משך המסלול": "1-2 שעות", "סוג המסלול": "פיקניק,פריחה", "טווח מרחקים": "1", "עומס": "עומס קל"}, "fetched_on": "2026-07-27"}}, {"type": "Feature", "geometry": {"type": "Point", "coordinates": [34.68877, 31.6486]}, "properties": {"id": "kkl-f4e4c9c5", "operator": "kkl", "name_he": "שביל הכפר ביער קוממיות", "link": "https://www.kkl.org.il/travel/trips/2066/", "info": "", "attrs": {"רמת קושי": "בסיסית", "עונה מומלצת": "אביב,חורף,סתיו", "לפי אזור": "דרום,מישור החוף הדרומי", "משך המסלול": "1-2 שעות", "סוג המסלול": "מסלול מעגלי,היסטוריה ואומנות", "עומס": "עומס קל"}, "fetched_on": "2026-07-27"}}, {"type": "Feature", "geometry": {"type": "Point", "coordinates": [34.84854, 31.56537]}, "properties": {"id": "kkl-5e337cfa", "operator": "kkl", "name_he": "שביל המורשת במושב לכיש", "link": "https://www.kkl.org.il/travel/trips/2830/", "info": "", "attrs": {"רמת קושי": "בסיסית", "עונה מומלצת": "כל השנה", "אורך המסלול": "1 ק\"מ", "לפי אזור": "נגב צפוני", "משך המסלול": "1-2 שעות", "סוג המסלול": "מסלול מעגלי,היסטוריה ואומנות", "טווח מרחקים": "1", "עומס": "עומס קל"}, "fetched_on": "2026-07-27"}}, {"type": "Feature", "geometry": {"type": "Point", "coordinates": [35.09508, 31.77851]}, "properties": {"id": "kkl-0daa54f1", "operator": "kkl", "name_he": "שביל המטוס סובב איתנים", "link": "https://www.kkl.org.il/travel/trips/2373/", "info": "", "attrs": {"רמת קושי": "בסיסית", "עונה מומלצת": "כל השנה", "אורך המסלול": "1.6 ק\"מ", "לפי אזור": "מרכז,שפלת יהודה", "משך המסלול": "1-2 שעות", "סוג המסלול": "נוף ותצפית,מסלול מעגלי", "טווח מרחקים": "1", "עומס": "עומס קל"}, "fetched_on": "2026-07-27"}}, {"type": "Feature", "geometry": {"type": "Point", "coordinates": [35.13292, 31.74831]}, "properties": {"id": "kkl-8577ef69", "operator": "kkl", "name_he": "שביל המעיינות ביער עמינדב", "link": "https://www.kkl.org.il/travel/trips/132/", "info": "", "attrs": {"רמת קושי": "גבוהה", "עונה מומלצת": "כל השנה", "אורך המסלול": "3 ק\"מ", "לפי אזור": "מרכז,ירושלים", "משך המסלול": "3-5 שעות", "סוג המסלול": "מים ומעיינות,נוף ותצפית", "טווח מרחקים": "1", "עומס": "עומס קל"}, "fetched_on": "2026-07-27"}}, {"type": "Feature", "geometry": {"type": "Point", "coordinates": [35.06437, 32.63926]}, "properties": {"id": "kkl-5e2f7484", "operator": "kkl", "name_he": "שביל המערות ביער קרן הכרמל", "link": "https://www.kkl.org.il/travel/trips/2910/", "info": "", "attrs": {"עונה מומלצת": "אביב,חורף,סתיו", "לפי אזור": "צפון,כרמל", "משך המסלול": "1-2 שעות", "סוג המסלול": "פיקניק,נוף ותצפית,פריחה", "עומס": "עומס קל"}, "fetched_on": "2026-07-27"}}, {"type": "Feature", "geometry": {"type": "Point", "coordinates": [35.38987, 32.68733]}, "properties": {"id": "kkl-2f97c6a5", "operator": "kkl", "name_he": "שביל הפסגה בהר תבור", "link": "https://www.kkl.org.il/travel/trips/138/", "info": "", "attrs": {"רמת קושי": "בסיסית", "עונה מומלצת": "כל השנה", "אורך המסלול": "2 ק\"מ", "לפי אזור": "צפון,גליל תחתון", "משך המסלול": "1-2 שעות", "סוג המסלול": "נוף ותצפית,היסטוריה ואומנות,חלק משביל ישראל", "טווח מרחקים": "1", "עומס": "עומס קל"}, "fetched_on": "2026-07-27"}}, {"type": "Feature", "geometry": {"type": "Point", "coordinates": [35.15945, 33.08071]}, "properties": {"id": "kkl-4bad85c0", "operator": "kkl", "name_he": "שביל הצניר ביער חניתה", "link": "https://www.kkl.org.il/travel/trips/2619/", "info": "", "attrs": {"עונה מומלצת": "כל השנה", "אורך המסלול": "2 ק\"מ", "לפי אזור": "צפון,גליל מערבי", "משך המסלול": "1-2 שעות", "סוג המסלול": "נוף ותצפית,מסלול מעגלי,פריחה", "טווח מרחקים": "1", "עומס": "עומס קל"}, "fetched_on": "2026-07-27"}}, {"type": "Feature", "geometry": {"type": "Point", "coordinates": [35.04692, 31.71186]}, "properties": {"id": "kkl-916720c3", "operator": "kkl", "name_he": "שביל הקיסר", "link": "https://www.kkl.org.il/travel/trips/2251/", "info": "", "attrs": {"רמת קושי": "גבוהה", "עונה מומלצת": "כל השנה", "אורך המסלול": "2 ק\"מ", "לפי אזור": "מרכז,ירושלים", "משך המסלול": "1-2 שעות", "סוג המסלול": "פריחה,היסטוריה ואומנות,חלק משביל ישראל", "טווח מרחקים": "1", "עומס": "עומס קל"}, "fetched_on": "2026-07-27"}}, {"type": "Feature", "geometry": {"type": "Point", "coordinates": [35.21221, 31.81837]}, "properties": {"id": "kkl-0ff24a91", "operator": "kkl", "name_he": "שביל התאומים: מיער קהילתי רמות לאנדרטת ה־11 בספטמבר", "link": "https://www.kkl.org.il/travel/trips/22511/", "info": "", "attrs": {"רמת קושי": "בינונית", "עונה מומלצת": "כל השנה", "אורך המסלול": "4 ק\"מ", "לפי אזור": "מרכז", "סוג המסלול": "פיקניק,נוף ותצפית,ארכיאולוגיה"}, "fetched_on": "2026-07-27"}}, {"type": "Feature", "geometry": {"type": "Point", "coordinates": [35.04619, 32.47356]}, "properties": {"id": "kkl-0ff559b4", "operator": "kkl", "name_he": "שביל ח'ירבת עבאס ביער עירון", "link": "https://www.kkl.org.il/travel/trips/khirbat_abbas_trail_in_iron_forest/", "info": "", "attrs": {"רמת קושי": "בינונית", "עונה מומלצת": "כל השנה", "אורך המסלול": "5.5 ק\"מ", "לפי אזור": "מרכז,שרון", "משך המסלול": "2-3שעות", "סוג המסלול": "פיקניק,נוף ותצפית,פריחה"}, "fetched_on": "2026-07-27"}}, {"type": "Feature", "geometry": {"type": "Point", "coordinates": [35.19773, 32.67865]}, "properties": {"id": "kkl-362f850f", "operator": "kkl", "name_he": "שביל יזרעאל-קק\"ל", "link": "https://www.kkl.org.il/travel/trips/2753/", "info": "", "attrs": {"רמת קושי": "בינונית", "עונה מומלצת": "כל השנה", "לפי אזור": "צפון,עמק יזרעאל", "משך המסלול": "3-5 שעות", "סוג המסלול": "נוף ותצפית,היסטוריה ואומנות", "עומס": "עומס קל"}, "fetched_on": "2026-07-27"}}, {"type": "Feature", "geometry": {"type": "Point", "coordinates": [35.09691, 32.61874]}, "properties": {"id": "kkl-12253ad2", "operator": "kkl", "name_he": "שביל מגידו מקטע 1: תצפית אוכברג – גלעד", "link": "https://www.kkl.org.il/travel/trips/282026/", "info": "", "attrs": {"רמת קושי": "בינונית", "עונה מומלצת": "כל השנה", "אורך המסלול": "20 ק\"מ", "לפי אזור": "מרכז,גלבוע", "סוג המסלול": "מים ומעיינות,פריחה,מסלול מעגלי,היסטוריה ואומנות,נוף ותצפית"}, "fetched_on": "2026-07-27"}}, {"type": "Feature", "geometry": {"type": "Point", "coordinates": [35.07542, 32.5583]}, "properties": {"id": "kkl-4773dc4d", "operator": "kkl", "name_he": "שביל מגידו מקטע 2: קיבוץ גלעד – צומת מגידו", "link": "https://www.kkl.org.il/travel/trips/282027/", "info": "", "attrs": {"רמת קושי": "בינונית", "עונה מומלצת": "כל השנה", "אורך המסלול": "18 ק\"מ", "לפי אזור": "מרכז,גלבוע", "סוג המסלול": "מים ומעיינות,פריחה,מסלול מעגלי,היסטוריה ואומנות,נוף ותצפית"}, "fetched_on": "2026-07-27"}}, {"type": "Feature", "geometry": {"type": "Point", "coordinates": [35.19225, 32.57229]}, "properties": {"id": "kkl-cdb8b173", "operator": "kkl", "name_he": "שביל מגידו מקטע 3: צומת מגידו – ג'וערה", "link": "https://www.kkl.org.il/travel/trips/282028/", "info": "", "attrs": {"רמת קושי": "בינונית", "עונה מומלצת": "כל השנה", "אורך המסלול": "16 ק\"מ", "לפי אזור": "מרכז,גלבוע", "סוג המסלול": "מים ומעיינות,פריחה,מסלול מעגלי,היסטוריה ואומנות,נוף ותצפית"}, "fetched_on": "2026-07-27"}}, {"type": "Feature", "geometry": {"type": "Point", "coordinates": [35.10092, 32.59362]}, "properties": {"id": "kkl-368806de", "operator": "kkl", "name_he": "שביל מגידו מקטע 4: ג'וערה – תצפית אוכברג", "link": "https://www.kkl.org.il/travel/trips/282029/", "info": "", "attrs": {"רמת קושי": "בינונית", "עונה מומלצת": "כל השנה", "אורך המסלול": "17 ק\"מ", "לפי אזור": "מרכז,גלבוע", "סוג המסלול": "מים ומעיינות,פריחה,מסלול מעגלי,היסטוריה ואומנות,נוף ותצפית"}, "fetched_on": "2026-07-27"}}, {"type": "Feature", "geometry": {"type": "Point", "coordinates": [35.12126, 31.81303]}, "properties": {"id": "kkl-49765a12", "operator": "kkl", "name_he": "שביל מורשת קריית ענבים", "link": "https://www.kkl.org.il/travel/trips/282059/", "info": "", "attrs": {"רמת קושי": "בינונית", "עונה מומלצת": "כל השנה", "אורך המסלול": "4 ק\"מ", "לפי אזור": "מרכז,ירושלים", "סוג המסלול": "נוף ותצפית,מסלול מעגלי,פריחה,היסטוריה ואומנות"}, "fetched_on": "2026-07-27"}}, {"type": "Feature", "geometry": {"type": "Point", "coordinates": [35.34996, 32.64501]}, "properties": {"id": "kkl-e984ac8d", "operator": "kkl", "name_he": "שביל נגיש ביער גבעת המורה", "link": "https://www.kkl.org.il/travel/trips/accessible_hiking_trails/accessible_hiking_trails_north/givaat_hamore/", "info": "", "attrs": {"רמת קושי": "בסיסית", "עונה מומלצת": "כל השנה", "אורך המסלול": "1-2 ק\"מ", "לפי אזור": "צפון,עמק יזרעאל,גלבוע", "משך המסלול": "עצמאי", "סוג המסלול": "נגיש,פיקניק,נוף ותצפית,פריחה", "עומס": "עומס קל"}, "fetched_on": "2026-07-27"}}, {"type": "Feature", "geometry": {"type": "Point", "coordinates": [35.07021, 31.82033]}, "properties": {"id": "kkl-59827764", "operator": "kkl", "name_he": "שביל נוף נחל יתלה", "link": "https://www.kkl.org.il/travel/trips/2825/", "info": "", "attrs": {"רמת קושי": "בסיסית", "עונה מומלצת": "כל השנה", "אורך המסלול": "1.5 ק\"מ", "לפי אזור": "מרכז,ירושלים", "משך המסלול": "1-2 שעות", "סוג המסלול": "פיקניק,נוף ותצפית,מסלול מעגלי,פריחה", "טווח מרחקים": "1", "עומס": "עומס קל"}, "fetched_on": "2026-07-27"}}, {"type": "Feature", "geometry": {"type": "Point", "coordinates": [34.99656, 31.71631]}, "properties": {"id": "kkl-c1ff8766", "operator": "kkl", "name_he": "שביל נופי נחל קטלב", "link": "https://www.kkl.org.il/travel/trips/1898/", "info": "", "attrs": {"רמת קושי": "בסיסית", "עונה מומלצת": "כל השנה", "אורך המסלול": "4 ק\"מ", "לפי אזור": "מרכז,ירושלים", "משך המסלול": "1-2 שעות", "סוג המסלול": "נוף ותצפית,מסלול מעגלי", "טווח מרחקים": "1", "עומס": "עומס קל"}, "fetched_on": "2026-07-27"}}, {"type": "Feature", "geometry": {"type": "Point", "coordinates": [35.10634, 32.86733]}, "properties": {"id": "kkl-1b1058d1", "operator": "kkl", "name_he": "שביל נחל נעמן", "link": "https://www.kkl.org.il/travel/trips/516/", "info": "", "attrs": {"רמת קושי": "בסיסית", "עונה מומלצת": "כל השנה", "אורך המסלול": "2 ק\"מ", "לפי אזור": "צפון,גליל מערבי", "משך המסלול": "1-2 שעות", "סוג המסלול": "פיקניק,מים ומעיינות", "טווח מרחקים": "1", "עומס": "עומס קל"}, "fetched_on": "2026-07-27"}}, {"type": "Feature", "geometry": {"type": "Point", "coordinates": [35.18491, 32.7556]}, "properties": {"id": "kkl-819beba4", "operator": "kkl", "name_he": "שביל נחל ציפורי, חניון הסוללים החדש", "link": "https://www.kkl.org.il/travel/trips/248/", "info": "", "attrs": {"רמת קושי": "בסיסית", "עונה מומלצת": "כל השנה", "אורך המסלול": "2 ק\"מ", "לפי אזור": "צפון,גליל תחתון", "משך המסלול": "1-2 שעות", "סוג המסלול": "נגיש,נוף ותצפית,היסטוריה ואומנות", "טווח מרחקים": "1", "עומס": "עומס כבד"}, "fetched_on": "2026-07-27"}}, {"type": "Feature", "geometry": {"type": "Point", "coordinates": [35.23861, 32.90611]}, "properties": {"id": "kkl-f92f572d", "operator": "kkl", "name_he": "שביל סובב הר גילון", "link": "https://www.kkl.org.il/travel/trips/2174/", "info": "", "attrs": {"רמת קושי": "גבוהה", "עונה מומלצת": "אביב,חורף,סתיו", "אורך המסלול": "13 ק\"מ", "לפי אזור": "צפון,גליל תחתון", "משך המסלול": "6 שעות ומעלה", "סוג המסלול": "נוף ותצפית,מסלול מעגלי", "טווח מרחקים": "10"}, "fetched_on": "2026-07-27"}}, {"type": "Feature", "geometry": {"type": "Point", "coordinates": [35.51467, 32.98971]}, "properties": {"id": "kkl-e05131aa", "operator": "kkl", "name_he": "שביל סובב מישר ביער ביריה", "link": "https://www.kkl.org.il/travel/trips/2933/", "info": "", "attrs": {"רמת קושי": "בסיסית", "עונה מומלצת": "כל השנה", "אורך המסלול": "6 ק\"מ", "לפי אזור": "צפון,גליל עליון", "משך המסלול": "1-2 שעות", "סוג המסלול": "נוף ותצפית,פריחה", "טווח מרחקים": "1", "עומס": "עומס קל"}, "fetched_on": "2026-07-27"}}, {"type": "Feature", "geometry": {"type": "Point", "coordinates": [34.94651, 31.68705]}, "properties": {"id": "kkl-e400e514", "operator": "kkl", "name_he": "שביל סובב מצפה משואה", "link": "https://www.kkl.org.il/travel/trips/2400/", "info": "", "attrs": {"רמת קושי": "בינונית", "עונה מומלצת": "כל השנה", "אורך המסלול": "3 ק\"מ", "לפי אזור": "מרכז,שפלת יהודה", "משך המסלול": "1-2 שעות", "סוג המסלול": "נוף ותצפית,מסלול מעגלי,חלק משביל ישראל", "טווח מרחקים": "1", "עומס": "עומס קל"}, "fetched_on": "2026-07-27"}}, {"type": "Feature", "geometry": {"type": "Point", "coordinates": [35.10392, 32.6296]}, "properties": {"id": "kkl-eb6c666c", "operator": "kkl", "name_he": "שביל סובב נחל השופט", "link": "https://www.kkl.org.il/travel/trips/290971/", "info": "", "attrs": {"רמת קושי": "בינונית", "עונה מומלצת": "אביב,חורף,סתיו", "אורך המסלול": "5 ק\"מ", "לפי אזור": "מרכז,Carmel_Menashe", "משך המסלול": "3-4 שעות", "סוג המסלול": "מים ומעיינות,מסלול מעגלי,פריחה,היסטוריה ואומנות", "עומס": "עומס קל"}, "fetched_on": "2026-07-27"}}, {"type": "Feature", "geometry": {"type": "Point", "coordinates": [35.15949, 31.75784]}, "properties": {"id": "kkl-5f2a4676", "operator": "kkl", "name_he": "שביל צופה הדסה", "link": "https://www.kkl.org.il/travel/trips/hadassah-views/", "info": "", "attrs": {"רמת קושי": "בינונית", "עונה מומלצת": "כל השנה", "אורך המסלול": "4 ק\"מ", "לפי אזור": "מרכז,ירושלים", "סוג המסלול": "מים ומעיינות,נוף ותצפית,היסטוריה ואומנות", "עומס": "עומס בינוני"}, "fetched_on": "2026-07-27"}}, {"type": "Feature", "geometry": {"type": "Point", "coordinates": [35.40822, 32.75392]}, "properties": {"id": "kkl-7b7de78f", "operator": "kkl", "name_he": "שביל קק\"ל באילניה", "link": "https://www.kkl.org.il/travel/trips/2813/", "info": "", "attrs": {"רמת קושי": "בסיסית", "עונה מומלצת": "כל השנה", "אורך המסלול": "2 ק\"מ", "לפי אזור": "צפון,גליל תחתון", "משך המסלול": "1-2 שעות", "סוג המסלול": "מסלול מעגלי,פריחה,היסטוריה ואומנות", "טווח מרחקים": "1", "עומס": "עומס קל"}, "fetched_on": "2026-07-27"}}, {"type": "Feature", "geometry": {"type": "Point", "coordinates": [34.7773, 31.49579]}, "properties": {"id": "kkl-eae51b68", "operator": "kkl", "name_he": "שביל רגלי לצד דרך נוף נחל שקמה - משמורת פורה לתל נגילה", "link": "https://www.kkl.org.il/travel/trips/2967/", "info": "", "attrs": {"רמת קושי": "בסיסית", "עונה מומלצת": "אביב,חורף,סתיו", "אורך המסלול": "3 ק\"מ", "לפי אזור": "דרום,נגב מערבי", "משך המסלול": "3-5 שעות", "סוג המסלול": "נוף ותצפית,פריחה,חלק משביל ישראל", "טווח מרחקים": "1", "עומס": "עומס קל"}, "fetched_on": "2026-07-27"}}, {"type": "Feature", "geometry": {"type": "Point", "coordinates": [34.97805, 31.77785]}, "properties": {"id": "kkl-49d126c7", "operator": "kkl", "name_he": "שביל שמשון ביער צרעה", "link": "https://www.kkl.org.il/travel/trips/2794/", "info": "", "attrs": {"רמת קושי": "בסיסית", "עונה מומלצת": "כל השנה", "אורך המסלול": "2 ק\"מ", "לפי אזור": "מרכז,שפלת יהודה", "משך המסלול": "1-2 שעות", "סוג המסלול": "פיקניק,נוף ותצפית,מסלול מעגלי,היסטוריה ואומנות", "טווח מרחקים": "1", "עומס": "עומס קל"}, "fetched_on": "2026-07-27"}}, {"type": "Feature", "geometry": {"type": "Point", "coordinates": [34.96031, 32.04283]}, "properties": {"id": "kkl-14131a0c", "operator": "kkl", "name_he": "שביל תצפית מאגר רז", "link": "https://www.kkl.org.il/travel/trips/tazraz/", "info": "", "attrs": {"רמת קושי": "בסיסית", "עונה מומלצת": "כל השנה", "לפי אזור": "מרכז,רמת מנשה", "סוג המסלול": "פיקניק,מים ומעיינות,פריחה,מסלול מעגלי,נוף ותצפית"}, "fetched_on": "2026-07-27"}}, {"type": "Feature", "geometry": {"type": "Point", "coordinates": [34.99173, 31.84728]}, "properties": {"id": "kkl-aaaad594", "operator": "kkl", "name_he": "שיח' אבן ג'בל", "link": "https://www.kkl.org.il/travel/scenic_lookout_even/", "info": "", "attrs": {"לפי אזור": "מרכז", "סוג המסלול": "נוף ותצפית,מצפורים"}, "fetched_on": "2026-07-27"}}, {"type": "Feature", "geometry": {"type": "Point", "coordinates": [35.0417, 31.79462]}, "properties": {"id": "kkl-e7d5ebac", "operator": "kkl", "name_he": "שלוחת שיירות - גבוה מעל שער הגיא", "link": "https://www.kkl.org.il/travel/trips/2818/", "info": "", "attrs": {"רמת קושי": "בסיסית", "עונה מומלצת": "כל השנה", "לפי אזור": "מרכז,ירושלים", "משך המסלול": "1-2 שעות", "סוג המסלול": "נוף ותצפית,מסלול מעגלי,היסטוריה ואומנות,חלק משביל ישראל", "עומס": "עומס קל"}, "fetched_on": "2026-07-27"}}, {"type": "Feature", "geometry": {"type": "Point", "coordinates": [34.71109, 31.7004]}, "properties": {"id": "kkl-33c40e1f", "operator": "kkl", "name_he": "שלולית החורף בשפיר", "link": "https://www.kkl.org.il/travel/kkl_shlu/", "info": "", "attrs": {"לפי אזור": "דרום", "סוג המסלול": "מצפורים"}, "fetched_on": "2026-07-27"}}, {"type": "Feature", "geometry": {"type": "Point", "coordinates": [35.611, 33.101]}, "properties": {"id": "kkl-583d019f", "operator": "kkl", "name_he": "תחנת טיבוע מונגשת באגמון החולה", "link": "https://www.kkl.org.il/travel/trips/accessible_hiking_trails/accessible_hiking_trails_north/agamon_hula/", "info": "", "attrs": {"רמת קושי": "בסיסית", "עונה מומלצת": "כל השנה", "אורך המסלול": "3 ק\"מ", "לפי אזור": "צפון,גליל עליון", "סוג המסלול": "נגיש,פיקניק,מים ומעיינות,נוף ותצפית,מסלול מעגלי,צפרות", "עומס": "עומס קל"}, "fetched_on": "2026-07-27"}}, {"type": "Feature", "geometry": {"type": "Point", "coordinates": [34.91001, 31.63386]}, "properties": {"id": "kkl-45885ae3", "operator": "kkl", "name_he": "תל גודד", "link": "https://www.kkl.org.il/travel/scenic_lookout_goded/", "info": "", "attrs": {"לפי אזור": "מרכז", "סוג המסלול": "נוף ותצפית,מצפורים"}, "fetched_on": "2026-07-27"}}, {"type": "Feature", "geometry": {"type": "Point", "coordinates": [34.95204, 31.96467]}, "properties": {"id": "kkl-048fc602", "operator": "kkl", "name_he": "תל חדיד", "link": "https://www.kkl.org.il/travel/scenic_lookout_hadid/", "info": "", "attrs": {"לפי אזור": "מרכז", "סוג המסלול": "נוף ותצפית,חלק משביל ישראל,מצפורים"}, "fetched_on": "2026-07-27"}}, {"type": "Feature", "geometry": {"type": "Point", "coordinates": [35.33187, 32.55732]}, "properties": {"id": "kkl-3bab849a", "operator": "kkl", "name_he": "תל יזרעאל", "link": "https://www.kkl.org.il/travel/?catid=a15136b3-c0f4-4ff4-be65-7c44c442bc25&itemid=3bab849a-8208-47b6-a7d6-67a1adc5a4c5", "info": "", "attrs": {"לפי אזור": "צפון"}, "fetched_on": "2026-07-27"}}, {"type": "Feature", "geometry": {"type": "Point", "coordinates": [34.96088, 31.64478]}, "properties": {"id": "kkl-2fbfda2f", "operator": "kkl", "name_he": "תל עדולם", "link": "https://www.kkl.org.il/travel/trips/2482/", "info": "", "attrs": {"רמת קושי": "בסיסית", "עונה מומלצת": "אביב,חורף,סתיו", "אורך המסלול": "2 ק\"מ", "לפי אזור": "מרכז,שפלת יהודה", "משך המסלול": "1-2 שעות", "סוג המסלול": "נוף ותצפית,מסלול מעגלי,היסטוריה ואומנות", "טווח מרחקים": "1", "עומס": "עומס קל"}, "fetched_on": "2026-07-27"}}, {"type": "Feature", "geometry": {"type": "Point", "coordinates": [34.93601, 31.70021]}, "properties": {"id": "kkl-738e78b3", "operator": "kkl", "name_he": "תל עזקה", "link": "https://www.kkl.org.il/travel/scenic_lookout_telaz/", "info": "", "attrs": {"לפי אזור": "מרכז", "סוג המסלול": "נוף ותצפית,מצפורים"}, "fetched_on": "2026-07-27"}}, {"type": "Feature", "geometry": {"type": "Point", "coordinates": [35.08783, 32.92135]}, "properties": {"id": "kkl-0e97bddb", "operator": "kkl", "name_he": "תל עכו והגן הבוטני הים-תיכוני", "link": "https://www.kkl.org.il/travel/trips/2697/", "info": "", "attrs": {"רמת קושי": "בסיסית", "עונה מומלצת": "כל השנה", "אורך המסלול": "2 ק\"מ", "לפי אזור": "צפון", "משך המסלול": "1-2 שעות", "סוג המסלול": "מסלול מעגלי,היסטוריה ואומנות", "טווח מרחקים": "1", "עומס": "עומס קל"}, "fetched_on": "2026-07-27"}}, {"type": "Feature", "geometry": {"type": "Point", "coordinates": [35.08783, 32.92135]}, "properties": {"id": "kkl-dcec2e47", "operator": "kkl", "name_he": "תל עכו, פארק לילי שרון והגן הבוטני הים תיכוני", "link": "https://www.kkl.org.il/travel/trips/2918/", "info": "", "attrs": {"רמת קושי": "בסיסית", "עונה מומלצת": "כל השנה", "אורך המסלול": "2 ק\"מ", "משך המסלול": "3-5 שעות", "סוג המסלול": "פיקניק,נוף ותצפית,מסלול מעגלי,היסטוריה ואומנות", "עומס": "עומס קל"}, "fetched_on": "2026-07-27"}}, {"type": "Feature", "geometry": {"type": "Point", "coordinates": [35.45919, 32.49805]}, "properties": {"id": "kkl-581db89e", "operator": "kkl", "name_he": "תל שוכה בפארק המעיינות", "link": "https://www.kkl.org.il/travel/?catid=a15136b3-c0f4-4ff4-be65-7c44c442bc25&itemid=581db89e-c855-4bb0-8682-b83f532b189b", "info": "", "attrs": {"לפי אזור": "צפון"}, "fetched_on": "2026-07-27"}}, {"type": "Feature", "geometry": {"type": "Point", "coordinates": [35.13329, 32.59921]}, "properties": {"id": "kkl-a9f19465", "operator": "kkl", "name_he": "תצפית אנדרטת חללי הקיבוצים", "link": "https://www.kkl.org.il/travel/scenic_lookout_kibbutz_fallen/", "info": "", "attrs": {"לפי אזור": "צפון", "סוג המסלול": "מצפורים"}, "fetched_on": "2026-07-27"}}, {"type": "Feature", "geometry": {"type": "Point", "coordinates": [35.36247, 32.62226]}, "properties": {"id": "kkl-20c22381", "operator": "kkl", "name_he": "תצפית גבעת המורה", "link": "https://www.kkl.org.il/travel/scenic_lookout_hamora/", "info": "", "attrs": {"לפי אזור": "צפון,גליל תחתון", "סוג המסלול": "מצפורים"}, "fetched_on": "2026-07-27"}}, {"type": "Feature", "geometry": {"type": "Point", "coordinates": [35.33342, 32.89026]}, "properties": {"id": "kkl-039799be", "operator": "kkl", "name_he": "תצפית הר אחים", "link": "https://www.kkl.org.il/travel/scenic_lookout_hahim/", "info": "", "attrs": {"לפי אזור": "צפון"}, "fetched_on": "2026-07-27"}}, {"type": "Feature", "geometry": {"type": "Point", "coordinates": [35.09307, 32.48968]}, "properties": {"id": "kkl-eb7501c3", "operator": "kkl", "name_he": "תצפית הר אמיר", "link": "https://www.kkl.org.il/travel/scenic_lookout_har_amir/", "info": "", "attrs": {"לפי אזור": "מרכז", "סוג המסלול": "נוף ותצפית,מצפורים"}, "fetched_on": "2026-07-27"}}, {"type": "Feature", "geometry": {"type": "Point", "coordinates": [35.2992, 32.68193]}, "properties": {"id": "kkl-d932a59c", "operator": "kkl", "name_he": "תצפית הר הקפיצה (הר קדומים)", "link": "https://www.kkl.org.il/travel/scenic_lookout_jump_m/", "info": "", "attrs": {"לפי אזור": "צפון", "סוג המסלול": "מצפורים"}, "fetched_on": "2026-07-27"}}, {"type": "Feature", "geometry": {"type": "Point", "coordinates": [35.0632, 31.71339]}, "properties": {"id": "kkl-624256f1", "operator": "kkl", "name_he": "תצפית הר יעלה בפארק עצמאות ארה\"ב", "link": "https://www.kkl.org.il/travel/?catid=a15136b3-c0f4-4ff4-be65-7c44c442bc25&itemid=624256f1-c510-495a-a1c6-f4f3db54bfcf", "info": "", "attrs": {"לפי אזור": "מרכז"}, "fetched_on": "2026-07-27"}}, {"type": "Feature", "geometry": {"type": "Point", "coordinates": [34.47217, 31.40248]}, "properties": {"id": "kkl-55fb4d56", "operator": "kkl", "name_he": "תצפית מפגש הנחלים", "link": "https://www.kkl.org.il/travel/scenic_lookout_mifgash/", "info": "", "attrs": {"לפי אזור": "דרום", "סוג המסלול": "מצפורים"}, "fetched_on": "2026-07-27"}}, {"type": "Feature", "geometry": {"type": "Point", "coordinates": [35.07042, 31.78863]}, "properties": {"id": "kkl-a5283214", "operator": "kkl", "name_he": "תצפית נחל כסלון", "link": "https://www.kkl.org.il/travel/scenic_lookout_har_kislon/", "info": "", "attrs": {"לפי אזור": "מרכז", "סוג המסלול": "פיקניק,מים ומעיינות,נוף ותצפית,חלק משביל ישראל,מצפורים"}, "fetched_on": "2026-07-27"}}]}