{"type":"FeatureCollection","note_he":"שכבה גיאולוגית מעמיקה — גזורה לגבול המדינה האמיתי, גבולות פנימיים מקורבים.","features":[{"type":"Feature","properties":{"id":"hermon-massif","name_he":"מסיב החרמון","name_en":"Mount Hermon Massif","rock_summary_he":"גיר ודולומיט קשה, יורה-קרטיקון תחתון, כ-150-100 מיליון שנה, מקופל בקמר גבוה","description_he":"החרמון הוא קמר (אנטיקלינה) גבוה שנוצר מסלעי גיר קשים ועתיקים יחסית לשאר ההר המרכזי, והתרומם משמעותית באירועים טקטוניים מאוחרים. הגובה הרב (2,814 מ') מאפשר מפגש מרשים בין קרסט אלפיני, שלג עונתי ומערכת מעיינות התחלת נהר הירדן (בניאס, דן) הנובעים ממגע הסלע הקרסטי עם הבזלת שמדרום. יש להסביר שזהו איזור גיאולוגי שונה מהותית מרמת הגולן הבזלתית שלרגליו.","color":"#B0A98F","sources":[{"title":"גאולוגיה של ישראל - ויקיפדיה","url":"https://he.wikipedia.org/wiki/גאולוגיה_של_ישראל"}],"rock_photo":{"file":"assets/rocks/central-mountain-backbone.jpg","title":"Soreq Cave-2016","author":"Relly.hendel","license":"CC BY-SA 4.0","license_url":"https://creativecommons.org/licenses/by-sa/4.0","source_url":"https://commons.wikimedia.org/wiki/File:Soreq_Cave-2016.jpg"},"rock_class":"dolomite","rock_class_he":"דולומיט"},"geometry":{"type":"MultiPolygon","coordinates":[[[[35.827396228663865,33.15570548583981],[35.827365740128016,33.15578436384832],[35.82734278948844,33.15586575524337],[35.8273275793707,33.155948941440315],[35.827320244061184,33.156033188008664],[35.827320848321534,33.15611775115615],[35.8273293868169,33.15620188429553],[35.82734578416298,33.15628484463596],[35.82736989559165,33.156365899741],[35.82794451820649,33.15801054269386],[35.82797900899988,33.15809518807169],[35.828021907294456,33.15817589861089],[35.828072770631124,33.15825184185154],[35.82813107439822,33.15832223450426],[35.828196217242436,33.158386350529284],[35.82826752727124,33.158443528624815],[35.82834426898288,33.15849317904788],[35.828425650852466,33.158534789696986],[35.82851083349586,33.15856793139399],[35.82859893832721,33.158592262310734],[35.82868905662079,33.158607531494695],[35.831570594230655,33.15894633435264],[35.83166029082519,33.15895235980975],[35.831750141062,33.15894940682002],[35.83183924845923,33.15893750484694],[35.8319267239467,33.158916772642584],[35.83201169473662,33.1588874170628],[35.83209331303187,33.158849731003244],[35.832115079596655,33.158836904420504],[35.828951623273525,33.15318940147927],[35.82889865424183,33.153220484947546],[35.82882841677228,33.15327138381048],[35.8287634053917,33.15332880781914],[35.82870422398328,33.15339222356855],[35.82865142227629,33.153461041997154],[35.828605490739676,33.15353462385851],[35.827433985920194,33.15562981761241],[35.827396228663865,33.15570548583981]]],[[[35.830817052694385,33.18421744455581],[35.830727631195224,33.18421386818791],[35.825419855863686,33.18426570365679],[35.82533168220937,33.18427089917784],[35.825244442458825,33.184284712674156],[35.825158976869446,33.184307011099826],[35.82507610861063,33.18433757968558],[35.82499663583535,33.184376124007386],[35.82492132399267,33.18442227282219],[35.82485089845529,33.184475581643596],[35.824786037533,33.18453553702297],[35.82472736593953,33.18460156149475],[35.82467544877553,33.18467301913841],[35.824630786085756,33.184749221703306],[35.824593808042856,33.18482943523769],[35.82087032473176,33.19407472060314],[35.820841598424636,33.1941574528436],[35.820821049126145,33.19424258539121],[35.82080887141595,33.194329312132794],[35.82080518060378,33.19441681185987],[35.82081001163765,33.1945042560446],[35.82082331877288,33.1945908166851],[35.82084497600529,33.19467567414568],[35.82087477826431,33.194758024917924],[35.820907312592894,33.194826319039784],[35.830195,33.189991],[35.830835638665704,33.1842200533179],[35.830817052694385,33.18421744455581]]],[[[35.61555899825364,33.2294971350988],[35.61547619705365,33.22948093086529],[35.61539224227812,33.22947255163095],[35.61530787175642,33.22947207103597],[35.61522382697169,33.22947949330402],[35.61514084654435,33.229494753205124],[35.61505965974081,33.22951771662895],[35.61498098006436,33.2295481817634],[35.61490549898463,33.22958588086824],[35.614833879860655,33.22963048262812],[35.61301010258562,33.23088861098075],[35.61294290079793,33.23093978548951],[35.612880792614504,33.23099703480539],[35.612824325117245,33.231059854645956],[35.612773995701886,33.231127691660674],[35.612730247696675,33.23119994830505],[35.612693466457294,33.23127598810414],[35.61266397597245,33.23135514125897],[35.61264203601003,33.23143671054648],[35.61262783982887,33.23151997746102],[35.61262151247649,33.23160420854333],[35.61208029316997,33.250904951861735],[35.61806,33.256125],[35.620065,33.269536],[35.631092,33.274565],[35.652143,33.27666],[35.66049,33.289261],[35.698523,33.32267],[35.716197,33.326727],[35.729426,33.327812],[35.743689,33.331171],[35.757538,33.336313],[35.769423,33.342643],[35.785753,33.357887],[35.8057,33.391348],[35.8211,33.406722],[35.822443,33.401373],[35.816966,33.395198],[35.815415,33.378868],[35.812315,33.373365],[35.809938,33.360032],[35.793505,33.349929],[35.785753,33.342875],[35.763842,33.334401],[35.802083,33.31249],[35.768597,33.272699],[35.769760335097175,33.2714073802272],[35.76975964256318,33.27140669344384],[35.7696910849257,33.27135091406283],[35.769617386775856,33.27130212808417],[35.76953925884487,33.27126080599076],[35.76945745458396,33.27122734628514],[35.76937276289815,33.27120207164649],[35.76928600053828,33.27118522581871],[35.76919800422438,33.27117697125983],[35.76910962257648,33.271177387575264],[35.769021707930726,33.27118647075016],[35.76792576492925,33.27135443200491],[35.75352433622088,33.2615730356612],[35.75346539154097,33.261536243158005],[35.753403784068816,33.2615041077732],[35.74404987648803,33.25707556361377],[35.743970632728605,33.257042574998444],[35.74388860671727,33.257017285561645],[35.74380454456893,33.25699992533802],[35.74371921091932,33.256990652237505],[35.74363338196988,33.25698955060892],[35.743547838427304,33.25699663047278],[35.743463358402224,33.257011827430084],[35.72653669522945,33.26089820596171],[35.71399334868757,33.26070286348677],[35.71391886750586,33.26070478790808],[35.71384480071973,33.26071286633724],[35.695253785610106,33.26352346311156],[35.67357303703465,33.26392367198963],[35.66245265305908,33.262131872652475],[35.661305858460025,33.26129254693864],[35.65950982039105,33.24832437772912],[35.65895236445461,33.230814676626494],[35.66397611458833,33.1717012118101],[35.66397930979921,33.17161679734118],[35.66380650858685,33.15265808881816],[35.663802386515364,33.152579864112],[35.66379147806893,33.15250229413119],[35.663773865883684,33.152425966501475],[35.661223607731,33.14322222763341],[35.66119722943049,33.143141901543146],[35.661163429980625,33.14306440513869],[35.651785059962116,33.124052165652095],[35.64880641579392,33.1122097097491],[35.64878062917876,33.11212503272303],[35.64874664924202,33.112043298322895],[35.6487048046724,33.111965297167394],[35.64865550023337,33.11189178376346],[35.64859921284786,33.11182346920792],[35.648536486985044,33.11176101430899],[35.6484679293936,33.11170502319433],[35.64839420323264,33.111656037467256],[35.63945044460856,33.10632819406958],[35.639369964507935,33.10628561260802],[35.63928559391596,33.106251380595594],[35.639198196352865,33.10622584839179],[35.6391086663195,33.10620927731484],[35.63901792014221,33.10620183696721],[35.63892688659439,33.10620360349973],[35.638836497390635,33.106214558832214],[35.63874767765077,33.10623459083849],[35.63866133643139,33.106263494493994],[35.63857835742182,33.1063009739742],[35.638499589899666,33.106346645682294],[35.63842584003861,33.106400042175245],[35.638357862657315,33.10646061694803],[35.63686406804272,33.1079338920422],[35.636803250049255,33.10800019058347],[35.63674935518011,33.10807222993371],[35.63670292200636,33.108149290204146],[35.636664414534415,33.108230601331975],[35.636634217569224,33.10831535077561],[35.63661263286885,33.108402691634396],[35.63659987612907,33.108491751111686],[35.63659607482791,33.10858163923667],[35.63664058555042,33.11433282004369],[35.636645393517306,33.114419018511086],[35.63665843843114,33.11450435972358],[35.6366796002579,33.114588058405865],[35.64271509752081,33.134405907312356],[35.64943370850282,33.166645465913945],[35.64884727327093,33.174733577600435],[35.644020081631304,33.19333272274727],[35.64400331915493,33.19341173644997],[35.64399370827476,33.19349193480912],[35.64399132640165,33.19357267186696],[35.64439429719734,33.21974526407097],[35.643503779006664,33.23008724546978],[35.64226007827692,33.23378941556135],[35.636757945298115,33.23468820708315],[35.61555899825364,33.2294971350988]]],[[[35.80119360556872,33.23582313680436],[35.80112098025101,33.23586997231779],[35.801053181666674,33.23592355733488],[35.800990834902116,33.23598339781483],[35.80093451477927,33.23604894204306],[35.800884740555894,33.236119585717795],[35.80084197113818,33.23619467752161],[35.800806600849704,33.23627352512642],[35.800778955795884,33.23635540157659],[35.80075929085736,33.23643955199123],[35.80074778734006,33.23652520052409],[35.80074455130361,33.23661155751663],[35.80074961258346,33.236697826778475],[35.800762924515865,33.236783212928096],[35.80078436436805,33.23686692872607],[35.80081373446982,33.23694820233319],[35.80330872657279,33.242936051772034],[35.80334681515411,33.243016109310354],[35.80339259559793,33.24309203098336],[35.80344562366723,33.24316308007438],[35.80350538479665,33.24322856714851],[35.80357129908563,33.24328785674268],[35.803642726925546,33.243340373531936],[35.803718975206266,33.24338560791218],[35.80379930404182,33.243423120945224],[35.80388293394999,33.24345254861804],[35.80396905341616,33.243473605375044],[35.804056826767905,33.24348608688903],[35.80406218603326,33.24348631590998],[35.80485671557686,33.234273242249124],[35.804840470894966,33.23427132442506],[35.80475114323701,33.23426969808715],[35.80466209446833,33.234276936335974],[35.804574202112356,33.234292967842826],[35.80448833229677,33.2343176346266],[35.8044053312183,33.234350693610594],[35.80127038803214,33.23578348260656],[35.80119360556872,33.23582313680436]]]]}},{"type":"Feature","properties":{"id":"upper-galilee-ridge","name_he":"ההר הגלילי העליון","name_en":"Upper Galilee Ridge (Sakhnin/Bina/Deir Hanna Formations)","rock_summary_he":"דולומיט גס-גביש (תצורת סכנין) וגיר (תצורת בענה), טורון-קנומן עליון, כ-93-90 מיליון שנה","description_he":"הגליל העליון הוא החלק הגבוה והמפותל ביותר של הרכס המרכזי, בנוי בעיקר מדולומיט קשה של תצורת סכנין המעניק נוף טרשים אפור אופייני, לצד גיר דק-גביש מקורסט של תצורת בענה. עומק הקירטוף (קארסט) כאן הוא מהגבוהים בארץ, ולכן ריכוז מערות הענק (מערת קשת, מערת הכרמים) גבוה. חשוב להסביר שכאן גם המים הזורמים בנחלי הגליל (עמוד, כזיב) חוצבים קניונים עמוקים בסלע הקשה.","color":"#C7B37E","sources":[{"title":"מבואות: גיאולוגיה [הגליל העליון וחופו] - מטח","url":"https://www.lib.cet.ac.il/pages/item.asp?item=12970"}],"rock_photo":{"file":"assets/rocks/central-mountain-backbone.jpg","title":"Soreq Cave-2016","author":"Relly.hendel","license":"CC BY-SA 4.0","license_url":"https://creativecommons.org/licenses/by-sa/4.0","source_url":"https://commons.wikimedia.org/wiki/File:Soreq_Cave-2016.jpg"},"rock_class":"limestone","rock_class_he":"גיר"},"geometry":{"type":"Polygon","coordinates":[[[35.381622500037075,32.86139530338583],[35.381583148713396,32.86131508843336],[35.38153603778567,32.86123917054507],[35.38148163155624,32.86116829793066],[35.381420466226395,32.86110316907609],[35.38135314461181,32.861044425859596],[35.38128033020152,32.86099264722571],[35.38120274061886,32.86094834347941],[35.38112114054895,32.86091195125682],[35.38103633420232,32.86088382922196],[35.38094915738898,32.860864254531904],[35.38086046928114,32.86085342010525],[35.38077114394556,32.860851432720835],[35.36583461982872,32.86126098593488],[35.352443065154915,32.85810227797674],[35.34069614068495,32.85280104448911],[35.324777152798205,32.84259190087599],[35.32468377739406,32.84253957868468],[35.324584850762946,32.84249871183431],[35.32090727050531,32.841229791515175],[35.32081957816339,32.841204431284105],[35.320729767957445,32.84118808457006],[35.32063876383361,32.841180919544165],[35.32054750202075,32.8411830099185],[35.32045692139878,32.84119433418781],[35.32036795383969,32.84121477585068],[35.32028151462065,32.841244124608124],[35.32019849300788,32.84128207852708],[35.30640970557184,32.84845236322826],[35.298761971011345,32.84945159428246],[35.28123201495751,32.848985195396594],[35.28114778853428,32.84898689865166],[35.28106409035199,32.848996469739845],[35.280981653750494,32.84901382480198],[35.280901201016036,32.84903881177791],[35.280823437052774,32.8490712117388],[35.26664438473659,32.85577402539474],[35.25819604979305,32.85727770563515],[35.25058806865358,32.85668973670653],[35.241406746983614,32.85410048012831],[35.2226279370665,32.844012493022525],[35.222547963879,32.8439744762487],[35.22246464189933,32.84394450236816],[35.22237877770337,32.843922861534935],[35.22229120247623,32.84390976323727],[35.222202763966195,32.84390533426968],[35.22211431827833,32.84390961750558],[35.22202672158719,32.84392257148228],[35.22194082184884,32.843944070802316],[35.221857450592445,32.84397390734732],[35.22177741487089,32.844011792292704],[35.221701489448336,32.844057358903505],[35.22163040930027,32.84411016608448],[35.22156486249884,32.844169702649985],[35.21388236507606,32.85187067607257],[35.19599409398863,32.85698607017756],[35.19591126441967,32.85701417720487],[35.19583155444584,32.857050191959495],[35.19575571695663,32.85709377426908],[35.19568446826452,32.85714451248299],[35.19561848133911,32.85720192736045],[35.19555837945076,32.85726547659723],[35.19317373671055,32.86004594606107],[35.19312596926773,32.86010674400257],[35.19308359637869,32.860171417463576],[35.19304693077201,32.86023948912854],[35.187846780347044,32.870974288635075],[35.183765433507695,32.876201741976594],[35.178277185177464,32.88077266763618],[35.155836504205475,32.89430425895556],[35.155763102895854,32.89435359372758],[35.155694898102105,32.89440989450994],[35.155632548435996,32.8944726176406],[35.15557665596991,32.89454115744086],[35.14300028628066,32.9116117425249],[35.132666185885085,32.92170786604836],[35.13260785149013,32.921770552062455],[35.132555738577516,32.921838498234806],[35.13251031889379,32.92191108948999],[35.12609283813909,32.933343570773694],[35.126045374393385,32.93344158595727],[35.117276278730266,32.95474873014524],[35.10909233012867,32.96664453844487],[35.099380344432106,32.974813193559065],[35.079430242302124,32.9853478147125],[35.07935379133788,32.9853931476176],[35.07928218464428,32.98544580028752],[35.079216120591866,32.98550525920777],[35.07915624349455,32.98557094448341],[35.0791031373257,32.9856422154947],[35.07905732002273,32.985718377144934],[35.07901923843566,32.985798686639676],[35.078989263969184,32.98588236073111],[35.078967688960255,32.985968583356964],[35.07895472382708,32.98605651359943],[35.07895049501687,32.98614529388656],[35.07895504377265,32.986234058356025],[35.07972980513823,32.99390955525329],[35.07840295904653,32.99833587543755],[35.078461,32.998847],[35.09197,33.031195],[35.096202,33.05036],[35.092133,33.067694],[35.096446,33.071357],[35.101817,33.077623],[35.106456,33.080756],[35.09962,33.087592],[35.104259,33.088528],[35.105235,33.089016],[35.185273,33.083977],[35.189614,33.085527],[35.200673,33.092736],[35.207184,33.094803],[35.213178,33.094441],[35.227338,33.091366],[35.234469,33.090927],[35.271469,33.101185],[35.283665,33.101185],[35.288825,33.099201],[35.29462,33.096973],[35.305783,33.089377],[35.315704,33.079222],[35.322629,33.067363],[35.331931,33.057156],[35.34516,33.05558],[35.38631262114614,33.06458703556159],[35.39206058333454,33.05192402294988],[35.40368136088456,33.05020621812028],[35.45482001013212,33.05810476407001],[35.454944453633296,33.05811521792526],[35.47422912098414,33.05839242508783],[35.47430890827784,33.05839003176772],[35.493171981588226,33.05698500977036],[35.50314054950015,33.067696966988976],[35.50320485762804,33.06775950851237],[35.50327507222315,33.06781533760959],[35.503350495735745,33.06786389964422],[35.50343037886794,33.0679047121748],[35.50351392801755,33.0679373697476],[35.503600313162195,33.06796154792465],[35.5036886761052,33.06797700650689],[35.50377813900137,33.0679835919204],[35.50386781307796,33.06798123874215],[35.503956807464284,33.06796997034986],[35.50404423804203,33.06794989868984],[35.50412923622863,33.06792122316479],[35.504210957606176,33.06788422865287],[35.50428859031039,33.06783928267754],[35.504361363096045,33.06778683175639],[35.50442855299899,33.06772739696521],[35.504489492518445,33.067661568761295],[35.5045435762483,33.067590001117594],[35.50459026689159,33.067513405025714],[35.51069351102721,33.05627666485],[35.524977641841225,33.05789009977652],[35.532923832675536,33.06287241263671],[35.5396318300252,33.07012092328861],[35.53730242433333,33.079269001643745],[35.5316270101376,33.084822181223906],[35.531553666291394,33.08490323262305],[35.531490689371026,33.08499257777726],[35.52879116444105,33.089363931030704],[35.5287549999925,33.08942824911762],[35.528724225889704,33.08949531355111],[35.528699048990994,33.08956467353536],[35.524852999368946,33.10168827929263],[35.52414361761267,33.10374273017032],[35.52376720129316,33.104773986782654],[35.52364022056241,33.105109917105516],[35.519424622855105,33.09781887568689],[35.51705289873341,33.08961697676873],[35.51702504345889,33.0895354818279],[35.51698952613274,33.08945702253118],[35.516946671994646,33.08938231734697],[35.51689687346904,33.08931205036648],[35.516840586571575,33.08924686503935],[35.5167783267333,33.089187358281436],[35.51671066408076,33.08913407500873],[35.51663821821519,33.08908750314746],[35.51656165253876,33.08904806916603],[35.51648166817958,33.08901613416977],[35.51639899757139,33.0889919905942],[35.51631439774648,33.088975859527174],[35.516228643403366,33.08896788868428],[35.51614251981275,33.08896815105623],[35.51605681562661,33.088976644240404],[35.51597231565635,33.08899329046294],[35.51588979368609,33.08901793729083],[35.51581000538703,33.089050359027866],[35.51573368139753,33.08909025878131],[35.51566152063253,33.089137271180675],[35.51019231162025,33.09308563771036],[35.50395870544745,33.095450819028166],[35.48358664197865,33.09731937063993],[35.483497850906566,33.09733200198587],[35.483410757838676,33.09735340766048],[35.48339017007472,33.09736070638321],[35.4851,33.102606],[35.503703,33.130615],[35.512282,33.147409],[35.517656,33.172886],[35.520033,33.222185],[35.527784,33.244251],[35.53688,33.257868],[35.53809805355332,33.26069406619705],[35.54660262166047,33.264931263976266],[35.54668718681971,33.26496811493434],[35.54677507987135,33.26499611619755],[35.554310797670446,33.2669777785838],[35.554397543806736,33.26699607522308],[35.5544856692094,33.26700574851494],[35.55457431877273,33.26700670459668],[35.55466263230492,33.26699893419117],[35.55474975287479,33.266982512696856],[35.554834835126805,33.26695759945614],[35.55491705348379,33.26692443620925],[35.554995610157775,33.26688334474854],[35.55506974289112,33.2668347237961],[35.55513873235295,33.26677904513477],[35.555201909118985,33.26671684903037],[35.5552586601672,33.266648738989275],[35.55530843482611,33.266575375902505],[35.556309578194174,33.26493089342434],[35.55635373470491,33.26484913770005],[35.556389226474224,33.26476326494414],[35.556415675195076,33.264674190474956],[35.556432798950375,33.26458286373791],[35.55644041521787,33.26449025818535],[35.55643844281572,33.26439736090054],[35.556426902767775,33.26430516207631],[35.55428789491121,33.252288711036414],[35.553785776842034,33.23716037534033],[35.55377806107437,33.237068935191836],[35.553761074187854,33.23697875603952],[35.55373499277972,33.23689077539405],[35.553700087994656,33.23680590791025],[35.55365672270599,33.236725035878216],[35.553605347743215,33.23664900005096],[35.553546497205126,33.23657859090387],[35.553480782907286,33.23651454041686],[35.553408888021515,33.23645751446463],[35.553331559973614,33.23640810589418],[35.551913126798,33.23560054777012],[35.55183983107575,33.235563146887245],[35.55176342573432,33.23553259671966],[35.551684549474146,33.235509152647474],[35.551603861651,33.235493010648355],[35.551522036764176,33.23548430565923],[35.551439758818105,33.2354831104483],[35.537873457852044,33.23590658769843],[35.53167854789064,33.23379495045839],[35.53732565660705,33.204679595329914],[35.54422017462764,33.18105228293784],[35.54424529986767,33.18093986189267],[35.54592670691758,33.17023790843898],[35.545935386422904,33.170161493887655],[35.54593751050269,33.17008461732588],[35.54567845054122,33.152947558326495],[35.54567049376451,33.15284098585069],[35.54062841421826,33.11541897086111],[35.54071363656246,33.10511180062179],[35.54990123600487,33.08122576484944],[35.54993565182568,33.08111571574263],[35.55402212811661,33.0643438166121],[35.55955158899703,33.06067079517854],[35.5596223133473,33.06061866713899],[35.559687617945464,33.06055989150044],[35.55974688044142,33.060495028392275],[35.559799536066066,33.06042469595721],[35.55984508301348,33.060349564460424],[35.55988308722316,33.06027034990195],[35.559913186516575,33.06018780719322],[35.55993509404871,33.06010272296282],[35.5599486010417,33.060015908059896],[35.55995357877446,33.05992818982688],[35.5599499798094,33.059840404214846],[35.559937838444526,33.05975338781705],[35.55991727038652,33.059667969896104],[35.55988847164812,33.059584964481246],[35.559851716680114,33.05950516261063],[35.5514899549289,33.043461179647835],[35.5538049357506,33.035186524505406],[35.56152881302254,33.01871922838124],[35.56155969297691,33.01864492119495],[35.561583812407754,33.018568152825345],[35.561600978504664,33.01848953695778],[35.563519627623435,33.00732972754364],[35.56353049970874,33.00723927889626],[35.56353217244463,33.00714819452874],[35.56352462869245,33.007057407680264],[35.56140283512632,32.99126256339915],[35.56138298592625,32.991160184508416],[35.56135142699869,32.99106078902511],[35.554171144971555,32.97229333207155],[35.554144855300294,32.972231614138245],[35.55411404154492,32.97217202586266],[35.54585363755882,32.95755980872359],[35.54579475029256,32.95746888734951],[35.54572536596437,32.957385699481435],[35.53675250641117,32.94785746756158],[35.51663403092711,32.89634794315013],[35.516597277153785,32.89626612677313],[35.51655256233366,32.89618837496118],[35.516500330565464,32.89611545992987],[35.51644110060475,32.896048105856835],[35.516375460711764,32.89598698168937],[35.51630406280889,32.89593269450059],[35.516227616005956,32.89588578346009],[35.516146879557446,32.89584671447902],[35.516062655321754,32.89581587558276],[35.51144860674774,32.89438281044124],[35.51136502992409,32.89436118798029],[35.51127976593299,32.89434767250434],[35.51119359926802,32.89434238836605],[35.511107322728066,32.89434538418352],[35.50061012143794,32.895215362429795],[35.49230966816732,32.893117109666605],[35.46145411086142,32.875775556576826],[35.461374477044714,32.87573584677837],[35.46129131105506,32.87570419506403],[35.46120542590805,32.87568091085524],[35.461117661201286,32.875666221774175],[35.461028874906596,32.87566027141864],[35.46093993498266,32.87566311795821],[35.46085171089004,32.87567473356565],[35.460765065091415,32.87569500468888],[35.460680844620384,32.87572373316109],[35.4579263992049,32.87681811687837],[35.455699930932695,32.87639604201396],[35.455610331999786,32.87638368240585],[35.45551994499093,32.876380378268806],[35.45542968278465,32.87638616297348],[35.45534045699899,32.87640097809631],[35.455253168784495,32.876424674009506],[35.455168699722904,32.87645701139229],[35.455087902923445,32.87649766364792],[35.45501159440672,32.876546220202236],[35.4549405448632,32.8766021906503],[35.45487547186947,32.876665009709335],[35.454817032640975,32.87673404292789],[35.454765817394346,32.87680859309358],[35.45266747374813,32.8802182753853],[35.44508185082621,32.88399749370899],[35.42363052558799,32.889107148110185],[35.42355037082736,32.889130213809],[35.42347269559526,32.88916060081991],[35.423398167017616,32.889198048159315],[35.42332742519481,32.88924223420486],[35.4232610777041,32.88929277945774],[35.41470124447893,32.89646439012864],[35.40296528248381,32.8916834078114],[35.38803468229438,32.88159955674013],[35.38165370392923,32.86147902484298],[35.381622500037075,32.86139530338583]]]}},{"type":"Feature","properties":{"id":"lower-galilee","name_he":"הגליל התחתון","name_en":"Lower Galilee (Folded Hills with Basalt Caps)","rock_summary_he":"גיר ודולומיט מקופלים בפחות עוצמה מהגליל העליון, עם כתמי בזלת ניאוגנית מפוזרים","description_he":"בניגוד לגליל העליון, הגליל התחתון נמוך יותר ומתאפיין בקפלים עדינים היוצרים סדרת רכסים ועמקים מקבילים (כמו הר תבור, רכס יודפת). כתמי בזלת קדומים (כיסוי בזלתי מהניאוגן) פזורים על פני האזור ומעידים על פעילות געשית מוקדמת יותר מזו של הגולן. השילוב של קרקע בזלתית פורייה עם קרקע טרשית יוצר פסיפס נופי מגוון שהיסטורית אפשר גם חקלאות וגם רעייה.","color":"#A9B36B","sources":[{"title":"גאולוגיה של ישראל - ויקיפדיה","url":"https://he.wikipedia.org/wiki/גאולוגיה_של_ישראל"}],"rock_photo":{"file":"assets/rocks/central-mountain-backbone.jpg","title":"Soreq Cave-2016","author":"Relly.hendel","license":"CC BY-SA 4.0","license_url":"https://creativecommons.org/licenses/by-sa/4.0","source_url":"https://commons.wikimedia.org/wiki/File:Soreq_Cave-2016.jpg"},"rock_class":"chalk","rock_class_he":"קירטון"},"geometry":{"type":"Polygon","coordinates":[[[35.530255342008395,32.444308561203705],[35.530175618677724,32.44430433224503],[35.530095834243916,32.44430718490447],[35.530016616511325,32.444317096735126],[35.52993858882507,32.44433398974322],[35.529862365166096,32.44435773100176],[35.51691638615655,32.44902935262498],[35.51684474494214,32.44905874634444],[35.51677589562832,32.44909418962776],[35.516710347908635,32.44913542008723],[35.51664858703481,32.449182132492545],[35.50612824527094,32.45787524900751],[35.49757732184663,32.462109622145725],[35.490099434554594,32.46367557790238],[35.47507686810373,32.46445306281661],[35.47498610081984,32.464462392027244],[35.474896744635295,32.464480863796986],[35.47480971801406,32.46450828826034],[35.47472591547527,32.46454438352993],[35.47464619839873,32.46458877859389],[35.47457138617109,32.46464101712938],[35.47450224776359,32.46470056219301],[35.465986903568975,32.47282157383096],[35.45681856529035,32.47902605239659],[35.45674770088248,32.47907927738178],[35.45668241498134,32.47913921413563],[35.45662334067181,32.47920528144453],[35.45657105080431,32.479276838646165],[35.4546281271216,32.482230727396],[35.45458305251328,32.482307225905245],[35.45454573511368,32.48238779360299],[35.45451653813363,32.48247164632261],[35.45120438425962,32.49374691511568],[35.44709873073698,32.500248393762675],[35.44096361625595,32.505205490965665],[35.428725058789986,32.51024983607676],[35.42864469776202,32.51028770036617],[35.42856846104901,32.51033330259],[35.42849709140354,32.51038619845877],[35.42843128415972,32.5104458726231],[35.42837168045879,32.51051174369462],[35.428318861002616,32.51058316991024],[35.42253818786189,32.519266029937995],[35.416605740701954,32.52579861683605],[35.41654670252668,32.52587081532334],[35.41649545295941,32.52594873585697],[35.41645254234001,32.52603154169281],[35.416418431461125,32.526118343626244],[35.41639348662002,32.526208209540854],[35.416377975685094,32.52630017441787],[35.416372065219434,32.526393250698966],[35.41614323772038,32.54615336809733],[35.41400497401567,32.55343809847719],[35.40976028699986,32.56119641214897],[35.395589873876666,32.574275473772836],[35.39554067022899,32.57432453827603],[35.39549539852124,32.57437725257101],[35.38317624275734,32.58989563945613],[35.375153607133,32.596204989271364],[35.36730028181128,32.59566500895076],[35.35568634415748,32.59143422080057],[35.344586126673995,32.58515466669282],[35.325617516834036,32.57193807594774],[35.32555515331416,32.571898326734065],[35.325489736853484,32.57186383187545],[35.325421709151094,32.57183482428495],[35.317094233611904,32.56868163469505],[35.31700517044454,32.56865310662907],[35.316913627716175,32.56863397479137],[35.316820593873366,32.56862444576086],[35.31672707346319,32.56862462242871],[35.316634076286526,32.56863450288732],[35.316542606494544,32.56865398045093],[35.30398337144306,32.57201903011956],[35.29572661150166,32.57303445358065],[35.26420309814105,32.57108888934913],[35.264109800370186,32.57108797669288],[35.26401690946143,32.571096728039144],[35.26392542374057,32.57111504933463],[35.263836326431395,32.571142743675026],[35.26375057508878,32.57117951342114],[35.24437034552099,32.580707638042675],[35.232338614461156,32.582709780050685],[35.21719356106319,32.5799792877459],[35.205825669976406,32.5731419399761],[35.205767247660596,32.5731096883133],[35.205706596189415,32.57308185423739],[35.19850325990795,32.57009421794591],[35.198407613361105,32.57006072471446],[35.19830880776541,32.57003819667111],[35.19820809588538,32.57002691945083],[35.179986183201656,32.56902041143923],[35.159591877624656,32.563562961942864],[35.159511130463706,32.56354528372727],[35.159429101940745,32.56353508839846],[35.15934648399405,32.56353246195746],[35.159263973533875,32.56353742655918],[35.159182266563796,32.563549940325544],[35.15569078892747,32.56425010954684],[35.15560020363906,32.56427322751969],[35.155512505240246,32.56430561773412],[35.155428640022215,32.56434693069031],[35.149519599868896,32.567649727603225],[35.14942035912607,32.56771410294865],[35.137720656303394,32.57644708124187],[35.120318918174824,32.58197899628324],[35.12024118426413,32.58200771062872],[35.12016642094248,32.58204345304393],[35.120095262043584,32.58208592050932],[35.12002831084332,32.58213475299125],[35.10564737990419,32.593674502147735],[35.094406858833864,32.5981166798084],[35.07333694618253,32.59170446767327],[35.045495856856235,32.55594069339591],[35.04542589966615,32.555860998799815],[35.0453470542839,32.55579008587583],[35.042741654809134,32.553710926975405],[35.042668863595196,32.55365855385721],[35.042591221822384,32.55361368449739],[35.04250950030138,32.553576764349216],[35.042424510345725,32.553548159947916],[35.042337095717265,32.55352815527178],[35.04224812424947,32.55351694892288],[35.04215847923179,32.55351465215545],[35.035416013208966,32.553678018147686],[35.03532754332076,32.553684534887005],[35.03524014473778,32.5536997295144],[35.035154666563024,32.55372345440958],[35.02077919234226,32.558488021787824],[35.01278274384367,32.55931048631476],[35.004484326347644,32.55783954144873],[34.99171279466374,32.5525933828044],[34.99163113204563,32.55256434979476],[34.99154705544715,32.552543306400715],[34.991461344569636,32.55253044777244],[34.99137479427025,32.55252589315703],[34.991288207190706,32.552529684792624],[34.99120238631379,32.55254178751674],[34.99111812751677,32.55256208909229],[34.99103621219064,32.55259040124854],[34.99095739999376,32.55262646142695],[34.990882421806965,32.55266993521618],[34.99081197295564,32.552720419453244],[34.990746706761456,32.55277744596236],[34.99068722848368,32.552840485896674],[34.990634089706134,32.55290895464258],[34.990587783222026,32.55298221724133],[34.990548738463914,32.553059594277386],[34.990517317521245,32.55314036817916],[34.9904938117825,32.55322378987352],[34.990478439232895,32.55330908573253],[34.990471342432876,32.55339546474777],[34.99047258719605,32.55348212586599],[34.99048216197887,32.55356826541776],[34.99374728722002,32.57394743480671],[34.9937658451196,32.5740350788283],[34.99379302447153,32.57412044365118],[34.9938285559697,32.57420268343958],[34.993872087550905,32.57428098332205],[34.99392318788328,32.57435456746563],[34.99398135064012,32.574422706763215],[34.99404599951681,32.57448472605779],[34.994116493941135,32.57454001083233],[34.99419213542039,32.57458801329865],[34.99427217446237,32.5746282578252],[34.99435581800167,32.574660345649825],[34.99444223725784,32.574683958830896],[34.99453057594726,32.57469886339765],[34.99461995876763,32.574704911668455],[34.99470950007092,32.574702043714126],[34.994798312638764,32.574690287951746],[34.994885516473474,32.57466976086307],[34.994970247517436,32.57464066584036],[35.002559725606254,32.57160442716341],[35.014474096997965,32.57568731869663],[35.01457263027202,32.575714935107186],[35.027786996270365,32.57861977622713],[35.043883608322986,32.58878688747761],[35.043958472359016,32.58882930862166],[35.06836889720875,32.601158677816855],[35.09126037096325,32.615785875241784],[35.09135709834665,32.61583961006394],[35.10338495650832,32.62158409741582],[35.103465180643525,32.62161775263199],[35.10354827942076,32.62164350488758],[35.10363347637063,32.621661113555255],[35.103719975418585,32.6216704141008],[35.10380696832335,32.62167131962055],[35.109396828323504,32.621459126755795],[35.10947495925502,32.62145274443497],[35.10955223842994,32.62143958747483],[35.109628079559194,32.621419755692465],[35.109701907263606,32.621393399544424],[35.118510810871655,32.61780888117827],[35.11860306564978,32.617765085666264],[35.11868976507932,32.617711120864065],[35.11876979287933,32.61764768158455],[35.13419119732253,32.60392854873826],[35.138534230178195,32.6042034948795],[35.14380950798169,32.60632536694836],[35.147467777425604,32.635678053494566],[35.14362470719233,32.666837902984824],[35.143618017267364,32.66693621715373],[35.143457205268625,32.67914692446427],[35.143464369400505,32.67927272119396],[35.14480070469914,32.68974289550582],[35.14482608335701,32.689869061694374],[35.15047428513792,32.71027266313576],[35.15134085715571,32.71838804443021],[35.15033005179335,32.72609035166219],[35.144043310423434,32.741193712602644],[35.144017563949454,32.741263582084954],[35.143997681356396,32.74133534076369],[35.14398379874492,32.741408497435145],[35.14289595551283,32.74879845812291],[35.142887650793526,32.74888134442411],[35.14288704513478,32.74896464352654],[35.14289414372514,32.74904764182354],[35.142908885752405,32.74912962828535],[35.14490457738066,32.757881192764515],[35.14493150056389,32.75797531102078],[35.14496848660947,32.75806594841036],[35.15054518404738,32.769854869192805],[35.12477885626969,32.76951679923326],[35.124693385098226,32.76951974147008],[35.12460857908012,32.76953078308238],[35.124525203979985,32.76954982436879],[35.12444401264184,32.76957669339407],[35.12436573819117,32.7696111475416],[35.12107029890245,32.771252826832495],[35.12100241625637,32.77129037909452],[35.120938019672835,32.77133363768965],[35.1208775876126,32.771382281210485],[35.11011282153711,32.78083993289768],[35.09798915718247,32.78469362520393],[35.085670270010105,32.784829119386906],[35.06458671322301,32.78161005525949],[35.06449677725755,32.78160091633369],[35.064406378182106,32.781600845587725],[35.06431642802265,32.78160984373536],[35.06422783427611,32.7816278199953],[35.06414149075472,32.7816545930071],[35.06405826856844,32.78168989266089],[35.06397900733644,32.781733362822486],[35.06390450671628,32.78178456492637],[35.06383551833623,32.78184298240034],[35.0637727382122,32.78190802587715],[35.063716799725746,32.78197903914055],[35.06366826723387,32.78205530574583],[35.06362763037537,32.78213605624786],[35.05398085863769,32.8039724385545],[35.03953490498567,32.82353824354192],[35.03947588201137,32.823629177678406],[35.03436322635186,32.83265339096095],[35.062755,32.858344],[35.067068,32.866848],[35.075531,32.893093],[35.0796,32.905829],[35.07781,32.917873],[35.06544,32.923082],[35.071544,32.937934],[35.078461,32.998847],[35.079231700698145,33.000692482728816],[35.07930537319561,33.00065801997978],[35.079380422523634,33.00061359399963],[35.07945081952851,33.000562112633546],[35.079515903167646,33.00050405930231],[35.07957506229205,33.000439979138854],[35.07962774138519,33.000370473869296],[35.079673445779356,33.00029619616265],[35.07971174630073,33.00021784350213],[35.079742283299424,33.00013615163557],[35.081456806806536,32.99476996553299],[35.08147883685839,32.99468780785569],[35.081493012379475,32.99460393735],[35.081499206749015,32.99451910317699],[35.0814973646367,32.99443406310558],[35.08116443943416,32.98961191627422],[35.10337327434773,32.97830725431105],[35.10345979417899,32.97825697169076],[35.10354019696119,32.97819739471771],[35.11016901301585,32.97268920988769],[35.11022735332425,32.97263624766678],[35.110280837671674,32.9725783856498],[35.11607271761863,32.96573422667587],[35.116121989572115,32.965670412892386],[35.11616535312228,32.965602445790935],[35.12132248305589,32.95665960563371],[35.12135747797139,32.95659256121872],[35.121386720489866,32.95652281544605],[35.12974923964585,32.933963150024155],[35.135749342297984,32.92290267277301],[35.14624668172527,32.91430229993309],[35.146306526903764,32.914248628243975],[35.14636134424078,32.9141898306661],[35.159157614555305,32.89917229589436],[35.174010146073336,32.89013469759403],[35.17411659980695,32.8900588064749],[35.18114914866489,32.88423057370251],[35.1812156829519,32.88416955246101],[35.18127576912087,32.8841021725266],[35.1863705285762,32.87777691326335],[35.18642651775603,32.87769928853048],[35.1864739470679,32.877616157021485],[35.191918178132056,32.86677181975457],[35.19714751399222,32.86001707495137],[35.2003802070112,32.858288688670896],[35.2150696428456,32.8547673108865],[35.21515477900245,32.85474240672336],[35.21523705008135,32.854709242704914],[35.21531565689674,32.854668140988174],[35.21538983585787,32.85461950083738],[35.21929584488753,32.851773478782896],[35.21937061652616,32.85171260822631],[35.2194384474781,32.85164408826891],[35.2194985592766,32.85156870528487],[35.22257043689089,32.84726193741133],[35.24046613301675,32.85704426656252],[35.24056005530069,32.85708876828043],[35.24065848180172,32.85712214525171],[35.250295528014085,32.85978061018077],[35.25038372870767,32.859800235856234],[35.25047345276987,32.85981091865305],[35.258528938315585,32.86036184434489],[35.25860579419787,32.86036380923808],[35.258682537360436,32.86035920766818],[35.258758607797304,32.86034807321351],[35.26777423045878,32.85863229323905],[35.26785143704021,32.85861404047367],[35.26792673624401,32.85858905948957],[35.26799954296565,32.85855754439885],[35.28127336269944,32.852102970251806],[35.29832776648382,32.852527718648936],[35.29845664621571,32.85252167755038],[35.30670074529675,32.85153948748836],[35.306802169278534,32.851521466977275],[35.306900869681975,32.85149197471963],[35.30699555346319,32.851451397084475],[35.321166116568094,32.844392762200904],[35.339003448312994,32.85531742572953],[35.33909288601558,32.85536548679492],[35.349612200375034,32.86027488153271],[35.34968129111057,32.86030369097542],[35.34975253698836,32.86032665918441],[35.362290424527146,32.86380014346462],[35.36238116385485,32.863820301031],[35.362473498323304,32.86383099210252],[35.37364920131657,32.86454284377761],[35.37371738157141,32.864544597140885],[35.37378549883144,32.86454118241981],[35.37863539989828,32.86411334648764],[35.378718780083574,32.8641020424431],[35.37880074018036,32.86408300092901],[35.37888056379295,32.86405638838316],[35.37895755320023,32.86402243742015],[35.37903103545426,32.86398144479805],[35.37910036826238,32.86393376882463],[35.38173076051902,32.86193767881508],[35.381794327472946,32.86188466233272],[35.38185275476577,32.86182602994843],[35.38190554818157,32.86176227761294],[35.38195226115943,32.861693944584815],[35.38199249857069,32.8616216088691],[35.38202592006125,32.861545882328166],[35.38751361062601,32.847381861781095],[35.3979451263497,32.828959959201676],[35.39799218813246,32.828863961253724],[35.39802753416621,32.828763059939035],[35.3998684035977,32.82230079008444],[35.39988723411082,32.82222108492651],[35.39989874105899,32.822139997994334],[35.40068202384787,32.81395891388244],[35.40454181716204,32.81526859196582],[35.41478204673424,32.82127461477345],[35.42893372942249,32.83381249292875],[35.429025422119985,32.83388372312245],[35.44177472160254,32.84252958267466],[35.44184553435132,32.84257297410329],[35.441920045398504,32.84260965332517],[35.441997620272254,32.84263930801167],[35.442077598411856,32.84266168564905],[35.44215929879245,32.84267659568865],[35.442242025724035,32.84268391116944],[35.44232507477541,32.842683569799085],[35.44240773877249,32.8426755744844],[35.465713973768096,32.839329967622845],[35.48895092425356,32.84204070041321],[35.48907617908064,32.84204651813593],[35.500329301136695,32.84178423057881],[35.50042938364483,32.84177629663906],[35.50052795978457,32.84175726507295],[35.50987662310837,32.839404754281325],[35.50995186389635,32.839382288292924],[35.51002486006249,32.83935334945158],[35.51009505594405,32.83931815804606],[35.51016191719465,32.83927698196104],[35.52042589550986,32.83232073041689],[35.520489661194425,32.8322732739282],[35.52054899097076,32.83222037630549],[35.52060342205335,32.832162450162045],[35.523669162243806,32.828596602474654],[35.523734829653975,32.828510184018164],[35.52378961669351,32.828416489094714],[35.53131121860157,32.81356460908036],[35.531345522715746,32.8134882583413],[35.531372585271434,32.813409050856286],[35.53139217218732,32.81332767174147],[35.53140411404363,32.8132448248968],[35.531408307547636,32.81316122691759],[35.53140471642703,32.81307760089619],[35.531393371743725,32.812994670167484],[35.53137437162511,32.812913152052346],[35.526046337357684,32.794066057662114],[35.530894082309175,32.7916550022829],[35.530969496191375,32.79161286420978],[35.53104052263561,32.79156368987649],[35.53110650724535,32.79150793234684],[35.53116684207662,32.79144610533842],[35.53122097123924,32.791378778489474],[35.53126839601846,32.79130657211059],[35.531308679469824,32.79123015146953],[35.53134145044495,32.7911502206618],[35.53136640701104,32.79106751612357],[35.53138331923277,32.79098279984655],[35.53139203129072,32.79089685235746],[35.53139246291703,32.79081046552667],[35.53138461013494,32.79072443527241],[35.530960216031964,32.787691786427615],[35.53626770796632,32.776953314997385],[35.53630677344838,32.77686187884694],[35.541654457487645,32.76214338367047],[35.54167882527138,32.76206547535295],[35.54169603378952,32.761985679602894],[35.54170594147555,32.76190465286299],[35.54170846682352,32.76182306170268],[35.54170358905858,32.761741577334654],[35.54169134830783,32.76166087009307],[35.53769311461869,32.7415116965538],[35.53994746847948,32.72041643295877],[35.53995188833789,32.7202859319131],[35.53966158214866,32.71279800441853],[35.53965254343036,32.71270099441575],[35.539633071180816,32.712605529916765],[35.537109280848796,32.70293834123701],[35.53706746581469,32.70281530877373],[35.53094518897935,32.688329753012056],[35.538102187495085,32.6830633810722],[35.54733317711225,32.67810775464465],[35.54741059837296,32.67806103545115],[35.54748294079028,32.67800678317646],[35.54754947408673,32.67794554548287],[35.547609526626374,32.677877940548626],[35.54766249219479,32.677804650827554],[35.54770783611864,32.677726416159906],[35.55133176203853,32.67068002749231],[35.55375541868542,32.67093735696553],[35.55385222902091,32.670942385518956],[35.5539490186149,32.67093697239586],[35.5540446645256,32.67092118039868],[35.55413805708007,32.67089519274436],[35.55422811274857,32.6708593109387],[35.5691135621394,32.663977627447395],[35.56920075638111,32.66393135277975],[35.569282358356475,32.66387580731846],[35.57499307945904,32.65951178918606],[35.575058025625836,32.65945711966926],[35.57511753189943,32.65939657411574],[35.57517106883849,32.659330691213526],[35.579016243019375,32.65411414664832],[35.57906383559792,32.654042676838124],[35.57910440063026,32.65396699681795],[35.57913756887506,32.65388779546166],[35.57913861525275,32.65388442654325],[35.578737,32.653434],[35.569849,32.646768],[35.562718,32.64421],[35.560547,32.640903],[35.560031,32.632686],[35.564061,32.625477],[35.572536,32.62124],[35.572536,32.615013],[35.565612,32.615013],[35.565612,32.607546],[35.571296,32.598554],[35.574397,32.572767],[35.579978,32.560391],[35.575844,32.554965],[35.574397,32.554396],[35.57388,32.556748],[35.572536,32.560391],[35.570159,32.556825],[35.565612,32.546102],[35.55941,32.55295],[35.562821,32.532021],[35.565612,32.525587],[35.551969,32.525587],[35.551969,32.518817],[35.55724,32.519334],[35.561374,32.519179],[35.568505,32.510265],[35.570573,32.506027],[35.579978,32.497733],[35.579978,32.49148],[35.570986,32.489207],[35.564991,32.48391],[35.561271,32.477089],[35.55941,32.470396],[35.563131,32.468174],[35.565405,32.466314],[35.568092,32.46497],[35.572536,32.464195],[35.572536,32.456728],[35.566232,32.453111],[35.55941,32.450527],[35.565612,32.443706],[35.551969,32.436212],[35.554139,32.434455],[35.556207,32.434791],[35.55786,32.43412],[35.55941,32.429443],[35.551969,32.429443],[35.551969,32.423242],[35.55817,32.417997],[35.5591,32.413966],[35.554863,32.411175],[35.545148,32.409573],[35.549592,32.39854],[35.551969,32.395285],[35.556827,32.390918],[35.560961,32.384717],[35.563958,32.377043],[35.565612,32.367948],[35.55941,32.367948],[35.55941,32.374821],[35.551969,32.374821],[35.551969,32.367948],[35.55229587376402,32.36735550328707],[35.55222357097131,32.36733023935623],[35.55213720496488,32.3673093433277],[35.55204919932738,32.36729706575291],[35.55196041192158,32.367293526311386],[35.55187170823079,32.36729875950497],[35.55178395292228,32.36731271432144],[35.55169800141866,32.36733525473183],[35.55161469155939,32.36736616101634],[35.55153483543365,32.36740513190621],[35.55145921146428,32.36745178752036],[35.55138855681982,32.367505673068436],[35.551323560228774,32.36756626328404],[35.55126485526594,32.36763296754487],[35.543399980031275,32.377513136513755],[35.54334559759417,32.37758926135368],[35.54329941140903,32.37767062029309],[35.54326192053988,32.3777563342094],[35.53388688488112,32.40263876293966],[35.53385978765877,32.4027230272626],[35.533841098766025,32.402809545820546],[35.53383099897145,32.4028974817616],[35.53382958596544,32.402985984524236],[35.53383687341531,32.403074198064324],[35.53385279083311,32.403161269135246],[35.533877184257406,32.40324635554092],[35.53390981774248,32.40332863428199],[35.53395037564053,32.403407309516254],[35.53399846565475,32.40348162025648],[35.53405362263385,32.40355084773106],[35.534115313071226,32.403614322336345],[35.534182940265325,32.403671430113384],[35.53425585009123,32.40372161868646],[35.53433333732769,32.403764402605944],[35.5344146524784,32.40379936804381],[35.534499009021495,32.40382617679642],[35.534585591017226,32.403844569555744],[35.5346735610001,32.40385436841759],[35.53476206807931,32.40385547860233],[35.53485025616897,32.403847889371704],[35.53493727226864,32.403831674132626],[35.53502227471396,32.403806989727215],[35.53510444131766,32.4037740749157],[35.535182977322194,32.403733248067034],[35.54545695050361,32.397732932613216],[35.54098134745075,32.40499088196205],[35.53573244680485,32.40808897962693],[35.52957395268288,32.41004631686536],[35.514856202229886,32.40996826751818],[35.51476750444406,32.40997217641795],[35.51467962338159,32.40998480557338],[35.51459341426373,32.410006032082876],[35.514509716041076,32.41003564937905],[35.51442934322927,32.410073369238916],[35.51435307798243,32.41011882458879],[35.51428166248163,32.41017157307648],[35.51421579171225,32.41023110137605],[35.51415610670072,32.41029683018332],[35.51410318827625,32.410368119853395],[35.51405755141853,32.41044427662543],[35.514019640246126,32.41052455937397],[35.513989823694494,32.41060818682136],[35.51396839192567,32.410694345140705],[35.51395555350456,32.41078219587577],[35.51395143336922,32.41087088410042],[35.51395607161508,32.410959546738454],[35.513969423104676,32.41104732096265],[35.51399135790698,32.411133352591456],[35.5140216625618,32.411216804401526],[35.51406004215708,32.41129686427521],[35.51410612319884,32.41137275310375],[35.51415945724594,32.41144373236923],[35.525046934250796,32.42453517771479],[35.52386445892323,32.431488297294734],[35.52385367971152,32.431579825163986],[35.52385231721765,32.4316719755078],[35.52386038572853,32.431763782051064],[35.52387780063893,32.43185428212372],[35.523904379338624,32.43194252675515],[35.52393984312724,32.43202759062499],[35.52398382013664,32.43210858176585],[35.5240358492303,32.43218465091642],[35.5240953848387,32.43225500042663],[35.52416180268012,32.432318892621744],[35.52423440630671,32.43237565753749],[35.53073186995251,32.436939631211246],[35.53069307789333,32.437185135146485],[35.527260364270894,32.43883294422561],[35.527180864580444,32.438876151831764],[35.52710610509965,32.43892712356944],[35.52703684146207,32.43898534424034],[35.526973773751905,32.4390502253774],[35.526917539427814,32.439121111192655],[35.52686870687983,32.439197285205736],[35.52682776968433,32.43927797748564],[35.52679514161517,32.43936237243284],[35.52677115246148,32.43944961702302],[35.52675604469432,32.43953882942901],[35.526749971015875,32.43962910793388],[35.52675299281603,32.439719540045076],[35.526765079551836,32.43980921171746],[35.52678610905628,32.439897216592065],[35.526815868773056,32.43998266515711],[35.52685405790496,32.440064693738805],[35.52690029045428,32.44014247323093],[35.52695409912419,32.44021521747506],[35.52701494004204,32.44028219120666],[35.52708219825652,32.44034271748687],[35.532194710254906,32.44449798347854],[35.530255342008395,32.444308561203705]]]}},{"type":"Feature","properties":{"id":"samaria-hills","name_he":"הרי השומרון","name_en":"Samarian Hills","rock_summary_he":"דולומיט וגיר, תצורות ורדים ובענה, טורון-קנומן עליון, כ-93 מיליון שנה","description_he":"הרי השומרון הם המשך דרומי של רכס הגליל, עם תצורות ורדים ובענה החושפות דולומיט קשה היוצר טרשים ומצוקים, לצד קירטוף נרחב. האזור נחשב לאגן ניקוז מרכזי המזין את אקוויפר ההר, ובו בקעות פוריות (כמו בקעת דותן) בין הגבעות. יש להצביע על ההבדל בין הרי השומרון המפותלים יותר לבין רכס הרי יהודה החד יותר שמדרום.","color":"#CDB077","sources":[{"title":"חבורת יהודה - ויקיפדיה","url":"https://he.wikipedia.org/wiki/חבורת_יהודה"}],"rock_photo":{"file":"assets/rocks/central-mountain-backbone.jpg","title":"Soreq Cave-2016","author":"Relly.hendel","license":"CC BY-SA 4.0","license_url":"https://creativecommons.org/licenses/by-sa/4.0","source_url":"https://commons.wikimedia.org/wiki/File:Soreq_Cave-2016.jpg"},"rock_class":"limestone","rock_class_he":"גיר"},"geometry":{"type":"Polygon","coordinates":[[[35.42774409630178,31.95233018599358],[35.427680004659784,31.95226730618484],[35.42760996670437,31.95221112528308],[35.427534679495544,31.952162202434547],[35.42745489233705,31.95212102454896],[35.42737139931886,31.952088001453493],[35.427285031413874,31.952063461813925],[35.42719664820763,31.95204764986356],[35.42710712934313,31.95204072297247],[35.427017365766154,31.95204275008126],[35.426928250858005,31.95205371101492],[35.426840671544035,31.95207349668362],[35.42225519771352,31.95335288410349],[35.40964336058108,31.950572522079018],[35.40953848501901,31.950555817538174],[35.40943237190997,31.95055158276638],[35.40326683903211,31.950669642536646],[35.403179871110886,31.9506755297573],[35.40309388060535,31.950689802516155],[35.40300967413601,31.95071232692982],[35.40292804158853,31.95074289171155],[35.4028497487043,31.950781210153167],[35.402775529897504,31.95082692281451],[35.40270608136609,31.95087960089509],[35.39167633805914,31.960120469001556],[35.36842051779857,31.976358201562373],[35.3307200974691,31.98456794556465],[35.31881135530943,31.986094538019977],[35.27141423341268,31.983842882553642],[35.25333615945614,31.981486481748615],[35.25325213923202,31.981479512343277],[35.25316783550563,31.981480435593106],[35.25308398806515,31.981489243396336],[35.2280039465149,31.985318647878362],[35.2161385606249,31.985741168362267],[35.19632575818301,31.981739745175744],[35.19624013882151,31.981726704570015],[35.19615366244392,31.98172195393007],[35.19606712983564,31.981725537247602],[35.195981342302765,31.98173742134051],[35.1859689583701,31.98361929156698],[35.17858616099943,31.983221665590747],[35.15827659047381,31.9769321415219],[35.1581946110575,31.9769109243393],[35.15811100041271,31.976897505933575],[35.15802649873037,31.976892005095607],[35.157941854089664,31.976894470523387],[35.157857815835314,31.976904880390897],[35.14442575531827,31.979214801719355],[35.135320378328245,31.979402502497127],[35.09597399083339,31.973242868441606],[35.09588110149964,31.9732332309025],[35.09578771355134,31.973233270871827],[35.0956948325012,31.973242987919228],[35.095603458404135,31.97326227742078],[35.07954301881016,31.97753393512609],[35.07146042549674,31.978081823177437],[35.06397580170858,31.976765180811043],[35.04792918141893,31.97009888576024],[35.0478435088744,31.97006827383437],[35.047755183566714,31.970046467529922],[35.04766510803602,31.970033689671652],[35.04757420270688,31.97003007082837],[35.04748339648306,31.970035647978726],[35.02774207613639,31.97225408048358],[35.01516330871316,31.970145639539165],[35.00433994160808,31.965351017310322],[34.9901048984325,31.95658574873883],[34.98029968451238,31.94512512891306],[34.980247144704144,31.945068790298574],[34.980189979476116,31.945017151092188],[34.98012860764976,31.944970589628923],[34.9632709100641,31.933282990956762],[34.96319352188357,31.933234946088046],[34.96311167366535,31.933194969731638],[34.96302620382218,31.93316347138559],[34.9629379878649,31.9331407737034],[34.9628479294342,31.933127109188913],[34.96275695104416,31.933122617814664],[34.95067057607038,31.93313832152749],[34.950587242257896,31.93314229665333],[34.95050463458076,31.933153971309878],[34.95042346288631,31.93317324517687],[34.94205201069324,31.935575908567227],[34.94194586116982,31.935613712794492],[34.92657078616421,31.942200934193693],[34.926507972070006,31.942230768638165],[34.9264476489377,31.942265363785484],[34.908355317993895,31.953591882656188],[34.88927430309923,31.9586260579194],[34.88918094507144,31.958656219156413],[34.88909142473818,31.95869636304145],[34.889006805890766,31.958746012535237],[34.888928094074956,31.958804577641093],[34.88681825268369,31.96056089437255],[34.886749701973706,31.960624257771443],[34.88668808331388,31.96069438095533],[34.886634059608404,31.960770509526874],[34.88658821205365,31.960851824481722],[34.88655103388556,31.96093745101952],[34.88652292507329,31.961026467955165],[34.8865041880163,31.96111791762905],[34.8864950242911,31.961210816209764],[34.88594933373479,31.97295278862994],[34.885949688944,31.973043398136433],[34.885959153171704,31.973133512714803],[34.88597763048793,31.97322221895825],[34.89197817201537,31.996173616716003],[34.89323514771677,32.007796956585494],[34.89214580285913,32.01821963714829],[34.88589528208528,32.044984230663296],[34.885880757111366,32.04506154346569],[34.88587303876736,32.045139829297405],[34.88587218601991,32.045218490069736],[34.88679920295902,32.07340525782128],[34.88565268646857,32.08250324849886],[34.88349689407653,32.08745361638339],[34.88035860171274,32.09113285804417],[34.86833614066697,32.09758560137856],[34.868269769296,32.097624979735464],[34.86820701547652,32.09766989935276],[34.86814834062838,32.09772002994294],[34.865411018079804,32.10026969415629],[34.86534920428028,32.10033323669748],[34.865293941595574,32.10040255217939],[34.86524576618292,32.10047696810489],[34.865205145439006,32.10055576249249],[34.8651724734653,32.10063817088094],[34.8651480672445,32.10072339374606],[34.8641288771418,32.10508317609127],[34.86411178771158,32.10517975795381],[34.86410530963216,32.105277625922454],[34.86410951984159,32.10537561765136],[34.86531689565651,32.117725352670156],[34.86481043231429,32.12254459520665],[34.852901599301525,32.15856541997307],[34.84906912905061,32.16528325859227],[34.844544106185495,32.17036705039362],[34.82836772639963,32.181167056710855],[34.828297111362524,32.181219360543],[34.82823193378236,32.18127830167775],[34.82817281503276,32.18134331819693],[34.828120318725176,32.181413790262404],[34.82807494533572,32.18148904602531],[34.82803712743381,32.181568368031186],[34.82800722555823,32.18165100005984],[34.824921199149955,32.191685231353226],[34.823728800069034,32.19336313598487],[34.8205523104187,32.18156189083764],[34.82041697256976,32.16882720238867],[34.820411966935,32.168741498281925],[34.820398818142316,32.168656661028656],[34.82037764583354,32.168573462569334],[34.82034864265709,32.168492659932944],[34.82031207251503,32.16841498834868],[34.820268268161804,32.168341154556074],[34.80857097589392,32.150610492321405],[34.80411702117359,32.14137371297619],[34.80082556648911,32.12569395127654],[34.80080280233915,32.12560724129687],[34.79443513562377,32.10549094047342],[34.792532561493196,32.09206520960435],[34.79251594804663,32.09197870023625],[34.79249095696443,32.09189422939402],[34.79245782766355,32.0918126063164],[34.79241687752586,32.09173461296028],[34.792368498857584,32.091660996509454],[34.792313155131,32.091592462216546],[34.792251376544286,32.09152966664664],[34.7921837549422,32.091473211387296],[34.79211093814616,32.09142363728528],[34.79203362374802,32.09138141926524],[34.791952552427105,32.09134696177982],[34.7773752136746,32.08597728319552],[34.767138269179796,32.079544537265264],[34.76562029677061,32.077697948737125],[34.76021665340889,32.04229772260822],[34.760198109717805,32.04220748503717],[34.76017043863681,32.04211961582194],[34.76013393008668,32.042035035602765],[34.74110938273457,32.0035093112666],[34.73892999379898,31.996337596816115],[34.73782653865156,31.986763536997653],[34.73781316730488,31.986681246400344],[34.737792238667595,31.98660054616825],[34.73776393232642,31.986522128782635],[34.73772849117546,31.98644666713584],[34.73768621933196,31.98637480875731],[34.72452375586985,31.96620022018541],[34.71505030726872,31.94771554934445],[34.71500505319111,31.947637217679333],[34.71495216410139,31.94756382472676],[34.71489217436094,31.94749611200756],[34.714825690072146,31.94743476365271],[34.701872937539534,31.936635855936505],[34.70180338866312,31.9365833636732],[34.70172908958299,31.936537843011855],[34.701650736736894,31.936499720637514],[34.70156906456029,31.93646935388785],[34.70148483860216,31.93644702740368],[34.701398848349235,31.93643295046089],[34.70131189982571,31.936427255008816],[34.7012248080381,31.93642999443342],[34.70113838933577,31.93644114305688],[34.70105345375898,31.936460596378275],[34.70097079744601,31.936488172053124],[34.7008911951706,31.936523611602578],[34.70081539307964,31.936566582836253],[34.70075966295637,31.936605747268082],[34.711925,31.951606],[34.743337,32.039862],[34.743988,32.044623],[34.742686,32.055609],[34.743337,32.06037],[34.757009,32.066596],[34.837657,32.280707],[34.87322,32.430325],[34.904145,32.560614],[34.909841,32.570258],[34.915863,32.614895],[34.91607244947307,32.61544896604588],[34.916102832572186,32.615440575839045],[34.91618470317751,32.6154091104873],[34.91626312221042,32.615369825380014],[34.91633734489685,32.61532309362214],[34.91640666631699,32.61526935904215],[34.91647042810011,32.6152091319769],[34.91652802467739,32.61514298442469],[34.91657890903319,32.61507154461289],[34.9166225979003,32.61499549103134],[34.919763748386714,32.6088524342466],[34.92902112254888,32.597548370402144],[34.929080233300404,32.59746737498063],[34.92912996729091,32.597380306792175],[34.931562404801404,32.59251052144715],[34.93159632030879,32.59243389120762],[34.931622961399704,32.59235443865871],[34.931642097103946,32.59227285263003],[34.931653561520726,32.59218984044779],[34.9321657041089,32.58655657120604],[34.93216917840285,32.58645508650495],[34.93216119861967,32.58635385637932],[34.93018845328433,32.57184165544327],[34.93046817518517,32.56573691763824],[34.93118355256829,32.56529264967253],[34.95047878933211,32.56453164375253],[34.9505678437028,32.564523686880065],[34.950655669141405,32.56450693322099],[34.95074139888753,32.564481548119296],[34.95082418686343,32.56444778210377],[34.950903216024074,32.56440596841551],[34.95097770642065,32.5643565197191],[34.95104692289798,32.564299924029996],[34.95111018234987,32.56423673989825],[34.954118501319826,32.560917510559726],[34.95417315178308,32.56085109169572],[34.95422121231335,32.5607797592062],[34.95426224394957,32.56070416460679],[34.954295871929105,32.5606249983411],[34.95432178911065,32.56054298347457],[34.95433975877951,32.56045886909036],[34.954349616809644,32.560373423447565],[34.95466490301517,32.55567900459719],[34.96682557571905,32.564449460557164],[34.96689054700712,32.56449217748123],[34.966958962925716,32.56452912698675],[34.967030312804575,32.564560033275136],[34.967104064073766,32.5645846656556],[34.98434162416599,32.569525215562706],[34.98443303234193,32.56954632812831],[34.98452614166409,32.569557810688295],[34.984619940437014,32.569559538476916],[34.984713409473926,32.56955149272059],[34.984805533170835,32.56953376084187],[34.986619243184855,32.56908549880141],[34.98670386752382,32.56906011684668],[34.98678559549697,32.569026560017605],[34.98686363953697,32.5689851516828],[34.986937247576556,32.56893629087151],[34.98700571029572,32.568880448428374],[34.98706836795708,32.56881816247614],[34.98712461676337,32.568750033230124],[34.98717391467592,32.56867671721422],[34.98805980430103,32.56720837237363],[34.993320335583775,32.56751792944543],[34.99340900323208,32.56751877141063],[34.99349732338557,32.567510883999816],[34.99358443872151,32.567494343775984],[34.993669503612345,32.56746931129491],[34.99375169233414,32.567436029546585],[34.99383020708191,32.56739482159658],[34.9939042857139,32.567346087449984],[34.993973209149665,32.5672903001686],[34.99403630835021,32.56722800127895],[34.994092970812304,32.56715979551562],[34.994142646514085,32.5670863449512],[34.99418485325407,32.56700836256946],[34.99421918133193,32.56692660534451],[34.99424529752539,32.56684186689279],[34.99426294832487,32.56675496976948],[34.99427196239425,32.56666675748397],[34.994272252234076,32.566578086311914],[34.99426381503086,32.566489816983356],[34.99270536506617,32.55578566705759],[35.00243209318885,32.56031982353065],[35.00253475891385,32.56036022064568],[35.00264159605892,32.560387752489554],[35.01254773345629,32.56230194225977],[35.01263489263157,32.562314398005505],[35.01272285179626,32.562318277797026],[35.012810769162996,32.56231354450392],[35.021349984484466,32.56143330429241],[35.02144669208643,32.5614179810458],[35.02154116277291,32.56139224291149],[35.03583177657585,32.556649925410596],[35.04135364920628,32.55646242160651],[35.0713219753837,32.593961434147694],[35.071381375349524,32.59402860564788],[35.07144716457096,32.59408953302038],[35.071518689999316,32.59414361147705],[35.071595241646136,32.59419030421467],[35.07167605963081,32.59422914774347],[35.07176034172347,32.59425975648789],[35.094070957574516,32.60112514890013],[35.094160680722815,32.60114778133208],[35.09425225352125,32.60116108144125],[35.09434470795825,32.60116490863282],[35.09443706670249,32.60115922244975],[35.09452835343422,32.6011440830004],[35.09940236592149,32.600075739045806],[35.09950731337012,32.60004596716491],[35.09960788788238,32.600003716728835],[35.1071245527117,32.59629505479584],[35.10721017826345,32.59624682481972],[35.10729003478552,32.596189546537694],[35.12158027994365,32.5847079918187],[35.13788591010242,32.57968800142768],[35.13797698295205,32.57965448876127],[35.138063918108024,32.57961136520154],[35.13814570482973,32.57955913211911],[35.15088831585767,32.570417868764004],[35.158281659867406,32.5677579472626],[35.17887567929355,32.574571376423805],[35.178958127816465,32.57459436695442],[35.17904238749915,32.57460942116656],[35.20333974616778,32.57776693858312],[35.216201652045775,32.58285785895816],[35.21628730121494,32.582886874003975],[35.21637542973074,32.58290714757704],[35.232143519978436,32.5857089284483],[35.23224493076807,32.58572106182516],[35.23234706326702,32.58572162728561],[35.232448602189386,32.58571061754749],[35.24520694981705,32.58358908090397],[35.24529306611958,32.58357038757254],[35.24537694149595,32.58354336203944],[35.245457771834154,32.58350826339807],[35.26455241325943,32.57408027864595],[35.295756023799285,32.57603469892629],[35.29584363826355,32.576035912822896],[35.29593095553441,32.576028601044584],[35.30561831319014,32.57474000737862],[35.30568626557893,32.57472830382801],[35.305753122534455,32.57471143232134],[35.31586095849068,32.5717445077358],[35.32226165981408,32.57482908856073],[35.34277697296101,32.59077813294727],[35.342857034345954,32.590833691716355],[35.35580798695134,32.5988184223587],[35.35588517352031,32.598860942317756],[35.35596614842313,32.598895709809234],[35.356050135329056,32.59892239150673],[35.3561363290304,32.59894073160481],[35.36328163419056,32.60009877992858],[35.36337164196555,32.600108752125],[35.36346219623613,32.600109628675064],[35.363552380185666,32.60010140070413],[35.37358093960597,32.59867470444995],[35.37365874036079,32.59866012028748],[35.37373495875585,32.59863875649802],[35.37380900521313,32.59861077833853],[35.38279973157252,32.59475376354815],[35.38288994289662,32.59470892810733],[35.38297457844906,32.594654291828064],[35.39233677171547,32.58783915479837],[35.392403438853655,32.58778560000947],[35.392464722273786,32.58772595971148],[35.39252006871349,32.58766077233279],[35.39256897850901,32.587590626380454],[35.399763775660716,32.57614928566244],[35.4104583752737,32.56334010411001],[35.41050364582509,32.56328108673184],[35.41054388844094,32.56321853271024],[35.415097067817634,32.555453461126156],[35.41514060902165,32.555369353286295],[35.415175070458766,32.55528113551866],[35.41765060428002,32.54780523711226],[35.41767439977073,32.547719334605155],[35.417689581079685,32.5476314995668],[35.41769599929011,32.54754259359017],[35.41816420712419,32.52675993317862],[35.42391615540528,32.5204261048332],[35.42395959607827,32.52037451037784],[35.42399905094377,32.52031980760386],[35.429664951077505,32.51180934237001],[35.44177046859085,32.5068198321066],[35.44184608239954,32.5067844799223],[35.44191809582386,32.50674227457054],[35.44198588943945,32.50669357908117],[35.44862003793703,32.501445364779286],[35.44869039220946,32.50138348986254],[35.44875393265746,32.501314636101284],[35.44880997067289,32.50123954968575],[35.45347474267138,32.49425844077716],[35.453525165112055,32.49417316702805],[35.45356590996991,32.494082868127904],[35.458428887730776,32.48150043447355],[35.467221839097704,32.475733876632155],[35.467281766733294,32.475690965838645],[35.467337982119275,32.47564329521787],[35.47604406044513,32.46762509081595],[35.491836220934076,32.467327785521405],[35.49192920118787,32.46732120720656],[35.49202100235795,32.467305047163435],[35.50121698485915,32.46519009243009],[35.50129112853236,32.46516966880075],[35.50136325790675,32.46514298992778],[35.501432846312426,32.46511025061336],[35.50931367537364,32.46098248578178],[35.50939520517123,32.460934148646295],[35.50947119938047,32.46087750531727],[35.51918073176794,32.45281136930527],[35.52862071432523,32.449449216994005],[35.528714999194605,32.44940946176737],[35.52880416212105,32.449359261297374],[35.53365091601036,32.446254961144675],[35.53372586556303,32.44620135476661],[35.5337949409493,32.44614036566737],[35.533857418064756,32.44607263318433],[35.53391264197344,32.4459988673445],[35.533960033773376,32.44591984142146],[35.533999096665156,32.44583638382923],[35.534029421159765,32.44574936943823],[35.53405068937116,32.445659710404115],[35.534062678348654,32.445568346605846],[35.53406526241402,32.44547623579312],[35.53403290981204,32.444080091401325],[35.53402675468321,32.443993828817455],[35.53401234848572,32.443908555254964],[35.53398982423891,32.4438250580856],[35.533959389919964,32.44374410827882],[35.53392132654357,32.44366645328308],[35.533875985567164,32.44359281012423],[35.53382378564575,32.443523858784935],[35.53376520876627,32.44346023592602],[35.53370079579718,32.44340252900789],[35.52931916833568,32.43984129969739],[35.53189781443325,32.4386034695377],[35.53197429558886,32.43856209670564],[35.532046427168005,32.43851353629289],[35.53211353584658,32.43845824159463],[35.532174995187574,32.43839672876832],[35.532230231488654,32.438329572015576],[35.53227872913746,32.438257398222156],[35.53232003542471,32.43818088110623],[35.53235376477006,32.438100734929414],[35.53237960232138,32.43801770782939],[35.53239730689379,32.4379325748363],[35.53259740410882,32.43666621634011],[35.53260705563439,32.43657552719945],[35.53260747944804,32.436484326911284],[35.53259867119775,32.436393551986846],[35.53258072133308,32.43630413456943],[35.53255381417637,32.43621699286245],[35.53251822602995,32.43613302170065],[35.53247432233895,32.436053083361315],[35.532422553938545,32.43597799870976],[35.53236345242454,32.43590853877007],[35.53229762469447,32.4358454168077],[35.53222574671561,32.4357892810051],[35.525734308342855,32.43122953962706],[35.526890858417126,32.42442886414645],[35.526901223285265,32.42434330309577],[35.52690335645558,32.42425714293404],[35.52689723836577,32.424171173795024],[35.52688292512192,32.424086184060734],[35.52686054798397,32.42400295313149],[35.52683031216199,32.42392224427848],[35.526792494934284,32.42384479764412],[35.52674744310462,32.423771323454574],[35.526695569821854,32.42370249550662],[35.51684659131697,32.411859773473886],[35.52655324652495,32.41230050911644],[35.5266435289863,32.412300075377175],[35.52673331373114,32.41229059853433],[35.52682169724662,32.4122721739543],[35.536329792754486,32.40978657465095],[35.53641799940897,32.409758598600035],[35.53650286715755,32.40972171312093],[35.536583498804255,32.409676308155674],[35.54271168666179,32.40579752724348],[35.54278742326982,32.40574393036857],[35.54285723934739,32.40568282084305],[35.54292039289104,32.40561484813734],[35.54297621270656,32.40554073466359],[35.549046263777484,32.3965520657729],[35.549092191095184,32.39647625660564],[35.5491304387137,32.39639629744087],[35.549160635661934,32.39631296381818],[35.549182489053756,32.39622706400667],[35.54919578692885,32.396139431165395],[35.549200400308536,32.396050915262414],[35.54919628444674,32.39596237483078],[35.549183479263995,32.39587466864145],[35.549162108960296,32.39578864737389],[35.54913238081038,32.3957051453652],[35.549094583153384,32.39562497251769],[35.549049082596184,32.39554890644347],[35.54899632045757,32.39547768492228],[35.548936808487845,32.39541199874556],[35.54798698163341,32.39446214644881],[35.54792313874753,32.39440414721026],[35.54785403689921,32.39435252589385],[35.54778031078686,32.394307756639826],[35.54770263758261,32.39427025065244],[35.54762173071251,32.39424035242306],[35.54753833330375,32.39421833656604],[35.54745321135902,32.39420440529636],[35.547367146720845,32.39419868657231],[35.54728092989035,32.39420123292021],[35.54719535276653,32.394212020951926],[35.547111201372715,32.3942309515797],[35.54702924863694,32.3942578509263],[35.54695024729262,32.39429247192203],[35.54687492296475,32.39433449657407],[35.53645411312652,32.400822006179155],[35.54377369991297,32.38049474198112],[35.551969,32.3696833428236],[35.551969,32.367948],[35.557343,32.358207],[35.556517,32.328209],[35.565612,32.313352],[35.561167,32.301699],[35.560857,32.28263],[35.564578,32.263587],[35.572536,32.251908],[35.567575,32.249506],[35.563751,32.246818],[35.561064,32.243149],[35.55941,32.237594],[35.572536,32.237594],[35.559562,32.190371],[35.555173,32.174394],[35.55941,32.162534],[35.55941,32.155093],[35.551246,32.151527],[35.546698,32.147031],[35.546698,32.141605],[35.551969,32.135197],[35.535226,32.110806],[35.534606,32.09923],[35.545148,32.086828],[35.528301,32.075098],[35.522824,32.057838],[35.524684,32.011691],[35.535536,31.988229],[35.537706,31.977584],[35.538326,31.963942],[35.53998,31.955622],[35.545871,31.944563],[35.545148,31.936605],[35.5406,31.932006],[35.533676,31.9303],[35.527474,31.927355],[35.52663983243863,31.924929037421897],[35.52657121906587,31.924955194790602],[35.526492917027454,31.92499412820115],[35.526418763048085,31.92504047695539],[35.526349457198044,31.925093803485638],[35.52628565377759,31.925153604348637],[35.526227955139824,31.9252193149785],[35.526176906004025,31.925290315016607],[35.52613298831309,31.92536593416828],[35.521554387676275,31.93421319043588],[35.50794199511374,31.953093489375647],[35.50788974348367,31.953174842674986],[35.507846520651974,31.953261331859153],[35.50781282547372,31.95335195871566],[35.50778904684088,31.95344567727721],[35.50777545919385,31.953541405893652],[35.5054481769411,31.980145597924288],[35.501962680954485,31.991409255365905],[35.5005123844246,31.992966959390458],[35.49815111275031,31.992064332375705],[35.49789706058173,31.98904743359312],[35.49788424427657,31.988954055013803],[35.49786173244259,31.988862528874996],[35.49782977198227,31.98877385900565],[35.497788713427546,31.988689017908076],[35.49773900709531,31.988608936091854],[35.49768119814846,31.988534491868318],[35.49622422300056,31.986848495599677],[35.496162248880644,31.986783619407547],[35.496094123297695,31.98672523604697],[35.49602052327803,31.986673925726862],[35.47622711270606,31.974293498190747],[35.47615157611559,31.974251164618284],[35.476072320867814,31.974216286063882],[35.475990080602905,31.974189185387033],[35.47590561659239,31.97417011344993],[35.47581971069227,31.974159246795324],[35.47573315810567,31.974156686012318],[35.46252158339436,31.97440174353526],[35.43866584212283,31.96417109114242],[35.42774409630178,31.95233018599358]]]}},{"type":"Feature","properties":{"id":"judean-hills","name_he":"הרי יהודה","name_en":"Judean Hills","rock_summary_he":"דולומיט וגיר קשה, חבורת יהודה, קנומן-טורון, כ-100-90 מיליון שנה","description_he":"הרי יהודה בנויים ברובם מסלעי חבורת יהודה - דולומיט וגיר קשים המהווים את אקוויפר ההר המרכזי של הארץ. כאן ריכוז מערות הקרסט המרשימות ביותר בישראל, כולל מערת הנטיפים (אבשלום) ומערת שורק, שנוצרו מהמסת הסלע הקרבונטי לאורך מיליוני שנים. חשוב להסביר את הקשר בין המבנה הגיאולוגי הזה לבין הפריסה ההיסטורית של יישובים סביב מעיינות קרסט (כמו עין כרם, ליפתא).","color":"#D2BA84","sources":[{"title":"חבורת יהודה - ויקיפדיה","url":"https://he.wikipedia.org/wiki/חבורת_יהודה"}],"rock_photo":{"file":"assets/rocks/central-mountain-backbone.jpg","title":"Soreq Cave-2016","author":"Relly.hendel","license":"CC BY-SA 4.0","license_url":"https://creativecommons.org/licenses/by-sa/4.0","source_url":"https://commons.wikimedia.org/wiki/File:Soreq_Cave-2016.jpg"},"rock_class":"limestone","rock_class_he":"גיר"},"geometry":{"type":"Polygon","coordinates":[[[34.98647097440879,31.957476125824165],[34.98654623473144,31.957541955767688],[34.986628332894725,31.95759903106196],[35.00652144628638,31.969848348337806],[35.00660043059465,31.969891687786138],[35.006683352167805,31.9699269133655],[35.01796803844711,31.974067047055026],[35.01807378059606,31.97409863460175],[35.01818259379842,31.97411704281097],[35.02871920928676,31.975240647928338],[35.028820490502966,31.975245702956546],[35.028921697475646,31.975239332183673],[35.04728383251941,31.973039539382412],[35.06297600145399,31.979596598859867],[35.06306403029225,31.979628118253636],[35.06315485422082,31.979650334521285],[35.070226401573414,31.98099515106819],[35.0703274386338,31.981008491902603],[35.07042933616858,31.981010324343565],[35.079047117798545,31.9806769261746],[35.07914577232057,31.980667650560928],[35.079242809209205,31.98064758581648],[35.095842451756866,31.976249875463584],[35.13504967718768,31.982391040375976],[35.135128408285226,31.982399843083485],[35.135207608468505,31.982401688171176],[35.14466391448457,31.982205593333855],[35.144732583737586,31.982201539947354],[35.144800742830924,31.982192253707705],[35.1578195767715,31.979908731427088],[35.17797317114661,31.986159387241138],[35.17804490144083,31.986178430724664],[35.178117956871716,31.98619149951922],[35.17819184067232,31.986198504758786],[35.18607402423401,31.986618939279506],[35.18618272872606,31.986618163079005],[35.18629054667827,31.986604286542693],[35.19607957135256,31.984737601089883],[35.21581092631473,31.988724203629015],[35.2159154802613,31.988739008118984],[35.21602104856473,31.988741464534662],[35.22825841511967,31.988307659999055],[35.228362910423556,31.988297831961187],[35.25321326814096,31.98448819448492],[35.270100840226284,31.98675540696242],[35.27017349329015,31.986762176398468],[35.31594792887045,31.989161018903314],[35.31601449469689,31.989162041701963],[35.316080954015526,31.98915814114656],[35.329293934287335,31.987890885405097],[35.32939806772098,31.98787469980581],[35.369390060646964,31.97923451355087],[35.36948892094161,31.979207175282973],[35.369584028601054,31.97916876601501],[35.36967414831314,31.979119784628313],[35.39413570473048,31.963958045336476],[35.39420303421585,31.963911962164442],[35.39426591363176,31.96385997084402],[35.39922732929551,31.95936386208803],[35.39928894230325,31.959302343970194],[35.39934432264196,31.95923516019515],[35.399392952017195,31.959162939523534],[35.39943437531555,31.959086357855373],[35.39946820486397,31.95900613190447],[35.39949412405791,31.958923012490793],[35.399511890324376,31.958837777513697],[35.39952133739215,31.958751224671715],[35.39952237684785,31.95866416399703],[35.3995149989634,31.958577410274543],[35.39853301673533,31.951250450567066],[35.398517885839944,31.951167374817864],[35.3984950355501,31.95108608282346],[35.395497603185824,31.942069671130945],[35.39546425678183,31.941984190025646],[35.39542238019609,31.94190254840888],[35.39537240868668,31.9418255948497],[35.39531486164899,31.941754129190294],[35.37963229601928,31.924192151707796],[35.37956237960451,31.924122034407],[35.37948518365187,31.92406002210319],[35.37940164258894,31.92400686543165],[35.375357721977316,31.9217361410654],[35.372763385219955,31.911168288745422],[35.37273889241293,31.91108578017325],[35.36513718678891,31.88934741189997],[35.36510382714401,31.889265249081877],[35.36506254376483,31.88918676801927],[35.365013737436236,31.889112730617416],[35.36495788197698,31.88904385564188],[35.35938317017406,31.882823051827703],[35.35929241554321,31.882735078040476],[35.34686830150511,31.872279671321856],[35.3467948445012,31.87222402089664],[35.346716081657156,31.872176174103114],[35.34663283880641,31.87213663261794],[35.346545988755494,31.87210581103609],[35.3464564421327,31.8720840325238],[35.34636513784003,31.872071525430155],[35.346273033208774,31.872068420892816],[35.34618109396181,31.872074751463057],[35.34609028408797,31.872090450764446],[35.33574647765323,31.874429711557603],[35.33566954141842,31.874450733956326],[35.335594768427086,31.874478485086808],[35.335522745889584,31.874512747012727],[35.335454039416284,31.87455325066691],[35.32834276344977,31.879181900115274],[35.328263193459534,31.879240136329884],[35.328190471837765,31.879306727663895],[35.3281254714989,31.879380874787817],[35.32806897267491,31.879461687676187],[35.32359165975681,31.886677691595334],[35.32355672506453,31.886739277866514],[35.32352673983865,31.886803419800938],[35.316771748506866,31.90287220474384],[35.311768545544446,31.911572628799032],[35.305162642838276,31.91918341246292],[35.29748010122325,31.924093112137758],[35.2908380235051,31.92600113302652],[35.284255889633734,31.926213381827488],[35.261560115298884,31.92156760034224],[35.261470328516175,31.921553899184794],[35.2613796180159,31.921549317350717],[35.26128890763277,31.92155390150338],[35.2611991212003,31.921567604955797],[35.2611111731421,31.921590288146124],[35.26102595915899,31.921621720059],[35.2609443471068,31.92166158057832],[35.26086716815772,31.92170946374743],[35.24475522880054,31.932869436915627],[35.23734189228987,31.93676815378788],[35.22102759449209,31.93612794606737],[35.2123931459002,31.93494111867131],[35.21062949123931,31.933874996429132],[35.199049771157114,31.91277805262278],[35.1964775923221,31.90498306628644],[35.195754044442054,31.898991130859965],[35.20690251295921,31.890309050398173],[35.20695637401827,31.890263608270757],[35.2070065145864,31.890214091364008],[35.22081602138465,31.875464598267968],[35.22087385157849,31.875396324242864],[35.22092461684654,31.87532264547127],[35.220967815447835,31.875244290160865],[35.22995370769845,31.856836346432893],[35.229997984242154,31.85672840611201],[35.23335621063826,31.846742085849232],[35.24062811284869,31.83769169136698],[35.24067045919918,31.83763449630499],[35.24070815414673,31.837574134235403],[35.24522956460293,31.82965308363042],[35.24526489650733,31.82958451821775],[35.24529422773685,31.829513179320518],[35.2556479273076,31.80090234576768],[35.25567493837656,31.800813678150774],[35.25569268647318,31.800722702609008],[35.25570098334617,31.800630384105812],[35.255699740991886,31.800537701849205],[35.255688972587784,31.800445638905483],[35.2520030696425,31.778706778462894],[35.25198400081013,31.77862034807078],[35.25195653462338,31.778536208652948],[35.251920936718705,31.77845517395525],[35.25187755137762,31.77837802769658],[35.251826798197065,31.778305515989164],[35.23399347921906,31.755321421587965],[35.231849020422416,31.740335320986954],[35.231830319894996,31.740240941995655],[35.22610529935269,31.717734231096227],[35.22561808544286,31.712311787531213],[35.22648725150252,31.70774500104802],[35.23551624509681,31.69337161651112],[35.235558152931965,31.693297300378976],[35.23559283537992,31.69321934986937],[35.235619980763026,31.693138465493128],[35.23563934513633,31.693055374126605],[35.23565075447974,31.69297082247951],[35.235654106261954,31.692885570384522],[35.2356493703618,31.692800383968972],[35.23563658933897,31.69271602876997],[35.235615878051526,31.69263326285478],[35.235587422623745,31.69255283000842],[35.235551478773445,31.692475453049514],[35.23550836951401,31.692401827334614],[35.233697228934204,31.689619995593084],[35.23364951638284,31.68955352768886],[35.23359596459235,31.68949166755967],[35.233537016156355,31.689434926465715],[35.22015515925268,31.677678001200974],[35.220079398115786,31.67761831837746],[35.21999768544535,31.677567085294626],[35.208503815510866,31.671191760600323],[35.196628271780426,31.66144003939502],[35.181932077995405,31.64534190808066],[35.18185867828697,31.6452701846294],[35.167645675878596,31.632884569829827],[35.154822238017594,31.61953193685777],[35.140041204586545,31.60062875734365],[35.13170016510427,31.588392541918907],[35.12650489039422,31.57777312832516],[35.114018413152394,31.5340987152601],[35.11398940422652,31.534013594108796],[35.11395204538712,31.53393179285392],[35.11390670962892,31.533854128208112],[35.11385384958907,31.53378137558365],[35.11379399302795,31.533714261350653],[35.113727737559984,31.533653455584933],[35.11365574468698,31.533599565377873],[35.11357873319363,31.533553128775164],[35.113497471971044,31.53351460940491],[35.11341277234013,31.533484391848692],[35.11332547995123,31.533462777801883],[35.11323646634105,31.533449983061477],[35.113146620231156,31.533446135371555],[35.113056838654906,31.533451273147875],[35.11296801800132,31.533465345094317],[35.11288104506548,31.53348821071504],[35.112796788194636,31.533519641717188],[35.11271608861857,31.53355932429022],[35.09099166874494,31.545625433335257],[35.090920327477995,31.545669527468355],[35.09085340049799,31.545720070997028],[35.09079146898469,31.545776625011943],[35.090735070738276,31.545838698409984],[35.0906846955092,31.545905752158866],[35.09064078074533,31.545977203977994],[35.09060370779319,31.546052433394866],[35.08417994502938,31.56078145631362],[35.07387028274592,31.5767002707002],[35.07382856203099,31.576771680820524],[35.073793572688786,31.576846619257065],[35.06426607842491,31.599968068855965],[35.05769721492331,31.608553091529167],[35.049342479550525,31.61545940211209],[35.03987906883892,31.619401186322964],[35.02113745694657,31.623659700273496],[35.021079646152636,31.623674871350918],[34.998056728713856,31.63054144777752],[34.966920324384304,31.63325115983207],[34.966843484974184,31.63326119567372],[34.966767793699596,31.633277804226225],[34.9666938117051,31.63330086236047],[34.966622087463335,31.63333019913276],[34.94434375186833,31.643583231101545],[34.925256638620816,31.64725459493566],[34.92517311085838,31.647274840296994],[34.92509189510295,31.6473029608024],[34.92501373199829,31.64733870000808],[34.92493933434962,31.647381731991825],[34.924869380623235,31.64743166432522],[34.92480450875927,31.6474880416524],[34.92474531035404,31.647550349842643],[34.91912132277192,31.654066463785007],[34.919060937858795,31.6541447373006],[34.91900950207145,31.654229161472237],[34.91896763601002,31.654318717677363],[34.91625898852878,31.661054325727736],[34.90030124744909,31.67309848497475],[34.9002362869659,31.673152480580406],[34.900176674883404,31.673212328633237],[34.9001229363318,31.673277501924375],[34.90007554470059,31.673347426334264],[34.9000349174685,31.67342148589016],[34.90000141252584,31.673499028192317],[34.89997532502176,31.673579370161033],[34.89995688476429,31.673661804054014],[34.89994625419595,31.67374560370093],[34.89994352696272,31.673830030900373],[34.90013493924488,31.68689107547906],[34.89795710705058,31.695289800878115],[34.894106912306604,31.701970362005685],[34.88484817836744,31.71313471927487],[34.88478723671986,31.713217382986418],[34.884736109269156,31.71330645126024],[34.875652752789094,31.731456477815346],[34.875619755666655,31.731530579312118],[34.87559356448536,31.731607350816827],[34.87557439200303,31.73168616869446],[34.87556239396276,31.731766392686772],[34.874270678436496,31.74421709138274],[34.87426587575952,31.74431189313865],[34.87427108465804,31.744406673442544],[34.87428624718828,31.744500377958477],[34.877343290327545,31.758622588282833],[34.876243801961145,31.76653023185592],[34.87059052350658,31.775467008971454],[34.8577408714105,31.786620787075965],[34.85767963002562,31.78667921655959],[34.85762414859567,31.786743140911042],[34.857574917858116,31.786811994714554],[34.85084638048143,31.797224825229254],[34.850799598838876,31.79730624958455],[34.85076155615253,31.797392105287514],[34.84825973424521,31.803941105895735],[34.84822946112294,31.804035711988128],[34.8482097980027,31.80413307797989],[34.84738126466077,31.809844618907455],[34.847372641689496,31.80993834316642],[34.84737385394714,31.81003245545458],[34.847384888175796,31.810125926509723],[34.8483746118156,31.815897914825946],[34.84839284113866,31.815980638903216],[34.848418767154556,31.816061282705697],[34.84845216019139,31.81613913183074],[34.848492724428866,31.816213496633015],[34.86097552794138,31.836737014812556],[34.865868075662085,31.847193759358163],[34.8750562810574,31.887355723183607],[34.8750910034919,31.8874712471746],[34.89041934101031,31.9283131827979],[34.89117217055223,31.942766730087676],[34.88627716465001,31.96032436358172],[34.88625617306326,31.960419157863154],[34.88537750291973,31.965730055767168],[34.885367620435794,31.965814243081297],[34.885365702062856,31.965898986737074],[34.88548190246292,31.970645602476544],[34.885491360980964,31.97075554583127],[34.88586387297858,31.973268530223038],[34.88587222512204,31.973316053230985],[34.8862265909242,31.975057197948505],[34.886233694029556,31.97508911937728],[34.88666360605608,31.976868067545805],[34.88668819549538,31.976951803971417],[34.88672077962079,31.977032765099565],[34.88676105204379,31.977110189652812],[34.886808634082804,31.97718334960813],[34.88686307832396,31.977251557042507],[34.88692387282809,31.977314170601478],[34.88699044594451,31.977370601529785],[34.887062171686246,31.977420319207447],[34.88713837561619,31.977462856139173],[34.887218341188834,31.977497812350215],[34.88730131648796,31.977524859147348],[34.88738652129687,31.97754374220955],[34.8874731544348,31.977554283979405],[34.88756040129041,31.97755638533265],[34.88764744148157,31.97755002651027],[34.887733456569414,31.97753526730426],[34.88781763775413,31.977512246495426],[34.88789919348009,31.977481180548423],[34.88797735687884,31.977442361576333],[34.88805139298001,31.977396154593922],[34.88812060562218,31.97734299408542],[34.8881843439989,31.977283379919054],[34.88824200877828,31.977217872646793],[34.888293057738416,31.97714708823348],[34.888337010865975,31.977071692264907],[34.88837345486973,31.97699239368932],[34.88840204706673,31.976909938151177],[34.88842251860456,31.976825100979855],[34.88843467698937,31.97673867989922],[34.888438407895876,31.976651487526638],[34.888433676242364,31.97656434373194],[34.887459660288506,31.96711800905797],[34.88822673555486,31.961689769518518],[34.88906278623695,31.960681441688667],[34.908036295209364,31.955689390666247],[34.908118997863696,31.955663311185383],[34.90819880671783,31.955629393414863],[34.90827498084328,31.95558795224008],[34.92911175152863,31.942914525980996],[34.94915267486475,31.93521687623284],[34.9624421995169,31.93625769633861],[34.97793479649981,31.947044881732875],[34.98640348085263,31.95740235375962],[34.98647097440879,31.957476125824165]]]}},{"type":"Feature","properties":{"id":"judean-desert","name_he":"מדבר יהודה","name_en":"Judean Desert","rock_summary_he":"קירטון וגיר (חבורת הר הצופים), פלאוקן-אאוקן, עם דולומיט חבורת יהודה בעמקים, כ-90-56 מיליון שנה","description_he":"מדבר יהודה הוא מדרון הגשם-הצל המזרחי של הרי יהודה, היורד בתלילות לעבר בקע ים המלח ויוצר את אחד ההבדלים הטופוגרפיים החדים בעולם לאורך מרחק קצר. נחלים איתנים (קדרון, פרת, דרגות) חתרו קניונים עמוקים בסלעי הגיר והקירטון, וחשפו את מה שמכונה 'הפרצוף הדולומיטי' של המדבר. האקלים הצחיח יוצר ניגוד קיצוני מול ירושלים הסמוכה, ומסביר תופעות כמו מפלי מים איתנים (עין גדי) הנובעים ממגע סלעים.","color":"#C9A05A","sources":[{"title":"'הפרצוף הדולומיטי' של מדבר יהודה - האוניברסיטה העברית","url":"https://earth.huji.ac.il/sites/default/files/earth/files/01.melah_6_raz.pdf"}],"rock_photo":{"file":"assets/rocks/judean-desert-basic.jpg","title":"Judean Desert Landscape","author":"The Turtle Ninja","license":"CC BY-SA 3.0","license_url":"https://creativecommons.org/licenses/by-sa/3.0","source_url":"https://commons.wikimedia.org/wiki/File:Judean_Desert_Landscape.JPG"},"rock_class":"chalk","rock_class_he":"קירטון"},"geometry":{"type":"MultiPolygon","coordinates":[[[[35.39513185622232,31.48221868575196],[35.395193494406506,31.48215745060968],[35.395248940680254,31.48209055726825],[35.395297678297396,31.482018629157785],[35.410972630413184,31.45629289764397],[35.41102371115205,31.45619631920177],[35.41106271305185,31.456094262897736],[35.41462506936204,31.444751096051828],[35.42322477194249,31.4258517361069],[35.4232515027122,31.425786285946266],[35.423273013621326,31.42571893954054],[35.425426405286935,31.41793447151539],[35.42544716290305,31.417839897936435],[35.42545764060528,31.417743641725107],[35.425857294393296,31.410432297075726],[35.42585793318955,31.410347614636247],[35.42585060984841,31.410263247034102],[35.42583538920879,31.41017994123751],[35.425812406030175,31.410098434813726],[35.42578186379947,31.410019449398867],[35.42574403292945,31.409943684308686],[35.42569924836451,31.40987181034706],[35.42564790661524,31.409804463866834],[35.42559046224776,31.409742241135763],[35.425527423859165,31.40968569305728],[35.42403351080327,31.408467424532798],[35.423963279195796,31.408415611865856],[35.42388835929355,31.408370845367305],[35.42380945562399,31.408333546009757],[35.42372731017686,31.408304064546755],[35.42364269542678,31.40828267821437],[35.410474483980714,31.405626244236483],[35.39007729856207,31.397188030315633],[35.389998427630566,31.397159626799677],[35.389917256089575,31.397138684868338],[35.37900850598719,31.39486027042588],[35.369184062045086,31.3747406409261],[35.361233883818755,31.353548845101212],[35.36120124807835,31.353472705845718],[35.36116174990799,31.353399889828818],[35.34361285401957,31.324325802579615],[35.33504872429701,31.306139218122084],[35.33500304531727,31.306054332512375],[35.334948549604874,31.305974819285453],[35.334885862322245,31.30590159059899],[35.32911770284447,31.299851821856233],[35.32905892978373,31.299795513044714],[35.32899530985026,31.29974474436353],[35.30873176723333,31.285023432942356],[35.3086703120018,31.284982528569035],[35.30860571110965,31.28494679849806],[35.30853839921027,31.28491648313164],[35.29476323296118,31.279380322585],[35.282271183823696,31.271464973380933],[35.282186529314934,31.271417527472114],[35.282097258442384,31.27137947209889],[35.27772952523938,31.269789952812054],[35.27765790398888,31.269767226161985],[35.27758463657332,31.269750553130965],[35.27751023370315,31.26974004993834],[35.25176447853612,31.267196303084123],[35.251666964924375,31.26719198733331],[35.25156955743486,31.267198257195208],[35.22685120563268,31.270141985749575],[35.21312639254721,31.2693027067266],[35.19880484728639,31.26547615673427],[35.173905405545035,31.254715113906244],[35.17382434503346,31.254684620698544],[35.17374072889674,31.25466206002629],[35.173655331424655,31.25464764080249],[35.173568943402266,31.2546414965499],[35.167640030627716,31.25450587177792],[35.167565744909545,31.25450724008332],[35.16749182518649,31.25451473105963],[35.16741877522968,31.254528293655007],[35.15160228997129,31.258145972033464],[35.1393523295757,31.257433480176324],[35.10823401830697,31.247690839285564],[35.10815050361005,31.247669029398633],[35.108065283700434,31.247655320176314],[35.079693003410924,31.244477752181073],[35.07187555555096,31.24142866546161],[35.063713637317264,31.236358923678267],[35.06363378286789,31.23631476796579],[35.06354986773879,31.236278925098468],[35.063462754542286,31.236251763525928],[35.06337333876546,31.23623356245774],[35.063282539564966,31.236224508993246],[35.063191290318485,31.236224696198256],[35.06310052902997,31.23623412214839],[35.06301118868737,31.236252689948824],[35.061706116653944,31.2365937688082],[35.06162300518865,31.236619846782666],[35.06154280399696,31.236653837152865],[35.06146626435376,31.23669542151813],[35.06139410323486,31.236744210341996],[35.06132699660075,31.23679974660108],[35.06126557306465,31.23686151006624],[35.06121040800407,31.236928922175736],[35.061162018171004,31.237001351454833],[35.06112085685131,31.237078119431075],[35.06108730961865,31.23715850698979],[35.06106169072264,31.2372417611103],[35.061044240145165,31.23732710191977],[35.0610351213524,31.237413729998554],[35.06103441976351,31.237500833868665],[35.06104214195055,31.2375875975952],[35.06105821557688,31.237673208429516],[35.06490165126396,31.253797035192072],[35.065927782894384,31.266809357911253],[35.06392184929367,31.292446386901517],[35.06391911313172,31.292519927030686],[35.06404941774686,31.327679559148283],[35.05940624723674,31.35549469052868],[35.05939595052742,31.35558311039804],[35.05939443893362,31.355672114951883],[35.05940172724304,31.355760833473436],[35.061493941677355,31.371586558479937],[35.06151386544294,31.371690119844374],[35.068177448097835,31.3979305477341],[35.07038813579707,31.434187135637366],[35.07040271358956,31.43430259378795],[35.074035458331046,31.453161814866718],[35.07405255458275,31.453234285025164],[35.074075582844436,31.45330509395717],[35.07410438549459,31.45337375699695],[35.10664187813159,31.522746280156237],[35.10931467781916,31.531361700533594],[35.10981060730706,31.540184494598225],[35.109819713880974,31.54027122326531],[35.10983717140757,31.540356663455785],[35.111663829074466,31.547509935410197],[35.111685194973305,31.547581182302032],[35.122351411952074,31.578450393016382],[35.12237757586614,31.578517328235815],[35.12240899703303,31.57858196247033],[35.13009721359842,31.592911799546975],[35.13013682247299,31.59297854650006],[35.13018203485703,31.593041632623894],[35.152109037901255,31.621006559562492],[35.15216763939134,31.621074098771956],[35.16554699991876,31.635028635870597],[35.16560541859524,31.63508433591626],[35.17978852335947,31.647441861319],[35.193521280202305,31.662608133307213],[35.19360840574009,31.66269221855062],[35.20581388312778,31.672979492131677],[35.205880622261716,31.673030608005288],[35.20595183956238,31.67307527388287],[35.218284576467006,31.68002956362555],[35.23239403849473,31.69328068386441],[35.223756821835124,31.706498873761088],[35.22371249422879,31.70657451891986],[35.22367573742119,31.706654118315736],[35.22364690024471,31.70673691652816],[35.223626256372214,31.706822127778928],[35.22262761706034,31.71204402715193],[35.22261577325717,31.712126481914357],[35.2226116037504,31.712209678541296],[35.22261514425915,31.71229290430845],[35.22314053297521,31.71819319802139],[35.22314979739273,31.71826468906193],[35.223164753835505,31.718335209293983],[35.22889899601267,31.740881604832797],[35.23109888356075,31.756174340851107],[35.23111680592556,31.756265355694026],[35.2311440014937,31.7563540422988],[35.23118018135716,31.756439458516656],[35.2312249611646,31.756520696941294],[35.231277865204504,31.75659689454857],[35.24917518239973,31.779731358442465],[35.25267957829601,31.800392241817704],[35.24253757650816,31.82832692604248],[35.238196852442854,31.835932192997294],[35.23080936578816,31.845144815578514],[35.230762867938175,31.845208300176015],[35.23072209328848,31.84527560375776],[35.230687353555936,31.845346211796656],[35.23065891432127,31.845419584503468],[35.227209027822035,31.855623158757627],[35.2183923240862,31.87369493361022],[35.204919075984144,31.888058218685284],[35.19312713278202,31.89742133935954],[35.19306085541839,31.89747947943024],[35.19300058465111,31.89754382530316],[35.192946898853116,31.897613759499684],[35.19290031320635,31.897688610914273],[35.192861274758,31.89776766125457],[35.192830158130505,31.897850151934307],[35.19280726192657,31.897935291352884],[35.19279280586374,31.898022262491764],[35.192786928665896,31.898110230754767],[35.19278968673206,31.898198351977076],[35.19280105359516,31.898285780526038],[35.19502257601566,31.910613794986343],[35.1950406434754,31.91069325568578],[35.19506582412455,31.910770756464903],[35.1950979115304,31.910845661966984],[35.20267763311607,31.92653646947815],[35.20271022327843,31.926597777330464],[35.20274744262069,31.92665639040068],[35.2099637195064,31.937106749356413],[35.21001605778055,31.937175274527476],[35.21007471351053,31.93723847657927],[35.2101391482951,31.937295775379855],[35.210208770687046,31.93734664498325],[35.2102829416221,31.937390618457115],[35.210360980284875,31.93742729216872],[35.2104421703581,31.93745632948988],[35.21052576659769,31.937477463886882],[35.21061100167335,31.93749050136699],[35.23539640465072,31.940074028475706],[35.23548597233003,31.940078870522953],[35.235575577149675,31.94007477285335],[35.23566432905561,31.94006177616948],[35.2357513464659,31.940040009568758],[35.235835765027495,31.940009689261107],[35.24526544729867,31.93608198957816],[35.24535994077463,31.93603598318643],[35.245448426707874,31.93597927476822],[35.26095832248786,31.92470981877908],[35.28271620306571,31.929102696874764],[35.282804641010436,31.929116018927537],[35.2828939645104,31.929120497712137],[35.29002806734587,31.929123295959553],[35.29012749255253,31.929117826464378],[35.29022570500702,31.929101406937],[35.29663383985306,31.927661695137257],[35.29671987416825,31.927637826796662],[35.296803120204714,31.92760555144252],[35.296882758698025,31.927565186712187],[35.306149626796234,31.922274890153655],[35.30622703277624,31.922225293898894],[35.306298975457516,31.922168059950586],[35.30636470419596,31.9221037854831],[35.313236666933626,31.91466019179737],[35.31329075492182,31.914595814266708],[35.31333859890818,31.914526669998036],[35.318163582123006,31.90680617844724],[35.318198046344186,31.906745989262532],[35.31822777322958,31.906683324816616],[35.3257990202571,31.888993169676034],[35.330390574198915,31.881380241295563],[35.33674332862196,31.87726433734562],[35.345814367133485,31.875138578378433],[35.362485713545816,31.890781504040483],[35.372868738632704,31.923666481405288],[35.372900719894474,31.923752296523002],[35.37294125651141,31.9238344172769],[35.37298992875258,31.92391199335873],[35.37304623264785,31.92398422151744],[35.373109585206144,31.924050353876318],[35.376099385257874,31.926869127248725],[35.38280557906856,31.938754940732352],[35.38286365329981,31.938844905954497],[35.382932001494375,31.938927337027707],[35.397342386056685,31.95434033810788],[35.39756112909746,31.95562235540699],[35.39757978177818,31.955706910795122],[35.39760647372383,31.95578928236908],[35.39764095786799,31.955868707679663],[35.39768291501791,31.955944451548923],[35.397731956809075,31.956015812875137],[35.39778762930001,31.956082131122344],[35.39784941717404,31.956142792434424],[35.39791674850914,31.956197235317088],[35.39798900007185,31.956244955835164],[35.39806550308599,31.956285512277166],[35.39814554942301,31.95631852924384],[35.398228398156625,31.95634370112297],[35.39831328242092,31.95636079491816],[35.398399416508695,31.95636965240553],[35.3984860031441,31.95637019159825],[35.39857224086241,31.95636240750543],[35.39865733142854,31.956346372178334],[35.39874048722571,31.95632223404343],[35.398820938545775,31.956290216528544],[35.39889794071382,31.95625061599476],[35.39897078098104,31.956203798993236],[35.39903878512206,31.95615019887231],[35.39910132367578,31.956090311766367],[35.399134282346665,31.956055560464137],[35.40153644431945,31.958008492839195],[35.401604404328246,31.958058636500784],[35.40167676544814,31.95810218897399],[35.401752890459086,31.95813876673092],[35.401832108995826,31.958168047663793],[35.401913723451166,31.958189773921482],[35.401997015119186,31.958203754180158],[35.40208125052424,31.95820986532811],[35.402165687880036,31.958208053549903],[35.402249583621874,31.95819833480025],[35.409442176323594,31.957020863165706],[35.42308864145975,31.956914271105283],[35.4242333245018,31.959579050926678],[35.42427145969279,31.959657187439987],[35.42431695662591,31.95973127952176],[35.42436939068516,31.959800635681795],[35.42442827251139,31.959864608629545],[35.42449305256943,31.95992260131516],[35.42456312627679,31.959974072501677],[35.4287992564432,31.962781066470082],[35.42886511075152,31.96282076313477],[35.42893411318537,31.962854693640725],[35.429005760059766,31.962882610311386],[35.44152993355521,31.96715586355636],[35.45748544432627,31.974563401233002],[35.457605569148996,31.974609055489708],[35.46552493567767,31.976987332548145],[35.46559874830495,31.977006133902496],[35.46567388636885,31.977018626549352],[35.46574981167722,31.977024721007506],[35.47415069896318,31.97734215968223],[35.48931014077165,31.988962839505447],[35.48937037079817,31.989005213399327],[35.489433863531396,31.9890425212511],[35.50027604284455,31.994830103229038],[35.500357421879784,31.994868447098764],[35.500442222274316,31.994898475299003],[35.500529596778,31.994919887814678],[35.5006186724225,31.994932470710975],[35.50070855924318,31.994936098270784],[35.50079835917085,31.994930734250747],[35.50088717500451,31.99491643224339],[35.5009741193753,31.994893335141647],[35.5010583236124,31.994861673711224],[35.501138946421946,31.99482176428498],[35.501215182292505,31.994774005602405],[35.50128626954307,31.994718874825796],[35.50135149793303,31.994656922772844],[35.50341325470588,31.992492695519584],[35.50346764815117,31.99243005533031],[35.50351604257977,31.992362672695428],[35.50355802679197,31.992291120154395],[35.503593244054656,31.992216005677683],[35.503621395132384,31.992137967500966],[35.50719615072067,31.98058586055878],[35.50721954722578,31.98049302868792],[35.50723295062939,31.980398236802877],[35.509547014073476,31.953945154816452],[35.52305325296876,31.935212090314874],[35.5231182352121,31.935107571748663],[35.52737870210778,31.92707785050271],[35.524684,31.919241],[35.549075,31.839195],[35.538326,31.826741],[35.538326,31.819299],[35.54040021632285,31.81399146961592],[35.540333698199,31.81396774856683],[35.53477734605171,31.812285170876912],[35.5346893908392,31.812263304357472],[35.53459968237853,31.812250394819745],[35.534509130409184,31.81224657318021],[35.53441865322473,31.812251878194374],[35.53432916836036,31.812266256063733],[35.53424158328802,31.81228956098135],[35.534156786213806,31.812321556610502],[35.534075637070494,31.81236191848138],[35.53399895879697,31.81241023728155],[35.53392752899273,31.81246602300684],[35.53207904462853,31.8140658477924],[35.5320152781068,31.814126749030457],[35.531957777211076,31.814193597942804],[35.5319070938882,31.81426575285167],[35.53186371464365,31.814342521147427],[35.53182805587158,31.814423165936876],[35.531800459857905,31.814506913116652],[35.531781191494716,31.814592958803768],[35.53177043573761,31.814680477052036],[35.530868329238366,31.82696926811006],[35.5282616944748,31.834605724960905],[35.5243354496956,31.839107433503926],[35.51789758204644,31.84204653402522],[35.4969150293437,31.84373353087374],[35.49681928383079,31.84374643088448],[35.49672547271218,31.843769519573122],[35.48133944017201,31.848445166517607],[35.4736771056697,31.849621540006176],[35.45993540947105,31.847914088284558],[35.439428891908264,31.839420878520954],[35.439343939542425,31.839390585186457],[35.439256381770825,31.83936894662807],[35.43916709791028,31.83935618015544],[35.439076984612214,31.83935241397848],[35.43898694685785,31.839357685919786],[35.43889788886973,31.839371943034816],[35.43881070503091,31.839395042143575],[35.43640457232796,31.84016346916787],[35.43632073978104,31.84019491753112],[35.43624044688523,31.840234540079713],[35.436164488331585,31.840281944653352],[35.43609361591243,31.840336662069927],[35.43602853108057,31.840398150769182],[35.429729765597024,31.84697191018174],[35.422527513520926,31.84952355284675],[35.41289341415643,31.849447941377218],[35.399167521720834,31.846389382306132],[35.40397072138507,31.82699564712953],[35.40399010743277,31.826891381295482],[35.405033269272536,31.81858137432287],[35.40504022965828,31.818478570032163],[35.40503539381839,31.818375643923662],[35.40170361997604,31.786524241458668],[35.404868834354986,31.78044798217404],[35.42014585082747,31.766693987838977],[35.42021547824634,31.766624018013854],[35.42027702425755,31.76654684390945],[35.420329748504074,31.7664633938782],[35.42505368673663,31.757990537798545],[35.425090946512675,31.757915742517966],[35.425121108675526,31.757837813904224],[35.425143913211535,31.757757423742856],[35.42515916353362,31.757675265039214],[35.42661286832604,31.747137867406643],[35.426620933880734,31.74704097124649],[35.42661849949896,31.746943770460437],[35.42427960698784,31.71743040873403],[35.42426585405218,31.71732962559206],[35.424240816734006,31.717231037978014],[35.42420481484288,31.71713590518251],[35.41613068071948,31.69897384904744],[35.41607096093762,31.698861618093833],[35.40315074042952,31.67823959456693],[35.39766490882783,31.66037841443601],[35.39764074628,31.660309766153446],[35.38856277467904,31.6375071265372],[35.3885193907834,31.63741400409534],[35.38147999464218,31.62431399892974],[35.3814107351394,31.624204748615654],[35.3681018635782,31.606214755471406],[35.36630948076562,31.596572889783165],[35.36650662654618,31.570276672311763],[35.366503892836,31.570199507828406],[35.36649455517657,31.5701228616362],[35.36647868229572,31.570047297872947],[35.35953182456801,31.54283646802939],[35.35857400878072,31.533290586721225],[35.359821132520295,31.52701880622711],[35.36702528957843,31.519358420378357],[35.36708066466592,31.519293649764435],[35.367129665698435,31.519223932251894],[35.371665619607064,31.51207310559325],[35.37171351588938,31.51198764376588],[35.37175183936815,31.511897482306427],[35.37787058448143,31.495002134894698],[35.39506460058098,31.482273691998042],[35.39513185622232,31.48221868575196]]],[[[35.46249664742354,31.546363660086573],[35.462410574321126,31.546382702203342],[35.46232677703601,31.54641007365158],[35.462246059523615,31.546445511828225],[35.46216919619185,31.546488676737603],[35.46209692447144,31.546539154253384],[35.46202993774093,31.546596460091717],[35.461968878674426,31.546660044457475],[35.46191433307571,31.54672929731902],[35.46186682425804,31.546803554260876],[35.46182680802341,31.546882102858174],[35.458847026986525,31.553515758876923],[35.458812136863685,31.55360616388615],[35.458787168874935,31.553699796070273],[35.4587724124759,31.553795569944857],[35.45876803873855,31.553892375196714],[35.458774098367904,31.55398908955582],[35.45945552500205,31.559815053792892],[35.4581505127391,31.565059333111044],[35.45813273947031,31.5651506798372],[35.45812449380569,31.565243373539673],[35.45812586390377,31.56533642318392],[35.45813683511613,31.565428833929843],[35.45815729014409,31.565519617768132],[35.45818701029274,31.565607804083548],[35.45822567780918,31.565692450032273],[35.46595958425006,31.580539576479122],[35.466004695527154,31.580616597595743],[35.46605721429654,31.58068877140394],[35.46611662397584,31.580755387991456],[35.466182340202664,31.580815792107696],[35.4662537165825,31.580869389608846],[35.46633005104671,31.58091565330196],[35.46641059275823,31.580954128130518],[35.46649454949688,31.58098443565041],[35.46658109545177,31.5810062777524],[35.4666693793441,31.58101943959434],[35.46675853280044,31.581023791714404],[35.466847678894226,31.581019291304504],[35.46693594077131,31.581005982631332],[35.46695050830267,31.581002280353847],[35.464222,31.568565],[35.4625815035518,31.546353450864974],[35.46249664742354,31.546363660086573]]]]}},{"type":"Feature","properties":{"id":"mount-carmel-range","name_he":"רכס הכרמל","name_en":"Mount Carmel Range","rock_summary_he":"גיר וקירטון, סנון-אאוקן, כ-90-40 מיליון שנה, בכיוון מבני חריג צפון-מערב/דרום-מזרח","description_he":"הכרמל בולט בכיוונו המבני החריג (צפון-מערב-דרום-מזרח) בהשוואה לשאר ההר המרכזי, תוצאה של מערכת קימוט נפרדת. הגיר הרך יחסית של הרכס עבר קירסוט אינטנסיבי שיצר אלפי מערות, ביניהן מערות נחל המערות המפורסמות (מערת הטבון) שבהן נמצאו שרידי אדם קדמון. יש להדגיש למטיילים את הניגוד בין מדרונות הכרמל המערביים המיוערים לבין המדרון המזרחי החד היורד לעמק יזרעאל.","color":"#9FAE6E","sources":[{"title":"גאולוגיה של הכרמל - ויקיפדיה","url":"https://he.wikipedia.org/wiki/גאולוגיה_של_הכרמל"}],"rock_photo":{"file":"assets/rocks/central-mountain-backbone.jpg","title":"Soreq Cave-2016","author":"Relly.hendel","license":"CC BY-SA 4.0","license_url":"https://creativecommons.org/licenses/by-sa/4.0","source_url":"https://commons.wikimedia.org/wiki/File:Soreq_Cave-2016.jpg"},"rock_class":"dolomite","rock_class_he":"דולומיט"},"geometry":{"type":"Polygon","coordinates":[[[35.03807094490029,32.83592759659822],[35.03812134514599,32.83585711025774],[35.05669387745713,32.807045741206025],[35.05673733233401,32.80697060523557],[35.05677334734864,32.80689163271439],[35.06569074937566,32.78454135367091],[35.08533689827844,32.78781143660458],[35.08541555224498,32.787820992850904],[35.08549474189232,32.78782359439883],[35.09831248648453,32.787680133501624],[35.098401490766065,32.7876747197951],[35.09848952249642,32.78766052526094],[35.09857571754414,32.78763768923463],[35.111435536044546,32.783538987480185],[35.11151246350342,32.78351054675643],[35.11158648244127,32.783475221049976],[35.111656978162,32.78343330372592],[35.11172336522836,32.78338514289],[35.12540925699203,32.77247126547428],[35.153067478171764,32.7724620464506],[35.15315618760775,32.772457634197316],[35.15324403015437,32.77244449954788],[35.15333015028681,32.772422770424555],[35.153413709255375,32.77239265845376],[35.1534938932543,32.77235445690499],[35.15356992134766,32.77230853783453],[35.15364105307515,32.77225534846194],[35.15370659566361,32.7721954068144],[35.15376591077419,32.77212929668152],[35.15381842071931,32.77205766192965],[35.153863614088934,32.77198120023104],[35.153901050731314,32.77190065626901],[35.153930366039816,32.77181681448528],[35.15395127450389,32.77173049144002],[35.15396357248975,32.77164252785917],[35.15396714022365,32.771553780446325],[35.153961942958354,32.77146511353905],[35.153948031311586,32.77137739069085],[35.15392554077303,32.77129146626075],[35.15389469038476,32.771208177092454],[35.14746983116175,32.75618385096742],[35.14589907941813,32.74884164682518],[35.14688543155224,32.742164902087865],[35.15319212804603,32.72699975326895],[35.15321921275158,32.726925610399896],[35.15323969679337,32.726849379498425],[35.153253422602425,32.72677164695394],[35.154339452822846,32.71852301371214],[35.15434708400969,32.718416717877574],[35.1543420972385,32.71831026520465],[35.15343366648678,32.709776390969694],[35.153422863365996,32.709703445301805],[35.15340612473885,32.7096316288953],[35.14774896034455,32.68918810217431],[35.14645505970234,32.67902530873906],[35.14661200054927,32.66712094950997],[35.15046791729539,32.63579414538208],[35.1504739213295,32.63572061521732],[35.15047388283496,32.63564684034306],[35.15046780207043,32.63557331648395],[35.14671324432356,32.60533031562119],[35.14669686971547,32.605238030894256],[35.14667098638666,32.60514794953156],[35.146635875046584,32.605061048482014],[35.146591916484155,32.60497827020343],[35.14653958743806,32.604900512441446],[35.146479455426395,32.604828618493244],[35.144686379838376,32.60289862174349],[35.14462502030899,32.60283859120343],[35.144558220752735,32.60278467945266],[35.14448658885239,32.602737376932225],[35.1444107762511,32.60269711395826],[35.14433147262431,32.60266425680738],[35.144249399405666,32.60263910438466],[35.14416530322413,32.6026218855044],[35.13362092535793,32.60098235575611],[35.133532765836975,32.60097306619827],[35.133444120079346,32.60097249464356],[35.133355848101786,32.60098064663703],[35.133268806294716,32.60099744309031],[35.13318383911379,32.601022721048814],[35.133101770887215,32.60105623527275],[35.13302339781832,32.601097660616354],[35.13294948026105,32.60114659518233],[35.1328807353432,32.601202564221005],[35.11792214408383,32.614658970583015],[35.10982235689539,32.61824122763806],[35.10431782927049,32.61871465715831],[35.092777197996455,32.61319676349979],[35.069905343840595,32.59858140219716],[35.06982480326647,32.59853559595577],[35.046650067397096,32.58689117088158],[35.02787407697921,32.575308353369735],[35.02779021928771,32.575262579936535],[35.0277019819597,32.575225953531344],[35.00200891422435,32.56612737595006],[35.00192722076579,32.566102737266036],[35.001843561125156,32.56608594588583],[35.001758687297865,32.56607715274292],[34.98626916271703,32.565211753473164],[34.96842036681222,32.56181247152458],[34.95411367840348,32.549766711372676],[34.954044783694435,32.549714157292065],[34.95397115431236,32.54966847221334],[34.95389347277548,32.549630079620954],[34.95381245916405,32.5495993354006],[34.95372886444547,32.549576524540285],[34.9536434635131,32.54956185848857],[34.95355704800325,32.549555473194566],[34.953470418957004,32.54955742784767],[34.95338437939485,32.549567704328936],[34.95329972687298,32.54958620737904],[34.9532172460902,32.54961276548128],[34.95313770161407,32.549647132451476],[34.953061830793644,32.549688989720025],[34.95299033692447,32.54973794928491],[34.95292388272934,32.549793557308355],[34.95286308421502,32.54985529832373],[34.95280850496216,32.54992260001375],[34.95276065090104,32.54999483851565],[34.95271996562182,32.550071344204184],[34.95268682626258,32.550151407898774],[34.952661540013416,32.55023428743742],[34.95264434126888,32.550319214556225],[34.95263538945522,32.550405402010966],[34.95263476755257,32.550492050874546],[34.95290573671437,32.55710042361723],[34.94920140716544,32.560575511089056],[34.94362557531212,32.56263868683228],[34.929484011478294,32.56432871247287],[34.929394949250955,32.564343923620854],[34.9293078609603,32.564367987888794],[34.92922362431215,32.56440066274869],[34.9291430882725,32.56444161889205],[34.92906706451133,32.56449044354872],[34.92899631922233,32.56454664464698],[34.92893156540092,32.56460965577278],[34.92887345565845,32.564678841878255],[34.92882257564494,32.56475350568198],[34.92877943814671,32.56483289469638],[34.928744477918364,32.564916208811596],[34.92871804730112,32.565002608359244],[34.92870041267186,32.56509122257488],[34.928691751758464,32.56518115837387],[34.928386603633626,32.57184080600337],[34.928386557728544,32.571922182027826],[34.928393862330786,32.572003229558625],[34.93036385909943,32.586495211081974],[34.92987631269855,32.59185793663424],[34.92756469006883,32.5964858483306],[34.91831003653361,32.607786590051504],[34.918253240674325,32.60786402952317],[34.91820501957037,32.6079470799087],[34.915610256368424,32.613021582948726],[34.915863,32.614895],[34.920909,32.628241],[34.919119,32.642971],[34.942068,32.724514],[34.94752,32.814154],[34.955577,32.834377],[34.97047,32.841376],[34.983165,32.838772],[35.003429,32.827541],[35.018728,32.825019],[35.02768,32.826606],[35.03803158227046,32.83597274321026],[35.03807094490029,32.83592759659822]]]}},{"type":"Feature","properties":{"id":"coastal-kurkar-ridges","name_he":"רכסי הכורכר וחולות מישור החוף","name_en":"Coastal Kurkar Ridges & Dunes","rock_summary_he":"כורכר (חמרן מאובן) וחולות קוורצים, פלייסטוקן-הולוקן, כ-100 אלף שנה עד היום","description_he":"לאורך רצועת החוף מתפתחים 3-4 רכסי כורכר תת-מקבילים לקו החוף, כל אחד נוצר בעידן קפיאה/הפשרה שונה שבו רמת הים הייתה שונה. הכורכר (חול ים שהתגבש בעזרת סיד) שימש כמחצב עתיק לבנייה (מגדל, קיסריה, יפו) וכיום נשחק ומתמוטט בצוקי החוף, בעיה נופית וסביבתית עכשווית. בין הרכסים נוצרים 'בקעים' - עמקים צרים ופוריים ששימשו לחקלאות ולביצות (כמו ביצות הקישון בעבר).","color":"#E8CC7E","sources":[{"title":"מצוקי הכורכר בחוף הים התיכון של ישראל - מטח","url":"https://kotar.cet.ac.il/kotarapp/index/Chapter.aspx?nBookID=99446019&nTocEntryID=99447953"},{"title":"רכסי הכורכר - שביל הים","url":"https://israelseatrail.org.il/רכסי-הכורכר/אוקיאנוגרפיה-וגיאולוגיה/"}],"rock_photo":{"file":"assets/rocks/coastal-plain-kurkar.jpg","title":"Herzliya coast","author":"Shlomo Katzav","license":"CC BY-SA 4.0","license_url":"https://creativecommons.org/licenses/by-sa/4.0","source_url":"https://commons.wikimedia.org/wiki/File:Herzliya_coast.jpg"},"rock_class":"sandstone","rock_class_he":"אבן חול"},"geometry":{"type":"Polygon","coordinates":[[[35.07862417501195,31.486377933105583],[35.07853857011866,31.486372624268775],[35.07845284860151,31.48637548835715],[35.07836778897925,31.486386499359195],[35.078284163759335,31.486405557273518],[35.06666486153089,31.489643039884584],[35.05613143922754,31.490116882979507],[35.04709979365962,31.488551614194936],[35.03103689775529,31.483332297641926],[35.03093365244518,31.483305399554176],[35.03082794953824,31.483290908292954],[35.02551540053792,31.482881368109354],[35.025420996582135,31.482879059413772],[35.025326870376006,31.48288665508774],[35.02523405817201,31.482904071509104],[35.025143581756545,31.482931116937323],[35.00202400172052,31.491186294580686],[35.00193217958046,31.49122493549786],[34.98127824004256,31.50129638084931],[34.96682473332989,31.505056997048918],[34.94830586252436,31.50562826296065],[34.92416123159616,31.502339590668587],[34.924050869437366,31.502331424973374],[34.913117864599556,31.502196540837478],[34.91121881658852,31.50119072734255],[34.89382454877589,31.4739292597898],[34.89099302272757,31.466355396386316],[34.88961176537068,31.455504000325792],[34.889597509440584,31.455422279971778],[34.88957578976958,31.455342219346658],[34.88954679087963,31.455264498614646],[34.88951075913412,31.455189778061122],[34.88946800064488,31.45511869248311],[34.88055878147572,31.441744045212143],[34.873871119002885,31.42799292133224],[34.873816174908434,31.427895769674336],[34.86143412544117,31.408862068388235],[34.85996534270945,31.404546883882272],[34.859047215627335,31.395307241320257],[34.85903447962326,31.395221391583707],[34.85901353375582,31.395137167752736],[34.85898457280563,31.39505535304483],[34.85242388410999,31.3790242572028],[34.84753555689565,31.361913038860315],[34.84750226206217,31.361817280347893],[34.8370438505752,31.33644469968716],[34.836548581070865,31.331862068521538],[34.83821365530931,31.326072247229767],[34.84974807559035,31.310109364528127],[34.84979124879749,31.31004376570871],[34.84982853915964,31.3099746530484],[34.8498596627576,31.309902552753158],[34.85313274535172,31.301307769950853],[34.853157707350626,31.301232376357536],[34.85317592570285,31.301155075730474],[34.85318725854603,31.301076469992974],[34.85319161763374,31.30099717123096],[34.85355909060772,31.266908391314928],[34.85355404362152,31.266803020288346],[34.85353670166572,31.2666989636601],[34.851515663930364,31.25781891552504],[34.85149122944006,31.25773197311629],[34.85145820469735,31.25764791722343],[34.85141692223394,31.257567594219434],[34.85136779772993,31.257491812890198],[34.851311325828235,31.25742133629071],[34.851248075153975,31.25735687406176],[34.851178682588866,31.257299075284408],[34.851103846858365,31.257248521944305],[34.85102432149607,31.257205723071564],[34.85094090725629,31.25717110961526],[34.85085444405108,31.257145030104134],[34.85076580249306,31.257127747137183],[34.85067587512903,31.25711943473952],[34.85058556745281,31.257120176610076],[34.85049578878765,31.25712996527884],[34.85040744313006,31.257148702182047],[34.85032142004741,31.257176198654655],[34.85023858572062,31.257212177830045],[34.850159774222526,31.257256277427818],[34.84892346167117,31.258031978030033],[34.84885430171175,31.258080021994846],[34.84878993488139,31.25813431963469],[34.84873092469362,31.258194395588962],[34.848677787766064,31.25825972390956],[34.8486309892976,31.25832973266538],[34.84859093899567,31.258403808949428],[34.840655667925304,31.27487958671779],[34.8352387704169,31.281009162234025],[34.82963626188612,31.285399369185356],[34.819624834052654,31.290518340783468],[34.787642476599615,31.301690384307275],[34.78757216947841,31.301718311784064],[34.776338880539726,31.30673679944551],[34.75874747879566,31.284510200866787],[34.75867506196981,31.28442926181114],[34.7438071865984,31.269705175290138],[34.74373912009696,31.269644288205413],[34.7436652336222,31.26959061256334],[34.72758707177297,31.259113899252714],[34.6856809372963,31.228561648546545],[34.68560451373269,31.22851166418396],[34.68552341845064,31.228469681415998],[34.68543848633083,31.228436132457723],[34.68535059175442,31.22841136269764],[34.67903492660551,31.226972944278142],[34.67894533808591,31.226957253539513],[34.67885462338842,31.226950684994573],[34.67876370895673,31.226953305726028],[34.67341395652053,31.227378803512618],[34.67332156454759,31.227390992146322],[34.67323092829544,31.227412669536623],[34.673143019568144,31.227443603258024],[34.67305878092519,31.227483461638414],[34.65629064998579,31.23650816468269],[34.65066573256254,31.238127379188988],[34.63504206553235,31.22373233334813],[34.62129282170588,31.20510978560626],[34.621237643732655,31.20504217374145],[34.621176176810245,31.204980223838774],[34.62110899887743,31.204924518378213],[34.621036741570435,31.204875581126785],[34.62096008428393,31.204833872213854],[34.62087974778313,31.20479978380479],[34.62079648742684,31.204773636413684],[34.62071108606519,31.20475567588969],[34.60791803474449,31.20270709409289],[34.59231046869708,31.19838389939312],[34.5922372445057,31.198366874780085],[34.59216285493826,31.19835602066061],[34.59208781903371,31.198351412767245],[34.584346356604236,31.198200010193467],[34.58424714808217,31.198203545890227],[34.58414893246803,31.19821798628991],[34.584052904698105,31.198243155703988],[34.56697982453307,31.20374072554278],[34.55542435111615,31.204030837025865],[34.55533913217043,31.204037033735666],[34.55525488490946,31.204051283891435],[34.555172368668124,31.20407345905408],[34.55509232717938,31.20410335935509],[34.555015481870775,31.20414071529796],[34.55494252536218,31.204185190187218],[34.554874115223015,31.204236383163114],[34.554810868045514,31.204293832814635],[34.55330417467936,31.20579898955308],[34.55324541895919,31.205863682843617],[34.55319321473459,31.20593376975699],[34.55314805423701,31.206008589446586],[34.55311036328294,31.206087436440654],[34.553080497258804,31.206169567294147],[34.55118877543388,31.21228058919221],[34.548669279801125,31.214746366760696],[34.54345621719212,31.216901975817695],[34.536214088909354,31.21738762465304],[34.53056115616677,31.216320672744246],[34.524740709384986,31.212875671138057],[34.47563357093006,31.176624730879862],[34.475563673451326,31.17657801329599],[34.47548972163101,31.17653802181632],[34.47541236078456,31.17650510541292],[34.47533226597517,31.176479551319623],[34.475250136123016,31.17646158252555],[34.47516668790638,31.17645135582929],[34.475082649507826,31.176448960470637],[34.47499875425991,31.17645441735187],[34.47491573424605,31.176467678855374],[34.47483431391225,31.176488629259133],[34.44770190826164,31.184839240564056],[34.447617461149385,31.18486992354605],[34.44753649416891,31.18490887361954],[34.44745981426714,31.184955702593673],[34.44738818566441,31.185009943753528],[34.447322322237895,31.185071056511614],[34.44512975870897,31.187319311696264],[34.44506711262303,31.187390730473837],[34.445012343758684,31.187468354860297],[34.44496606236104,31.18755131994998],[34.44492878410621,31.187638701330098],[34.441908005447495,31.195902988183114],[34.43685803354424,31.197130959329748],[34.42663387201967,31.19588318589516],[34.40513502667311,31.189186368785553],[34.4050458436866,31.18916352043932],[34.40495479313831,31.1891499024489],[34.38746501807169,31.187442826330873],[34.36101037062152,31.18111379749973],[34.360937312627655,31.181099485009206],[34.36086332168238,31.181091259568742],[34.360788904058964,31.181089177459828],[34.35553525354267,31.181159578978438],[34.355450722178055,31.181164696398074],[34.355367046027695,31.181177736392247],[34.35528496596017,31.18119858350485],[34.355205208712384,31.18122705315556],[34.35512848045494,31.181262893274106],[34.3550554605398,31.181305786532093],[34.35498679548526,31.18135535315264],[34.35492309325168,31.18141115427291],[34.35364374578617,31.182642898447302],[34.353580255693494,31.18271067771302],[34.35352408845368,31.182784638931913],[34.353475842145265,31.182863994552086],[34.35343603050332,31.1829478995811],[34.35340507744911,31.183035460583632],[34.35338331257615,31.18312574519491],[34.353370967640586,31.183217792048712],[34.35336817409343,31.183310621014144],[34.353574294935,31.192881239667123],[34.35022383778862,31.204987433127634],[34.3502036065029,31.205078759099937],[34.350192963478946,31.205171691678615],[34.34927430257416,31.21996090385067],[34.34740105268478,31.22683355116414],[34.34423915485021,31.23242871641687],[34.339895326184056,31.236943807779426],[34.33514343623036,31.23994630201454],[34.32990668699294,31.24077129978018],[34.32164851655091,31.239465101483525],[34.2889621305171,31.215840539694014],[34.27501028545824,31.20391792775817],[34.274940921007065,31.2038642719831],[34.27486666390289,31.203817621669437],[34.27478821916368,31.203778419728465],[34.27470633156601,31.203747038354507],[34.27462177857389,31.203723775491213],[34.27453536295737,31.203708852002787],[34.27444790517078,31.203702409577055],[34.274360235563094,31.20370450938023],[34.27427318649439,31.20371513147619],[34.274187584433164,31.203734175015743],[34.274104242109615,31.20376145919414],[34.27310785749414,31.204142333274504],[34.273026992702015,31.204177885289216],[34.27295000263482,31.204221193370557],[34.272877628969276,31.204271840314114],[34.27281056891042,31.204329338217228],[34.272749468475155,31.204393133179146],[34.27269491626889,31.204462610636977],[34.272647437815266,31.204537101286043],[34.272607490493606,31.20461588752753],[34.272575459132746,31.204698210381448],[34.27255165230385,31.20478327679817],[34.272536299347806,31.204870267298205],[34.272529548165906,31.204958343866593],[34.27253146379503,31.205046658025825],[34.272542027781164,31.205134359009588],[34.2725611383571,31.205220601958537],[34.27258861142286,31.20530455605917],[34.27262418231922,31.205385412547393],[34.27266750837722,31.205462392499687],[34.27271817221926,31.205534754336764],[34.28105317641244,31.216276093427588],[34.28109681053899,31.216328144265347],[34.302463910980336,31.23994611333561],[34.30253185617322,31.24001361945966],[34.302606590513406,31.24007352275186],[34.30268726759981,31.24012514477962],[34.32422290495657,31.2523408816845],[34.32429485319851,31.252377529033396],[34.32436979641342,31.252407580526484],[34.32933122031543,31.254143032436456],[34.32942638378887,31.254170544037688],[34.32952399435507,31.254187430489225],[34.32962286948313,31.25419348721535],[34.33244143013881,31.254210732689838],[34.3310254207215,31.270434303931452],[34.32532375635363,31.298763965373766],[34.325311178284785,31.298845732643695],[34.32530616155452,31.298928309436224],[34.324940402865096,31.323806452280174],[34.32372778997616,31.33384763262453],[34.31919574426834,31.346596024716757],[34.310310461236114,31.359121122612294],[34.310261611971185,31.359197939898195],[34.31022077261548,31.359279298936553],[34.310188360998254,31.359364367339417],[34.310164708724216,31.35945227476817],[34.31015005778083,31.35954212183799],[34.310144558062554,31.3596329893195],[34.310148265837256,31.359723947543447],[34.31016114317052,31.359814065912193],[34.31018305831377,31.359902422420685],[34.31021378705221,31.359988113089553],[34.31025301499875,31.36007026121374],[34.310300340810514,31.36014802633213],[34.31035528029501,31.36022061282633],[34.31041727136393,31.36028727806068],[34.31048567978389,31.360347339980205],[34.31055980566528,31.36040018408872],[34.334304811974384,31.375577587196908],[34.334367324601665,31.375614089078855],[34.33443256858519,31.37564544890297],[34.34200717862329,31.378918040132522],[34.34209735383255,31.378951405247253],[34.342190573854936,31.378974960006246],[34.34663131205403,31.379847697415677],[34.33414791841802,31.39543272131562],[34.33409232929473,31.395510203209735],[34.334045250349,31.395593131898455],[34.33178445613907,31.400118300935567],[34.33175058967018,31.400194784752777],[34.33172397022553,31.40027408240203],[34.33170482774165,31.40035550891688],[34.3316933275697,31.400438360941937],[34.331689569047214,31.400521922808352],[34.33169358463998,31.400605472715743],[34.33170533966165,31.40068828896702],[34.331724732573335,31.40076965620236],[34.331751595860695,31.400848871578408],[34.33240097288587,31.402506211621724],[34.33243667341128,31.40258575125084],[34.332479902493084,31.402661463380653],[34.332530254467436,31.40273263752479],[34.33258725682891,31.402798605781552],[34.33265037466453,31.402858749101558],[34.33271901567339,31.402912503096914],[34.33279253572488,31.40295936333746],[34.33287024490318,31.402998890084383],[34.33295141398152,31.40303071241673],[34.34848276331266,31.408267070922765],[34.34858373861352,31.40829468957985],[34.34868723789855,31.40831039625362],[34.3662960243129,31.409942386224046],[34.38582988163019,31.413985667281267],[34.40946409944686,31.421676201120537],[34.409564291208184,31.421702533539044],[34.40966684520746,31.421717178078445],[34.41565128561896,31.422222594773828],[34.4157375458596,31.42222572591736],[34.415823709331626,31.42222057914518],[34.41590898347649,31.4222072017989],[34.41599258391595,31.422185716927544],[34.41875242358382,31.421333439676676],[34.40873587410618,31.461632422672764],[34.40871951288147,31.461714307001408],[34.40871081120778,31.46179735526344],[34.408709843991836,31.46188085255348],[34.408716619559726,31.461964080100792],[34.41138724369909,31.482773729181925],[34.41140155275127,31.48285529561887],[34.41142329848556,31.482935201536357],[34.41145229679256,31.483012770414145],[34.41148830215927,31.48308734551842],[34.411531009747684,31.483158295462054],[34.411580057975726,31.483225019550176],[34.41280472226817,31.484739722062827],[34.412861493598676,31.484803496812134],[34.41292405292853,31.48486160475363],[34.41299183720811,31.48491352290131],[34.41306423636194,31.484958783978854],[34.413140598779535,31.484996980625247],[34.41322023718003,31.485027769061116],[34.4133024347979,31.485050872182832],[34.41338645183402,31.485066082056527],[34.43616384179511,31.488081959625728],[34.436268835880504,31.48808965062959],[34.436374009766865,31.488085028602253],[34.45183137642938,31.48649604498029],[34.45720843829198,31.506956571774953],[34.45723404287247,31.507038055535954],[34.45726725642318,31.507116745166144],[34.457307779809,31.507191931953887],[34.45735524805942,31.507262938735614],[34.45740923365558,31.50732912599463],[34.45746925038069,31.50738989762088],[34.45753475769909,31.507444706279742],[34.45760516562453,31.507493058341577],[34.45767984003388,31.507534518327553],[34.45775810837827,31.507568712831738],[34.45783926574033,31.507595333884165],[34.45792258118302,31.507614141724535],[34.4580073043327,31.507624966961593],[34.458092672137354,31.507627712098735],[34.475802579896786,31.50735631506207],[34.50447968796956,31.533225412318675],[34.50453978245585,31.53327507510958],[34.50460394934313,31.53331935095694],[34.50467170716268,31.53335790764213],[34.50876591884363,31.535458357793104],[34.50884056626807,31.535492449103085],[34.50891800865668,31.535519599275062],[34.50899760214241,31.53553958257864],[34.50907868497367,31.535552232869776],[34.5214874447722,31.53691220932196],[34.52156236606288,31.536917269127102],[34.52163744837177,31.53691606566674],[34.521712169014634,31.536908607318747],[34.53279711490048,31.535332737790263],[34.532895734677034,31.53531304244993],[34.532991541417275,31.53528246737378],[34.53308333886562,31.53524139432624],[34.540368214070575,31.531480092589394],[34.540454473069424,31.53142928980905],[34.540534556375725,31.531369221502736],[34.54060747317734,31.531300630851657],[34.547400372471856,31.524158135024205],[34.55238485698971,31.528992544923593],[34.558000675104225,31.541071331537882],[34.55436178931095,31.552429702019168],[34.52835997005139,31.588558247954513],[34.51684238555613,31.599529972615347],[34.51678820041309,31.59958627472087],[34.51673910320427,31.599647064694544],[34.516695464035166,31.599711884288286],[34.51665761186735,31.59978024487784],[34.51165806735406,31.609814003384315],[34.51162173570313,31.609897181494038],[34.511593966812406,31.609983596050128],[34.51157504312191,31.610072368121944],[34.51156515710628,31.61016259480032],[34.51156440931713,31.61025335838117],[34.511572807360295,31.61034373569949],[34.51159026581848,31.61043280751902],[34.51161660712005,31.610519667881835],[34.511651563345126,31.61060343332295],[34.511694778950634,31.610683251856116],[34.51174581438655,31.610758311639472],[34.51180415056662,31.61082784923284],[34.51186919414802,31.61089115736277],[34.51194028356632,31.610947592116265],[34.51201669576431,31.610996579490095],[34.51209765354627,31.611037621229045],[34.521515963151955,31.615229429659276],[34.536044872873774,31.626499955603695],[34.54189507144621,31.633360479262347],[34.54228328842604,31.639204003508016],[34.54229367061565,31.639292998469525],[34.54231285016898,31.639380520111246],[34.54234063699789,31.639465701008014],[34.54666233418887,31.65077125634426],[34.54693757416467,31.65900379993153],[34.5469438807437,31.659084226290823],[34.5469573639151,31.659163764811662],[34.54697791534454,31.659241776419492],[34.54911515075555,31.666092074302913],[34.549149751056504,31.666184728943055],[34.549194309207216,31.66627302749554],[34.55607669690214,31.678228962049968],[34.55614390874968,31.678329446540246],[34.5695482756442,31.695717374829986],[34.58280172461295,31.717715213954367],[34.58275973851566,31.72595723660092],[34.58276300980011,31.726038623317493],[34.582773625860156,31.726119380968555],[34.58279149974242,31.726198848089236],[34.58281648504659,31.72627637378505],[34.58464562165542,31.731179861716758],[34.602712,31.757758],[34.60963,31.76553],[34.665945,31.873887],[34.693207,31.926459],[34.703595302335046,31.940415332878477],[34.713532115692296,31.948699806017906],[34.72294334117821,31.967063066604588],[34.72299274757883,31.967147758546396],[34.73566406565575,31.986379137065803],[34.7393891302289,32.00402748878692],[34.73940771488969,32.00410033411003],[34.739432314307145,32.00417137423514],[34.73946275683714,32.0042401134749],[34.758458153001854,32.04270680509986],[34.76384463518091,32.07815476707331],[34.76386408203472,32.078248710260794],[34.763893417985024,32.07834004976276],[34.7639323097065,32.07842774774791],[34.76398031529784,32.07851080776114],[34.76403688930278,32.07858828604561],[34.76583823142002,32.080797598265235],[34.76590397042971,32.080869838519064],[34.765977150766744,32.08093452939895],[34.76605691050482,32.0809909089684],[34.77649708364708,32.08755136080304],[34.776578818429,32.08759697328429],[34.77666484849423,32.087633850118486],[34.790825812776426,32.09285015385747],[34.79266343356925,32.10581753410691],[34.79267694928144,32.10589088335904],[34.792696491904515,32.10596286164151],[34.799073181044015,32.12610766549535],[34.80237793457941,32.141850779977645],[34.80240674924925,32.141955912192685],[34.80244806297155,32.142056789564705],[34.806975832310556,32.15144664845113],[34.80703526192539,32.15155135508062],[34.81861986211604,32.169111199564284],[34.81875221079962,32.18168514526362],[34.818759853079236,32.181793089356596],[34.8187803956318,32.181899335933856],[34.82230457318766,32.19563541593413],[34.822331055265956,32.19572077739235],[34.82236587317172,32.195803091379375],[34.822408683545426,32.1958815461493],[34.82245906420919,32.195955368014225],[34.82251651833011,32.196023828973985],[34.82258047931983,32.196086253895416],[34.822650316422,32.19614202717022],[34.82272534093251,32.19619059878584],[34.82280481299122,32.196231489749444],[34.822887948878154,32.19626429681158],[34.82297392874218,32.19628869644279],[34.82306190468608,32.1963044480242],[34.823151009128125,32.19631139622033],[34.82324036335781,32.19630947251101],[34.823329086201355,32.19629869586704],[34.823416302711415,32.19627917256315],[34.82350115279548,32.196251095129945],[34.823582799697746,32.196214740455254],[34.82495911137714,32.19551807067479],[34.82503505522126,32.195474875927324],[34.82510645299127,32.19542452106555],[34.82517263185103,32.1953674806221],[34.82523296814618,32.195304292132995],[34.82528689328135,32.195235551072024],[34.82533389907848,32.19516190523912],[34.82537354256575,32.19508404865568],[34.830873309992555,32.18284790578822],[34.84565796323838,32.173394177026275],[34.845735900899086,32.17333827526166],[34.8458074470032,32.173274396930225],[34.84587178899137,32.173203267507326],[34.853813718886315,32.1634228091288],[34.8538602821135,32.163360088906295],[34.853901231312186,32.16329356730405],[34.8539362580004,32.163223745448235],[34.85396509831214,32.163151149326744],[34.86753083870466,32.12415009800911],[34.867555244302984,32.12406734493884],[34.86757161390236,32.12398263519864],[34.8683344952787,32.11868197811263],[34.86834202927969,32.11860815534459],[34.86834345605954,32.11853396284799],[34.868338765918686,32.11845990500012],[34.86706205525266,32.106285166104925],[34.86753921438009,32.102423465486076],[34.869536659887586,32.10022788441548],[34.88084587420555,32.09431586961644],[34.880917137215455,32.09427435193301],[34.88098430036176,32.09422648496739],[34.8810467996287,32.09417267069186],[34.88110411016637,32.09411336102241],[34.88115575069823,32.094049054023664],[34.886721337853345,32.08642773544684],[34.88676702596477,32.08635871821023],[34.88680618033742,32.08628579552804],[34.88683846981316,32.08620958416254],[34.88686362129548,32.08613072869087],[34.88688142205927,32.086049896053375],[34.88882665860892,32.074769095344166],[34.88883755032917,32.07467901625625],[34.8888393167522,32.07458829827898],[34.88789137927105,32.04398061356688],[34.89503139658511,32.01227801278349],[34.89504612709538,32.01219436808787],[34.895052907361226,32.012109707288005],[34.895051677001256,32.01202478432731],[34.89414837432894,31.997400477356145],[34.89414013438718,31.99732249172145],[34.89412513705079,31.9972455194163],[34.88712854124331,31.968152673903795],[34.887846958970286,31.961491727850028],[34.892945863370436,31.943107308662956],[34.892966025888256,31.94301670059869],[34.892976748457976,31.942924497697792],[34.89297791701863,31.942831680765604],[34.89244609850656,31.929203148948343],[34.89244017792354,31.929129405655093],[34.89242822071864,31.929056397766107],[34.89241030768605,31.928984618591787],[34.889360258963336,31.918599977777138],[34.889333417757996,31.91852199840432],[34.87679492634778,31.886885546460768],[34.86666926222563,31.84345774415779],[34.86664297694129,31.843366893892824],[34.86660730299076,31.843279303618992],[34.86193193389348,31.833331037386316],[34.861885874331904,31.833245385031407],[34.85052896619141,31.81461512012284],[34.849773055158714,31.80980176096669],[34.85095348415748,31.80436727264727],[34.86031395066258,31.7881799560873],[34.87274692085861,31.777558043646234],[34.87281228557371,31.777496292071536],[34.8728711619981,31.777428326127062],[34.872922962399485,31.777354824281],[34.878984695082586,31.767770106377895],[34.87902959414465,31.767690416957933],[34.87906617290065,31.767606581857667],[34.87909405353588,31.76751946699322],[34.879112948076774,31.767429972156766],[34.88040011970716,31.75931107473541],[34.880409271191084,31.759229368057955],[34.880410928139874,31.75914716717402],[34.88040507672572,31.759065158078485],[34.88039176578071,31.75898402516567],[34.87727545161253,31.74424084384719],[34.87849451672255,31.73243068400139],[34.88732439733001,31.7148286327447],[34.896511411980136,31.703766768696585],[34.89655790194439,31.703705665322747],[34.89659901478747,31.70364082187123],[34.90068674292259,31.696541034331826],[34.900723830497945,31.696469368609804],[34.90075434994246,31.696394669028383],[34.900778055915076,31.696317536085868],[34.90310248838049,31.687339205468557],[34.903119584777144,31.687257849917568],[34.90312910149149,31.687175263934474],[34.90313095732583,31.68709215215231],[34.90283791321971,31.674820637316568],[34.91134436025644,31.669374451500804],[34.91140038597874,31.66933551054974],[34.91145330068573,31.66929243720518],[34.91845645781522,31.663136021144794],[34.91851583491276,31.66307879271683],[34.91856972443994,31.663016369551748],[34.918617673942116,31.662949275752325],[34.918659280836884,31.66287807463585],[34.918694195794146,31.662803364004485],[34.921597445469516,31.655767381898844],[34.92670673340829,31.64986030259656],[34.94516188358744,31.646470423693852],[34.9452350711363,31.64645379876959],[34.9453066190435,31.64643113376594],[34.94537602975912,31.64640258629717],[34.9675171616205,31.63619715568104],[34.997163281614995,31.633791450916295],[34.99724306311924,31.633781372456802],[34.99732162653663,31.633764212817727],[35.0421486742802,31.62185217676599],[35.04223424545057,31.62182479755977],[35.04231666045636,31.621789023086286],[35.05337232227765,31.616318828239013],[35.05345590717534,31.616271768348415],[35.053534008811525,31.616216079903925],[35.05360574000288,31.616152395489728],[35.06380946391712,31.606071146828942],[35.06386289655046,31.606013533556666],[35.06391110024722,31.605951479233152],[35.063953707568146,31.605885456875942],[35.07000652923848,31.595541420036227],[35.070042057585326,31.595474369514005],[35.070071811445416,31.595404564472858],[35.07659911139139,31.578102851848772],[35.08664456774649,31.56269699047364],[35.08668389308284,31.562630628163884],[35.08671739127866,31.56256114212851],[35.092921829855584,31.548142037167572],[35.09531526030419,31.546102637153435],[35.10632531868134,31.54126393445671],[35.1064046788884,31.541224281131125],[35.10647974955528,31.54117700720948],[35.106549801251944,31.541122572032545],[35.10661415331558,31.541061504524002],[35.11101651269034,31.536450689353682],[35.11107679508437,31.536380686743215],[35.111129583882125,31.53630487331872],[35.111174322889596,31.536224047866586],[35.111210540727065,31.536139061980986],[35.111237855795686,31.536050811091314],[35.11125598029808,31.535960225027733],[35.11245235939529,31.52783134672119],[35.11246061007738,31.527749414943088],[35.11246133766481,31.52766707199783],[35.112454536066615,31.527585007216835],[35.11161357110321,31.521074323591566],[35.11159848134285,31.520989609959273],[35.111575370518956,31.520906724555353],[35.111544449884434,31.520826425024065],[35.09954555689646,31.493621313752598],[35.0995096231373,31.493548848061483],[35.09946732836213,31.49347990124554],[35.09941901419322,31.49341503020024],[35.09936507087255,31.493354758900345],[35.0966660464695,31.490599024735246],[35.096592849545665,31.490532099926657],[35.096512733149574,31.4904736355551],[35.09642667022262,31.490424341617654],[35.09633570592146,31.490384816744747],[35.09165527366338,31.488650982089993],[35.09117575241037,31.486726553557766],[35.091150833259015,31.486643734384828],[35.09111807972331,31.48656368948862],[35.09107779426718,31.48648715804714],[35.09103034890838,31.48641484679325],[35.090976181783105,31.486347423488304],[35.09091579309998,31.486285510755685],[35.090849740520866,31.48622968033116],[35.090778634011116,31.486180447783163],[35.09070313020684,31.486138267751752],[35.09062392635112,31.486103529750228],[35.09054175385535,31.486076554568147],[35.09045737154492,31.486057591308978],[35.090371558651896,31.48604681508974],[35.09028510761909,31.486044325423894],[35.090198816782234,31.48605014530236],[35.090113482997744,31.48606422098123],[35.09002989428409,31.486086422478042],[35.08641463862576,31.487235234337575],[35.07862417501195,31.486377933105583]]]}},{"type":"Feature","properties":{"id":"hula-valley","name_he":"בקעת החולה","name_en":"Hula Valley","rock_summary_he":"משקעי אגם וביצה (טורף וחרסית) על גבי בזלת, קוורטרני, עד כ-2 מיליון שנה","description_he":"בקעת החולה היא גרבן (בקע שקוע) צר בקצה הצפוני של מערכת השבר הסורי-אפריקאי, שהיה מלא באגם וביצה עד לייבוש בשנות ה-50. מתחתיה מסתתרות שכבות בזלת עבות שחוסמות את זרימת המים דרומה ותרמו להיווצרות הביצה מלכתחילה. כיום ניתן להראות למטיילים שכבות כורכר וטורף (peat) חשופות המעידות על ההיסטוריה הימית-ביצתית של האזור.","color":"#6E8F4E","sources":[{"title":"בקעת הירדן - ויקיפדיה","url":"https://he.wikipedia.org/wiki/בקעת_הירדן"}],"rock_photo":{"file":"assets/rocks/jezreel-beit-shean-valleys.jpg","title":"Jezreel Valley field","author":"Itai","license":"Public domain","license_url":"","source_url":"https://commons.wikimedia.org/wiki/File:Jezreel_Valley_field.jpg"},"rock_class":"alluvium","rock_class_he":"סחף עמקים"},"geometry":{"type":"Polygon","coordinates":[[[35.61914167669841,33.232196799591414],[35.63582491101432,33.23661967088771],[35.63593263714073,33.236641291468224],[35.63604219505792,33.23664962397072],[35.642679942566495,33.23674807085185],[35.642767722113376,33.23674508663],[35.64285479278867,33.23673356048869],[35.64294032536197,33.236713602198805],[35.6430235052512,33.23668540183608],[35.64310354028042,33.23664922797082],[35.643179668224235,33.23660542511016],[35.64325116406694,33.23655441041712],[35.64541563568562,33.234844647424545],[35.645484335396056,33.23478447529508],[35.645546583450894,33.234717650785754],[35.64560173889996,33.234644861969194],[35.64564923382357,33.23456685833076],[35.64568857918024,33.234484443051315],[35.64571936984224,33.23439846473712],[35.64574128876704,33.23430980868198],[35.64823373905686,33.221461936093434],[35.64824477542776,33.22138930119999],[35.64824985065568,33.22131600814924],[35.64908210090174,33.191924164954074],[35.65717093606293,33.16744715031838],[35.65719527215506,33.167358566488495],[35.657210451217594,33.16726796330777],[35.65721631510082,33.16717628476519],[35.65733537271994,33.157886707017795],[35.6573309507629,33.157785327124586],[35.657315144365185,33.15768508943586],[35.65530999038211,33.14840534797343],[35.65528516620697,33.14831402257847],[35.65525088927539,33.14822580886413],[35.641199396956,33.11703022021746],[35.63879684834915,33.107801838377085],[35.639235583363835,33.102804175631356],[35.64396337672167,33.08561334884341],[35.643984857185046,33.08551330937393],[35.643994843885686,33.08541147828059],[35.64499468339933,33.06096941917923],[35.64842645435251,33.05072525829603],[35.6540216996336,33.03913547242326],[35.65405135732172,33.03906690965647],[35.65407522686691,33.038996123526],[35.6540931438218,33.03892360170733],[35.65558004792677,33.03161448358824],[35.65559431464712,33.03151765936664],[35.65559798352972,33.0314198585052],[35.65559101118903,33.03132223752557],[35.65320411681145,33.0124335884985],[35.65318613417262,33.01233542067301],[35.64969918002242,32.997876714149164],[35.64967146662184,32.99778399272311],[35.64963395778061,32.99769478295765],[35.649587087179455,32.99761011630442],[35.64953139674061,32.99753097168715],[35.64946753036214,32.99745826418325],[35.64715663489714,32.99509664475904],[35.64709415096275,32.99503856970999],[35.64702644933722,32.99498667131619],[35.64695413824471,32.99494141582726],[35.646877867320335,32.99490320981368],[35.646798321773936,32.994872396514175],[35.64671621623419,32.99484925275215],[35.646632288328476,32.99483398644867],[35.64654729205614,32.99482673475458],[35.6464619910146,32.99482756281833],[35.646377151539276,32.99483646320068],[35.619184499148986,32.99900008327139],[35.59651763445422,32.99604084656299],[35.59643225601757,32.996033811917634],[35.5963465955207,32.99603492679669],[35.59626142908616,32.996044181098846],[35.596177528360094,32.996061490975976],[35.596095653520756,32.996086699592816],[35.59286255281766,32.99725330831846],[35.592787425267744,32.99728431827246],[35.592715401605105,32.997321979366745],[35.59264706920192,32.99736598446505],[35.58141467846609,33.005339265846686],[35.581348556831955,33.005391004519424],[35.58128754418724,33.0054486796262],[35.58123217148964,33.005511789253966],[35.58118292061566,33.0055797841962],[35.581140220167136,33.00565207273231],[35.57981211583856,33.008160776977235],[35.57977123197007,33.0082492917748],[35.57974016309385,33.00834170976558],[35.57971927384189,33.00843694630922],[35.57970880937562,33.00853388368609],[35.5791537930482,33.01892910069354],[35.57680431523021,33.02581612547793],[35.57238680486864,33.032984264129006],[35.55823446682495,33.05063480768677],[35.55817629099931,33.05071626156487],[35.55812752005157,33.05080367183659],[35.55808875724589,33.05089595729504],[35.5491678875871,33.07595399540588],[35.538300873815885,33.09495342928348],[35.538263031634706,33.09502729932559],[35.53823215549326,33.095104341377],[35.538208507984116,33.09518390021754],[35.53658182106188,33.101751722708784],[35.536563696290024,33.10184635636921],[35.53655579231221,33.10194238534491],[35.536243602340534,33.11286748519263],[35.53624654414198,33.11297029840354],[35.53982504320338,33.1545859608096],[35.54012405673736,33.174923103784465],[35.53874487351531,33.18484995522204],[35.532162124380996,33.21171875624758],[35.53214781483465,33.2117892401894],[35.52850227254871,33.23433194816495],[35.52849249771357,33.23441924435566],[35.528491279562495,33.23450707765471],[35.52849862969975,33.23459461134992],[35.528514478106906,33.23468101158316],[35.52853867380984,33.23476545529385],[35.528570986316936,33.234847138059465],[35.52861110781477,33.23492528175867],[35.52865865610039,33.23499914198376],[35.528713178222226,33.235068015131965],[35.530512292450624,33.23712577527814],[35.530577718509804,33.23719316149406],[35.53064981104838,33.23725336230136],[35.53072778492774,33.23730572207077],[35.53081079095737,33.23734967056748],[35.53089792514303,33.237384729161356],[35.530988238532004,33.23741051603959],[35.537364061506544,33.23887598059913],[35.53746906308601,33.23889365200042],[35.53757541683623,33.238898798836864],[35.55115855854321,33.23875164304757],[35.55460046460839,33.26422466837317],[35.55393781636072,33.265132513687796],[35.54851799282362,33.26373310428372],[35.53824011461387,33.25874983851123],[35.53770650001501,33.257511772930314],[35.53766760383286,33.25743247709307],[35.53762112259524,33.257357375579495],[35.537567503941894,33.25728719165823],[35.53750726424976,33.257222601238794],[35.537440983660005,33.25716422636224],[35.53736930049094,33.257112629210546],[35.53729290509066,33.257068306692474],[35.537212533188644,33.25703168565811],[35.53712895881024,33.25700311878804],[35.53704298682241,33.25698288119683],[35.536955445182365,33.256971167783554],[35.53686717696398,33.25696809135478],[35.53677903223844,33.2569736815382],[35.53669185988764,33.256987884497285],[35.53660649942897,33.25701056344978],[35.53652377293031,33.257041499984986],[35.53644447709306,33.25708039616714],[35.53638038642481,33.25712006265905],[35.53688,33.257868],[35.542771,33.271536],[35.549489,33.281019],[35.561167,33.28213],[35.566955,33.276187],[35.585042,33.252209],[35.597754,33.244354],[35.597858,33.24438],[35.598064,33.244251],[35.603852,33.240091],[35.603892,33.240323],[35.604576,33.244251],[35.604576,33.244354],[35.613820351101054,33.25242395378304],[35.61382084584415,33.252423439457196],[35.613875565462585,33.252354053807736],[35.61392321692444,33.25227963644972],[35.61396334085758,33.25220090478531],[35.61399555045713,33.252118617807675],[35.6140195352144,33.2520335687841],[35.614035063910265,33.251946577608706],[35.61404198684416,33.251858482898434],[35.61448085792362,33.2368902740953],[35.61914167669841,33.232196799591414]]]}},{"type":"Feature","properties":{"id":"kinneret-basin","name_he":"אגן הכנרת","name_en":"Sea of Galilee (Kinneret) Basin","rock_summary_he":"תצורת גשר (חוואר, פליוקן) ותצורת עובדיה (משקעי אגם, פלייסטוקן) מתחת לכיסוי בזלת","description_he":"אגן הכנרת הוא שקע טקטוני מוקף פרשות מים בזלתיות, ובשוליו נחשפת תצורת גשר הפליוקנית ותצורת עובדיה מהפלייסטוקן - משקעי אגם קדום הכוללים חול, סחף וחרסית שנוצרו במחזוריות עם שינויי מפלס המים. אתר עובדיה הפרהיסטורי הידוע נחשף בדיוק בשכבות אלה, מה שהופך את האזור למקרה ייחודי לחיבור בין גיאולוגיה לארכיאולוגיה. כיסוי הבזלת שמעל קובע את פוריות הקרקע סביב האגם.","color":"#5B7A9E","sources":[{"title":"גיאולוגיה - איגוד ערים כינרת","url":"https://ikinneret.org.il/מידע-ושירותים/גיאולוגיה/"}],"rock_photo":{"file":"assets/rocks/jezreel-beit-shean-valleys.jpg","title":"Jezreel Valley field","author":"Itai","license":"Public domain","license_url":"","source_url":"https://commons.wikimedia.org/wiki/File:Jezreel_Valley_field.jpg"},"rock_class":"alluvium","rock_class_he":"סחף עמקים"},"geometry":{"type":"Polygon","coordinates":[[[35.57438281765934,32.65024106590745],[35.57433900922883,32.650315710013395],[35.57065529391203,32.65734630265857],[35.565485701094964,32.662605497206485],[35.553580074738655,32.6691638044235],[35.54868186556948,32.66962345040751],[35.54858694258131,32.66963749577478],[35.548494054473956,32.669661567449786],[35.54840425714966,32.66969539179863],[35.54831857137629,32.669738584324236],[35.54823797118382,32.66979065403711],[35.534051557748,32.680067187540594],[35.53398658846126,32.68011898711939],[35.53392667330711,32.68017655776197],[35.528192431461825,32.68621973713558],[35.52813244538225,32.68628982397874],[35.52807994907577,32.68636568327701],[35.52803549410977,32.6864465179931],[35.52799954756299,32.68653147881408],[35.52797248711804,32.68661967307493],[35.527954597093185,32.68671017413756],[35.527946065455055,32.68680203112683],[35.52794698184373,32.686894278921166],[35.52814170565707,32.69007168049335],[35.52815048613879,32.69015348187537],[35.52816669979107,32.690234139673755],[35.528190211128575,32.69031297989173],[35.52822082368466,32.69038934372067],[35.53383886486704,32.70273731464281],[35.536680361203366,32.7131498481159],[35.53695383106627,32.72020371680127],[35.534689523058184,32.74150251694299],[35.534684489465015,32.74159349112394],[35.534688679815794,32.74168450804336],[35.53470205116388,32.74177463487461],[35.53870869004735,32.76175259019266],[35.534052497115894,32.77691684593844],[35.52895634295127,32.78839508487432],[35.52892585227781,32.788473437915165],[35.52890280628347,32.78855429434549],[35.528887406090945,32.78863694853019],[35.5288797860979,32.78872067914517],[35.52888001280412,32.78880475547229],[35.528888084231134,32.78888844377641],[35.52890392993949,32.78897101370862],[35.528927411643494,32.789051744680094],[35.52964292880585,32.79114219348557],[35.529679018695916,32.79123166551937],[35.52972447850409,32.791316760353745],[35.529778785850894,32.79139650016238],[35.52984131668958,32.79146996865366],[35.54280268484137,32.805140657703134],[35.543259040392904,32.8210036253869],[35.54326680511697,32.82109849309448],[35.54328454568502,32.82119201017916],[35.5472775507482,32.83748194081721],[35.54715091303541,32.84849260036183],[35.54539218927712,32.85868957004709],[35.54107916072888,32.868105233648336],[35.535278769014866,32.87564230689946],[35.523980280560494,32.88697654394918],[35.52391986838883,32.887043552615665],[35.52386646862448,32.88711627301883],[35.519944933458454,32.89305966115848],[35.5199038783827,32.893128341892975],[35.51986908570484,32.89320039764988],[35.51984083044006,32.893275258871796],[35.51981933592923,32.89335233382583],[35.51504871416432,32.91395907352958],[35.51503238943325,32.91405110961453],[35.515025698579855,32.914144342496385],[35.51502871377561,32.91423776651028],[35.515041402496834,32.9143303739297],[35.515063627875506,32.914421165836394],[35.515095150175576,32.9145091628953],[35.51513562937893,32.91459341591823],[35.516093973837485,32.916348334716545],[35.51614125696591,32.91642543717266],[35.51619603999772,32.91649740454304],[35.516257769659276,32.91656351000316],[35.51632582252037,32.916623085930084],[35.51639951129057,32.91667553064498],[35.51647809176032,32.916720314489694],[35.51656077031703,32.91675698517598],[35.51664671196006,32.91678517235332],[35.516735048733665,32.91680459134922],[35.51682488849283,32.916815046044206],[35.51691532391332,32.91681643085253],[35.54749185121954,32.91574711692397],[35.5475961883504,32.915737363586864],[35.55837354292007,32.91409243981098],[35.55847809617119,32.91407005721513],[35.55857925717622,32.914035433321956],[35.5703566057659,32.90920525397449],[35.5704539050985,32.909158343050166],[35.570544883568225,32.90910011322109],[35.58458666124283,32.89887522036668],[35.60982246604269,32.90436818309579],[35.60992878217726,32.90438474199996],[35.61003631465547,32.90438849485336],[35.62191852347241,32.90409224886383],[35.62200530220626,32.904085877810104],[35.622091060140555,32.904071156543864],[35.62217499568858,32.90404822266604],[35.622256324297624,32.904017290541546],[35.629898217825804,32.900679529371295],[35.6299719839217,32.900643212059876],[35.630042127798355,32.900600314267635],[35.63010806402425,32.900551194026114],[35.64281718887618,32.890147799563096],[35.66005175459198,32.887657727438814],[35.66014670540324,32.88763874587304],[35.6602390674361,32.88760967335534],[35.66032777157648,32.88757084640752],[35.66041179105137,32.88752271446138],[35.660490153313916,32.887465834656474],[35.66268638733653,32.88568367809631],[35.66274923902047,32.88562760027665],[35.662806572789705,32.88556589213344],[35.66285788643891,32.885499094188575],[35.66290273049497,32.885427791547194],[35.66294071215408,32.88535260877254],[35.66297149872242,32.885274204415246],[35.662994820530315,32.88519326524482],[35.668329275639486,32.86278705110009],[35.66834462721719,32.86270640356251],[35.66835256612482,32.86262469266972],[35.66893944326004,32.851178979441535],[35.66893830748323,32.851068360306606],[35.66805773986019,32.83881913435291],[35.66804456928063,32.838717422940555],[35.661171347197026,32.80214790373251],[35.66114921486781,32.80205665999233],[35.661117697219076,32.801968218497905],[35.65690116855086,32.79184082953758],[35.65685713290022,32.79174983415443],[35.648906985109754,32.77743295560584],[35.65605937194036,32.77812156671825],[35.656156648341394,32.778125641578434],[35.656253795708956,32.77811918467051],[35.66382259319931,32.7772028294634],[35.66389776548426,32.77719048071145],[35.66397162416358,32.77717181899698],[35.66404364006592,32.777146978024604],[35.67147621522336,32.77422567623514],[35.671558989340625,32.77418821510611],[35.67163756473336,32.77414259933762],[35.67171114062221,32.77408929381016],[35.671778967178874,32.77402884177224],[35.67184035316779,32.77396185930407],[35.67189467299065,32.77388902903892],[35.671941373062026,32.77381109320627],[35.67197997745107,32.77372884606757],[35.67323592366252,32.77065901175726],[35.67326421541567,32.77057938257113],[35.67328491388919,32.770497450869236],[35.67329783659843,32.770413938988845],[35.67330286961246,32.77032958319859],[35.67329996855855,32.77024512720729],[35.673289159013365,32.770161315607176],[35.67327053627746,32.77007888730932],[35.673244264535086,32.76999856902912],[35.65803559336731,32.72996898680576],[35.65414533799178,32.714619345706105],[35.654120628661694,32.71453814275216],[35.65408837947379,32.71445962867316],[35.64407022167428,32.693007791749025],[35.64156488787205,32.681586388928174],[35.640226,32.680999],[35.635995,32.679143],[35.612334,32.681535],[35.611758,32.6819],[35.612224,32.681546],[35.593827,32.670358],[35.578737,32.653434],[35.574416943976104,32.650193957982076],[35.57438281765934,32.65024106590745]]]}},{"type":"Feature","properties":{"id":"lisan-formation-dead-sea","name_he":"תצורת הלשון וסביבות ים המלח","name_en":"Lisan Formation / Dead Sea Environs","rock_summary_he":"חוואר, ארגוניט וחרסית מסורגים (וארווים), פלייסטוקן עליון, כ-70-14 אלף שנה","description_he":"תצורת הלשון היא סדרת שכבות דקות ומסורגות (וארווים עונתיים) של ארגוניט וחרסית, שהצטברו בקרקעית ימת הלשון - אגם קדום גדול בהרבה מים המלח של היום. השכבות הרכות והמסולסלות (שכונות 'חוואר הלשון') נוחות לחתוך וקריאה כמו טבעות עץ, ומספרות על שינויי אקלים קדומים. באזור ים המלח כיום תהליכי המסת מלח בתת-הקרקע יוצרים בורות שקיעה מסוכנים - תופעה חשובה להסביר בכל סיור.","color":"#C7BFA0","sources":[{"title":"ימת הלשון - ויקיפדיה","url":"https://he.wikipedia.org/wiki/ימת_הלשון"}],"rock_photo":{"file":"assets/rocks/jordan-rift-dead-sea.jpg","title":"Rock Salt in Mount Sodom closeup","author":"Shayshal2","license":"CC BY-SA 4.0","license_url":"https://creativecommons.org/licenses/by-sa/4.0","source_url":"https://commons.wikimedia.org/wiki/File:Rock_Salt_in_Mount_Sodom_closeup.jpg"},"rock_class":"evaporite","rock_class_he":"אידוֹיים (מלח וחוואר)"},"geometry":{"type":"Polygon","coordinates":[[[35.42227268549551,31.178073815298962],[35.422291609499354,31.177973400290263],[35.42229902917319,31.177871487384632],[35.42249982785242,31.165225546270484],[35.42249496959661,31.165116788758056],[35.422477015420114,31.165009413496914],[35.41604014831995,31.13703923883443],[35.41646794316143,31.117155538960482],[35.416464114648335,31.117051034093276],[35.41539826119935,31.10583540751617],[35.41538495327916,31.105744713932822],[35.41536248925171,31.105655844397706],[35.41091988105206,31.091219268630127],[35.410887075774646,31.09112981343115],[35.40707428632018,31.082222510358296],[35.407027613016474,31.08212891620369],[35.40697039694584,31.082041368591977],[35.39721487210739,31.068856220698027],[35.397151422928395,31.068779695640046],[35.39707992126563,31.06871063483325],[35.38067395847261,31.054529734207076],[35.36515648024531,31.037596523884517],[35.36510179600672,31.037541774354462],[35.36504261091848,31.037491924556864],[35.36497936250284,31.037447343003393],[35.36491251831996,31.037408359260542],[35.36207982673863,31.03591567234604],[35.36200216059127,31.035879362031235],[35.36192139181039,31.03585060662403],[35.361838253344715,31.035829667069788],[35.36175349964701,31.035816733387705],[35.361667899827715,31.035811922946472],[35.36158223067555,31.035815279399174],[35.36149726960839,31.035826772287162],[35.36141378761849,31.035846297316468],[35.36133254227599,31.035873677304203],[35.36125427085422,31.035908663786472],[35.36117968363922,31.035950939273064],[35.3559861292812,31.03923090909826],[35.35591530347764,31.039280554394654],[35.35584957027729,31.039336769128273],[35.35578953677494,31.039399034114417],[35.355735757424455,31.039466774289824],[35.35568872891795,31.03953936402381],[35.35564888559852,31.03961613289641],[35.35561659544873,31.039696371890237],[35.35559215669203,31.039779339938754],[35.35327467140466,31.049316086803554],[35.34815729792629,31.059324036112706],[35.34812420103852,31.059396509131844],[35.34809764324025,31.05947162521424],[35.34807783265749,31.059548795696248],[35.34726519703711,31.063418172868356],[35.34725084489065,31.06350972214104],[35.34724598258426,31.063602261923904],[35.347250661665896,31.063694811152057],[35.34726483253006,31.06378638866046],[35.34728834494366,31.063876023585816],[35.34732094963873,31.063962765659205],[35.35775212564428,31.08789422540821],[35.36254522401973,31.102005987287704],[35.365038122187464,31.115100287039276],[35.364884117767495,31.12693124359889],[35.36392599906914,31.127885898337947],[35.358189497709795,31.12917743037811],[35.340135961920616,31.130364500545152],[35.340048966459385,31.130374489936553],[35.33996335356144,31.13039288640146],[35.339879933695364,31.130419515786716],[35.339799496569036,31.130454126000863],[35.339722803653736,31.13049638940062],[35.33965058097557,31.130545905892557],[35.33958351224239,31.130602206720667],[35.3395222323714,31.130664758903894],[35.339467321478566,31.13073297028171],[35.3322842074181,31.140603008313345],[35.324077007472475,31.14859630041687],[35.324017499795346,31.148660166482518],[35.32396445923698,31.148729497118946],[35.323918384774025,31.148803640101363],[35.32387970984986,31.148881897933048],[35.32384879829709,31.148963534407027],[35.32382594091472,31.149047781531902],[35.323811352732534,31.149133846756698],[35.323805170988194,31.149220920426746],[35.32346343962337,31.16450121864195],[35.3216559362491,31.17281517422074],[35.31846881555588,31.179516695340347],[35.310137874023376,31.19161826220332],[35.31009316090263,31.19169024852195],[35.3100554165874,31.191766121177796],[35.31002497571103,31.19184520749951],[35.303717502350764,31.210857533571346],[35.294475847894546,31.2264210369252],[35.29443650919938,31.226494907101],[35.29440420242475,31.226572112075726],[35.29437920693793,31.226651984232628],[35.29436173888311,31.22673383289096],[35.29435194931228,31.226816950278508],[35.292963418216175,31.24641628575485],[35.29111783884284,31.25573990321266],[35.28730995374532,31.26495546472757],[35.280002642471736,31.276677199817833],[35.279960211249296,31.276753224560668],[35.279925324438636,31.276832993480696],[35.27989830851872,31.27691576008164],[35.27987941631086,31.277000749814214],[35.279868824612784,31.277087167324552],[35.279866632544085,31.2771742038973],[35.27987286061865,31.277261045023774],[35.279887450552714,31.277346878024336],[35.27991026581022,31.277430899653606],[35.27994109288066,31.277512323617454],[35.27997964327706,31.277590387931316],[35.281151675087095,31.27970010616688],[35.28119457923012,31.279769690846884],[35.28124362034521,31.279835095450768],[35.28129839382542,31.279895780366886],[35.28135844776973,31.279951244922707],[35.281423286711345,31.280001031515575],[35.28149237570553,31.28004472938808],[35.28986947914063,31.28482484092929],[35.28994872305815,31.284865010036285],[35.290031541331516,31.284897170403482],[35.30582919699168,31.290150295898137],[35.32732663779835,31.303156734076893],[35.33198331173051,31.307124011823763],[35.3409588760196,31.325725197616347],[35.34099897679949,31.32579923946296],[35.35850078542979,31.35478820917771],[35.366412682358195,31.37589000673836],[35.36644784370512,31.375971356709627],[35.37675689472309,31.39692466361563],[35.37680027016875,31.397002778312537],[35.37685117731194,31.3970762071756],[35.37690911441343,31.397144226492202],[35.37697351044691,31.39720616586604],[35.377043730727046,31.39726141482455],[35.37711908316493,31.397309428835683],[35.37719882508922,31.397349734674822],[35.37728217056598,31.397381935088855],[35.377368298144724,31.39740571271149],[35.389100577776766,31.40002565435743],[35.40945987473503,31.408451713423762],[35.409540977655304,31.408480815236093],[35.40962449189093,31.40850202777028],[35.422714068285764,31.411167008790237],[35.42322276445828,31.411819801606313],[35.421500187477356,31.424734867863922],[35.41295975597887,31.444064957996446],[35.41293030866051,31.444140682761734],[35.408584269173765,31.457008151995776],[35.397206974941604,31.472832716802614],[35.37550714779613,31.492478645168614],[35.37544381852968,31.49254199328069],[35.37538709996757,31.49261132281267],[35.37533755394421,31.492685947010237],[35.375295671245354,31.492765126671948],[35.375261866746484,31.492848077471514],[35.369018747954364,31.510656007510367],[35.3647121214988,31.51744594714741],[35.357319941235055,31.525328383252752],[35.35725899212927,31.525400630654552],[35.35720595646936,31.525478871943783],[35.35716141925048,31.52556224410159],[35.35712587172809,31.525649827514485],[35.35709970599927,31.5257406561179],[35.355633618773446,31.532060571532735],[35.35561713343651,31.532153562648332],[35.355610483398785,31.532247769287757],[35.355613741885506,31.53234215411799],[35.35657039246816,31.543310245697057],[35.35657945727703,31.54338133634228],[35.35659414974661,31.54345148035083],[35.36363507452466,31.571457675506206],[35.363310290767934,31.59669830512517],[35.36331350805477,31.59678678990529],[35.363325404488805,31.596874530329867],[35.365235557162116,31.607139775732286],[35.36525396753646,31.607218746004445],[35.365279410999925,31.60729573870498],[35.365311681012955,31.607370128838916],[35.36535051562091,31.607441312537844],[35.365395599580474,31.60750871196187],[35.378922897782694,31.62588297838234],[35.38583348969131,31.63875213521993],[35.3948254623494,31.661347027321174],[35.400377244920435,31.67938914826366],[35.40040348711301,31.679462864199273],[35.40043603306342,31.679534022142935],[35.40047463676076,31.67960208422038],[35.413458580959464,31.700338286579505],[35.421309183624814,31.71789569814394],[35.423596607737046,31.746129371216274],[35.422256449466,31.75688234622373],[35.416790820596525,31.765996272515977],[35.40176102607274,31.779453358141673],[35.401695636205424,31.779518232578827],[35.40163721975522,31.77958945087486],[35.40158638861839,31.779666267037687],[35.401543675237114,31.779747876439128],[35.398783078683955,31.785751571766987],[35.39874765407429,31.785840890418097],[35.39872195372399,31.785933476682736],[35.39870627057658,31.7860282752233],[35.39870078339524,31.786124205485713],[35.3987055547252,31.786220174016055],[35.40203184592696,31.818373622358084],[35.39608001404873,31.84737937296729],[35.39606635406038,31.84746833182177],[35.396061647282295,31.84755821018019],[35.39606594078384,31.84764810922866],[35.39607919162856,31.8477371299464],[35.39610126730353,31.84782438209621],[35.396131947044566,31.84790899312718],[35.39617092404391,31.84799011690048],[35.39621780851843,31.848066942151025],[35.396272131607574,31.84813870060041],[35.396333350062136,31.848204674639945],[35.39640085167694,31.848264204507],[35.39776292289389,31.849349319951394],[35.397837658033424,31.84940285580375],[35.39791746463618,31.8494484884097],[35.39800151001104,31.8494857416449],[35.39808891724014,31.84951422681423],[35.39817877432845,31.849533646707346],[35.410966797967475,31.85162035044123],[35.41104597607555,31.85162969237716],[35.41112567026167,31.851631990477248],[35.423323369476904,31.85144316778293],[35.42340357798913,31.85143833864017],[35.42348303609417,31.851426374711167],[35.42356111041027,31.851407371363603],[35.42363717858623,31.85138148007822],[35.43148445465183,31.84831317959804],[35.43156496406838,31.848277055372336],[35.43164154888832,31.848233220555244],[35.431713472883274,31.848182096541453],[35.431780044630486,31.84812417479848],[35.43889009198284,31.841297457161634],[35.45559212776003,31.848411917275545],[35.45566299819107,31.848438641300103],[35.455735864684655,31.848459311704037],[35.46723730493084,31.85120478773169],[35.467319156810376,31.85122036118752],[35.46740209814085,31.851228298341177],[35.46748541805746,31.851228531165738],[35.47945808438507,31.85070725669537],[35.47953342157369,31.850700797259684],[35.47960795066593,31.85068803674599],[35.47968114559529,31.850669065224864],[35.495200304972876,31.845942622366227],[35.516966296838476,31.848619577363085],[35.51705640844601,31.84862609109931],[35.51714671907613,31.84862353754108],[35.51723631865072,31.84861194242111],[35.51732430425709,31.848591422585717],[35.51740978924684,31.848562184817357],[35.522786149134525,31.84641627055517],[35.52287386305688,31.846375672410673],[35.52295671749814,31.846325902107523],[35.523033756876394,31.84626753365962],[35.52310409267638,31.846201240245524],[35.52316691369694,31.846127786444484],[35.52932318498675,31.83809331420168],[35.529374710439306,31.838018536369464],[35.52941843806275,31.83793894685131],[35.529453922666875,31.83785535594677],[35.53239045505573,31.829835047537177],[35.5324117840071,31.829769012278653],[35.53242796170212,31.829701529971945],[35.53508269494837,31.81638176769163],[35.53567756996359,31.815844604598404],[35.539717370149255,31.81573874485143],[35.55941,31.765349],[35.527578,31.735067],[35.502479,31.68536],[35.480139,31.641119],[35.465352257183106,31.5737170185753],[35.46233891764347,31.565553492213677],[35.46059741334491,31.554011919091025],[35.46278710375186,31.54913718072352],[35.458745,31.494409],[35.459055,31.492808],[35.459158,31.491877],[35.458745,31.491567],[35.458125,31.491929],[35.458538,31.491619],[35.457128,31.433524],[35.456884,31.423509],[35.452854,31.400823],[35.435077,31.360619],[35.416473,31.331835],[35.423915,31.324601],[35.422261,31.303],[35.408205,31.282019],[35.3957,31.25768],[35.401177,31.230291],[35.410686,31.204608],[35.42010228978662,31.186826294289283],[35.42227268549551,31.178073815298962]]]}},{"type":"Feature","properties":{"id":"northern-arava-hazeva","name_he":"הערבה הצפונית ותצורת חצבה","name_en":"Northern Arava & Hazeva Formation","rock_summary_he":"קונגלומרט, חרסית וגיר אגמי, אוליגוקן-פליוקן, כ-30-3 מיליון שנה","description_he":"תצורת חצבה מייצגת מערכת נהרות וימות עתיקות שהזרימו משקעים דרומה לתוך בקע ים המלח המתפתח, לפני שהערבה קיבלה את צורתה הנוכחית. השכבות האדמדמות של קונגלומרט וחרסית נחשפות היטב לאורך צוקי הערבה ומספרות את סיפור ניתוק מערכות הניקוז מהים התיכון. לאורך קו השבר עצמו בולטים גם מעיינות חמים (כמו חמי יואב) הקשורים לפעילות טקטונית מתמשכת.","color":"#B5622E","sources":[{"title":"גאולוגיה והתפתחות הנוף בערבה הצפונית","url":"https://www.adssc.org/wp-content/uploads/2019/04/journal6-2-5.pdf"}],"rock_photo":{"file":"assets/rocks/jordan-rift-dead-sea.jpg","title":"Rock Salt in Mount Sodom closeup","author":"Shayshal2","license":"CC BY-SA 4.0","license_url":"https://creativecommons.org/licenses/by-sa/4.0","source_url":"https://commons.wikimedia.org/wiki/File:Rock_Salt_in_Mount_Sodom_closeup.jpg"},"rock_class":"conglomerate","rock_class_he":"קונגלומרט"},"geometry":{"type":"Polygon","coordinates":[[[35.164030519314146,30.83803035435054],[35.164114343999046,30.838001738806433],[35.16419494991687,30.837965022145685],[35.16427155634185,30.83792055999532],[35.16434342128619,30.83786878300295],[35.16440984868669,30.837810192665636],[35.17053674795831,30.83184506770569],[35.17059106776355,30.831787307489357],[35.170640093037456,30.831724990506515],[35.1706834432662,30.831658600435716],[35.17478602499179,30.824726578649926],[35.174828295772244,30.82464614972846],[35.17486224169823,30.82456186862501],[35.17488751678824,30.824474594344068],[35.177147129409086,30.814884278471133],[35.17716225924237,30.814803832171275],[35.17717001732372,30.814722343943966],[35.17717033947635,30.814640487879842],[35.17660307921355,30.800997862145504],[35.18232655827187,30.792623995841353],[35.18237200020899,30.79255010207723],[35.18241011694063,30.792472176646232],[35.18614084471956,30.783810740324423],[35.19747169763976,30.77833004012987],[35.19754072349167,30.778292859011707],[35.197606251497234,30.778249811546445],[35.1976677843714,30.77820122441671],[35.20483545682356,30.772016112259355],[35.219292016185165,30.784394407456585],[35.219379486833404,30.7844605115257],[35.23283624179228,30.793396853356263],[35.2329076475719,30.79343965053966],[35.23298270232898,30.79347566675418],[35.23306076389279,30.793504593844013],[35.23314116436623,30.79352618430811],[35.233223215840454,30.793540253417817],[35.23330621628058,30.793546680797405],[35.23338945553236,30.793545411454026],[35.2385147728322,30.793229734084743],[35.23859319072544,30.793221443138407],[35.23867058189702,30.7932063199002],[35.23874635224015,30.793184480466287],[35.24890057269791,30.78976927786503],[35.24898023952118,30.789738196946676],[35.24905659684838,30.789699695196095],[35.24912895531179,30.789654120214042],[35.249196661646124,30.789601883459685],[35.249259104586386,30.789543456535863],[35.249315720386434,30.789479366931403],[35.249365997908605,30.789410193258814],[35.24940948323836,30.789336560030502],[35.249445783782285,30.789259132020543],[35.24947457181252,30.78917860826299],[35.24949558742553,30.78909571574086],[35.249508640888564,30.789011202822806],[35.24951361435261,30.78892583250671],[35.249510462916334,30.78884037553119],[35.24949921503146,30.788755603417254],[35.24746369604454,30.77753385650507],[35.24743650849107,30.77742390451817],[35.2427217294524,30.76246732103359],[35.242393701134695,30.75684535113081],[35.24487351074633,30.752756073522843],[35.25307538453335,30.750211373241925],[35.253164504623776,30.750178473444127],[35.25324966036335,30.75013636302703],[35.25332990297132,30.7500855111728],[35.25340433840759,30.75002648445818],[35.255866962806806,30.747852373407273],[35.25592862733962,30.747792454654164],[35.25598429268449,30.74772692495889],[35.25603345079057,30.747656382403022],[35.2560756529978,30.747581470819895],[35.25611051413177,30.747502873918425],[35.25613771601913,30.747421309042988],[35.25615701039158,30.74733752062628],[35.25616822115171,30.747252273395013],[35.25800542552142,30.72516088693496],[35.25800846656304,30.72507632853266],[35.25800355323558,30.724991858238784],[35.257990728966625,30.72490822266346],[35.257970107106416,30.72482616103896],[35.257941869926015,30.724746398685824],[35.257906267006234,30.72466964060197],[35.257863613031674,30.724596565231373],[35.25781428500929,30.724527818467504],[35.25775871893617,30.724464007944455],[35.256651074133984,30.72330668800392],[35.25658963488219,30.723248268499255],[35.25652297122513,30.72319588933342],[35.25645167470978,30.723150015298458],[35.25637637799325,30.723111053462436],[35.256297749228885,30.723079349557306],[35.2562164861373,30.723055184911004],[35.25613330981506,30.72303877395106],[35.25604895833604,30.723030262301858],[35.25596418020194,30.723029725492406],[35.25587972770045,30.72303716828614],[35.246900862779825,30.724256917367576],[35.2420611406198,30.72374544182956],[35.23738000364417,30.698041815932175],[35.23736087960204,30.697959137297847],[35.2373340534213,30.69787862741281],[35.23729976360609,30.697801002068143],[35.23725831501765,30.697726951409283],[35.23721007616389,30.697657133800114],[35.2371554759231,30.697592169969653],[35.2370949997309,30.697532637493318],[35.23702918526435,30.697479065657863],[35.23405344125853,30.695281727894752],[35.233991732206746,30.695239993603668],[35.23392678299748,30.69520350582025],[35.233859038633675,30.695172514542488],[35.22172772654958,30.69021913111942],[35.212866608247545,30.68376156506873],[35.20567265423445,30.65224601922411],[35.20564627300684,30.65215353657989],[35.20561017404629,30.652064396949537],[35.189884637702505,30.618508026791023],[35.18546166999496,30.60614708796576],[35.18404807930887,30.596526093822828],[35.18567134928116,30.58314838052409],[35.185677193618496,30.58307568690877],[35.18567713314714,30.583002758763794],[35.185345996651485,30.575000335316165],[35.18533850902111,30.57491591153959],[35.185323113020395,30.574832566462828],[35.18529994518788,30.57475103922691],[35.18051074428204,30.56048938947639],[35.178224393350256,30.54887009554135],[35.178201911580324,30.548780431132496],[35.17817035102756,30.548693545761438],[35.17813004464161,30.54861035602982],[35.16614500945216,30.526804675428707],[35.1661022474971,30.526734640338475],[35.16605328443968,30.52666879113444],[35.16599852730788,30.526607675218496],[35.16456381135973,30.525146260099646],[35.16449816157724,30.525085713554002],[35.16442683436109,30.525031971518644],[35.16435053204466,30.52498556317202],[35.16427000594936,30.524946945480405],[35.16418604898664,30.52491649869829],[35.16409948785047,30.524894522624166],[35.16401117487716,30.524881233648518],[35.160949780621124,30.524574935877798],[35.16084718456898,30.524570558609913],[35.16074475771826,30.524577896909573],[35.155588027597304,30.52524474687787],[35.15550444705778,30.525259591929405],[35.15542263693907,30.525282245552045],[35.15534332505653,30.525312506210163],[35.155267217000194,30.5253501046929],[35.15519498985763,30.52539470650921],[35.155127286190194,30.525445914863592],[35.15506470831665,30.525503274186157],[35.15500781295465,30.525566274185564],[35.154957106267965,30.525634354388764],[35.154913039363436,30.525706909127184],[35.15487600427778,30.525783292925027],[35.154846330489846,30.525862826241642],[35.15307802698073,30.531384550418416],[35.153052185268336,30.53148474835158],[35.15303801547003,30.53158725023803],[35.15191826543144,30.545580599878825],[35.15191541483337,30.545646842399037],[35.151917448806316,30.54571311502044],[35.153659994387795,30.57147975155844],[35.15205142475703,30.57994614401651],[35.1495423642665,30.584650514800806],[35.14310729657977,30.59236889645831],[35.13621361551629,30.597796254066154],[35.112065374715634,30.60921768159454],[35.11198847853988,30.609258720228283],[35.11191591276478,30.60930700479713],[35.11184835800277,30.609362082428113],[35.10167395835147,30.618512230811685],[35.09194727706868,30.624676116639275],[35.091876448467644,30.62472593315597],[35.0918107352338,30.624782325947688],[35.09175074569128,30.624844772972015],[35.09169703517852,30.624912696140957],[35.091650100907415,30.624985466672463],[35.09161037736045,30.625062410911205],[35.0915782322686,30.6251428165648],[35.09007294681395,30.629506205665077],[35.09004852509735,30.6295899643594],[35.09003232819581,30.629675694164586],[35.09002450831898,30.62976258943858],[35.09002513895381,30.6298498335869],[35.09003421417394,30.629936606736525],[35.09005164869539,30.630022093440626],[35.09240637249384,30.639256479225242],[35.093567662937325,30.652878539160152],[35.093580708133,30.652972592011903],[35.093603589822955,30.65306474701349],[35.09694450404174,30.664014143903845],[35.09697669578177,30.664102734884466],[35.097017976524214,30.664187473130127],[35.10609217151849,30.680574599392106],[35.106158320347866,30.68067701150125],[35.12091792367513,30.700447926670872],[35.12476383364697,30.71902622535327],[35.12478634868743,30.71911297449749],[35.124817379986176,30.71919705421899],[35.12485661982225,30.7192776307437],[35.13855826270289,30.744180719777184],[35.1396986338246,30.749600895105356],[35.138384862860235,30.759509827866157],[35.1383777252517,30.75959339774127],[35.13837839834586,30.759677269169217],[35.13838687629687,30.759760713724635],[35.13840308547352,30.759843006689547],[35.13974765090106,30.765311482854703],[35.13977010229524,30.765387999174234],[35.139799238437,30.76546222785803],[35.1398348305964,30.76553358618231],[35.13987659936127,30.76560151395672],[35.145567143856695,30.77399806203136],[35.14562675774883,30.774076423937757],[35.16170009641764,30.79296403860877],[35.16408446883301,30.802405021868555],[35.16511758292165,30.812463690710928],[35.164083225953654,30.825687907275615],[35.160428624263666,30.837353530430146],[35.16040644000923,30.837438755723777],[35.160392691292174,30.837525741151282],[35.160387509752084,30.837613653854927],[35.16039094500055,30.837701652098584],[35.16040296414617,30.83778889332713],[35.16042345210945,30.8378745422336],[35.16045221272468,30.837957778757023],[35.16048897061812,30.83803780593421],[35.16053337384467,30.838113857530452],[35.16058499725759,30.838185205375957],[35.16064334657915,30.83825116633784],[35.1607078631332,30.838311108860925],[35.16077792919428,30.83836445901465],[35.160852873902215,30.838410705988302],[35.1609319796853,30.83844940698185],[35.161014489130885,30.838480191445615],[35.161099612237315,30.83850276462817],[35.16118653397799,30.838516910398486],[35.16127442210494,30.83852249331532],[35.16136243511737,30.838519459924026],[35.16144973031873,30.838507839268356],[35.16394428776396,30.838050591616078],[35.164030519314146,30.83803035435054]]]}},{"type":"Feature","properties":{"id":"golan-cover-basalt","name_he":"בזלות הגולן הקדומות (בזלת הכיסוי)","name_en":"Older Golan 'Cover' Basalt (Pliocene)","rock_summary_he":"בזלת כיסוי, פליוקן תחתון, כ-5.5-3.5 מיליון שנה","description_he":"זוהי שכבת הבזלת העתיקה והתחתונה ביותר ברמת הגולן, ששימשה בסיס להתפתחות שאר הרמה. באזורים בהם היא חשופה (כמו קניון הימית והגמלא) נחתכים בה קניונים עמוקים וצרים המספרים על מחזורי שפיעה של מים לאורך זמן רב. הבזלת הקדומה נבדלת מהבזלת הצעירה בעובי הבליה ובפיתוח קרקע אדמדמה עמוקה יותר מעליה.","color":"#5C5648","sources":[{"title":"גאולוגיה של הגולן - ויקיפדיה","url":"https://he.wikipedia.org/wiki/גאולוגיה_של_הגולן"}],"rock_photo":{"file":"assets/rocks/golan-heights-basalt.jpg","title":"138231 hexagonal pool PikiWiki Israel","author":"רוני קניגסברג","license":"CC BY 2.5","license_url":"https://creativecommons.org/licenses/by/2.5","source_url":"https://commons.wikimedia.org/wiki/File:138231_hexagonal_pool_PikiWiki_Israel.jpg"},"rock_class":"volcanic","rock_class_he":"סלע וולקני (בזלת)"},"geometry":{"type":"Polygon","coordinates":[[[35.63946491077946,32.6807478067991],[35.63944047966404,32.680831761851955],[35.63942431069238,32.680917691443234],[35.63941655647822,32.68100478451106],[35.6394172902111,32.6810922190119],[35.64001624974821,32.6915912683842],[35.64002297209834,32.69166109880062],[35.64003511303513,32.691730193479884],[35.64276950292348,32.704377702274485],[35.64280258299225,32.704492927373956],[35.64830970050183,32.719758597192886],[35.64833142780814,32.7198131755006],[35.67106466425514,32.77190342563654],[35.669508014463055,32.77327143906123],[35.669443393802794,32.77333423376973],[35.66938537595536,32.77340317529949],[35.6693345424605,32.773477572617644],[35.66929140284587,32.7735566800054],[35.66925638951983,32.77363970453278],[35.669229853437145,32.7737258140065],[35.669212060581266,32.773814145311405],[35.66920318929824,32.773903813061935],[35.66920332850902,32.77399391847669],[35.66921247681826,32.77408355838736],[35.6692305425282,32.77417183429162],[35.66925734455786,32.77425786135918],[35.669292614258104,32.77434077730091],[35.66933599810438,32.77441975101191],[35.6693870612403,32.774493990902116],[35.669445291836404,32.77456275283072],[35.669510106220464,32.774625347565056],[35.66958085472788,32.774681147689115],[35.66965682821361,32.77472959389242],[35.66973726516021,32.77477020057622],[35.66982135931091,32.77480256072093],[35.66990826775109,32.77482634996583],[35.669997119357205,32.774841329860294],[35.678845376886876,32.775880826092994],[35.678925858923016,32.77588663896827],[35.679006538127084,32.77588521992227],[35.679086765963014,32.77587658036196],[35.67916589752305,32.77586078973603],[35.68629952347645,32.77410141414724],[35.68067432612878,32.796061519853104],[35.68065748014608,32.79614265981905],[35.68064816886632,32.796225005318476],[35.680081678800704,32.804725685355784],[35.68008010470295,32.80481294615127],[35.6800869899264,32.80489994912772],[35.68010226972508,32.80498587614306],[35.68012580041374,32.805069919173135],[35.68614635356859,32.82314674563622],[35.68617595983487,32.82322368916731],[35.69507041864767,32.84351388011017],[35.69433482958586,32.846939255511145],[35.6897208809453,32.85613972465332],[35.68968787507315,32.85621366595996],[35.68966164859133,32.856290274550055],[35.68964241379528,32.8563689303003],[35.68963032638484,32.85644899651623],[35.68962548420392,32.856529825086106],[35.68931645905142,32.877359344039476],[35.68611330817168,32.89060880261088],[35.6810212481662,32.90005070269678],[35.66832979261511,32.91622540217703],[35.668273709890904,32.916305478624025],[35.66822664350434,32.916391165639226],[35.66818914881028,32.916481452167766],[35.659045339805985,32.94239040479464],[35.64452529277986,32.96632386594607],[35.64448408992493,32.96639977003945],[35.64445035233011,32.96647927401006],[35.64442439067728,32.966561645723836],[35.64440644404142,32.966646126638295],[35.644396677689045,32.96673193878783],[35.64439518155628,32.96681829194778],[35.64440196942067,32.966904390911445],[35.64441697877431,32.96698944281295],[35.644440071399465,32.9670726644286],[35.64447103464137,32.96715328938936],[35.64450958336654,32.96723057523822],[35.64455536258849,32.967303810267296],[35.644607950736734,32.96737232007179],[35.64542047592917,32.96833177292546],[35.64548493166041,32.968400278305154],[35.64555618526088,32.9684616823177],[35.64563345843645,32.96851531425477],[35.64571590714192,32.96856058830145],[35.64580263080043,32.96859700993501],[35.64589268214034,32.96862418132651],[35.64598507754218,32.96864180568627],[35.678592134302484,32.97311071840761],[35.67867651943042,32.97311825879658],[35.67876123970115,32.9731178310002],[35.67884554437727,32.973109438809324],[35.678928686404085,32.97309315659024],[35.679009929029604,32.97306912862566],[35.67908855233309,32.9730375678362],[35.6791638596046,32.9729987538936],[35.67923518351876,32.972953030742445],[35.679301892048194,32.97290080355237],[35.67936339406413,32.97284253512766],[35.679419144574645,32.97277874180622],[35.68132280218067,32.970381501861404],[35.68137555027199,32.97030772960796],[35.68142060620582,32.97022902338622],[35.681457512486084,32.970146182375885],[35.68148589436793,32.970060047741164],[35.68150546366291,32.96997149408957],[35.681516021665196,32.969881420591236],[35.68151746116929,32.96979074184872],[35.681509767558516,32.96970037861024],[35.67850615007179,32.94764306578947],[35.67910126892214,32.934547117681845],[35.68336048508906,32.92276727434971],[35.69096991089156,32.913460335323165],[35.691023706079264,32.913387320356776],[35.69106987981392,32.91330926208517],[35.69564097280558,32.90460906927153],[35.695685286055806,32.904510861912506],[35.69571754611709,32.90440806289521],[35.69800358776662,32.8952332120202],[35.69802186633892,32.895138450607085],[35.69802989304619,32.89504227678741],[35.698413459380404,32.88209913911394],[35.72018278025482,32.88176627814975],[35.734130740549205,32.88275096527525],[35.7342334224352,32.88275234115845],[35.73433559264311,32.88274201103838],[35.73443592100983,32.88272010940379],[35.74276835527004,32.880396005094795],[35.74285965480793,32.8803651840474],[35.742947135806844,32.88032477838677],[35.75601561729554,32.87341705458768],[35.7798839291121,32.87335674609806],[35.78495424023505,32.87491470683366],[35.80195209007964,32.88636182719158],[35.80202414791876,32.88640559344586],[35.80209998492356,32.88644242503415],[35.80217893561802,32.886471998756214],[35.80226030720325,32.886494055100194],[35.80234338563684,32.88650840051983],[35.802427441898644,32.886514909132885],[35.80251173838799,32.88651352382573],[35.8025955353962,32.886504256754556],[35.802678097597564,32.88648718923868],[35.81652933166431,32.88293996255761],[35.816604267034705,32.88291725603994],[35.8166769452139,32.882888122246],[35.81674681610025,32.88285278168967],[35.81681335084052,32.882811501863884],[35.8239717836932,32.87792658151035],[35.82404534351023,32.877870640042644],[35.8241127788586,32.87780745010451],[35.82417337871211,32.877737677959324],[35.82422650411681,32.87766205927204],[35.82427159492795,32.877581391352514],[35.82430817571614,32.8774965247488],[35.82433586078011,32.87740835427912],[35.82489817177491,32.875232346040924],[35.824915834297606,32.87514720870411],[35.8249251987656,32.87506076428515],[35.824926177773364,32.87497381963396],[35.82491876218309,32.874887186269426],[35.82490302120998,32.87480167280503],[35.82487910177621,32.87471807740134],[35.824847227139614,32.87463718031629],[35.824807694809806,32.874559736622366],[35.82476087377134,32.87448646915902],[35.81245922508146,32.85714376158852],[35.80509290008836,32.841278126214775],[35.80395021821611,32.82737506008974],[35.803942186799006,32.82730814625165],[35.80392917074805,32.827242021008324],[35.79792404396014,32.80180170762431],[35.79765913862422,32.791398144649364],[35.784203,32.777949],[35.75759,32.744347],[35.757435,32.744282],[35.740175,32.740535],[35.685191,32.711234],[35.652015,32.686171],[35.640226,32.680999],[35.63949303382906,32.68067747194203],[35.63946491077946,32.6807478067991]]]}},{"type":"Feature","properties":{"id":"golan-young-basalt","name_he":"בזלות הגולן הצעירות","name_en":"Younger Golan Basalt (Pleistocene Cinder Cones)","rock_summary_he":"בזלת תצורות אורטל וגולן, פלייסטוקן, כ-1.6 מיליון שנה עד כ-100 אלף שנה","description_he":"בצפון ובמרכז הגולן מפוזרים חרוטי סיגים געשיים מרשימים (כמו אביטל, בנטל ודב) שנוצרו בהתפרצויות האחרונות של שדה הבזלת, חלקן צעירות בכ-100 אלף שנה בלבד. זרימות לבה מרובות (כמו זרימות דלווה ומווייס) יצרו נוף מדורג של רמות בזלת שטוחות המופרדות בקרקעות קדומות מאובנות. חרוטי הסיגים הם יעד תצפית קלאסי המסביר בצורה ויזואלית את מנגנון ההתפרצות הוולקנית.","color":"#3E3B36","sources":[{"title":"על הרי געש והתפרצויות וולקניות ברמת הגולן - מוטי חזקיה","url":"https://motihezkia.co.il/nature/על-הרי-געש-והתפרצויות-וולקניות-גיאולוגיה-ברמת-הגולן/"}],"rock_photo":{"file":"assets/rocks/golan-heights-basalt.jpg","title":"138231 hexagonal pool PikiWiki Israel","author":"רוני קניגסברג","license":"CC BY 2.5","license_url":"https://creativecommons.org/licenses/by/2.5","source_url":"https://commons.wikimedia.org/wiki/File:138231_hexagonal_pool_PikiWiki_Israel.jpg"},"rock_class":"volcanic","rock_class_he":"סלע וולקני (בזלת)"},"geometry":{"type":"Polygon","coordinates":[[[35.69778979573004,32.88016372647482],[35.69770168505508,32.880173134235186],[35.697614926583626,32.88019116101048],[35.69753036133697,32.88021763205232],[35.6974488090757,32.88025229075511],[35.697371060353035,32.8802948011435],[35.697297868851365,32.88034475112928],[35.697229944076184,32.88040165650612],[35.69716794447827,32.88046496564334],[35.69711247107078,32.88053406483334],[35.69706406160313,32.88060828424077],[35.69702318534816,32.8806869043958],[35.69699023855306,32.88076916316852],[35.696965540598256,32.88085426315692],[35.696949330901354,32.88094137941673],[35.694979919411544,32.89547167377266],[35.6925817757791,32.9023426046972],[35.6749873355158,32.92987910270353],[35.67493852741498,32.929965683441836],[35.67489956378931,32.9300571180678],[35.67270670007902,32.93610978153532],[35.67268148328323,32.936191244551964],[35.672664089789045,32.93627472853983],[35.672654675753755,32.93635948398691],[35.67182208300197,32.94951048551041],[35.67182141227466,32.949612387738085],[35.67392218559169,32.991540850746745],[35.67058828408717,33.01464636325317],[35.6705801453145,33.014730687780244],[35.669146457434195,33.04388445711612],[35.66688484678285,33.05894315507375],[35.664886315837485,33.06311832213298],[35.646714918343584,33.0764586404623],[35.64664435713719,33.07651615321345],[35.64657996656497,33.076580499577766],[35.646522405366355,33.07665102126809],[35.64647226241376,33.07672699682137],[35.646430050688174,33.07680764897953],[35.64639620203122,33.07689215264107],[35.6463710627272,33.07697964330221],[35.64635488996052,33.07706922590102],[35.643230991390105,33.101338075210265],[35.64322377799296,33.101436476612484],[35.6430602092009,33.11035741264079],[35.64306366407672,33.110454397828306],[35.64307754153749,33.110550447184615],[35.644919746228595,33.11975979121092],[35.644939867532656,33.11984069440837],[35.64496738860653,33.11991938865675],[35.645002073306,33.1199951987211],[35.65790921288953,33.145067007155355],[35.66063997474748,33.15588068835223],[35.65568635034545,33.22998530148624],[35.65568466084878,33.23006912329188],[35.65610528795683,33.2459736146431],[35.65611142424615,33.2460573843637],[35.657938023306706,33.26123123111674],[35.65795233325021,33.26131586117342],[35.65797463995111,33.26139874321051],[35.658004740528,33.26147912340863],[35.65804236121351,33.26155627070281],[35.65808715984419,33.26162948343166],[35.65813872897259,33.261698095719005],[35.65819659957295,33.261761483530066],[35.66103536003478,33.2645875891121],[35.66110262543694,33.264648134053175],[35.6611756312195,33.26470161750791],[35.661253639183656,33.26474749867774],[35.661335860551006,33.264785313634704],[35.66142146393924,33.264814680012414],[35.66150958376873,33.26483530087243],[35.66159932901483,33.264846967706674],[35.67233318674531,33.265696443823494],[35.67242488594504,33.26569901108298],[35.69940713615155,33.2650783954885],[35.699536876023,33.26506597175902],[35.71499603233666,33.262445098555666],[35.74462733286015,33.26410217767698],[35.751519072441425,33.2657447597538],[35.7634688637917,33.272900837731996],[35.76354143609425,33.27293989881049],[35.76361727733864,33.27297215733807],[35.76369575153451,33.27299734280079],[35.7637762006121,33.273015243998145],[35.763857949940636,33.27302571081406],[35.76394031398569,33.273028655475805],[35.76883297144216,33.27297940194873],[35.768597,33.272699],[35.775625,33.264896],[35.803633,33.248463],[35.807664,33.201721],[35.82311933219338,33.19367470615471],[35.82682508481319,33.18674332837892],[35.83063275387754,33.18604766279232],[35.833399,33.161129],[35.822443,33.14157],[35.811488,33.126765],[35.811488,33.111908],[35.848902,33.098678],[35.845801,33.085423],[35.85903,32.99021],[35.864611,32.97773],[35.888073,32.944941],[35.874017,32.922333],[35.866885,32.920782],[35.849729,32.895823],[35.83805,32.866031],[35.841874,32.853577],[35.834226,32.827946],[35.784203,32.777949],[35.78364461692257,32.77724397658408],[35.78363186521527,32.77725343903382],[35.783566438488535,32.77731276934833],[35.78350714219714,32.777378226911814],[35.78345454739677,32.77744918133215],[35.78340916060412,32.777524949279496],[35.78337141891882,32.777604801067085],[35.78334168581391,32.77768796767855],[35.78332024763545,32.77777364817398],[35.78330731084483,32.77786101740334],[35.78330300003041,32.7779492339532],[35.78330735670768,32.77803744824997],[35.78332033891947,32.77812481074174],[35.783341821639965,32.778210480079956],[35.78337159797884,32.77829363122207],[35.783409381173676,32.778373463377115],[35.783454807351646,32.7784492077178],[35.78350743903382,32.77852013478473],[35.783566769348326,32.77858556151146],[35.795844780933095,32.790857191465754],[35.796126999250774,32.80194068297213],[35.79613414304049,32.80203322267112],[35.79615077956274,32.80212453453096],[35.802160798931276,32.82758557500182],[35.803134555153704,32.84101422837495],[35.80314397001063,32.84109422544714],[35.803160499653806,32.84117306035048],[35.80318401167934,32.841250101610484],[35.803214317753856,32.84132473211991],[35.81085967793558,32.857972967520475],[35.81090096760725,32.8580522426448],[35.81094991713215,32.85812703118896],[35.82261181397971,32.87414806741701],[35.82263808531836,32.87664885670141],[35.81772436631396,32.8802865203067],[35.81172543770291,32.88288411700399],[35.80309147452776,32.87963414471896],[35.78532194394776,32.86971945526849],[35.78524326822792,32.86968046251495],[35.78516116716944,32.86964932218874],[35.785076422283545,32.86962633071131],[35.784989840247775,32.86961170693609],[35.78490224522731,32.86960559006523],[35.78481447102981,32.869608038324564],[35.78472735316852,32.86961902840939],[35.76984441380767,32.87223957677873],[35.75471175836162,32.870080289210556],[35.75462010662202,32.87007196422115],[35.75452808388263,32.870073042301],[35.75443665233173,32.87008351217774],[35.75434676797611,32.870103264378514],[35.75425937064514,32.87013209237462],[35.735797632973714,32.87728765948401],[35.71911340119469,32.87737418666985],[35.71901677311945,32.877379893174094],[35.71892131676488,32.877395944139366],[35.71882813630751,32.877422153898614],[35.709374878127726,32.88063898382052],[35.69787840447918,32.88016302892655],[35.69778979573004,32.88016372647482]]]}},{"type":"Feature","properties":{"id":"makhtesh-ramon","name_he":"מכתש רמון","name_en":"Makhtesh Ramon","rock_summary_he":"חתך מלא מדולומיט וגבס טריאסי בתחתית ועד גיר וחול קרטיקוני בשוליים, כ-250-100 מיליון שנה","description_he":"מכתש רמון הוא מכתש הסחיפה הגדול בעולם (כ-40 ק\"מ אורך, עד 500 מ' עומק), ובקירותיו נחשף חתך גיאולוגי מלא ורציף - מדולומיט וגבס טריאסי בתחתית, דרך חול וגיר יורה-קרטיקון, ועד לגיר ודולומיט הקרטיקון העליון בשפה. חשיפת מגמות אבן חול צבעוניות ('צבעי רמון') וגם דייקים וולקניים (כמו 'האצבע הצבועה') הופכת אותו למעבדת שדה גיאולוגית מובהקת. המכתש הוא האתר החשוב ביותר בישראל להוראת עקרונות הסטרטיגרפיה.","color":"#D89B4A","sources":[{"title":"מכתש רמון - ויקיפדיה","url":"https://he.wikipedia.org/wiki/מכתש_רמון"},{"title":"הגיאולוגיה של מכתש רמון - החוויה המצפאית","url":"https://mitzpe-ramon.co.il/הגיאולוגיה-של-מכתש-רמון/"}],"rock_photo":{"file":"assets/rocks/northern-central-negev.jpg","title":"Layers of sedimentary rock in Makhtesh Ramon (50749)","author":"Rhododendrites","license":"CC BY-SA 4.0","license_url":"https://creativecommons.org/licenses/by-sa/4.0","source_url":"https://commons.wikimedia.org/wiki/File:Layers_of_sedimentary_rock_in_Makhtesh_Ramon_(50749).jpg"},"rock_class":"sandstone","rock_class_he":"אבן חול"},"geometry":{"type":"Polygon","coordinates":[[[34.7300568853552,30.535454007886095],[34.73000302668772,30.53551854956081],[34.729955424692946,30.53558783472467],[34.72991449464739,30.53566125893871],[34.729880593621914,30.53573818165518],[34.72985401736672,30.535817931805635],[34.72894541048196,30.53903883495885],[34.728924883223954,30.539129157354687],[34.72891374810345,30.53922111121596],[34.72891212306343,30.539313722569236],[34.72892002531629,30.539406010476956],[34.734745908755635,30.58169584782483],[34.734763976629644,30.581789765700467],[34.74847682454101,30.637055004369454],[34.751221160381014,30.676373594118665],[34.75123069063606,30.676455666352574],[34.75124770735812,30.676536518739745],[34.75313450689971,30.683823679811628],[34.753159981872265,30.683905714575854],[34.75319316158415,30.683984947040713],[34.75323374378553,30.684060655439847],[34.75328135879375,30.6841321501093],[34.753335572860976,30.684198779769986],[34.75339589212537,30.684259937460517],[34.75644616989524,30.68707072723415],[34.756510625473524,30.68712477664237],[34.75657984570835,30.687172572240392],[34.75665322591738,30.687213696503573],[34.75673012507829,30.68724779018557],[34.770025069604245,30.692413060475236],[34.77015108024647,30.692451665233197],[34.78040768962847,30.694788351493372],[34.78049266977559,30.694803466883887],[34.780578707078604,30.69481037216637],[34.79017006170901,30.695118522734674],[34.790247503191914,30.695117676885555],[34.79032458523601,30.695110176404683],[34.790400737063145,30.695096076831717],[34.79862557448046,30.693203947695263],[34.79871113425561,30.693179757879996],[34.798793889634375,30.693147243735808],[34.798873032921975,30.693106722601648],[34.798947791677755,30.693058589964892],[34.80387515252591,30.689530114571813],[34.80394790355369,30.689472101413067],[34.80401427588245,30.6894068867475],[34.81002238237361,30.682859572603917],[34.81007494895642,30.682796777752518],[34.810121590009196,30.682729464669194],[34.82532180422488,30.65850797042428],[34.843925204378685,30.651064886768598],[34.843998800725444,30.651031534781794],[34.844069109190485,30.65099171648169],[34.84413556307221,30.650945752812508],[34.84419762673776,30.650894014251474],[34.85256013403235,30.643261027830842],[34.861811433100684,30.647447771505124],[34.87469590940544,30.65626652263441],[34.87478585028748,30.656320663161708],[34.87488148369167,30.65636396224902],[34.88292225801539,30.659453053142606],[34.88299990322385,30.65947889725273],[34.88307957493566,30.659497581865736],[34.88316061446282,30.65950895250609],[34.88787785992877,30.659953308900835],[34.88796630497814,30.659957266445712],[34.88805471093094,30.659952514979544],[34.888142222302506,30.65993910048121],[34.88822799226488,30.659917152759807],[34.8883111908413,30.65988688419853],[34.90006378519517,30.654943846443498],[34.91792532740458,30.656114533594295],[34.917998361899365,30.65611634889853],[34.91807130300606,30.65611223456839],[34.93638525582691,30.654331207422494],[34.943600492185006,30.656002755632386],[34.967036561852865,30.665831701456177],[34.96710703003831,30.66585785185786],[34.96717943452897,30.665878031015392],[34.97998505902721,30.66887683259212],[34.98007361980166,30.668892948320487],[34.98016334745052,30.66890013695735],[34.980253344395194,30.668898326592142],[34.98034271036317,30.6688875353346],[34.98043055139385,30.668867871133642],[34.980515988781164,30.66883953069749],[34.98059816786353,30.668802797525935],[34.98250833776909,30.667831590948804],[34.98258645921324,30.667786817910866],[34.98265971589279,30.667734462931502],[34.982727374554955,30.66767505005078],[34.982788757979556,30.667609173953846],[34.98284325175754,30.66753749401855],[34.98289031044083,30.667460727715465],[34.98292946300194,30.667379643426475],[34.982960317548624,30.667295052753754],[34.98646144320593,30.655965267254878],[34.98648349060828,30.65587900406338],[34.98649690663803,30.655790984541092],[34.98725173553865,30.648399761954817],[34.98725621659618,30.648326114554628],[34.987254649925006,30.64825234759066],[34.98724704605474,30.64817895685154],[34.98624034332969,30.641248167362605],[34.98621758125869,30.641139283024824],[34.97835304753363,30.612490842071814],[34.98052230550535,30.59737750171581],[34.980529965285925,30.59730105317225],[34.980531076833614,30.59722422989119],[34.980237526929145,30.586828173317546],[34.98023227447097,30.58675323489159],[34.98022079070991,30.58667899555408],[34.98020315565452,30.58660597253837],[34.9742111032753,30.56566628073066],[34.97604790592424,30.556528360553735],[34.97606090988822,30.556442320892995],[34.976065544022696,30.55635542756128],[34.97606176500753,30.556268492842417],[34.97604960816917,30.55618232940713],[34.97602918715044,30.556097742716137],[34.97239563818464,30.543706993705207],[34.97236982922652,30.543631538326487],[34.9723374422008,30.543558663796905],[34.966473404554684,30.531797566446805],[34.96643040880763,30.531720944193673],[34.96638014671645,30.531648879457983],[34.96632309729773,30.53158205904371],[34.966259804253845,30.531521119774474],[34.966190870791245,30.531466642424373],[34.9661169538717,30.531419146183005],[34.96603875795118,30.531379083707364],[34.96595702826617,30.531346836807877],[34.96587254373121,30.531322712809597],[34.95186175880466,30.52805237032689],[34.951781910531345,30.528037495968334],[34.951701046425654,30.528029880871127],[34.951619825080144,30.528029587055943],[34.95153890799688,30.528036616915745],[34.95145895419986,30.528050913196285],[34.9513806148677,30.528072359462417],[34.94849550625679,30.529004029036233],[34.948407626446695,30.529037573030976],[34.948323727699304,30.529080106086262],[34.948244726485235,30.529131163590918],[34.948171485776754,30.52919018781668],[34.94810480562104,30.52925653401055],[34.94804541440091,30.529329477437784],[34.94799396087821,30.529408221298546],[34.946852656926374,30.531371837710104],[34.946814604833854,30.531444791276886],[34.94678337446278,30.531520915179666],[34.946759226844485,30.531599573155628],[34.94674236381087,30.531680107761538],[34.946732926307426,30.531761845868807],[34.94673099321519,30.53184410428969],[34.946736580691436,30.531926195487518],[34.947694640683466,30.54031702222038],[34.94713283278385,30.54470044476454],[34.94372312388494,30.54880422418444],[34.93838699927564,30.551289123550255],[34.92777343147304,30.551698895209544],[34.906219288667046,30.547226268555065],[34.906137306280606,30.547213167548282],[34.906054465465026,30.5472076768891],[34.905971471159646,30.547209843300642],[34.905889029609945,30.547219648347692],[34.90580784235769,30.547237008593555],[34.891162968221224,30.55108268115808],[34.88347431528373,30.551338795865192],[34.875148722194474,30.549669003282407],[34.86306011576621,30.544968407417148],[34.86297421637788,30.544939888932507],[34.86288588699325,30.544920142320358],[34.86279602093959,30.54490936728986],[34.86270552708545,30.54490767281527],[34.86261532064867,30.544915076033814],[34.86252631394028,30.544931502072355],[34.862439407137735,30.544956784804665],[34.86235547918091,30.544990668531522],[34.86227537888287,30.54503281056676],[34.86219991634526,30.545082784703066],[34.859761885290645,30.546880010330177],[34.859689123692895,30.54693976598511],[34.85962300307969,30.547006796223904],[34.859564247103464,30.547080367438802],[34.85951349881489,30.547159674434777],[34.85947131362507,30.547243849241955],[34.85943815322687,30.54733197061504],[34.85574209379483,30.558967135077076],[34.8517888820431,30.561153136249306],[34.84621186358349,30.562085529878647],[34.83977612348984,30.561295103879452],[34.83085476239026,30.558291316498263],[34.80383353102438,30.54399546454349],[34.80372988427935,30.5439487525523],[34.778124872240454,30.534304469711266],[34.75573472834741,30.522047761558472],[34.7556739052128,30.52201739318483],[34.75561096331035,30.521991702549613],[34.75339483925546,30.521183388626145],[34.753322339305754,30.521160366578307],[34.75324815423752,30.52114354893739],[34.74955014399598,30.520468108865284],[34.747266795128645,30.51994258588172],[34.74659877519796,30.519781089298355],[34.74614063772447,30.519667080279287],[34.74299085267292,30.51738553056147],[34.7429156094862,30.517336557120185],[34.74283586151736,30.5172953236803],[34.74275240230152,30.517262240536695],[34.74266606230272,30.51723763688442],[34.74257770065031,30.51722175754303],[34.74248819659021,30.517214760520503],[34.74239844073588,30.517216715440966],[34.7423093262063,30.517227602851918],[34.74222173973891,30.51724731441777],[34.7421365528661,30.51727565399785],[34.742054613243006,30.517312339598114],[34.741976736212905,30.517357006177136],[34.740153461940544,30.518527321806502],[34.740082921935965,30.518577550075307],[34.74001753567759,30.51863432514421],[34.73995790849454,30.518697121404244],[34.73990459239991,30.51876535750383],[34.73985808098037,30.51883840173074],[34.73981880482664,30.51891557786035],[34.73978712754724,30.518996171415942],[34.73665017639644,30.528263993254644],[34.7300568853552,30.535454007886095]]]}},{"type":"Feature","properties":{"id":"makhtesh-gadol-katan","name_he":"המכתש הגדול והמכתש הקטן","name_en":"Makhtesh Gadol & Makhtesh Katan","rock_summary_he":"חול נוביארי (תצורת חצירה) וגיר קרטיקון תחתון, כ-140-100 מיליון שנה","description_he":"המכתש הגדול (מכתש ירוחם, כ-14 ק\"מ אורך) והמכתש הקטן (מכתש חצירה, כ-8 ק\"מ אורך) הם שני מכתשי סחיפה נוספים בשרשרת הנגב, קטנים יותר ממכתש רמון וחושפים בעיקר חול נוביארי אדמדם מהקרטיקון התחתון. הניגוד הצבעוני בין החול האדום לגיר הבהיר שמעליו ברור לעין ומהווה הדגמה נוחה לתהליך הסחיפה הדיפרנציאלית. סמיכותם לערד ולדימונה הופכת אותם לעצירה נגישה להשוואה מול מכתש רמון הגדול יותר.","color":"#CE8E3E","sources":[{"title":"המכתש הגדול - ויקיפדיה","url":"https://he.wikipedia.org/wiki/המכתש_הגדול"},{"title":"המכתש הקטן - ויקיפדיה","url":"https://he.wikipedia.org/wiki/המכתש_הקטן"}],"rock_photo":{"file":"assets/rocks/northern-central-negev.jpg","title":"Layers of sedimentary rock in Makhtesh Ramon (50749)","author":"Rhododendrites","license":"CC BY-SA 4.0","license_url":"https://creativecommons.org/licenses/by-sa/4.0","source_url":"https://commons.wikimedia.org/wiki/File:Layers_of_sedimentary_rock_in_Makhtesh_Ramon_(50749).jpg"},"rock_class":"sandstone","rock_class_he":"אבן חול"},"geometry":{"type":"Polygon","coordinates":[[[35.1434770302678,30.838810617064194],[35.143376870925294,30.838825167436685],[35.14327897860474,30.838850871537687],[35.14318459129439,30.838887404302124],[35.130987303712445,30.84441580898439],[35.12449391504688,30.845590253514423],[35.115366778676126,30.844041796146254],[35.10245628194261,30.838204254515407],[35.10237516378906,30.83817221442925],[35.10229132525675,30.838148176491398],[35.10220555367457,30.838132366442483],[35.10211865452472,30.838124932754912],[35.102031443878396,30.83812594523855],[35.10194474073206,30.838135394385148],[35.101859359316244,30.838153191457632],[35.10177610144908,30.838179169323432],[35.10169574900643,30.838213084024027],[35.101619056579274,30.838254617065964],[35.10154674438732,30.83830337841183],[35.101479491515434,30.83835891014311],[35.101417929536325,30.838420690760493],[35.10136263657945,30.838488140081292],[35.10131413190179,30.838560624687936],[35.101272871011474,30.838637463876417],[35.10123924139014,30.83871793604878],[35.10121355885406,30.83880128548967],[35.10119606458831,30.83888672946325],[35.099027331531865,30.852905839217502],[35.092367014397404,30.86452083928613],[35.09011429432526,30.867146179448433],[35.08375329737056,30.868754838714715],[35.083667583436245,30.868781121211313],[35.08358490963741,30.86881580104911],[35.08350609634801,30.8688585340993],[35.083431925634095,30.868908896320864],[35.083363133493314,30.868966387968353],[35.08330040255163,30.869030438550855],[35.07476911659868,30.878656796826384],[35.067239865909634,30.8814015056045],[35.05903457938304,30.881507858543397],[35.04981166811989,30.879580665857798],[35.02233105724097,30.860507673864984],[35.02225517553794,30.860460412361107],[35.022174979519185,30.860420911966465],[35.022091260420645,30.8603895624028],[35.02200484423796,30.86036667297353],[35.02191658357694,30.860352469512048],[35.02182734924151,30.860347092153614],[35.02011694596749,30.86032912660671],[35.02002863319029,30.860332538562684],[35.01994108085578,30.860344595792032],[35.019855133226564,30.86036518202752],[35.01977161909119,30.860394098757144],[35.019691343772145,30.860431067138375],[35.019615081360165,30.860475730687032],[35.01954356724975,30.860527658714823],[35.01947749104775,30.860586350482468],[35.019417489923576,30.860651240028286],[35.01936414246496,30.860721701625753],[35.019317963098665,30.86079705581733],[35.01927939712994,30.860876575966447],[35.01924881644844,30.860959495264428],[35.019226515942066,30.86104501412477],[35.01921271065346,30.861132307893538],[35.01920753370631,30.861220534801436],[35.01921103502164,30.86130884408096],[35.019223180836455,30.861396384170302],[35.019243854029284,30.861482310924906],[35.0192728552496,30.861565795757535],[35.029427139777894,30.886735614143692],[35.03147328121453,30.89804468954674],[35.031665938578705,30.90839058196667],[35.030678647190236,30.910928170105755],[35.01693380036123,30.92646747077744],[35.016883496615314,30.926529712256045],[35.00860706437702,30.93775680720483],[35.00855637305966,30.937833480597646],[35.008513766392554,30.937914924386476],[35.00847968876947,30.93800028910065],[35.00845449562502,30.938088684373678],[35.0084384497274,30.9381791882299],[35.008431718437684,30.938270856700814],[35.00809526877964,30.953414894658078],[35.00267157182949,30.979405130177565],[35.0026566110039,30.979504032851178],[35.00265271783794,30.979603984881717],[35.00299309444718,31.000021844194222],[35.00029513130945,31.010059533245204],[34.993535218152346,31.02486117738523],[34.993507124280185,31.0249301005797],[34.99348482147134,31.025001109432004],[34.99117953858669,31.033564538284008],[34.99116039907555,31.033653230475068],[34.99115028699625,31.033743399047715],[34.991149305125305,31.03383412755245],[34.991991226656424,31.055079687532118],[34.990338019249585,31.064081175505507],[34.98670797166922,31.07043666466994],[34.9813680623825,31.075616461069817],[34.97230429808525,31.07826881450895],[34.9722230312989,31.078296874514894],[34.97214481275485,31.078332560840884],[34.972070356236365,31.078375547831378],[34.972000341196356,31.078425443208612],[34.97193540655704,31.07848179165236],[34.970305822026575,31.080038415727167],[34.97024717730815,31.08009998994767],[34.97019460543646,31.080166823965477],[34.97014857570228,31.080238321176616],[34.97010949899699,31.0803138433504],[34.97007772414472,31.080392716326713],[34.97005353478851,31.080474236033997],[34.970037146858296,31.080557674774234],[34.97002870664342,31.080642287718884],[34.97002828948674,31.080727319557685],[34.97003589911208,31.08081201124105],[34.97115307398118,31.088923383376905],[34.971172714931136,31.089023558047597],[34.97120357350756,31.08912086416161],[34.97781040641615,31.106471100189687],[34.9749937444735,31.116805141039396],[34.97497310461269,31.1169013018178],[34.97496308062524,31.116999140556725],[34.97496379221611,31.117097488880535],[34.97545662833569,31.125048884067194],[34.97546533473748,31.125129829810565],[34.97548132025275,31.125209657613386],[34.97550445407629,31.12528771426596],[34.97553454691015,31.125363361051427],[34.975571352512674,31.12543597897225],[34.9756145697134,31.125504973815268],[34.98292443049705,31.13607962287101],[34.982972328736,31.136142775719517],[34.983025597653075,31.136201469382232],[35.006781628792176,31.160165785034685],[35.006829796656056,31.16021093563818],[35.01445267220762,31.1668481832502],[35.014515320887014,31.166898011404403],[35.014582149216615,31.166942075861105],[35.02020727282,31.170302075887967],[35.033809939434036,31.18304972083281],[35.04310656465781,31.20165938820233],[35.043143902435446,31.201726754922372],[35.04318686344499,31.20179068250849],[35.043235133042934,31.201850702759423],[35.052200643225724,31.21207051204373],[35.052992398954245,31.22207574890048],[35.053003007128815,31.222159551614805],[35.05302142539961,31.222241990656507],[35.05304749151695,31.22232233980599],[35.05308097585994,31.222399891253886],[35.05976043564261,31.236068762942434],[35.05981394081782,31.236163319919275],[35.05987844997236,31.236250740709842],[35.061959028261356,31.238740445347982],[35.062026145442445,31.238812375206013],[35.06210071261326,31.238876549636366],[35.062181838777065,31.238932201824284],[35.071396950547935,31.244538791516348],[35.071491459027115,31.244588853489898],[35.071591238683155,31.244627351205075],[35.08337774428962,31.248387019755125],[35.083472599003166,31.24841167539175],[35.083569572229536,31.248425870829955],[35.10751900705802,31.25060835052319],[35.129961660516074,31.2582595775603],[35.130060741564115,31.258287148284097],[35.141731109244695,31.26082626624249],[35.14181864134915,31.260840833743707],[35.141907182544806,31.260846710653787],[35.153058086458856,31.261035846674485],[35.153135096069995,31.261033855484627],[35.15321165329723,31.261025286003637],[35.1532871972459,31.261010201015605],[35.16717223616091,31.25761372636336],[35.17311804394714,31.25761627791687],[35.19774594745917,31.2682840577314],[35.197812467080404,31.268309791359858],[35.197880815571715,31.268330176731528],[35.214222495425126,31.272506751342405],[35.214316068232485,31.2725254453786],[35.214411094342076,31.272534127300162],[35.22832704710562,31.273064213431436],[35.22839671796369,31.273064168692727],[35.22846617660519,31.27305873476357],[35.25278394784565,31.270205696448443],[35.27716424030112,31.272716734258676],[35.277244133251635,31.272721385909556],[35.277324123569805,31.272718922091705],[35.277403578786846,31.27270936228608],[35.277481870664936,31.272692782080306],[35.279933091093035,31.272058610207193],[35.28258780588488,31.273921217511784],[35.28266049584354,31.273967197687732],[35.28273724308869,31.274006028951305],[35.28281734666154,31.274037356643312],[35.28290007494879,31.274060894637245],[35.28298467236474,31.274076427952558],[35.28307036625229,31.274083814718182],[35.28315637393989,31.27408298746826],[35.283241909889966,31.274073953758354],[35.28332619287346,31.274056796096417],[35.283408453105096,31.274031671189235],[35.28348793927408,31.273998808511173],[35.283563925406085,31.27395850820829],[35.28363571749381,31.273911138357015],[35.2837026598356,31.273857131602387],[35.28376414102418,31.273796981206537],[35.28381959953085,31.27373123654358],[35.28386852883413,31.273660498081973],[35.2895396984215,31.26456087885248],[35.289582218818374,31.26448465079055],[35.28961715507681,31.264404662294993],[35.29321612637069,31.254937575222826],[35.29324065174884,31.254863554842775],[35.29325867783429,31.25478768936262],[35.29327006930876,31.254710548289605],[35.29612451688649,31.227170033716614],[35.305314914626365,31.211692849763754],[35.30535984732853,31.21160695577645],[35.305395281403925,31.211516727448966],[35.31169310272617,31.192533495070222],[35.319992109504916,31.180478316788456],[35.320030294513174,31.180417836764274],[35.320063556200054,31.18035451545375],[35.32332608812078,31.173494428034843],[35.32336494972645,31.173398974833738],[35.32339264392519,31.17329970465014],[35.32536498675015,31.16425797708546],[35.32537904423586,31.164175125400284],[35.32538531275773,31.164091323728023],[35.32577819933111,31.150042894103425],[35.33471015628091,31.14183170332042],[35.334768841944424,31.141772510194514],[35.33482179961669,31.141708141582562],[35.34116938996877,31.133220304439334],[35.360625914054474,31.131810824925676],[35.360706960766954,31.13180124379738],[35.360786806355584,31.131784360385396],[35.36513030052159,31.13065798084087],[35.36520916136148,31.130633620306465],[35.36528545885483,31.130602137609433],[35.36535855130509,31.130563797533547],[35.36542782397157,31.13051892253625],[35.365492694239705,31.13046789003664],[35.365552616521086,31.130411129241207],[35.36757337753439,31.128312996689854],[35.36762821222048,31.128250529348975],[35.36767704996272,31.128183269506515],[35.36771947419257,31.128111790864974],[35.367755123046464,31.128036703111704],[35.36778369245237,31.127958646718493],[35.36780493872344,31.127878287478573],[35.36781868063654,31.127796310827634],[35.367824800978056,31.12771341599731],[35.368143125651706,31.11614275300158],[35.368140848836454,31.116049415419887],[35.36812891453387,31.11595681595733],[35.36546034569451,31.101297493736677],[35.36544608178614,31.101232765249442],[35.365427092791904,31.101169262066534],[35.360559053299795,31.08683524066239],[35.36053108219333,31.08676319756724],[35.35042857415405,31.06372686584658],[35.35706338450642,31.052407880712572],[35.35710062510528,31.052337361323815],[35.35713147694446,31.052263822147765],[35.360121862276365,31.04414501245829],[35.36422054345546,31.041853941086003],[35.364296730535145,31.041806209882118],[35.36436777541033,31.04175111573864],[35.36443296914623,31.041689208422955],[35.36449166119475,31.041621105688975],[35.36454326588614,31.041547487112776],[35.364587268273176,31.041469087311306],[35.36462322926968,31.041386688611887],[35.36465079003201,31.0413011132456],[35.364669675539865,31.0412132151425],[35.36467969734061,31.041123871410512],[35.36468075542981,31.04103397358305],[35.36467283924911,31.040944418722663],[35.36465602779164,31.04085610046955],[35.3646304888137,31.040769900124182],[35.36459647716086,31.04068667785309],[35.3637064652227,31.038786015016736],[35.377233735916384,31.05371774385586],[35.37730113040089,31.053784670760614],[35.396813956038606,31.07121634712446],[35.40617888695921,31.0843208768482],[35.41329016976474,31.104665723847706],[35.41466689214607,31.117167581094915],[35.41423815441522,31.137112553455506],[35.41424002232333,31.13719298616961],[35.41424906576629,31.13727293069236],[35.414265212475726,31.137351748167283],[35.419939190841056,31.159875342726426],[35.42093824812944,31.172240603867923],[35.41814198978695,31.187719222308985],[35.4098813639536,31.20420481166579],[35.40984522865303,31.204286902597143],[35.40981744364536,31.204372182573138],[35.409798284883074,31.204459804618224],[35.40978794264535,31.204548898496107],[35.40978651964824,31.204638579352686],[35.40979403002454,31.20472795650416],[35.40981039918341,31.204816142283033],[35.40983546455118,31.20490226085418],[35.40986897718602,31.20498545691336],[35.40991060425034,31.20506490418187],[35.40995993231641,31.205139813612885],[35.410016471472446,31.205209441228043],[35.410079660188224,31.205273095506417],[35.41014887089207,31.205330144252503],[35.41022341620371,31.205380020874987],[35.4103025557611,31.205422230013973],[35.410373699657754,31.20545149665473],[35.410686,31.204608],[35.421331,31.184506],[35.436214,31.159546],[35.443242,31.132209],[35.438488,31.103736],[35.391565,31.023947],[35.385158,30.994647],[35.385261,30.963279],[35.374099,30.945141],[35.34711,30.92271],[35.334928,30.912585],[35.322216,30.88995],[35.319528,30.867316],[35.320045,30.84494],[35.316635,30.822823],[35.310847,30.813314],[35.293897,30.800188],[35.286145,30.792333],[35.279531,30.780241],[35.27612,30.768976],[35.271573,30.743706],[35.263882,30.719967],[35.263821,30.71978],[35.205324,30.617099],[35.162122,30.494677],[35.16194608307261,30.493795454152053],[35.16190712714224,30.49380302651356],[35.16182249743191,30.49382829615783],[35.16174075209505,30.49386173928405],[35.16166267838391,30.49390303381663],[35.16158902819104,30.49395178206665],[35.16152051080803,30.49400751456181],[35.16145778609475,30.49406969456772],[35.16140145812447,30.49413772325693],[35.161352069366345,30.494210945475974],[35.161310095461104,30.494288656054856],[35.16127594064041,30.49437010659822],[35.16124993383385,30.494454512692805],[35.16123232550119,30.494541061461785],[35.161223285220295,30.4946289193932],[35.16122290005402,30.49471724036714],[35.16123117371173,30.49480517380435],[35.161248026513555,30.494891872857757],[35.16127329615783,30.49497650256808],[35.16550994897173,30.506981953954195],[35.165677383998656,30.515979608259492],[35.16568289828985,30.51606372950215],[35.165696259267115,30.516146965763237],[35.168562946448624,30.52986466517385],[35.16826863417839,30.530587024793924],[35.16755846881114,30.530617019053146],[35.1674704835858,30.53062507586827],[35.167383712323016,30.530641720990708],[35.16729899127408,30.530666794004382],[35.16721713693154,30.530700053270074],[35.16713893816027,30.530741178254186],[35.16706514859485,30.530789772617876],[35.1669964793765,30.530845368036733],[35.16693359229948,30.530907428714226],[35.166877093433115,30.53097535654539],[35.16682752728085,30.531048496881024],[35.166785371532626,30.531126144836815],[35.1667510324612,30.531207552086617],[35.1667248410067,30.531291934074375],[35.166707049587245,30.531378477575235],[35.166697829666255,30.531466348532916],[35.1666972701,30.531554700097885],[35.166705376281264,30.53164268078879],[35.16672207008735,30.531729442698552],[35.166747190633004,30.531814149665994],[35.1667804958209,30.53189598533429],[35.16682166467489,30.531974161018542],[35.17159160595507,30.540044294464636],[35.171640566866266,30.540118500526678],[35.171696610101215,30.540187514049162],[35.17175918880867,30.5402506616211],[35.171827692366435,30.540307327069502],[35.17190145233959,30.540356957471772],[35.17197974900285,30.54039906855096],[35.17206181836344,30.540433249401175],[35.17214685961584,30.540459166497048],[35.17223404295582,30.54047656694818],[35.172322517677344,30.54048528096676],[35.17241142047353,30.5404852235243],[35.17249988386047,30.540476395181297],[35.17258704464187,30.54045888208179],[35.17267205233183,30.540432855112773],[35.172754077453604,30.540398568236753],[35.172832319633336,30.54035635601365],[35.172906015409886,30.540306630336296],[35.172974445684375,30.540249876411306],[35.173036942736964,30.54018664802459],[35.173092896742205,30.54011756213771],[35.17314176171954,30.540043292867757],[35.17318306086077,30.539964564909557],[35.173216391182635,30.53988214646433],[35.173241427458926,30.539796841743836],[35.173257925394,30.539709483123158],[35.17392235709425,30.53489867708653],[35.17483606757271,30.54523612415902],[35.17484529294634,30.54530766533644],[35.17486021799245,30.545378237927324],[35.17918502919991,30.562422254734916],[35.179212889922404,30.562512076167394],[35.18328777306984,30.573570817672543],[35.18391283883383,30.58235784717298],[35.18224633722856,30.59643167366993],[35.18224049678856,30.596510556228168],[35.182241604974564,30.596589646939744],[35.18224965322677,30.59666833489543],[35.18369376738118,30.60649707383524],[35.1837110299795,30.606584328802526],[35.18373682107052,30.60666945368867],[35.188204219997814,30.619154565156723],[35.188236655842616,30.619233265586214],[35.203938208922715,30.65273845839496],[35.21080758777406,30.68362569270683],[35.210831181648054,30.683711509109212],[35.21086313613386,30.683794575568413],[35.2109031387432,30.68387407976361],[35.210950798283854,30.683949244209938],[35.212646777499124,30.686352405566723],[35.21269710581789,30.686417230206732],[35.21275312989911,30.686477200832414],[35.212814383900934,30.686531818786268],[35.21288035849453,30.686580629918417],[35.2190464230807,30.69072133217596],[35.219120887026236,30.690766274722982],[35.21919934139892,30.69080381967103],[35.21928105350158,30.690833616382186],[35.21936526021262,30.69085538658049],[35.219451175112894,30.690868926950795],[35.21953799583025,30.690874111037537],[35.21962491153296,30.69087089042576],[35.21971111050221,30.69085929519324],[35.21979578771288,30.69083943362959],[35.219878152351775,30.690811491224945],[35.21995743520315,30.690775728937616],[35.22003289583255,30.690732480756978],[35.22010382950181,30.690682150584294],[35.22016957375074,30.690625208460602],[35.22022951458391,30.690562186176958],[35.22028309220489,30.690493672307937],[35.22032980624421,30.69042030671486],[35.220369220432445,30.69034277457002],[35.22040096667456,30.69026179995777],[35.22042474848764,30.690178139112184],[35.22044034376975,30.69009257335447],[35.22044760687422,30.690005901796095],[35.220446469969815,30.68991893387577],[35.22043694367425,30.689832481799968],[35.22041911695505,30.689747352957617],[35.21406263310686,30.66533905049714],[35.21465270960097,30.663855276428237],[35.21782713935948,30.663611188342585],[35.233696224686,30.68949101983121],[35.233800644160866,30.696715333943445],[35.23380639893632,30.696804764984993],[35.23382101908722,30.696893180367255],[35.23384435965696,30.69697970346496],[35.23387618922729,30.69706347641457],[35.23391619221278,30.697143668619827],[35.23396397198984,30.697219484987045],[35.23401905482912,30.69729017380829],[35.23622098471795,30.699842887214203],[35.2369144204643,30.708798261646226],[35.236930937707314,30.70891370512999],[35.24019220824291,30.724447150275918],[35.24021531506684,30.724534930661232],[35.240247146313976,30.724619937090782],[35.240287378196804,30.72470130487902],[35.240335601476545,30.724778206352667],[35.24039132562592,30.72484985926981],[35.24045398381879,30.724915534776848],[35.24052293869591,30.724974564822418],[35.24059748884815,30.7250263489528],[35.240676875951245,30.725070360419725],[35.24076029247944,30.725106151538483],[35.24084688991968,30.725133358241752],[35.24093578740265,30.725151703782903],[35.246777119543644,30.726052831531707],[35.24686270967505,30.72606187141126],[35.246948771935585,30.72606269441019],[35.24703451929226,30.726055293002226],[35.25569595567175,30.724888229371377],[35.25617895557962,30.72544855289618],[35.254404469479326,30.746742422754785],[35.252357704053225,30.74854939556514],[35.244014207631174,30.751138035458943],[35.24392678813422,30.751170205374187],[35.24384316202845,30.751211238852317],[35.24376422515303,30.751260696324895],[35.24369082311407,30.75131804798199],[35.243623742226106,30.75138267944773],[35.24356370108874,30.75145389836178],[35.24351134288872,30.75153094179619],[35.24070935853593,30.756151494849128],[35.24066639373641,30.756231114933822],[35.240631639745104,30.756314646316984],[35.24060544776319,30.75640124488492],[35.24058808246975,30.756490035528955],[35.24057971934714,30.756580120988744],[35.2405804429076,30.756670590919356],[35.24093129546815,30.76268373804501],[35.2409386541212,30.7627574776787],[35.240952054393745,30.762830361943443],[35.24097140543388,30.76290189669442],[35.245702191106254,30.77790925764943],[35.24755765472348,30.78837220564742],[35.2420501265704,30.79036756563243],[35.23406406330339,30.790651515206658],[35.22046654916838,30.781510583313207],[35.206518522382964,30.769234032118888],[35.20645357172216,30.769181991405866],[35.20638409145807,30.76913617310108],[35.206310675760534,30.76909696902594],[35.2062339524538,30.769064714439377],[35.206154577647546,30.76903968517083],[35.20607323012614,30.76902209526147],[35.20599060554385,30.76901209513377],[35.20428967433188,30.76888566920761],[35.20420126736402,30.76888345495633],[35.20411306987742,30.76888992784068],[35.204025933434586,30.7689050253638],[35.20394069935345,30.768928601756404],[35.20385819058433,30.768960429384208],[35.20377920376412,30.76900020094577],[35.203704501524726,30.76904753243955],[35.20363480512961,30.76910196687151],[35.19593387662443,30.775750807300845],[35.18423808746568,30.781406881948723],[35.18415948945323,30.781449843145193],[35.184085551146985,30.781500404383628],[35.18401700492978,30.781558064838617],[35.18395452977406,30.7816222533647],[35.183898744516455,30.781692334153767],[35.18385020172797,30.78176761303294],[35.18380938224064,30.781847344340573],[35.179685845585155,30.790997674598117],[35.17372541281915,30.799684476520262],[35.17367642046229,30.799764527964285],[35.173636031038534,30.799849246198267],[35.17360468376963,30.79993770993916],[35.17358271954687,30.800028957172756],[35.17357037722398,30.800121995615275],[35.17356779101968,30.800215813504124],[35.1739675467832,30.816459291388497],[35.170420301831676,30.827818845228983],[35.16439237208659,30.83496796299884],[35.15427255352374,30.837858094450578],[35.1434770302678,30.838810617064194]],[[35.20110356367057,30.639755455791235],[35.20140139187868,30.63923415750632],[35.2043654021969,30.639486046897808],[35.205619405939636,30.64082893794697],[35.20698780139103,30.651406637696592],[35.20110356367057,30.639755455791235]]]}},{"type":"Feature","properties":{"id":"avdat-plateau","name_he":"רמת אבדת","name_en":"Avdat Plateau (Avdat Group Limestone)","rock_summary_he":"גיר וקירטון, חבורת אבדת, פלאוקן-אאוקן, כ-66-40 מיליון שנה","description_he":"רמת אבדת היא רמה מדברית מתונת-תלילות הבנויה מסלעי גיר וקירטון של חבורת אבדת, המהווים את הגג הצעיר-יחסית שמעל שכבות המכתשים העתיקות יותר. השטח שימש בעבר את תושבי הנגב הקדומים (הנבטים) שפיתחו כאן שיטות קציר נגר וחקלאות צחיחה על בסיס הבנת נגר העילי על פני הסלע הקירטוני האטום למים. מבנה הרמה מדגים כיצד תשתית סלעית משפיעה ישירות על דפוסי התיישבות אנושית.","color":"#D6C48C","sources":[{"title":"Geology of Israel - Wikipedia","url":"https://en.wikipedia.org/wiki/Geology_of_Israel"}],"rock_photo":{"file":"assets/rocks/northern-central-negev.jpg","title":"Layers of sedimentary rock in Makhtesh Ramon (50749)","author":"Rhododendrites","license":"CC BY-SA 4.0","license_url":"https://creativecommons.org/licenses/by-sa/4.0","source_url":"https://commons.wikimedia.org/wiki/File:Layers_of_sedimentary_rock_in_Makhtesh_Ramon_(50749).jpg"},"rock_class":"limestone","rock_class_he":"גיר"},"geometry":{"type":"MultiPolygon","coordinates":[[[[35.212323400553416,30.663849183059728],[35.212282113861406,30.663926843006774],[35.212248604578235,30.664008162046688],[35.212223192724096,30.664092363566752],[35.21220612098716,30.664178643425988],[35.21219755240587,30.66426617763488],[35.21219756881183,30.664354130224623],[35.21220617004837,30.664441661230796],[35.212223273972,30.66452793471518],[35.218913166142215,30.691331020315637],[35.21964629960698,30.70039915163642],[35.21965784473145,30.70048737510095],[35.21967804470991,30.700574027455],[35.219706702114514,30.700658261787392],[35.21974353685736,30.700739254819883],[35.219788188927964,30.70081621495361],[35.21984022191189,30.700888390005918],[35.219899127256134,30.700955074561943],[35.21996432923952,30.701015616869093],[35.220035190599624,30.70106942520707],[35.22011101876118,30.70111597367114],[35.22019107260505,30.70115480731216],[35.22027456971168,30.701185546583083],[35.22036069400822,30.70120789104854],[35.220448603744565,30.701221622321178],[35.22053743972029,30.70122660619613],[35.225233227965376,30.701257562040613],[35.22532856948385,30.70125312952852],[35.22542290546973,30.70123862525064],[35.22551517497482,30.7012142123291],[35.23423975451734,30.698403074535108],[35.2343216179786,30.69837223048532],[35.23440010016766,30.698333584299263],[35.234474459574955,30.698287501110965],[35.23454399364346,30.698234416320172],[35.234608045406574,30.69817483147865],[35.23466600969519,30.698109309551462],[35.23471733885543,30.698038469598007],[35.23476154792295,30.69796298092306],[35.23479821920493,30.69788355675309],[35.23482700622649,30.697800947497637],[35.2361258331896,30.693395381144967],[35.236147178228094,30.69330659901181],[35.23615941736877,30.693216110994527],[35.23616242462587,30.69312484854748],[35.23615616904366,30.69303375109676],[35.23614071501508,30.692943756370042],[35.23501318701625,30.68792077224149],[35.234987488418454,30.687829222871905],[35.234952274274015,30.687740895814713],[35.234907937664296,30.68765677702942],[35.22055830056308,30.663604688267974],[35.2205101571299,30.663532203211602],[35.22045523869409,30.663464706256384],[35.220394058632756,30.66340282836332],[35.220327188856615,30.663347147966466],[35.21823587995778,30.661770535279032],[35.21816336513088,30.66172121790169],[35.21808639476921,30.661679192108988],[35.21800569967345,30.661644856917864],[35.217922046009065,30.66161853832628],[35.217836228031835,30.66160048621802],[35.21774906054678,30.66159087199014],[35.217661371171914,30.661589786925614],[35.21757399248039,30.661597241326678],[35.21395997669497,30.662083867553413],[35.2138713472578,30.6621003572779],[35.213784812104336,30.662125630887896],[35.213701239480045,30.662159434802092],[35.213621467906,30.66220142985087],[35.213546297765696,30.662251194679342],[35.21347648327437,30.662308229974975],[35.21341272491169,30.662371963477433],[35.213355662393504,30.662441755720305],[35.21237207035828,30.66377592387323],[35.212323400553416,30.663849183059728]]],[[[35.199483345011934,30.640467462900723],[35.19947816864031,30.640555222316145],[35.19948157906764,30.640643068083286],[35.19949354375376,30.640730162033158],[35.19951394853919,30.640815673170152],[35.19954259873431,30.64089878560086],[35.199579220977014,30.640978706318815],[35.206456197492074,30.65423542406402],[35.206499542774516,30.654310003399257],[35.20654982881767,30.65438009052089],[35.20660659367961,30.654445041588648],[35.20666931590215,30.65450425994353],[35.20673741930107,30.654557201588847],[35.20681027825916,30.654603380187574],[35.20688722347328,30.65464237152994],[35.20696754810276,30.654673817430364],[35.20705051426267,30.654697429017855],[35.20713535980224,30.654712989389637],[35.208157157573396,30.65485015310643],[35.20824460076964,30.654857574348718],[35.20833235103876,30.654856444005347],[35.20841957406123,30.654846772823486],[35.208505440530516,30.654828652755633],[35.20858913403804,30.654802256085315],[35.20866985883552,30.65476783378906],[35.20874684740079,30.654725713150125],[35.20881936773538,30.65467629464673],[35.20888673032424,30.654620048144356],[35.20894829469157,30.65455750842832],[35.209003475490405,30.654489270119086],[35.20905174806801,30.65441598201871],[35.209092653454256,30.654338340942058],[35.209125802725396,30.654257085091622],[35.20915088070194,30.654172987038738],[35.20916764894536,30.65408684637808],[35.20917594802512,30.653999482125194],[35.20917569903452,30.65391172492942],[35.20916690434092,30.653824409176135],[35.20702511850043,30.639571865665854],[35.207008582223565,30.639488702611423],[35.2069842930406,30.639407464826707],[35.2069524665418,30.63932887337648],[35.20691338521845,30.63925362583672],[35.20686739595552,30.63918239010292],[35.20681490695269,30.639115798461884],[35.20675638410118,30.639054441979532],[35.206692346848534,30.638998865254656],[35.205291455828366,30.637894328823954],[35.20521898792978,30.63784278614106],[35.20514178711901,30.63779864682411],[35.20506060712801,30.63776234181693],[35.204976240538535,30.63773422557493],[35.20488951104392,30.63771457260442],[35.20480126540721,30.637703574782556],[35.20091488197056,30.637413254800105],[35.2008285536482,30.637410960705772],[35.200742402872905,30.637416951200386],[35.20065722285317,30.637431171128192],[35.20057379785952,30.637453489563285],[35.20049289600361,30.6374837010151],[35.20041526216602,30.637521527320374],[35.20034161113798,30.637566620204282],[35.20027262104016,30.63761856448706],[35.20020892707905,30.637676881906653],[35.20015111569849,30.637741035522193],[35.20009971918013,30.637810434657712],[35.20005521074264,30.637884440340617],[35.20001800018467,30.637962371184866],[35.19998843011172,30.638043509664616],[35.19996677278175,30.638127108720642],[35.199497058792836,30.64038062718208],[35.199483345011934,30.640467462900723]]],[[[35.17502834984089,30.531762795132508],[35.17500453308687,30.53167635193164],[35.1749722331561,30.531592707570084],[35.17493177064193,30.531512692260954],[35.17488354715554,30.531437100197163],[35.174828041339715,30.53136668166865],[35.1747658041181,30.53130213561537],[35.174697453227,30.531244102689946],[35.174623667083985,30.531193158898883],[35.17454517805432,30.53114980988539],[35.174462765181815,30.531114485910624],[35.17437724645642,30.531087537583122],[35.174289470695285,30.53106923237883],[35.174200309117765,30.531059751986273],[35.17411064669819,30.531059190503203],[35.17402137338197,30.531067553502627],[35.17393337525248,30.531084757977496],[35.17384752573623,30.53111063316458],[35.17376467693361,30.53114492223941],[35.17368565116141,30.53118728486535],[35.17361123279089,30.531237300571654],[35.173542160462475,30.531294472926824],[35.1734791197544,30.53135823446596],[35.17342273637796,30.53142795232314],[35.17337356996704,30.53150293451293],[35.173332108523454,30.531582436798704],[35.17329876357325,30.531665670079573],[35.17327386608213,30.531751808222598],[35.168950518961026,30.55008916139304],[35.16893465466378,30.550174823992407],[35.168927147037955,30.550261619109854],[35.16892806643054,30.550348733469033],[35.16893740422675,30.55043535080228],[35.1689550729308,30.550520659499114],[35.168980906985674,30.55060386021105],[35.16901466432448,30.550684173341576],[35.169056028638565,30.550760846351025],[35.169104612341414,30.550833160807912],[35.169159960200325,30.550900439120703],[35.169221553601965,30.550962050886888],[35.169288815411846,30.551017418799884],[35.16936111538208,30.551066024058468],[35.169437776056874,30.55110741122795],[35.16951807912032,30.551141192507647],[35.16960127212709,30.5511670513646],[35.16968657555286,30.551184745499505],[35.17698401326772,30.552333271518616],[35.17707200117505,30.55234271557757],[35.177160491222295,30.552343472957606],[35.17724862788963,30.552335536336397],[35.17733555907372,30.552318982445016],[35.177420444325776,30.552293971326122],[35.17750246297708,30.55226074478666],[35.17758082207311,30.552219624060076],[35.17765476403987,30.552171006700647],[35.177723574008056,30.55211536273993],[35.17778658672441,30.5520532301425],[35.177843192983396,30.551985209604947],[35.17789284551695,30.55191195874831],[35.17793506428547,30.55183418576026],[35.178510649102044,30.55063698927016],[35.178546175671116,30.550552275812947],[35.178572881904174,30.550464382217857],[35.1785904895781,30.550374224152428],[35.17859881525773,30.55028274087526],[35.178597772206885,30.550190885450885],[35.178587371291975,30.550099614820823],[35.178567720868806,30.550009879834274],[35.17853902565369,30.549922615342226],[35.17661273808551,30.54493771257353],[35.17504344702469,30.53185117917965],[35.17502834984089,30.531762795132508]]],[[[34.90547860951637,29.967457585289935],[34.905511581750844,29.967392401118463],[34.91229251151193,29.952517057566325],[34.91232395144944,29.95243849756415],[34.91234787441409,29.952357332082723],[34.91724744453676,29.93230118114919],[34.919414071428726,29.931209449456674],[34.91949098636226,29.931165829183485],[34.919563249656726,29.931114871833593],[34.91963016378082,29.931057069279753],[34.91969108283688,29.930992979468982],[34.919745418795394,29.930923221036903],[34.91979264717114,29.930848467336272],[34.91983231208581,29.930769439937357],[34.9198640306684,29.930686901662884],[34.919887496750974,29.93060164922478],[34.91990248382399,29.930514505533804],[34.91990884722267,29.930426311756293],[34.91990652552345,29.930337919194688],[34.91989554113685,29.930250181070218],[34.91987600009116,29.93016394428707],[34.919848091008966,29.930080041257533],[34.9198120832865,29.929999281867012],[34.91976832449319,29.929922445656523],[34.919717237016755,29.929850274298033],[34.91965931398601,29.929783464435413],[34.90742054155997,29.916994416321156],[34.907364678799176,29.916940854628248],[34.90730442101237,29.916892290216165],[34.886116929629544,29.90127000853889],[34.87113617748147,29.888250346349878],[34.871070193497694,29.8881982058609],[34.8709996307661,29.888152451980016],[34.870925105405334,29.88811348420733],[34.859139609915765,29.882636279094005],[34.840466143784695,29.87083067143132],[34.84038971711065,29.870787422064094],[34.822220741858814,29.861645849575524],[34.81059774853277,29.853262994463595],[34.799919658721414,29.843550191479217],[34.79985532027441,29.843496909917217],[34.799786318791696,29.843449823231254],[34.79971324873898,29.84340933708537],[34.799636739633776,29.843375800278235],[34.79955745062191,29.843349501738167],[34.799476064798846,29.84333066803393],[34.7993932833246,29.843319461422777],[34.7993098193831,29.843315978452576],[34.7992263920379,29.843320249130027],[34.79610040338313,29.84362622853263],[34.79601593349875,29.843638564520415],[34.79593301235432,29.843658848054776],[34.795852385967606,29.843686896650574],[34.79577477971112,29.84372245796262],[34.795700891786105,29.84376521205598],[34.79563138694108,29.843814774284322],[34.79556689049121,29.84387069875048],[34.78366391168279,29.855224248146147],[34.783604056518435,29.855287126514956],[34.7835505378561,29.85535547915021],[34.7791724987667,29.861539765633207],[34.779117690702165,29.861627470116748],[34.779073306219786,29.861720883274792],[34.7727731794417,29.8772202991819],[34.76433790128092,29.893960079926824],[34.764298550473804,29.89405008404053],[34.76426924291017,29.894143840604134],[34.76425032772004,29.894240232730823],[34.764242030233,29.894338112137305],[34.763552081171476,29.9173519719885],[34.7606323956341,29.929083005136288],[34.7563845925416,29.937189760131222],[34.74733063768553,29.949555964059975],[34.74727487427699,29.94964201579441],[34.74722926103873,29.94973385201399],[34.74417655742323,29.956874590401195],[34.74414903142714,29.9569475775514],[34.74412792884842,29.95702267406082],[34.744113408211845,29.957099315796636],[34.74410557859795,29.957176927018132],[34.743368324403335,29.97005360441102],[34.738923613383186,29.996139778428198],[34.738913138953286,29.996226479178997],[34.73891111690383,29.996313786940316],[34.73891756627387,29.996400879646654],[34.74259340285285,30.026268977776333],[34.74245470412943,30.032226478959924],[34.74084538129247,30.037651240377908],[34.73658289587683,30.045632401739027],[34.730858264090124,30.05268754996658],[34.70971370373229,30.069651335606387],[34.69166,30.114545],[34.632645,30.26203],[34.599469,30.344506],[34.58841,30.35882],[34.53384,30.400213],[34.526915,30.409618],[34.524745,30.421142],[34.526502,30.438712],[34.53601,30.468581],[34.536217,30.482172],[34.526295,30.494574],[34.510379,30.513332],[34.504384,30.530334],[34.50362479055118,30.54479781466529],[34.515137302704105,30.56096346500654],[34.51518977263349,30.561030235851085],[34.51524830219187,30.56109176413699],[34.534480512310644,30.57948761905663],[34.53454896662136,30.579546801296715],[34.53462301787365,30.57959881035584],[34.53470191746145,30.57964312045901],[34.53478486776542,30.579679283662255],[34.53487103021634,30.57970693438102],[34.534959533772444,30.579725793085995],[34.53504948372505,30.57973566912894],[34.55223891462199,30.580752113131883],[34.57236275587645,30.5855635161935],[34.57243927949296,30.58557834170132],[34.572516798906655,30.585586490324985],[34.602719943014115,30.58744376455969],[34.63138386943764,30.59523667095846],[34.63145477271599,30.595252901570433],[34.66129307944742,30.60082492444566],[34.69590591760931,30.60937773462406],[34.69598246952695,30.60939316078977],[34.69606007050971,30.609401892923437],[34.70807014458598,30.610227770820583],[34.70814654680238,30.610229771819988],[34.74131957846647,30.609689380011734],[34.741414429299056,30.60968281209534],[34.74150805797088,30.609666274568916],[34.74159941956078,30.609639951995703],[34.74168749444881,30.609604138142704],[34.74308644730972,30.60894715421141],[34.74316801824358,30.608903598112537],[34.743244689313016,30.608851901902703],[34.74331565112228,30.60879261132482],[34.743380154546735,30.608726352293488],[34.74343751864117,30.608653824287387],[34.74348713782836,30.608575792965066],[34.74352848829194,30.608493082082102],[34.74356113350627,30.60840656479492],[34.74358472884463,30.608317154443128],[34.74409479266837,30.60588379429333],[34.7441078839867,30.605803352333933],[34.74411364460998,30.605722055921547],[34.74411202729903,30.60564057171601],[34.74410304531637,30.605559567917116],[34.7440867723175,30.60547970878517],[34.7372216777769,30.57817417986562],[34.73190973354952,30.538379799994285],[34.73784503172163,30.529902018795365],[34.737889100497306,30.529832511204326],[34.737926635547986,30.52975926857895],[34.73795732299899,30.529682903386924],[34.7414098883207,30.51980855368181],[34.74203592899763,30.519267487820972],[34.75958749527444,30.53116048454261],[34.759665502847646,30.53120775924852],[34.772491055423764,30.538117162468787],[34.77255713246483,30.538149350547922],[34.7726256156576,30.53817603949887],[34.80317795266962,30.54866707204982],[34.830581111157066,30.56220392666294],[34.83067038882228,30.56224218308082],[34.830763269242446,30.562270595799152],[34.84353259398769,30.565434466885907],[34.8436301036369,30.56545298859954],[34.8437290598224,30.565460660555903],[34.843828259043285,30.565457389448994],[34.850811762457745,30.564840322290127],[34.850894464405826,30.564829130238696],[34.85097577408481,30.564810325709015],[34.851054992344444,30.5647840703939],[34.851131438017816,30.564750590052583],[34.85727333920817,30.56171386596921],[34.857353055039475,30.561669282104244],[34.85742784160796,30.561616848298836],[34.85749692867339,30.561557104578117],[34.85755960469573,30.56149066625334],[34.85761522416343,30.5614182175847],[34.85766321424164,30.561340504733966],[34.86009163982765,30.556921028347944],[34.86012598889694,30.556851593713127],[34.86015423976964,30.556779462476726],[34.860176183144226,30.556705169035663],[34.862192456255826,30.548611411282057],[34.86296264491582,30.548031882549438],[34.87420403626512,30.55251747241299],[34.87428134884476,30.552544315729552],[34.87436078021022,30.552564025036883],[34.88312746927646,30.554320462697955],[34.88323057504738,30.554334977566654],[34.883334667242835,30.554337486800765],[34.891530099868476,30.55406056523855],[34.89163099527757,30.554051451115278],[34.89173022721651,30.55403105569634],[34.90606743823843,30.550232076511456],[34.92737322397196,30.554675185354956],[34.927445870433196,30.554687257320516],[34.92751926066099,30.55469334954077],[34.92759290328142,30.55469342122612],[34.93895129757826,30.554239405140347],[34.93904039473544,30.554231394391767],[34.939128256516675,30.554214578241524],[34.939214014882765,30.55418912282644],[34.9392968225754,30.554155279635822],[34.94540522127225,30.55129671554534],[34.94549261705482,30.551249780483445],[34.94557431644053,30.551193512080054],[34.945649326840055,30.55112859395618],[34.9457167369305,30.551055814820767],[34.94976850208035,30.546166321677045],[34.94982071340925,30.54609672435031],[34.949865960531426,30.546022410766838],[34.94990382059237,30.54594407542016],[34.94993393977295,30.545862450388984],[34.94995603659601,30.545778298495573],[34.949969904556895,30.545692406176858],[34.94997541405334,30.545605576134808],[34.95018582604139,30.53159017843848],[34.951570510222886,30.531058159879862],[34.96440588051943,30.533998927815254],[34.969825878025134,30.54537876937718],[34.97306825938185,30.556652151387695],[34.971215543606,30.56568983620157],[34.97120160443336,30.565781731642993],[34.97119721734507,30.565874574661816],[34.97120242913172,30.565967375038795],[34.971217184206886,30.566059143009486],[34.97124132519998,30.566148899820593],[34.97616501598714,30.581289943136618],[34.9776327989077,30.59205693344797],[34.97534816909478,30.612583031684935],[34.97534286149129,30.612662875427553],[34.97534466684052,30.612742875018824],[34.97535357087086,30.612822398047776],[34.97536950319437,30.612900815870734],[34.98424336941858,30.648406023715896],[34.98323974131316,30.656533204021223],[34.98003258615835,30.6657870469767],[34.96859703379906,30.66362090831898],[34.960355213142414,30.66051669868031],[34.96027400785352,30.660490437564576],[34.96019068017242,30.66047198647503],[34.96010597942534,30.660461511333562],[34.960020667285875,30.660459106338138],[34.95993551092555,30.66046479311574],[34.95985127611505,30.660478520527878],[34.95976872033801,30.66050016513046],[34.95968858597931,30.660529532283856],[34.95961159364915,30.66056635790321],[34.95953843570299,30.660610310833224],[34.95858710871427,30.661245124706234],[34.958514397711795,30.661299122718127],[34.9584474819071,30.66136015508864],[34.95838703894043,30.661427603757637],[34.95833368090318,30.661500785688673],[34.95828794813936,30.66157895978593],[34.95825030377366,30.661661334399135],[34.958221129021524,30.661747075340386],[34.95820071932865,30.6618353143318],[34.958189281379084,30.661925157798336],[34.95818693100219,30.662015695916814],[34.958193691999675,30.662106011829486],[34.95820949590454,30.66219519092883],[34.95823418267444,30.66228233011956],[34.958267502312395,30.662366546964048],[34.95830911739845,30.66244698861857],[34.964957210681646,30.673852103549617],[34.96737366609453,30.685345534318387],[34.96752880903052,30.725651775296512],[34.96516038420632,30.755694127425738],[34.96515870019753,30.755809340837963],[34.96582667833023,30.769308477052498],[34.965834346896216,30.769389321292536],[34.96584927140561,30.76946914520544],[34.968399318545416,30.780361863774765],[34.96843741441063,30.780484437682603],[34.97618650774267,30.800304192864417],[34.97840443500365,30.814762419439177],[34.97731017132818,30.871792753502714],[34.97223937431435,30.910261807767903],[34.97223209854615,30.910351200895438],[34.97223375623563,30.910440874303532],[34.97224433092036,30.91052993745021],[34.972263717583694,30.910617505853978],[34.97229172369768,30.91070270987755],[34.97232807113505,30.910784703364182],[34.97237239893129,30.910862672040803],[34.97578651144156,30.91622676599898],[34.975840632711254,30.916302788408345],[34.9759023350766,30.916372797955326],[34.987647870093426,30.92838250273873],[34.98772251296349,30.92845070188715],[35.00070753539303,30.93903991515745],[35.00078036360444,30.939093449446812],[35.00085819421898,30.93913940881968],[35.000940242217034,30.939177329717992],[35.00102568004139,30.939206829661803],[35.00111364594413,30.939227611107086],[35.00367508947796,30.939698360206968],[35.00376418122397,30.939710171446233],[35.00385400674818,30.939713038462603],[35.00394367036316,30.939706932667878],[35.004032277995975,30.93969191494546],[35.00411894610333,30.93966813504326],[35.00420281048172,30.939635830080505],[35.004283034884786,30.939595322183326],[35.00435881936186,30.939547015272694],[35.00763709092507,30.937219306556354],[35.00900845251394,30.938283761952352],[35.00908068672122,30.938334360324244],[35.00915752639879,30.938377645886394],[35.0092382336983,30.938413202991818],[35.009322033632785,30.93844069020556],[35.00940812151846,30.938459843583317],[35.00949567070162,30.93847047920594],[35.00958384049652,30.938472494945504],[35.00967178425806,30.938465871445995],[35.0097586575116,30.938450672309166],[35.009843626061965,30.938427043483806],[35.009925874003805,30.93839521186428],[35.010004611556255,30.938355483111785],[35.01007908264672,30.938308238719262],[35.01014857217106,30.93825393234813],[35.01021241286035,30.938193085472026],[35.01026999168821,30.938126282369392],[35.02034634710284,30.925206035678187],[35.034166052014584,30.910450528343038],[35.034219897072504,30.910387446883007],[35.03426770657386,30.91031967659127],[35.03430907451795,30.910247792976563],[35.034343649606114,30.910172406478168],[35.034371138224955,30.91009415728203],[35.034391306939725,30.910013709884268],[35.0344039844767,30.90993174744825],[35.03440906317758,30.90984896600311],[35.03457217877935,30.89910537950754],[35.03456990566143,30.899026351268137],[35.034560705740994,30.89894782744276],[35.03268160111903,30.887345573029357],[35.03266747757757,30.887275920713257],[35.03264790216266,30.887207599979273],[35.02874356481471,30.875368019379117],[35.028701980853036,30.875264132064803],[35.02401910317729,30.865392868176563],[35.04844261855405,30.882258555743903],[35.04852055892633,30.882306710661886],[35.04860299110533,30.882346692327957],[35.048689060890375,30.882378086433448],[35.048777876386204,30.882400567657996],[35.05974525207619,30.884589479761896],[35.05982296629069,30.884601487141843],[35.059901431991406,30.88460666499077],[35.059980050157975,30.884604973780103],[35.06973277584772,30.883968103786057],[35.06981236260464,30.883959337434653],[35.069890855286594,30.883943532382563],[35.06996763264818,30.883920813721907],[35.070042087020184,30.8838913612639],[35.077061082769944,30.880746890243184],[35.07714908836418,30.880701494917805],[35.077231574143894,30.880646706083837],[35.077307541550475,30.88058318700545],[35.07737607093562,30.880511706633637],[35.08522958470745,30.871361446865585],[35.09142108315521,30.86986622039474],[35.09150990858011,30.869839862984126],[35.091595553449174,30.869804512940203],[35.09167711006751,30.869760544915355],[35.09175371406894,30.86970842489841],[35.09182455357693,30.86964870527591],[35.09188887780906,30.869582018977745],[35.09528421488101,30.865678406476253],[35.09534148673798,30.865605254533918],[35.09539091223527,30.865526588197497],[35.10181859885864,30.854017245848087],[35.101857550545226,30.853938750254667],[35.10188868392062,30.853856838686433],[35.101911703840734,30.853772287664253],[35.10192639207695,30.853685898730987],[35.103371834001315,30.841669316188494],[35.11786774986759,30.84890365796465],[35.117954909663,30.848941547762646],[35.11804557904226,30.848970035135142],[35.11813874693358,30.84898880241393],[35.12445633189591,30.849917462784106],[35.12453638500058,30.849925594609807],[35.12461684446255,30.849926543892234],[35.12469706713991,30.849920303043422],[35.131132972405595,30.84912888178875],[35.13120900978931,30.84911620530812],[35.13128368348775,30.84909706854651],[35.13135644567467,30.84907161189632],[35.16260507792298,30.83661260505985],[35.16268282156378,30.836577245578546],[35.162756863428534,30.836534676001783],[35.16282653674131,30.83648527968524],[35.162891214066704,30.83642950146205],[35.16295031296012,30.83636784363692],[35.16300330121291,30.836300861462664],[35.16304970164516,30.836229158139943],[35.163089096402835,30.836153379385202],[35.16312113072074,30.83607420761575],[35.166998398385815,30.82500836779254],[35.16702345940919,30.824923761173842],[35.16704011472451,30.82483710706089],[35.16704820422826,30.824749238438795],[35.167766966850486,30.807951373167086],[35.167764960459756,30.807841592739262],[35.167749600879624,30.807732873600035],[35.16452597912486,30.791942677361288],[35.1645064717674,30.79186495807124],[35.164480128974795,30.791789281903803],[35.16444715956489,30.791716248739757],[35.16440782488437,30.791646437508934],[35.1616481009195,30.787221412828238],[35.16160175100785,30.787154105421404],[35.16154948676512,30.787091279867244],[35.14795903075854,30.772186477344956],[35.142562378794764,30.764253634754557],[35.14136669820111,30.75904382917923],[35.14269432672131,30.750190960199376],[35.1427029730542,30.75010596016712],[35.14270352031181,30.75002052326019],[35.14269596356224,30.7499354194407],[35.14204007754054,30.745144138294478],[35.142025718121936,30.745065449833337],[35.1420044288498,30.74498834708558],[35.141976377884866,30.74491343907409],[35.14194178679743,30.744841317485854],[35.1276154522205,30.71808955701422],[35.12412046465347,30.700171429846158],[35.1240965056179,30.7000764440948],[35.124062365068504,30.699984624972423],[35.12401844747928,30.69989706028946],[35.1239652731559,30.699814787452627],[35.10695728654184,30.67640100600058],[35.09853694267841,30.65981589599657],[35.09565391613779,30.648046560678193],[35.096242550523066,30.639130536047837],[35.09624360445956,30.639030984596342],[35.09623365653041,30.63893192582095],[35.09455147278706,30.628196210960464],[35.09562792117902,30.62444871656012],[35.10269932346148,30.619993439638336],[35.102760701182774,30.619951119451144],[35.102818365638996,30.6199038644683],[35.11349581924288,30.610387995433584],[35.138071720870656,30.599226590361827],[35.138156118155045,30.599182741086405],[35.13823541683034,30.599130230319275],[35.14465050839927,30.594376216597194],[35.14471204276937,30.59432627238853],[35.14476894484532,30.594271108483337],[35.15026630260498,30.58845072013673],[35.1503191748689,30.58838944103256],[35.15036632816439,30.588323659791897],[35.15442395324497,30.582088949776168],[35.154464878565804,30.58201943939725],[35.154499415839936,30.581946543914825],[35.154527287636064,30.58187084888432],[35.1545482700654,30.5817929623494],[35.15656381682973,30.572708123407004],[35.15657803444772,30.572626382538584],[35.15658466423151,30.57254367972002],[35.15658364983848,30.572460717793582],[35.15490554301655,30.543727295832603],[35.15675273877562,30.528489025298985],[35.15687781007411,30.528378547025863],[35.16742848214488,30.532406747098275],[35.167507887374256,30.532432907196306],[35.167589377468154,30.53245158621604],[35.1676722492434,30.532462622975043],[35.16775578759421,30.532465922236415],[35.16783927166288,30.532461455530626],[35.1679219810601,30.532449261401162],[35.16800320208126,30.532429445071937],[35.16808223386503,30.532402177539307],[35.16815839444116,30.532367694096532],[35.16986236602546,30.531498657900592],[35.1699396877449,30.531454265869424],[35.170012237732834,30.531402441165095],[35.1700793039872,30.531343692392735],[35.17014022832302,30.531278596109946],[35.17019441283183,30.531207791168498],[35.17024132574948,30.53113197244465],[35.17028050667487,30.531051884019686],[35.1703115710883,30.530968311877515],[35.17033421412512,30.5308820761911],[35.17034821356767,30.53079402327328],[35.1703534320261,30.530705017271124],[35.1703498182867,30.530615931685222],[35.17033740781454,30.530527640797192],[35.1673621820914,30.514990558754207],[35.16732463170234,30.509419756776648],[35.162122,30.494677],[35.157368,30.470854],[35.140005,30.430185],[35.140005,30.406155],[35.144965,30.395872],[35.159332,30.375615],[35.162122,30.361404],[35.159952,30.347503],[35.154474,30.336754],[35.147756,30.32647],[35.141762,30.313965],[35.132356,30.261875],[35.125225,30.244667],[35.124812,30.21609],[35.145276,30.154905],[35.145276,30.1337403068284],[35.12156075262991,30.097101692028065],[35.12150436195974,30.09702399512573],[35.104798611109466,30.07641518883532],[35.0925579942635,30.057133510845848],[35.092515426884795,30.057072228887087],[35.0924679295215,30.057014683594677],[35.07541975869489,30.038022003842364],[35.06547553961277,30.02460828437675],[35.05892017747633,30.012889149848778],[35.057899557729286,29.99799773691172],[35.05788926666169,29.99791040802412],[35.05787050256154,29.997824500229203],[35.057843444550485,29.997740833600734],[35.05780835092365,29.99766020681835],[35.05776555668397,29.997583389543394],[35.05771547034422,29.99751111507174],[35.05765857002742,29.99744407333377],[35.05759539890263,29.99738290430832],[35.0575265599999,29.997328191913446],[35.040560423746165,29.985147032864234],[35.04049101908751,29.98510189059995],[35.04041775971886,29.985063317350505],[35.04034126561623,29.98503163955181],[35.04026218413038,29.985007125285286],[35.04018118450846,29.984989982009136],[35.03805468087822,29.98464122953838],[35.03796429911042,29.984631063744047],[35.03787335284249,29.984630071939996],[35.03778277087244,29.984638264255125],[35.037693478277845,29.984655557024585],[35.0376063869684,29.98468177364421],[35.037522386372956,29.9847166463741],[35.037442334356136,29.984759819072966],[35.037367048457284,29.98481085083523],[35.03729729754131,29.984869220493835],[35.02521456027831,29.99606576288487],[35.019575734703395,29.99839005068581],[35.01338689814386,29.99945904100707],[35.004696510362066,29.99888936571989],[34.989455625561,29.992183542742744],[34.989373310955784,29.99215204009413],[34.98928830970988,29.99212873989465],[34.98920143700738,29.992113865599286],[34.98911352598015,29.99210755985641],[34.989025419717855,29.99210988313974],[34.97306685129056,29.993314602413058],[34.947868226897704,29.982429442296237],[34.947784562286245,29.982398130723407],[34.94769820572726,29.982375267510093],[34.94761000801214,29.98236107790642],[34.94752083807152,29.98235570170944],[34.94743157441446,29.98235919188586],[34.944493610443814,29.98262056056881],[34.94440196833108,29.982633490666917],[34.94431213864324,29.98265576377733],[34.944225071297566,29.982687144369766],[34.944141687000524,29.982727300605532],[34.94406286751164,29.9827758078466],[34.9439894463192,29.982832153146006],[34.94392219982642,29.982895740672085],[34.94386183914123,29.982965898009176],[34.93872564432902,29.989596948786012],[34.93388662530849,29.99358620311595],[34.92368515969175,29.99795039371226],[34.91009823714056,29.999568498550847],[34.88709187757675,29.998017837542783],[34.885786917173206,29.992279066410035],[34.89898658817576,29.977144117519103],[34.89905611054937,29.977053353640994],[34.9054404595447,29.967519880748174],[34.90547860951637,29.967457585289935]]],[[[34.88513937693694,30.990050545206916],[34.885211121766766,30.9900999227972],[34.88528730341918,30.990142134440894],[34.88536720847023,30.990176784835494],[34.885450088627145,30.99020354948788],[34.90073688567737,30.99433498169098],[34.90081583084659,30.994352553209755],[34.90089603469932,30.99436296666366],[34.90097684955499,30.994366137959585],[34.911395815312304,30.99430648397445],[34.91149990169477,30.994299844561954],[34.9116025210267,30.994281207783086],[34.934375535231524,30.988765477956093],[34.9344558883779,30.988742010519655],[34.93453371358652,30.98871117895128],[34.93460833758779,30.98867324997634],[34.9346791148059,30.988628551720208],[34.934745432943764,30.988577470869632],[34.93480671828,30.988520449327492],[34.936235950360384,30.987060890308733],[34.93629235896485,30.986997574910706],[34.93634255820379,30.986929231610418],[34.93638610243376,30.98685646712512],[34.93642260509111,30.9867799274211],[34.93645174212371,30.98670029197914],[34.93647325486772,30.986618267762413],[34.936486952343884,30.986534582940426],[34.93649271295294,30.986449980424695],[34.93649048555511,30.98636521127356],[34.93505380048426,30.96682638591156],[34.940029536925486,30.928072239271085],[34.940034581756706,30.928021687627226],[34.94160691311899,30.905987749220667],[34.945276330771826,30.8910517436568],[34.95488766946053,30.866342035329907],[34.954914354897156,30.866262690544353],[34.95493355275733,30.866181209566896],[34.95674674644885,30.856485151450663],[34.95676002663606,30.856380506011153],[34.95676097168937,30.856275025499887],[34.956243628472066,30.84586944639955],[34.956231414429396,30.845759844549928],[34.95111522180282,30.816358566019375],[34.95632886211765,30.79875193125321],[34.956356127140886,30.79862867713874],[34.95813823222873,30.78663571997396],[34.95814639377091,30.78655729881507],[34.958147660484116,30.78647846427714],[34.95787231106841,30.77655851804655],[34.95785917201874,30.776428273429662],[34.95476977429245,30.75878326206778],[34.95731239180573,30.736040748995606],[34.957317657562434,30.735917256473055],[34.95682604928409,30.717092395848116],[34.95681848004968,30.716997085824012],[34.95680084270657,30.716903116583662],[34.956773336301865,30.716811548621447],[34.956736271260404,30.716723415332016],[34.95669006588151,30.716639711347852],[34.95586672782035,30.715319219944814],[34.95581766909735,30.715248340609254],[34.95576205443081,30.715182479791032],[34.95570039400897,30.715122241672773],[34.95563325348161,30.715068178856562],[34.95556124877092,30.715020787294545],[34.955485040421316,30.714980501739277],[34.95540532753984,30.714947691755444],[34.9553228413828,30.714922658329627],[34.95523833864749,30.714905631109158],[34.95515259453055,30.71489676629542],[34.955066395616605,30.71489614521091],[34.954980532662404,30.714903773553235],[34.954895793342715,30.714919581342816],[34.954812955024536,30.714943423564872],[34.954732777635755,30.714975081499738],[34.954655996693894,30.715014264729298],[34.95458331655874,30.715060613801196],[34.944808218056274,30.7219743715983],[34.93494625680648,30.72343076208377],[34.92497145832977,30.72094738478399],[34.907474449946164,30.711377196765802],[34.907382993236034,30.711333669718154],[34.907287224899896,30.711300694583592],[34.90718835787728,30.71127868900375],[34.903239156568354,30.71063039298214],[34.903152843048105,30.710620473555682],[34.903065975250016,30.71061892292599],[34.90297936269817,30.71062575554343],[34.90289381253802,30.710640907734597],[34.90281012201456,30.710664238295685],[34.902729071042735,30.710695529808365],[34.902651414939456,30.71073449066592],[34.902577877384694,30.710780757790733],[34.90250914367754,30.71083390001782],[34.902445854349864,30.71089342211288],[34.902388599197145,30.71095876938739],[34.902337911782205,30.711029332867778],[34.902294264462846,30.711104454970464],[34.902258063990004,30.711183435629895],[34.902229647717164,30.711265538822502],[34.89915061101328,30.72177843128802],[34.89579912751161,30.728783672053705],[34.87426955408762,30.757345048678395],[34.87201838154041,30.75909232412309],[34.86348985920025,30.76159959813652],[34.851158292712476,30.763019421868673],[34.82051878712156,30.763211737732085],[34.79094132292377,30.755423573717337],[34.79085707907709,30.755405652813064],[34.79077150794976,30.755395866767905],[34.77439264614269,30.75431330287711],[34.774305554647725,30.75431177089879],[34.77421872294986,30.754318665222492],[34.774132964402206,30.754333921269033],[34.774049082305645,30.754357396134928],[34.77396786238434,30.754388869930946],[34.77389006542584,30.754428047841827],[34.77381642015479,30.754474562887818],[34.77374761640692,30.754527979362173],[34.77368429866742,30.75458779691241],[34.77362706003397,30.754653455227142],[34.77357643666124,30.754724339284486],[34.773532902738694,30.754799785113004],[34.77349686604889,30.75487908601111],[34.769610568631926,30.764662440533783],[34.7695828114055,30.764743319925334],[34.769562855216684,30.764826468527993],[34.764574830568506,30.79104125669457],[34.75825711396254,30.81277290429434],[34.75823649963778,30.81285962598843],[34.758224565001605,30.812947961525282],[34.75783822192871,30.817495602167465],[34.757835064513436,30.81758324091815],[34.75784045142823,30.81767077091896],[34.757854331527184,30.817757361119014],[34.75787657302614,30.817842189390344],[34.757906964753865,30.817924450333557],[34.757945218157055,30.818003362924678],[34.75799097003994,30.818078177930555],[34.762647000227346,30.824919110549672],[34.76466349171183,30.833427403222093],[34.764692027175464,30.833523565982443],[34.764731086338465,30.833615956084444],[34.77060316399881,30.84559632282654],[34.77216679599153,30.851367953986916],[34.77399263724325,30.86405833915121],[34.773948873867404,30.88549574902972],[34.773957466349955,30.885621666873373],[34.775936660285474,30.89984037184424],[34.77596095967285,30.899957386184678],[34.789566120791314,30.948888828065126],[34.78931522076878,30.960221552688733],[34.781868174356966,30.975079454033537],[34.781830798280616,30.975164784179345],[34.781802442911044,30.97525352074387],[34.78178341204294,30.975344713018355],[34.78177390956986,30.975437383983994],[34.781774037299705,30.975530540779516],[34.78249674997165,30.989115829865533],[34.782506138850316,30.989206127166604],[34.78252457677049,30.98929501921756],[34.78255187612624,30.989381601541385],[34.78258775914651,30.989464993162546],[34.7826318607214,30.989544345570923],[34.78268373211719,30.989618851355413],[34.7827428455422,30.989687752419318],[34.78280859951707,30.989750347694006],[34.78288032499479,30.989806000272278],[34.78295729216833,30.989854143888902],[34.78303871789633,30.98989428868236],[34.78453544109534,30.990540533996924],[34.784616621000765,30.990571034474392],[34.78470035954499,30.990593580258498],[34.78478587925635,30.9906079620226],[34.784872386125905,30.990614046239006],[34.78495907697943,30.99061177641873],[34.785045146934515,30.99060117363595],[34.80112803358025,30.987827732526984],[34.80119389688226,30.987813819938477],[34.80125853606633,30.987795023381484],[34.83388101493387,30.976969987734428],[34.84800600072926,30.973986858398558],[34.855297561744436,30.973837993133593],[34.87659915573014,30.98213204594529],[34.88507274080384,30.989994464080024],[34.88513937693694,30.990050545206916]]]]}},{"type":"Feature","properties":{"id":"eilat-mountains-basement","name_he":"הרי אילת - בסיס פרקמברי","name_en":"Eilat Mountains (Precambrian Basement)","rock_summary_he":"גרניט, גניס וסלעי מטמורפים (כמו גניס טאבה, סכיסט אילת ורודד), פרקמבריון, כ-1000-600 מיליון שנה","description_he":"הרי אילת הם הקצה הצפוני החשוף של המסיב הערבי-נובי, ובהם נחשף הסלע העתיק ביותר בישראל - קרוב למיליארד שנה. הגוונים האדמדמים-סגלגלים של הגרניט לצד מרקמי הגניס והסכיסט המקופלים יוצרים נוף הררי דרמטי (כמו הר שלמה) שונה לחלוטין מהרי הגיר שבצפון הארץ. באזור זה מתגלים גם עדויות למרבצי נחושת עתיקים (טוב שהודגם בתמנע הסמוכה) הקשורים לפעילות מגמטית פרקמברית.","color":"#9C6B8C","sources":[{"title":"שמורת טבע מסיב הרי אילת - רשות הטבע והגנים","url":"https://www.parks.org.il/reserve-park/שמורת-טבע-מסיב-הרי-אילת/"}],"rock_photo":{"file":"assets/rocks/arava-eilat-mountains.jpg","title":"Solomon's Pillars Timna Park","author":"Tiia Monto","license":"CC BY-SA 3.0","license_url":"https://creativecommons.org/licenses/by-sa/3.0","source_url":"https://commons.wikimedia.org/wiki/File:Solomon%27s_Pillars_Timna_Park.jpg"},"rock_class":"basement","rock_class_he":"סלעי יסוד גבישיים"},"geometry":{"type":"Polygon","coordinates":[[[34.82789869422359,29.760543352394475],[34.827893092496666,29.760632625754717],[34.82789638014879,29.760722014252508],[34.82790852470481,29.760810634915746],[34.82792940620181,29.76089761235694],[34.82795881837412,29.760982087420206],[34.827996470690756,29.76106322566794],[34.8280419912253,29.761140225623326],[34.8280949303297,29.761212326687247],[34.82815476507593,29.76127881665143],[34.82822090442137,29.761339038733574],[34.82829269504711,29.761392398065],[34.82836942781135,29.761438367566686],[34.82845034475427,29.761476493155754],[34.828534646585084,29.761506398230825],[34.82862150057737,29.761527787392065],[34.82871004879465,29.761540449359135],[34.82879941656505,29.76154425905818],[34.828888721121224,29.761539178857316],[34.82897708032023,29.76152525893834],[34.84355182842014,29.758480144322668],[34.84367136079591,29.758446415483263],[34.8586689419571,29.753072310926946],[34.86457644591573,29.752537091212883],[34.88790972110457,29.758115213819558],[34.88797960549738,29.758129021988495],[34.888050363051825,29.75813725985089],[34.90632344017967,29.75953450890649],[34.92832625774007,29.770717908746718],[34.92840100641334,29.7707517074016],[34.928478522109714,29.770778559404175],[34.94146409310107,29.774623656619653],[34.94154687003962,29.774643958452987],[34.94163119623251,29.774656339050203],[34.94171631543138,29.77466068738049],[34.974007141276694,29.774779292100515],[35.00664580320318,29.779067851286786],[35.0067521025877,29.779075454617793],[35.0068585554844,29.779070439582792],[35.02048354879393,29.777616398223056],[35.04812267037057,29.84266595173674],[35.048161156306904,29.84274544749446],[35.04820724886979,29.84282078817695],[35.04826050416262,29.84289124821226],[35.048320409307834,29.842956149031732],[35.04838638738613,29.84301486560499],[35.04845780299255,29.843066832459343],[35.048533968355756,29.84311154912557],[35.04861414996167,29.84314858495773],[35.048697575617595,29.84317758328052],[35.04878344188886,29.843198264824238],[35.048870921836325,29.84321043041431],[35.04895917298029,29.84321396288945],[35.04904734541398,29.843208828229997],[35.04913458998867,29.84319507588553],[35.049134804335644,29.84319502012097],[35.048951,29.842314],[35.002545,29.733096],[34.995104,29.708162],[34.989833,29.651964],[34.980324,29.627004],[34.966992,29.608116],[34.95986,29.586206],[34.955577,29.558987],[34.951345,29.54564],[34.944998,29.536851],[34.927745,29.518012],[34.91977,29.507392],[34.91593318698113,29.500501514834216],[34.91592640919489,29.500504930713284],[34.9158509870286,29.500552866843115],[34.91578069068573,29.500608046548535],[34.91571621326876,29.50066992577293],[34.91565819050716,29.50073789440428],[34.915607194489304,29.5008112822907],[34.915563728021795,29.500889365847957],[34.91552821967198,29.500971375193792],[34.91550101954234,29.501056501738763],[34.91175548996051,29.515158760404326],[34.907672310369236,29.52453601467672],[34.902704883708054,29.531815905746964],[34.891870353222245,29.542933702524724],[34.89181193274517,29.542999850085874],[34.891760271632755,29.5430714013364],[34.88873949637632,29.54771950786644],[34.88869396138595,29.547797962182116],[34.88865655505998,29.547880601650736],[34.88862765739658,29.547966586765998],[34.888607561957315,29.548055044034307],[34.883356016392355,29.578112859484005],[34.883347859449515,29.57817047784204],[34.88070592015677,29.6024699117269],[34.86692735978414,29.674239781544266],[34.8654245142435,29.678725634290775],[34.86055561736515,29.682810049085752],[34.860484706380106,29.68287637072666],[34.86042135242207,29.682949945204935],[34.86036629281597,29.683029916247374],[34.86032016835555,29.683115353136383],[34.854982494460515,29.69442207284226],[34.84643462512929,29.70685864788565],[34.84639134821732,29.70692819361291],[34.846354573539145,29.70700138597819],[34.84632460571166,29.707077618704798],[34.84630169296833,29.70715626033171],[34.84628602510304,29.70723665944419],[34.84257843680396,29.732286479333023],[34.83872940475477,29.741643974923804],[34.82882067813886,29.75653271834445],[34.82877724736432,29.75660512550364],[34.828740793119216,29.756681284002134],[34.82871163624721,29.75676052354841],[34.828690033365824,29.75684214673381],[34.82791312999617,29.760455076006558],[34.82789869422359,29.760543352394475]]]}},{"type":"Feature","properties":{"id":"timna-nubian-sandstone","name_he":"תמנע וחול נוביארי","name_en":"Timna & Nubian Sandstone","rock_summary_he":"חול נוביארי (תצורות אמיר ואם עשרין), קמבריון-קרטיקון תחתון, כ-500-140 מיליון שנה, עשיר בברזל ונחושת","description_he":"מעל הבסיס הגרניטי הפרקמברי מונחים חולות אדומים-כתומים עשירים בברזל (החול הנוביארי), שנחשפים בפארק תמנע בתצורות נוף ייחודיות כמו עמודי שלמה וקשת הנוצרים מסחיפה דיפרנציאלית של שכבות חול בקשיות שונה. עשירות המינרלים במגע בין הגרניט לחול יצרה מרבצי נחושת שנוצלו כבר לפני כ-6,000 שנה - הכרייה העתיקה בעולם. הצבעוניות הדרמטית של האתר (אדום, כתום, לבן) הופכת אותו לדוגמה מצוינת להסבר תהליכי חמצון ברזל בסלע.","color":"#C1592E","sources":[{"title":"תמנע - עיצוב הנוף - מכון ישראלי לארכיאולוגיה","url":"https://www.israeliarchaeology.org/תמנע-עיצוב-הנוף/"},{"title":"Umm Irna Formation - Wikipedia (related Nubian sandstone sequence)","url":"https://en.wikipedia.org/wiki/Umm_Irna_Formation"}],"rock_photo":{"file":"assets/rocks/arava-eilat-mountains.jpg","title":"Solomon's Pillars Timna Park","author":"Tiia Monto","license":"CC BY-SA 3.0","license_url":"https://creativecommons.org/licenses/by-sa/3.0","source_url":"https://commons.wikimedia.org/wiki/File:Solomon%27s_Pillars_Timna_Park.jpg"},"rock_class":"sandstone","rock_class_he":"אבן חול"},"geometry":{"type":"Polygon","coordinates":[[[34.69140787953519,30.115408964855316],[34.6914937624988,30.115429514043527],[34.691581245888834,30.115441547706467],[34.69166948747217,30.115444949991872],[34.69175763771629,30.11543968814475],[34.69184484796807,30.11542581282274],[34.691930278623964,30.115403457608405],[34.69201310721326,30.115372837723193],[34.69209253631623,30.115334247955424],[34.69216780124119,30.11528805982225],[34.69223817738645,30.115234717992948],[34.69230298721631,30.115174736007912],[34.692361606783926,30.11510869133464],[34.69241347173827,30.11503721980824],[34.69245808275734,30.114961009510033],[34.69249501035528,30.114880794143144],[34.70977574689903,30.071909246677144],[34.73205971301854,30.054031342475835],[34.73213549666152,30.05396313932597],[34.732203080154875,30.053886802561422],[34.73877054593033,30.045562729753623],[34.73882382796502,30.04548758533847],[34.73886914973284,30.0454073881084],[34.74296212144127,30.037211976349955],[34.742994385626325,30.037139558026727],[34.743020151534644,30.037064581302705],[34.74303921922942,30.036987627977943],[34.743051440750264,30.036909295190398],[34.744339625276076,30.025321602954154],[34.744345112688556,30.02521575129683],[34.744338117434516,30.02510998858377],[34.740720403030146,29.99631087014144],[34.74515119360256,29.970306395748896],[34.745161905115545,29.97021630409631],[34.746082776186775,29.956678063775577],[34.74883976665977,29.95054104545623],[34.75847170983983,29.937263825353853],[34.75851389630754,29.93720015379062],[34.75855053219557,29.937133134556582],[34.76272602121925,29.92865905469129],[34.762767886057716,29.928559406833102],[34.76279750343849,29.92845545890817],[34.765445540553245,29.91647240468901],[34.76546049800996,29.91638403694978],[34.76546659229459,29.916294619711266],[34.76585054218988,29.895245068954658],[34.78032217905405,29.863259818946126],[34.785601026748125,29.85580425566967],[34.79663433677514,29.84533243989552],[34.797837113392646,29.844875212425645],[34.8063628568791,29.853620014715307],[34.806413257017034,29.853667866020206],[34.806467199193534,29.853711685683358],[34.81942290668823,29.86343054631037],[34.8194865026081,29.86347412564286],[34.819553594817584,29.863512102407743],[34.838943305094766,29.873415866359796],[34.85680580485913,29.884780615722224],[34.856902019631924,29.88483386803683],[34.869801260177645,29.890975652297126],[34.88421403779131,29.90358936990902],[34.88427530824649,29.903638442957945],[34.90464571298047,29.918543282093278],[34.91560576622365,29.92985934224877],[34.91459063037053,29.9309416707236],[34.91452820895952,29.931015857633547],[34.914474130080656,29.931096328777578],[34.914429021324686,29.931182150280108],[34.914393406183194,29.9312723261741],[34.91436769797342,29.931365809959384],[34.91018298099901,29.95057685275414],[34.90502950956174,29.964317735253207],[34.89831302284716,29.97508177903531],[34.884982263582756,29.990154445476076],[34.88492354157218,29.990228307137752],[34.88487287564993,29.990307911056725],[34.88214111496105,29.995142030055106],[34.88210293468504,29.995217706977467],[34.88207204315114,29.995296640133922],[34.882048714368416,29.99537812938445],[34.88203315526404,29.99546145191637],[34.88202550384783,29.995545868655732],[34.88202582798814,29.995630630822927],[34.88203412480983,29.995714986574384],[34.882050320719785,29.995798187671465],[34.88240907838509,29.997268252489462],[34.882434468003154,29.997353679178786],[34.88246818189807,29.997436175998384],[34.88250988949253,29.99751493403619],[34.88255918182802,29.99758918104028],[34.882615575574825,29.9976581889911],[34.88267851777122,29.99772128123997],[34.88274739124551,29.99777783914387],[34.882821520667605,29.997827308131463],[34.882900179170896,29.99786920314089],[34.882982595479426,29.99790311337597],[34.883067961470566,29.997928706334196],[34.88315544009895,29.99794573106708],[34.88539456324589,29.998267399323847],[34.8858086353769,29.99926649210452],[34.88584732646389,29.99934802877124],[34.88589398913013,29.999425280462553],[34.885948154143456,29.99949747034802],[34.88600927682929,29.999563872497898],[34.88607674254786,29.99962381918297],[34.88614987287485,29.999676707589117],[34.88622793242362,29.999722005879136],[34.88631013624003,29.99975925854079],[34.886395657695864,29.999788090967378],[34.886483636801294,29.9998082132247],[34.88657318885274,29.999819422966617],[34.905245913797096,30.001210633804714],[34.90536380485135,30.001211673992703],[34.9215287671832,30.000293789619437],[34.92163689012519,30.00028105467812],[34.92174268429665,30.00025535754597],[34.92983883740132,29.99776153614276],[34.929926524038976,29.997729458578654],[34.93001041541594,29.997688468904194],[34.9370603375666,29.99377842715188],[34.937145283253955,29.993724910929487],[34.93722373978447,29.993662266467005],[34.947683798822595,29.984308770916332],[34.97312850431923,29.9952151705678],[34.97322718599259,29.99525081461556],[34.973329345390404,29.99527473172738],[34.98369912401208,29.997072402788202],[34.98379097310414,29.997083499307674],[34.98388347608185,29.997085107900965],[34.98397565545271,29.997077211569838],[34.984066537143825,29.99705989375598],[34.99234780482439,29.99503581330733],[35.00409455102767,30.000590673974116],[35.00417267241238,30.00062321514154],[35.0042535049234,30.0006482747403],[35.004336333853786,30.000665631197805],[35.00442042684464,30.000675131051292],[35.01337585138232,30.001262180119],[35.013473892906156,30.001263254788526],[35.013571469540935,30.001253658140314],[35.01366742322121,30.001233504069933],[35.02502565389496,29.99819338063552],[35.02510491349755,29.998168188256134],[35.02518150920987,29.99813578706115],[35.02525478696689,29.998096453730394],[35.03193310130157,29.994103709137438],[35.03199981851796,29.994059685495536],[35.032062366528976,29.994009915883044],[35.03875458823463,29.98818126370703],[35.05103306699503,29.997936973365423],[35.05111020902302,29.997991902149455],[35.05119269572078,29.998038421054122],[35.05127961382166,29.998076015036826],[35.051370000995966,29.998104267868886],[35.05146285650548,29.998122866743874],[35.05155715228337,29.998131605740934],[35.05327459563638,29.99819995676844],[35.053366047916235,29.998198945751557],[35.053456925394094,29.99818865859143],[35.053546289615085,29.998169201519392],[35.05363321775113,29.99814077546074],[35.05371681213059,29.99810367395986],[35.05379620950821,29.998058280148907],[35.05387058997945,29.998005062791368],[35.05393918544734,29.997944571441323],[35.054001287554286,29.997877430768416],[35.05405625499701,29.997804334107165],[35.054103520149006,29.997726036297156],[35.05414259492222,29.997643345888136],[35.0541730758073,29.997557116790432],[35.0541946480405,29.99746823945699],[35.05425570423815,29.99714604903558],[35.056132182070264,29.998535355746625],[35.057138202739964,30.01321375997998],[35.05715044837494,30.013312307136708],[35.05717347649794,30.013408905290035],[35.05720700674873,30.013502378387535],[35.05725063090697,30.013591588423367],[35.063932751208114,30.025537330719715],[35.06399522482453,30.02563395064637],[35.07399886619518,30.039127824611978],[35.074052100574974,30.039193023200557],[35.09107844380171,30.05816138570393],[35.10330686379775,30.077423850957977],[35.10336753789017,30.07750822989618],[35.12007579551069,30.098120128627205],[35.14452046124849,30.135885650441654],[35.14457234859314,30.13595774631292],[35.144631090120306,30.136024376217424],[35.14469611363594,30.136084891121396],[35.1447667857539,30.136138701556543],[35.144842418065714,30.13618528336198],[35.14492227384626,30.136224182790016],[35.145005575230115,30.136255020926075],[35.14509151078867,30.13627749737963],[35.14517924343412,30.136291393210296],[35.14526791857348,30.136296573060477],[35.145276,30.136296246486104],[35.145276,30.123382],[35.129049,30.089741],[35.086261,30.034034],[35.074686,29.994604],[35.074065,29.982564],[35.070345,29.973727],[35.065384,29.965976],[35.061456,29.957346],[35.054118,29.923394],[35.053188,29.862623],[35.048951,29.842314],[35.020683215834886,29.775784869048284],[35.00677407665715,29.777269234081224],[34.9741849093824,29.77298717824806],[34.97407649876257,29.77297955170901],[34.942219714222034,29.772666733076786],[34.92935997254307,29.768665954057656],[34.90699848664285,29.757203665172323],[34.906922039566396,29.75716888283218],[34.90684268301483,29.75714137820698],[34.90676110807268,29.757121390823524],[34.906678025143556,29.75710909474396],[34.888375371701414,29.755268004304327],[34.86495637235237,29.749557270325994],[34.86487947466786,29.749542032959535],[34.86480154273013,29.74953354506807],[34.86472316780506,29.749531871048827],[34.86464494451946,29.74953702360251],[34.85733413616083,29.750339589228652],[34.85722865431759,29.75035756794232],[34.85712605173712,29.750387938386513],[34.8427586939152,29.7555879466317],[34.8310301403146,29.758394382783326],[34.83093715733963,29.75842200670611],[34.83084768731264,29.758459477081274],[34.83076276951247,29.758506358655033],[34.83020086822125,29.75885735600162],[34.83112830790702,29.755878278057317],[34.83929373376058,29.744262685068325],[34.83933426119,29.744199602544434],[34.83936939712109,29.744133365517765],[34.843291586530306,29.735931223330482],[34.84332445024299,29.735853284873738],[34.84334985209503,29.735772605430483],[34.84548911102221,29.727666202385922],[34.845505422968316,29.727591738812603],[34.84551537505694,29.727516161969127],[34.84687582073892,29.71219555954532],[34.848238894107055,29.70723362818646],[34.85650347829218,29.695386923027858],[34.856544095311,29.69532315055088],[34.856579216226166,29.695256193905532],[34.86186365479973,29.684062241834052],[34.8667757230754,29.67994161146533],[34.866835565443594,29.67988662135149],[34.866890203202374,29.679826457101584],[34.86693919081645,29.679761609315822],[34.86698212882379,29.679692606785597],[34.86701866709295,29.67962001218154],[34.86704850767818,29.67954441746529],[34.868467250213776,29.675413206394683],[34.86849977266571,29.675291259547123],[34.88248041375183,29.602773989091677],[34.882491414433034,29.60270089360748],[34.88513415478603,29.578394091911132],[34.89036522837655,29.54849902792816],[34.89322055770243,29.544127273219217],[34.90404868759186,29.53301604437995],[34.9041007468959,29.532957762829074],[34.90414755415443,29.53289518495073],[34.90920700373921,29.52548043192771],[34.90925135816639,29.525408372091256],[34.90928874911192,29.525332465224427],[34.91343301455895,29.515814923808392],[34.91345790600692,29.51575125614886],[34.91347789319389,29.515685882856076],[34.916656615930414,29.50367522942217],[34.91898478332847,29.5078318122085],[34.919031633189086,29.507906601255865],[34.91908558259339,29.50797644230984],[34.91914611280714,29.508040663834805],[34.91921264182029,29.50809864832803],[34.91928452994315,29.508149838257086],[34.919361085957135,29.508193741420623],[34.919441573760935,29.508229935681],[34.919525219448325,29.508258073023203],[34.91961121874939,29.508277882901094],[34.91969874476374,29.50828917483876],[34.91978695591136,29.508291840261975],[34.919875004024526,29.50828585354216],[34.919962042503116,29.508271272242823],[34.92004723445485,29.50824823656605],[34.920129760742185,29.508216968004458],[34.92020882785846,29.508177767211482],[34.92028367555762,29.508131011110542],[34.920309824929966,29.508110864044664],[34.91977,29.507392],[34.915782,29.50023],[34.914073,29.493801],[34.910818,29.489936],[34.903005,29.489691],[34.893728,29.490546],[34.886729,29.490058],[34.878108,29.504298],[34.855267,29.545717],[34.848239,29.569643],[34.8501,29.63876],[34.824365,29.7417],[34.785194,29.835699],[34.741373,29.940241],[34.735068,29.994553],[34.735585,30.000702],[34.734965,30.006697],[34.733208,30.012588],[34.730417,30.018169],[34.69166,30.114545],[34.691325669492706,30.11538052884637],[34.69140787953519,30.115408964855316]]]}},{"type":"Feature","properties":{"id":"nw-negev-loess-dunes","name_he":"מישורי הלס וחולות הנגב הצפוני-מערבי","name_en":"Northwestern Negev Loess Plains & Dune Fields","rock_summary_he":"לס (אבק רוח מלוכד) וחולות נודדים, קוורטרני — עיקר ההרבדה כ-95,000 עד 10,000 שנה לפני זמננו","description_he":"זהו השטח הפתוח הגדול שבין מישור החוף הדרומי לרמות הנגב. הכיסוי הוא לס — אבק דק שנישא ברוח והצטבר לשכבה רכה בעובי מטרים רבים, ובמערב מונחים עליו שדות חולות (חלוצה, שונרה ואגור). מקור האבק כפול: אבק רחוק מהסהרה ומערב הנגב, יחד עם שחיקת גרגרי החול המקומיים בסיני ובנגב עצמם. ללס אין כמעט חדירות, ולכן גשם עז יוצר נגר עילי חזק ונחלי אכזב — וזה בדיוק מה שאיפשר את החקלאות הקדומה של הנבטים בעזרת סכרים ומתקני ניצול נגר. חשוב להסביר למטיילים שהאדמה החקלאית של מערב הנגב אינה 'סתם חול' אלא לס פורה.","color":"#E0C9A6","sources":[{"title":"גאולוגיה של ישראל – ויקיפדיה","url":"https://he.wikipedia.org/wiki/גאולוגיה_של_ישראל"},{"title":"הנגב – ויקיפדיה","url":"https://he.wikipedia.org/wiki/הנגב"},{"title":"Sand dunes as a major proximal dust source for late Pleistocene loess in the Negev Desert – Quaternary Research (Cambridge)","url":"https://www.cambridge.org/core/journals/quaternary-research/article/abs/sand-dunes-as-a-major-proximal-dust-source-for-late-pleistocene-loess-in-the-negev-desert-israel/9FA95A62C2F1C1573439189E21E205C9"}],"rock_photo":{"file":"assets/rocks/nw-negev-loess-dunes.jpg","title":"Complex Ripples in Sand Dune in Negev Desert","author":"Hezi Yizhaq (https://imaggeo.egu.eu/user/yiyeh/)","license":"CC BY 3.0","license_url":"https://creativecommons.org/licenses/by/3.0","source_url":"https://commons.wikimedia.org/wiki/File:Complex_Ripples_in_Sand_Dune_in_Negev_Desert.jpg"},"rock_class":"loess","rock_class_he":"לס וחול"},"geometry":{"type":"Polygon","coordinates":[[[34.58733366096562,31.735016837589484],[34.587399146748204,31.734959538210074],[34.58745879304454,31.734896182658346],[34.58751204230117,31.73482736316061],[34.587558396762034,31.734753723018297],[34.58759742312127,31.73467595059461],[34.587628756573636,31.73459477287991],[34.58765210422461,31.734510948696077],[34.58766724782822,31.734425261603285],[34.58767404582718,31.734338512575558],[34.58767243467608,31.734251512513527],[34.58766242943542,31.734165074664407],[34.58764412363082,31.734080007020033],[34.58761768837875,31.733997104764036],[34.584560554487936,31.725801642999777],[34.58460298824101,31.71747174390462],[34.58459966375241,31.717389738503023],[34.58458888263158,31.717308376930095],[34.584570734534054,31.717228335786476],[34.584545370378905,31.717150280692156],[34.58451300109376,31.71707486075119],[34.58447389586073,31.71700270315377],[34.57106344913449,31.694744281940878],[34.57100533913502,31.69465925080123],[34.5576064685402,31.677278452222712],[34.55080387211047,31.66546112932269],[34.54873249960149,31.658821936166454],[34.5484562951423,31.650560544474796],[34.548447484160164,31.65046147548101],[34.548427795478624,31.650363983662096],[34.548397469549926,31.65026925965783],[34.54407034950993,31.638949518154213],[34.54367135001319,31.632943693179232],[34.543662157435286,31.632861984872797],[34.54364554616177,31.63278145651493],[34.54362165484039,31.6327027802441],[34.543590682882616,31.632626612740133],[34.54355288879915,31.632553589743182],[34.54350858804232,31.632484320747423],[34.5434581503731,31.632419383913867],[34.53735446150981,31.625261592373427],[34.537291131083414,31.62519460135337],[34.53722127996533,31.62513444022823],[34.52253312705685,31.613740384404345],[34.52245857011221,31.61368835972531],[34.52237914498164,31.613644122254108],[34.51353230027397,31.60928682595174],[34.517197333401505,31.602478533462005],[34.524806591803205,31.597036182000842],[34.52487741870406,31.596979937551456],[34.524942243003984,31.596916868556615],[34.53076758618016,31.590649418873454],[34.53083987947769,31.590560993530275],[34.55675842483164,31.554398509383237],[34.55680908447082,31.554319413505386],[34.556851224624715,31.55423546849741],[34.55688438630086,31.554147588692164],[34.56101722083368,31.541184378983115],[34.561038899254896,31.541103582158872],[34.56105298212162,31.541021121540282],[34.56105934776345,31.540937709554587],[34.56105794118373,31.540854066848468],[34.561048774534775,31.540770916061938],[34.56103192701281,31.54068897558502],[34.56100754417379,31.540608953351143],[34.56097583667582,31.540531540720867],[34.5546144488918,31.526850444357773],[34.554569454552215,31.526765788160432],[34.55451571047245,31.526686398386325],[34.55445382649271,31.526613175880264],[34.554384504817556,31.52654695150638],[34.54790234999504,31.520983633079787],[34.54783159511169,31.520928775884514],[34.5477557400164,31.520881219918422],[34.54767553535297,31.52084143578393],[34.5475917748075,31.52080981717527],[34.547505287254204,31.520786676982596],[34.54741692855313,31.5207722441957],[34.54732757308077,31.52076666163797],[34.547238105077405,31.52076998455306],[34.54714940989689,31.520782180058195],[34.547062365245424,31.52080312746959],[34.546977832495976,31.520832619496694],[34.54689664816432,31.520870364293494],[34.546819615631094,31.520915988346545],[34.546747497191745,31.52096904017118],[34.54668100651301,31.521028994779293],[34.5386848710198,31.5289950305819],[34.53203564531464,31.5324264386289],[34.52156537648535,31.533910649094786],[34.50982008477648,31.532635632309074],[34.50514651763127,31.52984611652475],[34.47728295095126,31.50470736524188],[34.477216866546044,31.504653205801592],[34.47714594406348,31.504605557138945],[34.47707082271596,31.50456484870331],[34.47699217955954,31.504531447392964],[34.47691072339173,31.504505654248288],[34.47682718836327,31.504487701738555],[34.47674232736131,31.504477751666705],[34.47665690522374,31.504475893711067],[34.45962327240791,31.504914418501627],[34.45637086024974,31.489268429229394],[34.456342020205355,31.48916255829515],[34.45630051064164,31.489060983893854],[34.45389373545299,31.48406518402899],[34.45385017276974,31.483985347728435],[34.45379877509156,31.483910315595743],[34.45374006728026,31.483840853842597],[34.45367464884712,31.483777671797174],[34.45360318783083,31.483721414660653],[34.45352641397561,31.483672656918575],[34.453445111279215,31.483631896474296],[34.453360109986946,31.483599549564534],[34.45327227811335,31.48357594650883],[34.45318251257824,31.48356132833641],[34.45309173004757,31.483555844324847],[34.45300085757261,31.483559550475658],[34.43633924063136,31.485085159924527],[34.41491307012209,31.482334947193966],[34.41172123880263,31.462004712710765],[34.42231813352968,31.418338942488656],[34.42233476217604,31.418251939368766],[34.42234275781702,31.418163723018374],[34.422342043002956,31.418075147944048],[34.42233262465787,31.417987072127126],[34.422314594012455,31.41790034871289],[34.42228812572033,31.417815817746597],[34.422253476166254,31.41773429803638],[34.42221098098272,31.417656579221884],[34.42216105179876,31.41758341412542],[34.42210417225281,31.41751551145977],[34.422040893307845,31.417453528963243],[34.42197182791458,31.41739806702851],[34.421897645074075,31.417349662886902],[34.42181906335747,31.417308785404522],[34.42173684394556,31.417275830540586],[34.421651783255655,31.417251117511963],[34.42156470522704,31.417234885701095],[34.42147645333995,31.417227292337216],[34.42138788244516,31.417228410973344],[34.42129985048352,31.417238230773826],[34.42121321017553,31.41725665661929],[34.421128800761416,31.417283510028017],[34.416120286675934,31.419152953007725],[34.41016300816601,31.418755825238726],[34.386624885700115,31.411093028496232],[34.386528631760584,31.411067487330243],[34.36677514751532,31.406980492155412],[34.36666633755752,31.406964835319307],[34.350662612918015,31.405652802180025],[34.33530826442779,31.400782011542333],[34.337025976001314,31.396535891293883],[34.34788145994266,31.383621729174983],[34.34794437861123,31.383537306872967],[34.34799700720288,31.383446114136014],[34.35022456651027,31.37900484145752],[34.35026090862803,31.378922304882476],[34.35028880820928,31.378836545631607],[34.350307985120324,31.378748424795106],[34.35031824680992,31.378658827175325],[34.35031949024266,31.378568652402702],[34.350311702933496,31.378478805902716],[34.350294963073125,31.378390189804755],[34.35026943874289,31.37830369388399],[34.35023538622709,31.378220186627352],[34.35019314743972,31.378140506513244],[34.350143146491355,31.378065453592544],[34.35008588543075,31.37799578145549],[34.350021939203906,31.377932189665014],[34.34995194988113,31.37787531673261],[34.34987662021015,31.37782573370715],[34.34979670655999,31.377783938441134],[34.34971301132642,31.377750350591832],[34.33573821878826,31.372939991725676],[34.313553178406885,31.35919965290087],[34.32177804604861,31.348126176451554],[34.32182754572628,31.34805214346282],[34.321869486331295,31.34797358083073],[34.321903457202914,31.347891257799983],[34.32663120531017,31.33460519762774],[34.32665936641287,31.334509599739064],[34.32667678528769,31.334411474376264],[34.32793198619347,31.32402721017367],[34.32793839528752,31.323932257309306],[34.328297450330055,31.299170085289674],[34.33398638128028,31.27092013732402],[34.3340012454861,31.270814003809033],[34.33546330557491,31.252479011044567],[34.33546602527806,31.2523922839835],[34.335460380639056,31.252305698084204],[34.33544642412503,31.252220058165808],[34.3354242854623,31.252136160254516],[34.335394170430554,31.25205478418451],[34.33535635895012,31.25197668634937],[34.3353112024801,31.25190259267135],[34.33525912075156,31.25183319185393],[34.335200597866084,31.251769128980264],[34.33513617779605,31.251710999517133],[34.3350664593284,31.25165934378004],[34.33499209049885,31.251614641910972],[34.334913762568426,31.25157730941545],[34.33483220359813,31.251547693300395],[34.3347481716816,31.251526068848698],[34.32548470741899,31.249613071364372],[34.30444701756736,31.23768950749529],[34.28486465917301,31.215738581951314],[34.32008993000396,31.242039466167885],[34.32016075157725,31.24208728223044],[34.32023578879099,31.242128166061402],[34.320314365192026,31.24216174909702],[34.320395772421755,31.242187728589496],[34.32047927660192,31.242205870336242],[34.32978776483428,31.243769639787565],[34.32988477407011,31.243780567992655],[34.32998239625086,31.24378092482203],[34.33007948278319,31.243770706077342],[34.33604614497734,31.242813138465902],[34.336134572197,31.24279434877389],[34.33622066835815,31.24276678291209],[34.33630356480095,31.242730719003898],[34.33638242514883,31.24268652091304],[34.34169005686629,31.23935089208307],[34.3417791035361,31.239287052888425],[34.341859732953274,31.239212866304303],[34.346585328803734,31.234301094841143],[34.34663533648415,31.23424455122587],[34.346680430023454,31.234184015936645],[34.346720292210954,31.234119914809227],[34.350128465912306,31.228089245332033],[34.350162377419046,31.228022983604255],[34.350190697400265,31.22795414621963],[34.35021323214005,31.227883204043454],[34.352224003199865,31.22050899620669],[34.352243633179995,31.220419142230185],[34.35225399025439,31.220327754024034],[34.353165054739755,31.20558777597365],[34.356532241827715,31.193404340442395],[34.356549793180385,31.193328055952016],[34.35656064957779,31.193250534909136],[34.356564728894966,31.193172363733986],[34.35664282881086,31.18412893677067],[34.36048190141376,31.184070585094496],[34.38691533501362,31.19039253424614],[34.387037398575615,31.190412977874324],[34.40446000010679,31.192110601428816],[34.42588999339206,31.198791308531003],[34.42596893105384,31.198812040807304],[34.4260494222809,31.19882553688432],[34.436852841036774,31.200136635063057],[34.43694028859907,31.200142945826624],[34.43702793526627,31.20014071790914],[34.43711494927131,31.20012997245355],[34.43720050485107,31.200110811434246],[34.44375013948557,31.198304830743076],[34.44383094718359,31.198278382813776],[34.443908898443546,31.198244427282646],[34.443983297538225,31.198203267208125],[34.44405348044403,31.198155269950337],[34.44411882076753,31.19810086389233],[34.44417873533609,31.198040534616705],[34.44423268940279,31.19797482057171],[34.44428020141912,31.197904308265496],[34.44432084733288,31.19782962703146],[34.44435426437293,31.197751443411324],[34.44762140942115,31.188982868980837],[34.44899409967964,31.18756979737702],[34.46454164980598,31.183493309524728],[34.46464076054162,31.183461085153446],[34.474686435556706,31.17953830465873],[34.5230412759448,31.215348344606515],[34.523119931018876,31.215400440893546],[34.529344100707036,31.219068751560194],[34.52941240540763,31.21910514523737],[34.529483584319806,31.219135535932054],[34.529557111068314,31.21915969890199],[34.52963244191542,31.21917745545957],[34.535908209317675,31.2203745086878],[34.53598403713443,31.2203856500862],[34.53606053792135,31.2203902996187],[34.53613715690715,31.22038842356764],[34.543972774458354,31.219862081114524],[34.54406978800089,31.21985024595981],[34.54416494623373,31.21982796123308],[34.544257127030036,31.21979548972073],[34.55019718962698,31.217332881274075],[34.550276029065984,31.217295623342554],[34.550350892821314,31.217250910606758],[34.55042107811541,31.217199162803936],[34.55048592608941,31.217140865712473],[34.55365681112991,31.21399954130544],[34.55372096089736,31.213928865121343],[34.553777265011384,31.21385179267227],[34.55382509020254,31.21376919081543],[34.55386389856639,31.213681988598964],[34.55643746049765,31.206960555649278],[34.56733465316546,31.206722976332646],[34.567421178725354,31.20671690920678],[34.567506718406314,31.206702540994865],[34.56759047769438,31.206680005152442],[34.58470910866877,31.201176854012104],[34.591696926804644,31.20132411786581],[34.60722640267071,31.205626783756685],[34.60733251514781,31.20564939780411],[34.61936769189276,31.207464163293302],[34.632747513076914,31.22566688504803],[34.63280302196219,31.22573514213622],[34.6328649300717,31.225797653354487],[34.64938198390527,31.24092010891941],[34.64945060981237,31.24097695871746],[34.64952452145829,31.241026743085097],[34.649602994197316,31.241068973925646],[34.6496852586658,31.24110323719884],[34.64977050832513,31.241129196980157],[34.649857907369295,31.241146598754305],[34.6499465989192,31.24115527191054],[34.650035713423776,31.241155131415365],[34.650124377185186,31.241146178646225],[34.650211720924815,31.241128501378004],[34.65734833239755,31.23931216576462],[34.657419011411854,31.23929105810772],[34.657487724519214,31.239264233396735],[34.657554010149404,31.239231871822724],[34.67406545971506,31.230314998223232],[34.67867320641158,31.22995406198416],[34.684151099883934,31.2311542484243],[34.72585122156073,31.261560889325455],[34.725890471919534,31.261587947028],[34.741828655212245,31.27196335527359],[34.75647169320193,31.28646535850412],[34.77518924436939,31.309644826898626],[34.77524924848556,31.309711965027027],[34.7753156610107,31.309772771266402],[34.775387817161814,31.309826636952128],[34.775464994662755,31.309873022893857],[34.77554642097415,31.30991146477277],[34.77563128102644,31.309941577789353],[34.77571872537865,31.309963060515194],[34.7758078787212,31.309975697910275],[34.7758978486377,31.30997936347548],[34.77598773453791,31.309974020518855],[34.7760766366726,31.309959722522883],[34.77616366513995,31.309936612609132],[34.77624794879334,31.30990492210562],[34.78868810873269,31.304502607364142],[34.820720557381804,31.293312203783206],[34.82083368294436,31.29326377248309],[34.831202103485516,31.287958712730486],[34.83127700501684,31.28791573519417],[34.83134744277575,31.287865776910163],[34.837237027994426,31.28324838638891],[34.837299224857155,31.283194871977923],[34.83735628957462,31.283135915553874],[34.84306791091483,31.27666947534256],[34.84311910180333,31.27660593170002],[34.843164327038366,31.27653801278006],[34.84320321486282,31.276466276884708],[34.849816417100165,31.262824964053795],[34.85061885978486,31.26904034497561],[34.85021414672733,31.300596076080257],[34.8471915181649,31.308532546358055],[34.8355654977535,31.324658706801184],[34.83552277854334,31.324723709145577],[34.835485831512024,31.32479215731991],[34.835454932632686,31.32486354005556],[34.83543031270225,31.324937324164406],[34.83357493634759,31.331418082282564],[34.83355518765537,31.33150209914419],[34.833543577409394,31.331587621340546],[34.833540212378665,31.331673862400663],[34.833545123508365,31.331760029242815],[34.83410174907896,31.337046773697963],[34.834114759208525,31.33713142431254],[34.83413575671257,31.33721445499869],[34.834164551447294,31.337295113868453],[34.84469641361804,31.362880982880394],[34.849572803981076,31.379959034122656],[34.849605289951256,31.380052858559182],[34.85612918385071,31.395991370668703],[34.85700357254687,31.40504084686121],[34.8570194624504,31.405143257376515],[34.85704702011842,31.405243162219307],[34.858675467403614,31.410048236670693],[34.85870240667652,31.410118037469775],[34.85873505053843,31.410185359488885],[34.85877317338897,31.410249737468384],[34.87124928371863,31.42945019277962],[34.877927242854916,31.44318565169572],[34.87798633659353,31.443289150378256],[34.88700661461404,31.45690639981738],[34.88827424507319,31.46780836174571],[34.88828833437688,31.467893616753553],[34.88831053486008,31.467977127611448],[34.888340641869284,31.468058124480756],[34.89289667624454,31.47871793231438],[34.89293310626561,31.47879326904922],[34.892976376092726,31.478864896502838],[34.90977961280735,31.50396465883434],[34.90983015891631,31.50403295263882],[34.90988691986867,31.504096175634224],[34.909949389794505,31.504153764359042],[34.910017011943886,31.504205205566006],[34.91008918364877,31.50425004079629],[34.91016526169418,31.50428787046543],[34.91024456805071,31.504318357424538],[34.910326395917295,31.504341229965075],[34.91041001602047,31.50435628424038],[34.9486844918195,31.509395370960753],[34.94880667370497,31.509403058760324],[34.96641022471391,31.50931103535673],[34.9665084386853,31.509305143700697],[34.96660542262629,31.50928856627696],[34.982111796518446,31.505756145411457],[34.982214053844764,31.505726388166288],[34.982312080165165,31.50568476011162],[35.00404969184914,31.494893624361545],[35.02365172208992,31.488441888621598],[35.03084595799934,31.488391405752157],[35.05009122592222,31.494255472229074],[35.05017777056389,31.49427721792299],[35.05026604323896,31.494290286398055],[35.06243268225938,31.49547888006049],[35.062520853442514,31.495483144068356],[35.0626090182359,31.495478749923805],[35.062696328479056,31.49546573989926],[35.07788494828118,31.492434553256974],[35.07795067047669,31.4924188504246],[35.07801502929453,31.49239826090073],[35.09044752022948,31.487899778096754],[35.09053111413746,31.487864674546394],[35.090610752056996,31.487821338620513],[35.09068562579095,31.48777021010925],[35.09075497549101,31.487711807884974],[35.09081809736898,31.487646724636583],[35.090874350839044,31.48757562085465],[35.09092316501872,31.487499218128505],[35.09096404452238,31.487418291823264],[35.09211609695865,31.48482015365214],[35.09214631839625,31.484742476087664],[35.092169224187536,31.484662335810402],[35.09218461787604,31.484580420160686],[35.09219236743451,31.48449743170572],[35.09219240639715,31.484414082213842],[35.09218473442983,31.48433108654991],[35.0921694173328,31.4842491565441],[35.079088101651315,31.428666300128516],[35.07247285017744,31.393093069472204],[35.07245124010208,31.393002956513126],[35.065676817994444,31.370039475401985],[35.06258234855175,31.355504743728407],[35.066794139176636,31.327729506054624],[35.066802037299134,31.327658514072947],[35.066804280589174,31.327587119329085],[35.06651026842864,31.29209266448495],[35.06829441063394,31.26621387255991],[35.068296480951,31.266141497062666],[35.068292726663884,31.266069189358085],[35.066932970472514,31.251348704634367],[35.06692298950715,31.25127450637536],[35.06690687622892,31.25120139438199],[35.062211867146864,31.23344729405759],[35.06218493182544,31.233362601859973],[35.062149774929075,31.233280979114888],[35.05574038270338,31.22021669409577],[35.055108556441624,31.21289054537716],[35.05509535979934,31.21279620231907],[35.055072265223394,31.212703782599643],[35.05503953145183,31.2126143216351],[35.054997525214596,31.212528821693518],[35.054946717124885,31.212448240665992],[35.05488767640668,31.212373481334996],[35.044678555985016,31.200766329619587],[35.037853170213204,31.18537205420162],[35.037791492496424,31.185256469534405],[35.032537211962016,31.176931824170854],[35.03247893902548,31.17685000204961],[35.03241191085391,31.176775183476558],[35.03233696245237,31.176708300505894],[35.00886929057292,31.15801038440348],[34.984479797213645,31.133322726699923],[34.97936068601729,31.12676829607906],[34.9782325276496,31.12357089219251],[34.978046829592024,31.11663908925801],[34.98081453120654,31.106510667641643],[34.98083459010818,31.10641851662706],[34.98084489585478,31.106324772503985],[34.980845335284535,31.1062304646256],[34.98083590357233,31.106136628535374],[34.98081670428264,31.10604429459633],[34.98078794823242,31.105954476677184],[34.97407201491222,31.088233932721785],[34.973099052612916,31.08165452454884],[34.980518234873934,31.079687241231895],[34.980593005292334,31.07966388829753],[34.980665461885266,31.079634122257293],[34.98073505577391,31.079598168597204],[34.98080125976524,31.07955629967623],[34.983466524139935,31.077703590103763],[34.98354164516604,31.07764525014061],[34.983610189787434,31.077579308084655],[34.98936002506737,31.071430524059846],[34.9894210817821,31.07135790986843],[34.98947415538053,31.071279271860075],[34.98951865610731,31.071195483862578],[34.992751064633524,31.06424836774643],[34.99278634763546,31.06416079937536],[34.99281226330593,31.064070016734618],[34.992828526473055,31.06397701878178],[34.99380896743976,31.0558903172629],[34.993814643090836,31.05582148937673],[34.99381502441292,31.0557524289284],[34.99307150221132,31.033130439902138],[34.99520188473626,31.025544195087452],[35.002894160666735,31.008564684009528],[35.00293157014236,31.00846751228985],[35.005696655519834,30.999824007389137],[35.00572562222177,30.999706941372096],[35.00816525511165,30.985950399806256],[35.008174786248546,30.985881077907],[35.012059731929234,30.946264074381155],[35.01206402746929,30.94617502447635],[35.01205949153161,30.946085986493],[35.011378010891846,30.939324530343555],[35.01136477422868,30.93923680495401],[35.01134296477029,30.939150809019534],[35.01131279444411,30.939067378182067],[35.01127455642202,30.938987323157935],[35.01010015956877,30.936811371077823],[35.01005401219717,30.93673515389095],[35.010000554795006,30.93666387313876],[35.009940311287004,30.93659822742889],[35.00987387210712,30.936538860141134],[35.00980188841176,30.936486353121772],[34.98966062777135,30.923270687323416],[34.97588185003761,30.911356176600695],[34.9752710621652,30.91002503307299],[34.980298831240866,30.87205473478364],[34.98030645404858,30.871953821707134],[34.981403557640036,30.814649766644187],[34.981401726103584,30.814572625774485],[34.98139329361089,30.814495925309224],[34.97910826900227,30.799616806118657],[34.97908788600985,30.799519941609763],[34.97905698884684,30.79942590138017],[34.97127574618025,30.779509634307992],[34.96881095365403,30.768983449841855],[34.96822658753476,30.753711918461892],[34.97055734484755,30.724533247134172],[34.97056019193857,30.724457232608817],[34.970370167830346,30.685159218129765],[34.970365096435245,30.68506806280167],[34.970350816208345,30.68497789025591],[34.96780273775728,30.672892918867287],[34.967776611901016,30.67279609331247],[34.967739875592,30.672702775618376],[34.967692984984005,30.67261412450833],[34.96103397719039,30.661562206245577],[34.96098758416921,30.661492722244898],[34.960934947691214,30.661427839736096],[34.96087652136188,30.66136811785731],[34.96081280868193,30.661314071273907],[34.960744358708254,30.661266165743243],[34.960671761322345,30.661224814100912],[34.94582594043458,30.65365867695763],[34.94573029987548,30.653616734537778],[34.945630444527296,30.653586153619393],[34.936357741654305,30.65132549911841],[34.93625818115838,30.651307088538417],[34.936157182795284,30.651299977106994],[34.936056024785564,30.65130425482538],[34.9176950055681,30.65311944970511],[34.89975712254902,30.651949254878406],[34.89966110032928,30.651948124747328],[34.899565504286045,30.651957231909137],[34.89947142274412,30.651976472682232],[34.894600023098505,30.65324686799633],[34.894501287824085,30.653278799274453],[34.89440688441179,30.653321883571863],[34.88751368906618,30.65696181847143],[34.88368344251863,30.656551865023147],[34.87618708427045,30.653661080057265],[34.863341091784086,30.64486140550352],[34.86326855622527,30.644816611888363],[34.863192107805375,30.644778882399272],[34.85234628263679,30.640051050128367],[34.85226715395771,30.640020902417707],[34.85218554217638,30.639998324785893],[34.8521021697316,30.63998351709326],[34.852017774647805,30.63997661041955],[34.851933104001986,30.639977665903594],[34.85184890731043,30.63998667420211],[34.851765929893936,30.640003555572385],[34.8516849062801,30.640028160578186],[34.851606553701174,30.640060271412597],[34.85153156574506,30.640099603826055],[34.85146060621555,30.640145809642583],[34.85139430325622,30.640198479841885],[34.84325092763202,30.64731731044442],[34.83147055392921,30.652048871494863],[34.83137990718692,30.652091275415938],[34.831294528596025,30.652143480977184],[34.824203844650484,30.657040720469638],[34.82413622786619,30.65709230406191],[34.82407378197544,30.657150039728855],[34.82401706458893,30.65721341191973],[34.823966582164665,30.657281854752448],[34.80875507123751,30.680087260923624],[34.799794202157656,30.689101192909664],[34.79525433649439,30.691215421108065],[34.78860453098675,30.692213309739934],[34.77430718444222,30.690509496735856],[34.75961141269429,30.685253394922466],[34.75589384256769,30.68252122829288],[34.753670676413,30.671928324811105],[34.75305077227095,30.648773856605413],[34.753045086957115,30.64869412735553],[34.751602827781426,30.636274368448213],[34.751584607663844,30.63617076434984],[34.74547873456289,30.610390446226475],[34.7454525181136,30.61030078875045],[34.74541714978285,30.610214331556417],[34.745373010577744,30.610132006008786],[34.74532057599004,30.610054698963616],[34.74342953769011,30.607556325242804],[34.743370142851006,30.607485694478473],[34.74330382740877,30.607421517271433],[34.743231288613124,30.607364468389694],[34.74315328914697,30.60731514765307],[34.74307064910745,30.60727407362659],[34.74298423738336,30.607241678168243],[34.742894962519486,30.60721830188834],[34.74280376316406,30.607204190568325],[34.742711598199705,30.60719949257656],[34.70694591154558,30.607212442442787],[34.69529977692551,30.6062582616414],[34.661962960870525,30.597900568942098],[34.661910733814764,30.597889112815384],[34.631049209327855,30.59207461053064],[34.60332513219673,30.584503407937053],[34.60323508329467,30.584483709687717],[34.60314349184244,30.58447332548493],[34.572842993776774,30.58260260586825],[34.55276978475247,30.57779807530526],[34.552691544534404,30.577782975631816],[34.552612275395994,30.577774855560612],[34.53581947165504,30.57680319405558],[34.517454349063904,30.559057044100808],[34.504525499671146,30.541043163167277],[34.504470250618276,30.54097369105456],[34.5044084268945,30.54090999914403],[34.504340629856294,30.540852706963936],[34.50426751896231,30.540802371792648],[34.50418980535879,30.54075948323803],[34.50410824496235,30.540724458475058],[34.50402363110717,30.540697638187975],[34.50393678682826,30.540679283256456],[34.50384855685591,30.540669572218075],[34.503841487153444,30.540669494741728],[34.502214,30.571675],[34.480407,30.651205],[34.418808,30.7913],[34.367855,30.907417],[34.329511,30.994492],[34.297989,31.078776],[34.258611,31.184144],[34.248351,31.211449],[34.230396,31.25923],[34.224608,31.275715],[34.200269,31.314267],[34.222667,31.326646],[34.236664,31.342353],[34.281423,31.376695],[34.301606,31.407701],[34.348399,31.437649],[34.368175,31.468166],[34.44337,31.534573],[34.47877,31.578274],[34.481204,31.583141],[34.489513,31.600409],[34.513927,31.627143],[34.58727996393606,31.735055343126756],[34.58733366096562,31.735016837589484]],[[34.79172672845877,30.9571460104554],[34.79173612359461,30.957063866723896],[34.791737940847014,30.95698120743043],[34.79173216487958,30.956898730164454],[34.787894146566295,30.923922456332566],[34.78787455013915,30.923813245288702],[34.77952892292914,30.88959561031967],[34.77834119703678,30.865879381299955],[34.77833061505629,30.86577969713183],[34.776587287721455,30.85507770295943],[34.776561377945285,30.85496491985153],[34.77347614712946,30.844631649656506],[34.773452503269496,30.844562760999505],[34.773423366526444,30.844496009749463],[34.76729245695235,30.83186997154765],[34.76547047675818,30.823890073286456],[34.765449107417766,30.82381259998228],[34.76542091211543,30.823737341849853],[34.76538611567431,30.823664898980947],[34.765344995553555,30.823595849019043],[34.760773759496466,30.816645619717548],[34.767729804765175,30.79073513330827],[34.76774533481759,30.79066674883338],[34.77231015418083,30.76618522842254],[34.77531698754693,30.757480048005565],[34.790344234083754,30.75836568497686],[34.82008432541139,30.76617940833385],[34.82016144316635,30.766196093743904],[34.820239725951275,30.766205960689838],[34.82031857209522,30.766208933335633],[34.85126555860218,30.76601815579541],[34.8513631026574,30.76601224896157],[34.8640235230714,30.76455242927482],[34.86409972192496,30.764540313945272],[34.864174603090085,30.764521716698113],[34.87315734312898,30.761877219377737],[34.87323622856378,30.761849961527812],[34.873312249743485,30.76181551327034],[34.87338475289512,30.761774170856174],[34.87345311450034,30.761726289825088],[34.876395114598836,30.759455294804027],[34.87645640053779,30.75940346554221],[34.876512825135826,30.759346382239663],[34.87656393962662,30.759284498901643],[34.89831585188797,30.730419113439897],[34.898366248775034,30.730344791699054],[34.89840898860358,30.730265817814487],[34.90193737218724,30.72288904623272],[34.901971545012046,30.722807545560066],[34.9019975598248,30.722723086273337],[34.90430429294592,30.713677023443005],[34.90620551724298,30.71410137663123],[34.92260743779583,30.723225888506416],[34.92267425097113,30.723259501000275],[34.92274362429286,30.72328744992454],[34.92281507867401,30.723309542266012],[34.93455759426756,30.726411881807135],[34.93464681014613,30.726430675776218],[34.93473746969961,30.72644034695109],[34.9348286425275,30.72644079608059],[34.93491939296174,30.72643201855549],[34.945758468529824,30.72482603949085],[34.94584583671455,30.72480863748682],[34.9459310565156,30.7247826833936],[34.94601329298625,30.72474843149816],[34.94609174040915,30.72470621738575],[34.9461656301904,30.724656454651974],[34.953840612273694,30.71891567331892],[34.95422339306666,30.738437068570416],[34.951767640941675,30.758720046945754],[34.95176134990812,30.75880770721064],[34.951763638754464,30.758895563117246],[34.951774485655,30.75898277689994],[34.95488357107698,30.77681880566216],[34.95514742498848,30.786394038583722],[34.953417812864465,30.79802314795499],[34.94813570821269,30.816039122001275],[34.94811601325144,30.81611996944052],[34.94810386943331,30.81620229032252],[34.94809938056845,30.81628538093585],[34.94810258502945,30.81636853098913],[34.94811345542332,30.81645102968287],[34.95337314555867,30.845812627140646],[34.95391430269515,30.856588961675534],[34.951860588665745,30.86658828568678],[34.94240020997978,30.892166520432934],[34.94236611107007,30.89228189464435],[34.93921530469726,30.906340096490194],[34.93920159669717,30.906416605725486],[34.93157494421715,30.96295181015269],[34.93156686682632,30.96307036918997],[34.931546450365396,30.97349913374679],[34.93155450937445,30.97362108030927],[34.933198088803564,30.985818755093494],[34.91243128086517,30.991147194510287],[34.897710305594686,30.9908580645115],[34.88679993530599,30.98752878300136],[34.87774855287339,30.979384070241217],[34.87767216978704,30.9793225292449],[34.877589543037026,30.97926966630617],[34.87750165411389,30.979226109363],[34.86060654351196,30.971971329779947],[34.86051419000465,30.97193752097403],[34.86041869895978,30.97191399086523],[34.854764022259374,30.970844452723174],[34.85466964623914,30.97083172973135],[34.85457445418763,30.970829049983983],[34.84772547307483,30.970998847787403],[34.847644185461675,30.97100455319346],[34.84756374708674,30.971017587592133],[34.83397518451414,30.973856148085233],[34.83386843699715,30.9738853997819],[34.8047865368694,30.98381388710572],[34.785152915382355,30.987430132307743],[34.78352236709366,30.98076793510263],[34.78357498624024,30.97562279664226],[34.785221040482575,30.97101540521282],[34.79012783482625,30.963206764595565],[34.79017307026238,30.963125794932804],[34.79020973231793,30.96304059971785],[34.79023743163596,30.962952083737655],[34.791709834728195,30.957226945386488],[34.79172672845877,30.9571460104554]]]}},{"type":"Feature","properties":{"id":"korazim-eastern-galilee-basalt","name_he":"רמת כורזים ובזלות הגליל המזרחי","name_en":"Korazim Plateau & Eastern Galilee Basalt","rock_summary_he":"בזלת געשית (חבורת בשן), פליוקן-פליסטוקן, כ-5 מיליון שנה ועד מאות אלפי שנים","description_he":"רמה בזלתית המפרידה בין עמק החולה לכנרת. היא הורמה טקטונית על שולי בקע ים המלח וכוסתה בזרימות בזלת בפליסטוקן — אותה חבורת בשן שנמשכת משם צפונה אל הגולן ועד הר הבשן שבסוריה. לאירוע הזה יש תוצאה נופית מכרעת: זרימות הבזלת חסמו את מעבר הירדן דרומה, וכך נוצרו אגם החולה והביצות שיובשו במאה ה-20. הקרקע הבזלתית הכהה והפורייה היא שמסבירה את החקלאות באזור ראש פינה וכורזים.","color":"#6B655C","sources":[{"title":"רמת כורזים – ויקיפדיה","url":"https://he.wikipedia.org/wiki/רמת_כורזים"},{"title":"חבורת בשן – ויקיפדיה","url":"https://he.wikipedia.org/wiki/חבורת_בשן"},{"title":"גיאולוגיה – רשות ניקוז ונחלים כינרת","url":"https://kineret.org.il/מידע-ושירותים/גיאולוגיה/"}],"rock_photo":{"file":"assets/rocks/korazim-eastern-galilee-basalt.jpg","title":"The Jewish Synagogue, built in the 4th century AD of black basalt stones, Chorazin, Israel","author":"Carole Raddato","license":"CC BY-SA 2.0","license_url":"https://creativecommons.org/licenses/by-sa/2.0","source_url":"https://commons.wikimedia.org/wiki/File:The_Jewish_Synagogue,_built_in_the_4th_century_AD_of_black_basalt_stones,_Chorazin,_Israel.jpg"},"rock_class":"volcanic","rock_class_he":"סלע וולקני (בזלת)"},"geometry":{"type":"MultiPolygon","coordinates":[[[[35.574778758492215,33.03474003700017],[35.5748492108237,33.03464188734196],[35.57933464919387,33.027413911220286],[35.579383143985204,33.027324948753254],[35.57942133198654,33.02723109918276],[35.582122383743965,33.01934864223449],[35.58214370491337,33.019276794984506],[35.58215897454006,33.01920342293195],[35.58216808674293,33.019129034845854],[35.58305357521996,33.00811730878212],[35.594190804490495,32.99995068035597],[35.59853058176154,32.9989761601856],[35.61911122083451,33.001998563141356],[35.61920051062972,33.002007157693704],[35.61929021247251,33.002006821153],[35.61937943526544,33.001997556862435],[35.645935531230414,32.99789382885324],[35.646719921617745,32.998903761779864],[35.648946110492226,33.0122883747681],[35.64998776462811,33.029054557937904],[35.647935624139365,33.03838042121701],[35.64045031784985,33.05095744559307],[35.640406065711296,33.05104162379076],[35.640370943135636,33.051130001533494],[35.638369156557076,33.057062769946384],[35.63834583408618,33.05714442242235],[35.63833031103395,33.05722790954308],[35.63832272559511,33.05731248806043],[35.63799430503679,33.06508081879948],[35.637996911933676,33.06519710652277],[35.63981479059569,33.086020400656565],[35.6369840783618,33.107468423895334],[35.63697681501494,33.107556974384025],[35.63697831809747,33.107645809545964],[35.63698857296093,33.10773406362819],[35.63700747966541,33.10782087654072],[35.6370348539535,33.10790540223862],[35.63707042904604,33.1079868169673],[35.637113858241996,33.10806432729044],[35.6371647182973,33.10813717782255],[35.63722251354962,33.10820465859066],[35.63728668074887,33.10826611195342],[35.63735659454648,33.108320939010234],[35.63743157358974,33.10836860543791],[35.637510887162016,33.108408646697974],[35.63759376230406,33.10844067256385],[35.63767939134694,33.10846437092391],[35.63776693978329,33.10847951082314],[35.63785555440005,33.108485944713955],[35.637944371593605,33.108483609894165],[35.6380325257861,33.10847252911802],[35.63947432262514,33.108218466537295],[35.64347366441649,33.11041042644783],[35.64355182495404,33.11044847717616],[35.643633291904564,33.110478809725144],[35.643717305218885,33.11050114110604],[35.64380308109141,33.11051526297733],[35.643889819272694,33.11052104358845],[35.64397671053538,33.11051842900895],[35.64406294422393,33.11050744363166],[35.6441477158177,33.11048818994511],[35.64423023443669,33.11046084757732],[35.64430973022013,33.11042567162002],[35.64438546150891,33.11038299024872],[35.64445672176493,33.11033320166099],[35.64452284616277,33.11027677036146],[35.644583217792196,33.110214222828205],[35.64463727341367,33.11014614260095],[35.64468450871309,33.110073164836905],[35.64472448300685,33.10999597038506],[35.64475682335315,33.109915279434155],[35.644781228031434,33.10983184479367],[35.644797469357286,33.10974644487042],[35.64480539580659,33.109659876406425],[35.645227706574694,33.09984351876843],[35.64909425463791,33.07826570698411],[35.665116532843705,33.06683534576774],[35.66519858543854,33.06676923147361],[35.665272348082574,33.06669397989187],[35.669104519355045,33.06229665659505],[35.669160827290156,33.06222502472614],[35.669209604142935,33.06214806677116],[35.66925034999831,33.06206657147393],[35.6692826472511,33.061981374081576],[35.66930616488604,33.06189334778409],[35.672830673250694,33.04539207531612],[35.67284215346783,33.0453265597167],[35.672848763758886,33.045260375177676],[35.674857253434375,33.01321060894498],[35.68159654526683,32.990009821263754],[35.68161539618591,32.98993222525789],[35.68162729493744,32.989853263767344],[35.68163214785184,32.989773558394255],[35.68189978509848,32.97348871569087],[35.68189715444649,32.97340359622066],[35.681886490386276,32.973319106444016],[35.68186788839733,32.97323600283071],[35.68184151503046,32.97315502943965],[35.68180760641668,32.973076911257074],[35.68176646615297,32.97300234770539],[35.68171846258409,32.972932006381036],[35.68166402550462,32.9728665170772],[35.67943848421136,32.97043319261849],[35.67937568974439,32.9703709685184],[35.67930709362243,32.97031520512748],[35.67923335766965,32.97026644045806],[35.67915519329998,32.970225144997926],[35.67907335465325,32.97019171717096],[35.6789886313192,32.970166479493116],[35.67890184071942,32.97014967546074],[35.64761444742096,32.96567301798007],[35.64915036121782,32.961161584842316],[35.66308198914319,32.941443641208664],[35.663128804886576,32.94137005826095],[35.663168278737544,32.94129228950686],[35.672730495064165,32.919949930819286],[35.68564845038587,32.90071832353938],[35.68570152653704,32.90062845227985],[35.685743840841965,32.90053304043199],[35.69119059270947,32.88603656060191],[35.69122123703705,32.88593825229778],[35.691240451230904,32.88583708702592],[35.692495250141135,32.87627302646741],[35.692502897526495,32.8761560300516],[35.69250454855902,32.857512546424786],[35.6972657882377,32.847709720112015],[35.69729900426832,32.84763230929608],[35.697324837421604,32.84755213207173],[35.69734306139469,32.847469890805215],[35.698104767787996,32.84306561278658],[35.69811553327902,32.84297791605086],[35.69811764788303,32.84288958631802],[35.69811109121991,32.84280147489186],[35.69809592648142,32.84271443097214],[35.69807229982221,32.84262929347025],[35.69804043895113,32.84254688292392],[35.68895862942621,32.82210141768216],[35.683082398318746,32.80452791396043],[35.68374941463108,32.79603895495321],[35.689175739822026,32.77639992999561],[35.68919497892197,32.776314193848634],[35.68920576576938,32.77622699021461],[35.68920799754523,32.776139150308865],[35.689099764254905,32.77152120607927],[35.68909351932357,32.77143438905404],[35.689078917119765,32.77134858129984],[35.68905609422268,32.771264585404666],[35.689025264102334,32.77118318700962],[35.68898671512294,32.77110514746051],[35.688940807845704,32.77103119668679],[35.68888797165643,32.770962026374235],[35.68882870074926,32.770898283495406],[35.6887635495044,32.77084056425832],[35.688693127302756,32.77078940852987],[35.688618092826225,32.770745294786344],[35.68853914789681,32.770708635638],[35.688457030912275,32.77067977396986],[35.68837250993964,32.77065897973454],[35.68828637553123,32.77064644742733],[35.68819943333033,32.77064229426701],[35.688112496535815,32.77064655909944],[35.68802637829595,32.77065920203424],[35.68794188410283,32.77068010481791],[35.687859804258274,32.77070907193988],[35.68778090648193,32.770745832461174],[35.682610998494745,32.77346628192394],[35.677114630382846,32.77408084325698],[35.65949766437612,32.7700512903306],[35.659415177604,32.77003642658574],[35.65933166579864,32.77002930079786],[35.65924785324439,32.77002997476775],[35.6591644668339,32.77003844265019],[35.65908222976399,32.770054631004605],[35.659001855263405,32.77007839943202],[35.645700746846956,32.77469548847492],[35.645617920270034,32.77472893133477],[35.645538816676975,32.774770419746226],[35.64546421525445,32.77481954503989],[35.64539485084183,32.77487582332151],[35.645331406692854,32.77493870023843],[35.645274507745455,32.77500755644007],[35.64522471446596,32.775081713678674],[35.64518251732844,32.775160441490186],[35.64514833198338,32.77524296438945],[35.64512249516345,32.77532846950892],[35.64510526136666,32.77541611460558],[35.64509680034945,32.77550503635718],[35.64509719545458,32.77559435886617],[35.645106442790194,32.775683202287446],[35.64512445126812,32.775770691495026],[35.64515104350114,32.7758559647022],[35.6451859575503,32.775938181950345],[35.65828110163817,32.80296270321116],[35.66507704408087,32.83916144068817],[35.66593905231076,32.85115703073673],[35.665364950089206,32.86234544631998],[35.663362883098806,32.87356777771472],[35.66000271990568,32.88417046481035],[35.64181578784629,32.88730262048435],[35.64172576398756,32.887322925496484],[35.64163829272147,32.88735234260489],[35.64155429374776,32.88739056250906],[35.64147465025743,32.887437183353185],[35.64140019964659,32.8874917149514],[35.62840114735397,32.898078327239425],[35.62041007331571,32.90134444481692],[35.61026990360428,32.901399281708],[35.58446317783787,32.895832150631556],[35.58437415165218,32.89581757079009],[35.584284113113995,32.89581197658257],[35.584193966858685,32.89581542421513],[35.58410461860388,32.89582787904871],[35.58401696604954,32.89584921594709],[35.583931889858555,32.89587922053413],[35.583850244808595,32.89591759134769],[35.58377285120397,32.89596394286847],[35.56939462787558,32.90558583793162],[35.55850665674215,32.90996862413668],[35.546947018954945,32.9115169886824],[35.52293041574412,32.91088409383866],[35.52283719379334,32.91088646999385],[35.52274471811889,32.91089847948398],[35.522653981518836,32.91091999337788],[35.52256595812096,32.9109507807072],[35.52248159292471,32.91099051094609],[35.5224017916559,32.91103875755961],[35.520699234907404,32.91219260870986],[35.52062919839441,32.91224522340506],[35.52056460860406,32.91230439754033],[35.52050607741851,32.91236957053797],[35.520454159324586,32.91244012499089],[35.52040934616093,32.912515392511544],[35.520372062458655,32.91259466006384],[35.520342661419576,32.91267717671794],[35.52032142157025,32.91276216076412],[35.52030854412335,32.91284880711813],[35.520304151071535,32.91293629494813],[35.52030828403174,32.91302379545066],[35.52238365805593,32.93460221562945],[35.52239555696399,32.93468517438152],[35.522415121000535,32.934766666632896],[35.52244218052028,32.93484598574125],[35.52247650088248,32.93492244390822],[35.52251778448562,32.934995378143476],[35.522565673347906,32.93506415601367],[35.522619752211504,32.93512818112648],[35.544338616606126,32.95853748316619],[35.55246645158298,32.972915192749426],[35.55354373823528,32.97983988690166],[35.553567088336656,32.9799467430066],[35.55360322829442,32.980049977486544],[35.55824148975041,32.99109600368269],[35.56039161731807,33.00225839613669],[35.55996746521902,33.012659708573196],[35.55758352865656,33.02071982139922],[35.55054106700039,33.03531381230767],[35.55050618191424,33.035396373117216],[35.550479681612934,33.03548199432101],[35.54847087464081,33.04333794327874],[35.548452966085016,33.04342614405366],[35.548443956169,33.0435156924455],[35.54844393499297,33.04360569296005],[35.54845290276867,33.04369524558182],[35.548470769817335,33.043783454774314],[35.54849735746641,33.04386943843546],[35.548532399836354,33.04395233671877],[35.55127240940078,33.0496252392898],[35.551314279796735,33.049702135180425],[35.5513634240005,33.04977459865597],[35.55663571855677,33.05678823416964],[35.556692098084994,33.056856044524],[35.55675484339452,33.056918011624084],[35.556823352061016,33.056973540517255],[35.55689696632555,33.05702209806474],[35.556974979409816,33.05706321806042],[35.557056642301966,33.05709650570688],[35.557141170947965,33.05712164140592],[35.55722775377939,33.05713838382704],[35.55731555950533,33.05714657222449],[35.557403745093765,33.05714612798061],[35.557491463865574,33.05713705536062],[35.55757787362358,33.05711944147171],[35.55766214473859,33.05709345542669],[35.55774346811475,33.05705934672031],[35.55782106295776,33.057017442833846],[35.55789418427133,33.05696814609094],[35.557962130010054,33.05691192979481],[35.55802424781972,33.056849333684035],[35.55807994130069,33.05678095875048],[35.55812867573399,33.05670746146909],[35.56192857620815,33.050317685054914],[35.574778758492215,33.03474003700017]]],[[[35.55479486178509,33.057673802089646],[35.55470948249846,33.057699416274914],[35.554627055769934,33.05773335067482],[35.55454839016595,33.0577752724093],[35.5544742573581,33.05782477024636],[35.55440538455346,33.05788135863611],[35.55434244736101,33.05794448247375],[35.55428606316423,33.058013522544904],[35.55423678506486,33.0580878015998],[35.55419509645729,33.05816659099675],[35.54952245148792,33.06816640237421],[35.54948906046093,33.06824807962232],[35.549463828207976,33.06833263414292],[35.54944699727436,33.06841925315479],[35.54756593394127,33.08149515434862],[35.547557614398315,33.081584176019106],[35.54755816875884,33.08167358387835],[35.54756759155174,33.08176249554004],[35.54758578978135,33.08185003351494],[35.547612583845236,33.08193533387104],[35.547647709306744,33.082017554759894],[35.54769081950477,33.08209588472502],[35.547741488975056,33.082169550710326],[35.54779921764918,33.0822378256896],[35.54786343578983,33.082300035841676],[35.54793350961371,33.082355567200544],[35.54800874754645,33.082403871714696],[35.54808840704793,33.08244447265599],[35.54817170194057,33.082476969324595],[35.5482578101683,33.08250104100356],[35.548345881909604,33.08251645012405],[35.54843504796461,33.08252304460998],[35.54852442833342,33.082520759378895],[35.54861314090103,33.08250961698424],[35.54870031014311,33.08248972739283],[35.54878507576675,33.08246128689953],[35.548866601200906,33.08242457618997],[35.54894408185268,33.082379957570424],[35.54901675304807,33.08232787139211],[35.54908389757865,33.08226883170526],[35.54914485277991,33.08220342118585],[35.54919901707124,33.08213228538505],[35.54924585589303,33.08205612635811],[35.552868558259995,33.075451419402214],[35.55290780037268,33.07537053952092],[35.55293877805875,33.07528614827983],[35.55817005805301,33.05848432838687],[35.55819174197883,33.05840075133763],[35.558205317132355,33.058315480996924],[35.55821065856659,33.05822930220093],[35.55820771711848,33.05814300814736],[35.55819651986139,33.058057393094764],[35.55817716985592,33.05797324505209],[35.55814984520133,33.05789133852579],[35.55811479739629,33.05781242739121],[35.5580723490241,33.057737237953816],[35.55802289078353,33.057666462264216],[35.557966877892866,33.05760075174849],[35.55790482589999,33.05754071121237],[35.55783730593724,33.057486893274564],[35.5577649394647,33.057439793280416],[35.55768839255012,33.057399844742676],[35.557608369738496,33.05736741535142],[35.55752560756725,33.05734280358981],[35.55744086778717,33.05732623598679],[35.55735493035111,33.05731786503214],[35.55726858623528,33.05731776777291],[35.557182630159,33.05732594510427],[35.55488235610024,33.05765675938183],[35.55479486178509,33.057673802089646]]],[[[35.51715225221276,32.902600292438855],[35.517176139029694,32.90268519504321],[35.51720822149501,32.902767351891185],[35.51724819149695,32.90284597396948],[35.51729566517385,32.90292030621182],[35.5173501866007,32.90298963475041],[35.5174112321677,32.903053293771755],[35.5174782156089,32.90311067191094],[35.51755049363248,32.903161218123024],[35.51762737209886,32.90320444697517],[35.517708112686954,32.90323994330855],[35.51779193998487,32.903267366225485],[35.51787804893674,32.903286452363325],[35.51796561257427,32.903297018423686],[35.518053789958756,32.903298962932844],[35.5181417342572,32.90329226721622],[35.51822860087512,32.90327699557778],[35.518313555567794,32.90325329468239],[35.518395782452146,32.9032213921474],[35.51847449184228,32.90318159435656],[35.51854892783338,32.90313428351765],[35.51861837556129,32.90307991399183],[35.51868216806784,32.903019007930084],[35.51873969270616,32.902952150258606],[35.51879039702438,32.902879983061325],[35.518833794071234,32.9028031994135],[35.518869467072605,32.90272253672558],[35.51889707343415,32.90263876966133],[35.52090929869361,32.89534915084011],[35.52383321214908,32.890049570833305],[35.53770563892532,32.876652478179544],[35.5377923497445,32.87655569745563],[35.543401126700466,32.86930375082835],[35.5434492184401,32.86923520277476],[35.54349073125412,32.869162481819416],[35.54352530579267,32.86908621746105],[35.548920248021524,32.85554368790465],[35.54895020126211,32.85545546870273],[35.548970874042354,32.855364625649244],[35.548982044836215,32.85527213220313],[35.55021509689608,32.83727581065413],[35.55021679635902,32.8371872700069],[35.550209786044846,32.837098990961366],[35.5501941338267,32.83701182822591],[35.55016999124769,32.836926625700926],[35.54530509733867,32.82250449010879],[35.54475838577099,32.80530729605686],[35.54475195664443,32.805224793989964],[35.54473797690795,32.80514323118177],[35.544716564749436,32.80506329718288],[35.544687901192155,32.80498566777354],[35.544652228564345,32.80491099925048],[35.544609848450555,32.80483992287842],[35.54456111914192,32.80477303955321],[35.5404325043346,32.799621720426245],[35.53681813531162,32.788990281337554],[35.53678562545209,32.788908128612526],[35.53674521717955,32.7888295593265],[35.536697299908084,32.788755330650844],[35.536642335415905,32.78868615792648],[35.53658085339524,32.7886227077702],[35.536513446347655,32.78856559165049],[35.536440763874126,32.78851535999476],[35.53636350641486,32.788472496884935],[35.536282418499155,32.78843741539234],[35.53619828157038,32.788410453596924],[35.53611190645519,32.78839187132924],[35.536024125549645,32.78838184766638],[35.53414269618744,32.7882601506821],[35.534058979661246,32.788258638620945],[35.53397548490818,32.78826491311675],[35.53389293459524,32.78827891986226],[35.53381204321505,32.78830053762575],[35.533733510901804,32.78832957930033],[35.52389821713491,32.792496483424216],[35.523814617559566,32.79253711482873],[35.52373565458443,32.79258615204508],[35.523662170461726,32.79264307202173],[35.52359494900398,32.79270726762632],[35.523534707223455,32.79277805412157],[35.523482087684286,32.79285467646901],[35.52343765164856,32.79293631738253],[35.52340187308969,32.79302210604585],[35.523375133636804,32.7931111274011],[35.5228806318352,32.7951306563613],[35.52286282094983,32.79522487062522],[35.52285513416787,32.79532044503888],[35.52285765873482,32.79541629482618],[35.522870365996674,32.7955113320855],[35.522893111725146,32.795604478137484],[35.52820513920541,32.81322517115722],[35.51765407579289,32.82952913309316],[35.512240378077514,32.83584796904853],[35.50682913945625,32.83854477113283],[35.497408690877734,32.84027502754099],[35.4877554713908,32.84013353997976],[35.4651992318247,32.83717122746959],[35.46509337201865,32.83716363636385],[35.46498735464355,32.83716855973664],[35.44221180388756,32.83957808237383],[35.4299810414293,32.83080826538088],[35.41659127344601,32.818881407604074],[35.416520786915726,32.818824710197205],[35.416444964931166,32.8187753748797],[35.40527724063274,32.81228334309869],[35.40519995582715,32.812243285220056],[35.40511916260137,32.812210881061596],[35.40503561677853,32.812186433765206],[35.39934379880089,32.81081588659102],[35.39925513108723,32.8107991880064],[35.39916523699064,32.81079145123879],[35.39907501998078,32.810792754045636],[35.39898538677269,32.81080308333323],[35.398897238214,32.81082233528832],[35.39881146023104,32.8108503164215],[35.39872891492496,32.81088674551179],[35.39865043190729,32.81093125643306],[35.398576799962036,32.81098340183373],[35.39850875911806,32.811042657632825],[35.39844699321158,32.81110842828715],[35.39839212301329,32.81118005277678],[35.39834469998942,32.811256811248505],[35.39830520075931,32.81133793225069],[35.39827402230513,32.81142260048658],[35.39358317477337,32.82644377920119],[35.381181016067224,32.84268115389136],[35.38113530491201,32.84274686511701],[35.38109561318097,32.84281637800339],[35.37682524769212,32.85113364941098],[35.376786623621804,32.85121969686016],[35.376757216892145,32.85130931397108],[35.376737350468254,32.8514015165064],[35.376727242537,32.85149529183388],[35.37672700411069,32.85158961004777],[35.376736637807895,32.85168343527996],[35.376756037824656,32.85177573707662],[35.384821492950636,32.88214489512142],[35.384848192917886,32.88222868944993],[35.384882943763714,32.88230947779349],[35.3849254136657,32.88238648873536],[35.38497519709511,32.88245898692773],[35.385031818689164,32.882526280113325],[35.385094737790105,32.88258772573545],[35.38516335360769,32.882642737073546],[35.400426544648255,32.89369943866475],[35.40051905677212,32.89375821372967],[35.4006180273442,32.8938053075422],[35.41490891224139,32.89956639513811],[35.41499551965011,32.89959628118723],[35.41508471672219,32.899617207283654],[35.41517557910955,32.899628956570524],[35.41526716520649,32.89963140729013],[35.4153585259075,32.899624534045714],[35.41544871444287,32.899608408064594],[35.415536796190004,32.899583196460114],[35.41562185835893,32.89954916049979],[35.42227671155153,32.89648469067053],[35.432182425614755,32.89727380449896],[35.432274854963886,32.89727640263898],[35.432367063075226,32.89726950342779],[35.432458076648345,32.89725317968987],[35.432546934991734,32.897227603730016],[35.432632700163346,32.897193045514626],[35.439708432290224,32.893909943147584],[35.43977651822939,32.89387475414858],[35.43984136340528,32.89383389996976],[35.4487618078194,32.88766806412523],[35.448827522004414,32.887618035587835],[35.44888837334111,32.88756219363685],[35.44894384938546,32.88750100853107],[35.45657847283358,32.8782619903044],[35.465625802587006,32.88144991001705],[35.48109318870684,32.89016103423289],[35.48118282464981,32.89020515262333],[35.4936765696489,32.895514733909344],[35.4937670284681,32.89554758604374],[35.49386047805402,32.89557059116484],[35.50194881127985,32.89710840734374],[35.50203933288217,32.89712089594744],[35.50213065426107,32.8971241411692],[35.50222183400298,32.89711810955468],[35.51044000820206,32.89615348350175],[35.514623517494144,32.90201068401076],[35.51467630060174,32.90207763627457],[35.51473518210929,32.90213929363541],[35.514799633634354,32.902195102801265],[35.51486907681105,32.902244562959844],[35.51494288848014,32.902287230272655],[35.51502040628104,32.90232272185787],[35.515100934595594,32.90235071922618],[35.515183750790335,32.90237097113881],[35.515268111701154,32.90238329586204],[35.51535326030218,32.90238758279803],[35.51543843249908,32.9023837934773],[35.51658662807165,32.90227804199186],[35.51667128802426,32.90226616725246],[35.516754439371624,32.90224631352625],[35.51683533187125,32.90221865994571],[35.51691323566138,32.902183456018435],[35.51698744784621,32.90214101937585],[35.517038731275036,32.902104834075715],[35.51715225221276,32.902600292438855]]],[[[35.34526532498874,33.05468618422102],[35.345177208553494,33.054680164534105],[35.34508892639047,33.05468281075462],[35.34500132870516,33.05469409739802],[35.344915259111154,33.05471391576776],[35.3448315465057,33.05474207500211],[35.34475099708695,33.05477830391225],[35.34467438658983,33.05482225359396],[35.344602452815316,33.054873500787785],[35.34453588852498,33.05493155195524],[35.34447533476932,33.054995848031844],[35.34442137471411,33.05506576981123],[35.34437452802417,33.055140643908445],[35.344335245858744,33.05521974924499],[35.344303906526555,33.055302323993246],[35.3442808118425,33.05538757291323],[35.34426618422102,33.05547467501126],[35.344260164534106,33.055562791446505],[35.34426281075462,33.05565107360953],[35.34426735505705,33.05568634276439],[35.34516,33.05558],[35.401591,33.067931],[35.449443,33.085217],[35.480139,33.087387],[35.48395490153645,33.09909314905929],[35.50424538404655,33.097232080156985],[35.50432595163127,33.097221000587176],[35.50440519013654,33.097202693434],[35.50448245255623,33.09717730818083],[35.51094200065212,33.094726399019365],[35.51101435322849,33.09469525995531],[35.51108370598667,33.094657913850426],[35.511149527689966,33.09461464677296],[35.51567899237056,33.09134470651248],[35.51773060984102,33.09843490834703],[35.51775535757633,33.09850841163565],[35.51778634169427,33.09857951134224],[35.51782333210204,33.098647679469494],[35.52303867552376,33.10734282564609],[35.52308769644372,33.107416151792386],[35.523143659525346,33.10748432735852],[35.5232060272623,33.107546697541395],[35.52327420063368,33.10760266329662],[35.52334752485746,33.10765168709217],[35.52342529567943,33.107693298071176],[35.52350676613732,33.107727096574344],[35.52359115373509,33.10775275797855],[35.52367764795859,33.107770035814745],[35.52376541806026,33.10777876413519],[35.52385362103812,33.10777885910734],[35.5239414097326,33.107770319819025],[35.524027940963165,33.107753228287194],[35.5241123836268,33.10772774867019],[35.524193926680454,33.107694125691076],[35.524271786930846,33.10765268228711],[35.52434521655678,33.107603816508096],[35.52441351029169,33.107547997693196],[35.52447601219748,33.10748576196314],[35.52453212196463,33.10741770707093],[35.52458130067792,33.10734448666064],[35.52462307599255,33.1072668039894],[35.534557438450996,33.086402688282746],[35.541057965488754,33.07973324527198],[35.54111853916976,33.079664405153544],[35.54117179384016,33.07958975883536],[35.541217176694595,33.079510081176885],[35.5412542166404,33.07942619926494],[35.541282529187704,33.07933898382822],[35.54130182044066,33.07924934019879],[35.542815790493535,33.0699273377249],[35.54282532494648,33.06984458222115],[35.54282716701349,33.069761299654054],[35.542821300913346,33.06967820351659],[35.542807776901704,33.06959600570456],[35.5427867108406,33.06951541041771],[35.54275828320582,33.06943710812672],[35.54272273754075,33.069361769657874],[35.54268037836988,33.069290040446],[35.534668078555406,33.05705353038059],[35.534614042817985,33.05697952211696],[35.534552761615146,33.056911392107544],[35.534484870235055,33.0568498466405],[35.53441107249205,33.05679552374357],[35.53433213343039,33.05674898656973],[35.53424887139321,33.05671071755919],[35.534162149538915,33.05668111343799],[35.53407286689306,33.056660481105254],[35.524589730564706,33.054972309413415],[35.51367425347873,33.05038004753153],[35.5135920330527,33.050350072537235],[35.51350729007665,33.05032822472844],[35.51342082581097,33.050314710680205],[35.51333345779117,33.05030965817033],[35.51324601209792,33.050313114971225],[35.51315931554632,33.0503250483982],[35.51027510059298,33.05086606706021],[35.51019498432347,33.05088492429291],[35.5101169257719,33.050911021694915],[35.51004157775945,33.050944141007804],[35.509969570438486,33.05098400524732],[35.50990150602239,33.05103028101989],[35.509837953749155,33.05108258131083],[35.5079902972432,33.052750511173265],[35.50793162157701,33.05280857974539],[35.50787851342706,33.052871780356774],[35.50783141960944,33.052939581280164],[35.507790736339736,33.0530114120844],[35.50775680589948,33.0530866684336],[35.5035167820082,33.06377377177889],[35.496345465129366,33.05525395388169],[35.49628412890406,33.05518807389234],[35.49621651875439,33.05512865021698],[35.49614331097429,33.0550762772615],[35.49606523784995,33.05503147890453],[35.4941641160555,33.054063610848495],[35.494090240196485,33.05403010267899],[35.494013647290075,33.05400338252449],[35.49393495957705,33.05398366745952],[35.49385481631637,33.053971117649255],[35.4937738685919,33.05396583504836],[35.493692774022946,33.05396786257269],[35.47435475362891,33.05532526780102],[35.45543880439437,33.05504919173311],[35.407208904900166,33.047246076012634],[35.407120539176994,33.04723622836386],[35.407031632991085,33.04723514793581],[35.40694305405333,33.0472428452733],[35.39110247936885,33.049412100069986],[35.39101552341994,33.04942839694788],[35.39093058763843,33.049453152518986],[35.390848492747814,33.0494861275734],[35.39077003202039,33.04952700347746],[35.39069596361203,33.049575385252574],[35.39062700323618,33.04963080539191],[35.39056381724806,33.04969272837782],[35.390507016205675,33.0497605558565],[35.39045714897017,33.0498336324198],[35.39041469740219,33.049911251938326],[35.38399430267054,33.06315832287961],[35.345352427086766,33.0547008118425],[35.34526532498874,33.05468618422102]]],[[[35.519630081934444,33.11020479675731],[35.51954088258044,33.11022862174904],[35.51945459344337,33.110261459833744],[35.51937212259973,33.11030296543499],[35.51929433794367,33.11035270176242],[35.51922205805354,33.11041014540844],[35.519156043577475,33.11047469185632],[35.51909698922858,33.11054566184196],[35.51904551647405,33.1106223085022],[35.5175396746564,33.113134051178314],[35.517498386314934,33.11321119119988],[35.5174647834808,33.11329197584944],[35.51743918373437,33.11337564163128],[35.51742182901886,33.11346139782008],[35.51741288335368,33.11354843393409],[35.51741243128432,33.113635927394995],[35.517420477083284,33.11372305130209],[35.517436944709736,33.11380898224731],[35.517461678528115,33.1138929080973],[35.51749444477912,33.11397403566883],[35.517904477778536,33.11486227479915],[35.51794484520697,33.11493962965885],[35.517992513598486,33.11501271199631],[35.518047034911184,33.11508083490038],[35.5181078966916,33.11514335807434],[35.51817452689133,33.11519969385411],[35.51824629924377,33.115249312731784],[35.518322539150525,33.11529174833259],[35.51840253002202,33.11532660179835],[35.51848552001283,33.11535354553646],[35.51857072908839,33.11537232629893],[35.518657356356655,33.115382767562764],[35.51874458759578,33.11538477118905],[35.51883160290711,33.115378318345414],[35.518917584421544,33.11536346968305],[35.519001723986754,33.11534036476661],[35.51908323076318,33.11530922076245],[35.519161338657185,33.11527033039743],[35.519235313521726,33.11522405920754],[35.51930446005668,33.115170842102195],[35.51936812834406,33.11511117927642],[35.519425719956715,33.11504563150949],[35.52228332762482,33.111456306707524],[35.52233476103794,33.111384780479824],[35.52237895489839,33.11130856827652],[35.52241548574185,33.11122840036081],[35.52244400353081,33.111145044899395],[35.5224642350086,33.11105930060197],[35.52247598631777,33.110971989067984],[35.52247914485762,33.1108839469141],[35.5224736803631,33.11079601775777],[35.52245964519484,33.110709044133685],[35.52243717383744,33.11062385942068],[35.52240648161081,33.110541279856264],[35.52236786260699,33.110462096715516],[35.52232168687221,33.11038706872906],[35.522268396861044,33.11031691481296],[35.5222085031969,33.11025230718006],[35.522142579779164,33.11019386489889],[35.52207125828419,33.11014214796173],[35.52199522211253,33.11009765191884],[35.52191519984064,33.11006080313004],[35.52183195823969,33.11003195467939],[35.52174629492835,33.110011382991935],[35.52165903073007,33.109999285185005],[35.52157100180794,33.10999577717944],[35.52148305165262,33.110000892588864],[35.51972125280275,33.1101902355844],[35.519630081934444,33.11020479675731]]]]}}]}