{"type":"FeatureCollection","note_he":"שכבה גיאולוגית בסיסית — גזורה לגבול המדינה האמיתי, גבולות פנימיים מקורבים.","features":[{"type":"Feature","properties":{"id":"central-mountain-backbone","name_he":"רכס ההר המרכזי (הגליל, השומרון והרי יהודה)","name_en":"Central Mountain Backbone (Galilee, Samaria, Judean Hills)","rock_summary_he":"דולומיט וגיר קשה, קנומן-טורון (חבורת יהודה), כ-100-90 מיליון שנה; קפלים והרמה מאוחרת יותר (נאוגן)","description_he":"זהו השלד ההררי של הארץ - רצועה רציפה של גבעות דולומיט וגיר קשה שנוצרו כמשקעים ימיים לפני כ-90-100 מיליון שנה ולאחר מכן הורמו והתקפלו. הסלע הקשה מתבלה בתהליכי קארסט וכך נוצרו מאות מערות (כמו מערת שולמית, מערת קשת), בורות ומעיינות קרסט לאורך הרכס. חשוב להסביר למטיילים שזהו גם אקוויפר ההר - מקור עיקרי למי התהום של הארץ.","color":"#C2A472","sources":[{"title":"חבורת יהודה - ויקיפדיה","url":"https://he.wikipedia.org/wiki/חבורת_יהודה"},{"title":"Geology of Israel - Wikipedia","url":"https://en.wikipedia.org/wiki/Geology_of_Israel"}],"rock_photo":{"file":"assets/rocks/central-mountain-backbone.jpg","title":"Soreq Cave-2016","author":"Relly.hendel","license":"CC BY-SA 4.0","license_url":"https://creativecommons.org/licenses/by-sa/4.0","source_url":"https://commons.wikimedia.org/wiki/File:Soreq_Cave-2016.jpg"},"rock_class":"limestone","rock_class_he":"גיר"},"geometry":{"type":"MultiPolygon","coordinates":[[[[35.386507698905554,33.049061529575184],[35.38858479535565,33.04786127820215],[35.4026697464718,33.04626100861038],[35.402757030735465,33.04624671781684],[35.419239978470905,33.042708614589905],[35.44993331272458,33.05036969357319],[35.45003314658585,33.05038869837824],[35.45013448654821,33.05039632691028],[35.4664540651244,33.05070065100399],[35.4665430454858,33.0506979067281],[35.46663131944016,33.05068638523752],[35.466718023315586,33.050666199258465],[35.46680230880181,33.050637546290446],[35.466883351250075,33.05060070667395],[35.47359599479812,33.04713901318689],[35.47368138734375,33.047088845249384],[35.47376075057809,33.04702959842803],[35.48565035563121,33.03708959940829],[35.498047162851044,33.04772845835535],[35.49810365108035,33.04777313865223],[35.498163531114336,33.04781315902841],[35.50651653928701,33.05292453867703],[35.506594783901974,33.052967242915756],[35.50667686914809,33.05300199754344],[35.506761989792224,33.05302846162699],[35.50684931082484,33.05304637556118],[35.506937975651205,33.05305556361539],[35.50702711449437,33.053055935657376],[35.507115852927384,33.05304748803753],[35.50720332045123,33.0530303036246],[35.507288659034145,33.05300455099286],[35.50737103152867,33.05297048276835],[35.507449629883844,33.05292843315076],[35.51294063551718,33.04963105255577],[35.53033014868758,33.05031753118617],[35.530419088911394,33.05031664373546],[35.53050750720487,33.0503069816259],[35.530594539999505,33.050288639225904],[35.5306793372588,33.050261795682985],[35.530761070780386,33.050226713174084],[35.53083894228496,33.05018373434492],[35.53091219121298,33.05013327896339],[35.53309106756481,33.04846787056752],[35.53315779632689,33.0484115340336],[35.533218750862034,33.04834899542642],[35.533273357254494,33.048280843576514],[35.53332110135927,33.048207720165756],[35.533361533643074,33.048130313685604],[35.53339427341683,33.04804935295465],[35.53341901242012,33.047965600256425],[35.53343551772351,33.04787984416217],[35.537472481990264,33.01956245552918],[35.552313905630044,32.99667905469347],[35.552360283050824,32.99659877047583],[35.552398154571684,32.996514140878936],[35.55242711826728,32.99642606406531],[35.554497380851025,32.98883277324789],[35.55451545017924,32.98875204482062],[35.55452603064425,32.988669998289005],[35.55452903285315,32.988587326852986],[35.55452443144069,32.988504728992275],[35.553710004764106,32.98051838810338],[35.55369841217093,32.98043951367793],[35.55367988523567,32.98036197455311],[35.553654569327584,32.98028637912994],[35.553622663084774,32.9802133205584],[35.55358441685556,32.980143372083376],[35.54859284091756,32.971903665161506],[35.54854623940841,32.97183423606916],[35.548493395361106,32.971769431700594],[35.54843476493718,32.971709811461494],[35.548370854247445,32.97165589000697],[35.54830221498314,32.97160813279898],[35.5482294396536,32.97156695208832],[35.528115409269404,32.96138846518181],[35.51973630706511,32.94616473075398],[35.51969713807944,32.9461001402186],[35.5069125891296,32.92688597568301],[35.50297574950485,32.919132850076075],[35.50116595403113,32.91217333212788],[35.50149607713012,32.90725842673745],[35.504423033851914,32.89980375430865],[35.504451305230134,32.899719827817506],[35.50447119134449,32.89963352909678],[35.504482499645185,32.899545693744685],[35.50448512063816,32.89945717223804],[35.50447902894533,32.89936882169746],[35.50446428355028,32.89928149758814],[35.504441027227145,32.89919604543675],[35.50440948515819,32.89911329264448],[35.50436996275348,32.89903404047563],[35.50432284269364,32.89895905629927],[35.50426858122457,32.89888906615913],[35.50420770373978,32.898824747743504],[35.50414079969314,32.898766723823556],[35.5040685168915,32.898715556223166],[35.50399155522216,32.89867174037906],[35.503910659876155,32.89863570054364],[35.50382661413283,32.89860778567715],[35.503740231775645,32.898588266068785],[35.494089203503805,32.89690162910296],[35.483996984634885,32.89180260594741],[35.472008568626244,32.87563774459515],[35.47201516565564,32.86203349473625],[35.47201000734692,32.861936837013026],[35.46941162384074,32.83777231397233],[35.471462915108205,32.83526258625011],[35.48686515528323,32.825908628826504],[35.48694537481229,32.82585377184839],[35.48701921181398,32.82579058515619],[35.49416660218466,32.818972198254976],[35.49422560538119,32.81891029588144],[35.49427846691294,32.81884307282356],[35.494324709506785,32.818771136020985],[35.494363915650275,32.81869513497256],[35.49439573136125,32.81861575587213],[35.49441986938386,32.81853371541312],[35.494436111782136,32.818449754317676],[35.49754248057913,32.796960989885115],[35.503188420191584,32.785936385407865],[35.52015878680453,32.774761521973865],[35.5202403608603,32.774700938183635],[35.520314585975264,32.77463154542808],[35.53598126262975,32.758232168950315],[35.550029396130924,32.74758642309188],[35.55009877052274,32.74752812715941],[35.55016193124178,32.74746315065942],[35.5502182380082,32.7473921522789],[35.550267120022795,32.74731585175052],[35.55030808175337,32.74723502255648],[35.55034070795812,32.747150484087456],[35.55036466789506,32.74706309333621],[35.550379718674854,32.74697373620997],[35.551393905357244,32.7383080192562],[35.551399631993924,32.73817744409999],[35.550890697582176,32.72053949849429],[35.550883004205936,32.720445219659936],[35.549116225703614,32.707339059603505],[35.549095714523474,32.707234295778285],[35.546153373791206,32.69583870890323],[35.54612802485197,32.695756851481704],[35.546095005688414,32.69567777594175],[35.54605461564193,32.69560219915745],[35.54600722087603,32.69553080628424],[35.54595325105681,32.69546424454754],[35.54589319545772,32.69540311737519],[35.54582759852403,32.69534797892699],[35.54575705493697,32.69529932907083],[35.5456822042226,32.69525760885105],[35.545603724954034,32.695223196490105],[35.54552232859974,32.69519640395967],[35.54450380617364,32.694914118117026],[35.54441317971356,32.69489396968566],[35.544320959788145,32.69488326455088],[35.54422812769876,32.69488211662478],[35.54413567126073,32.6948905381223],[35.54404457429212,32.694908439431266],[35.54395580614503,32.69493563006598],[35.54387031139086,32.69497182069408],[35.54378899976921,32.69501662621537],[35.543712736507466,32.69506956985958],[35.53807034574525,32.699434551044114],[35.530661676479895,32.70015797392301],[35.49677966263651,32.692706210786724],[35.47977731906489,32.68589118439567],[35.45410514054766,32.66914072091007],[35.45403248782836,32.66909802738049],[35.45395616050085,32.669062316119444],[35.453876827715995,32.669033900202486],[35.44740029278252,32.667050919386924],[35.44730998520473,32.66702830464854],[35.44721782462569,32.66701513982155],[35.447124797150515,32.66701156576774],[35.44703189815998,32.66701762072896],[35.44694012166009,32.667033239918],[35.44685044964637,32.66705825621175],[35.44676384159663,32.66709240193943],[35.43257115336161,32.67355493601133],[35.41171940839732,32.67418891744549],[35.41162899216006,32.67419624010448],[35.411539772311386,32.67421262716939],[35.41145265522772,32.674237912165495],[35.411368525923706,32.674271838224804],[35.411288239061385,32.674314060695515],[35.41121261026779,32.67436415064334],[35.41114240784904,32.674421599209],[35.39636987393642,32.6878085723415],[35.390200756417435,32.69087606315484],[35.38423456096551,32.69234258847227],[35.37249815060482,32.69234829100333],[35.35026441511829,32.688460989709455],[35.35016316633594,32.688449148225686],[35.350061227938646,32.688448832281125],[35.34995990769997,32.68846004592903],[35.32814947009498,32.692134158305215],[35.313139570403614,32.68999799034715],[35.31305035793143,32.689989797681314],[35.31296077294145,32.68999051499264],[35.31287170309759,32.690000135173555],[35.31278403095939,32.69001856290132],[35.31269862523707,32.69004561558252],[35.30843991911629,32.69163184310373],[35.30835418161764,32.691668951793325],[35.30827275288116,32.691714748456896],[35.30819651032396,32.691768739622745],[35.299285654400435,32.698800889015196],[35.290617973476486,32.70025575131599],[35.27881925136151,32.69790665542642],[35.26254647172645,32.690615454760746],[35.26246757817824,32.690584478866704],[35.26238612058258,32.690561061820105],[35.262302821367584,32.6905454113012],[35.262218419294236,32.69053766611072],[35.26213366290451,32.69053789493892],[35.26204930388273,32.69054609575639],[35.26196609038908,32.69056219583201],[35.25654590270671,32.69187839758502],[35.25647002129384,32.69190039253858],[35.25639636117374,32.69192895743849],[35.24240825822856,32.69807267430764],[35.2235563334754,32.69669686690982],[35.203340364768884,32.69132532080086],[35.20326079638539,32.691307990815034],[35.20317998726906,32.69129792390009],[35.19561064433583,32.69070112424995],[35.19552799672196,32.69069841860524],[35.195445449628174,32.690703310016204],[35.195363699909784,32.690715757189984],[35.19528343769069,32.690735655048634],[35.16856190280901,32.69867966107471],[35.14972311185483,32.70017251125745],[35.14963724871525,32.700183491194586],[35.14955283755376,32.700202669139614],[35.149470659229664,32.70022986768382],[35.149391473947006,32.700264835222605],[35.14931601422222,32.700307248283025],[35.149244978107866,32.70035671451611],[35.14917902273516,32.700412776326374],[35.14023273003641,32.708790673091386],[35.133407120045604,32.713366093148714],[35.12510799247224,32.716391781477746],[35.11535864843745,32.717646106053564],[35.09877706794461,32.706482156327716],[35.09870042007754,32.706435917837304],[35.09861955809918,32.70639752208263],[35.09853528193351,32.70636734889219],[35.09844842527921,32.706345696753125],[35.098359847362374,32.70633277985835],[35.08303598158559,32.70487178828821],[35.06520198749945,32.69933048620659],[35.0651192824869,32.6993090354245],[35.06503491603522,32.699295524059416],[35.064949648510634,32.69929007388471],[35.0648642484004,32.69929273402096],[35.06477948538672,32.69930348049324],[35.06469612340989,32.69932221644726],[35.06461491378312,32.69934877302221],[35.06453658842121,32.6993829108727],[35.062280157910095,32.70049666465235],[35.06220229164253,32.70054001967815],[35.06212909511521,32.70059086338253],[35.06206128608912,32.70064869719502],[35.061999529495694,32.70071295400054],[35.05654066568269,32.70698705301437],[35.05118123576699,32.70980594048236],[35.02941980957924,32.71400867568069],[35.00650100858903,32.7148518599258],[35.00642075672343,32.71485841669702],[35.00634141205136,32.71487211984247],[35.00626360965867,32.714892859680255],[35.00618797228657,32.71492047020583],[35.006115105347156,32.71495473042068],[34.98474987067935,32.726193429908214],[34.969590506946425,32.73052603508826],[34.957069657234904,32.72132086773674],[34.944341861575836,32.70964560285218],[34.94249588943447,32.6859920223765],[34.94248355941067,32.68589810146729],[34.94246142601744,32.68580599674657],[34.935988427894806,32.66399406218781],[34.936467707853424,32.66204082527393],[34.94752570706703,32.65007666172398],[34.947582591141924,32.65000868562003],[34.94763251278913,32.64993544370699],[34.956647228906604,32.63519924159492],[34.97477213625826,32.62132426451174],[34.97485492876435,32.621252484505206],[34.97492838452431,32.621171175097814],[34.979924445306764,32.61491381644169],[34.97998034550349,32.614835570037286],[34.98002757808985,32.61475180599618],[34.982950040612764,32.608852970188465],[34.98298427836448,32.60877473677298],[34.98301094710524,32.60869361051824],[34.98302980672777,32.60861032183006],[34.98304068743282,32.608525620583315],[34.983043491257895,32.60844026937063],[34.98303819295924,32.60835503663647],[34.982623156188325,32.60458142106883],[34.98260631964286,32.60448101262371],[34.98257825055357,32.60438314816979],[34.97238703888581,32.575193761291075],[34.96845650692622,32.558281829806525],[34.96843522923206,32.55820563633372],[34.968407342910695,32.55813160567352],[34.96837306341617,32.5580603097983],[34.96833265559719,32.55799229955104],[34.96401540355432,32.55140370773325],[34.96396230194691,32.551330900427445],[34.963902185646226,32.551263768357],[34.963835657350444,32.551202984556944],[34.96376338404142,32.551149158417466],[34.963686090297834,32.55110282957449],[34.96360455103093,32.55106446249952],[34.9635195837156,32.55103444184306],[34.96343204019476,32.55101306857829],[34.96334279813915,32.55100055698366],[34.963252752248266,32.55099703249462],[34.96316280528045,32.55100253044606],[34.963073859002314,32.551016995718065],[34.962986805148,32.55104028328853],[34.95998289244948,32.55200739725331],[34.95989149287775,32.55204241479351],[34.95980443645215,32.55208715055769],[34.95972275281481,32.55214107544271],[34.95964740806229,32.552203551663005],[34.935753857015484,32.5743158819428],[34.93569064362827,32.574380575703685],[34.935634242991156,32.57445128767688],[34.93558522476555,32.574527303652694],[34.93554408404855,32.57460785584959],[34.935511236372314,32.574692130669],[34.93049273894587,32.589766039955045],[34.92008534899356,32.60511782267426],[34.920044822979214,32.605183498411726],[34.920010072316835,32.60525240452027],[34.915815197545,32.61454067283564],[34.915863,32.614895],[34.920909,32.628241],[34.919119,32.642971],[34.942068,32.724514],[34.94752,32.814154],[34.955577,32.834377],[34.97047,32.841376],[34.983165,32.838772],[35.003429,32.827541],[35.018728,32.825019],[35.02768,32.826606],[35.062755,32.858344],[35.067068,32.866848],[35.075531,32.893093],[35.0796,32.905829],[35.07781,32.917873],[35.06544,32.923082],[35.071544,32.937934],[35.078461,32.998847],[35.09197,33.031195],[35.096202,33.05036],[35.092133,33.067694],[35.096446,33.071357],[35.101817,33.077623],[35.106456,33.080756],[35.09962,33.087592],[35.104259,33.088528],[35.105235,33.089016],[35.185273,33.083977],[35.189614,33.085527],[35.200673,33.092736],[35.207184,33.094803],[35.213178,33.094441],[35.227338,33.091366],[35.234469,33.090927],[35.271469,33.101185],[35.283665,33.101185],[35.288825,33.099201],[35.29462,33.096973],[35.305783,33.089377],[35.315704,33.079222],[35.322629,33.067363],[35.331931,33.057156],[35.34516,33.05558],[35.37704794579407,33.062559284763736],[35.386507698905554,33.049061529575184]]],[[[35.01855297339022,31.627946327236995],[35.01848246420609,31.627893122781437],[35.01840707915474,31.627847086348325],[35.01832754437658,31.627808661379863],[35.018244625983876,31.627778218001424],[35.01815912268131,31.627756049456387],[35.01807185807249,31.627742369281453],[35.017983672726665,31.627737309249795],[35.017895416082006,31.62774091810176],[35.017807938263466,31.627753161075372],[35.01772208189402,31.627773920241186],[35.01763867397817,31.62780299563822],[35.01755851793588,31.627840107200083],[35.017482385863715,31.627884897452667],[35.017411011097664,31.627936934957507],[35.01734508114936,31.62799571846757],[35.00519849589598,31.639945955898725],[34.9860465138182,31.650450156217424],[34.985964856067966,31.650500792339045],[34.98588906183341,31.650559845188205],[34.98337838272079,31.65274102020713],[34.983314030141116,31.652802781944033],[34.98325610701371,31.652870610241717],[34.98320518225571,31.65294383889511],[34.983161756046734,31.653021748657203],[34.98312625491615,31.653103574303444],[34.98309902755372,31.653188512147718],[34.98308034138481,31.653275727936123],[34.98277836430127,31.655129409407355],[34.982768473441645,31.655216927030327],[34.98276718423298,31.65530499235481],[34.98277450902169,31.655392762001643],[34.984699980155426,31.669871349917216],[34.98471539219891,31.669956024398765],[34.98473882180612,31.67003883956897],[34.98477005471767,31.670119038098544],[34.98480880531442,31.670195886586892],[34.98485471922938,31.67026868226893],[34.98490737658837,31.670336759441717],[34.984966295849645,31.67039949555221],[34.98503093820758,31.67045631689038],[34.985100712519845,31.670506703835688],[34.98635421274991,31.67132366404218],[34.98643069431093,31.671368309660554],[34.98651119336242,31.6714052225733],[34.98659493048864,31.671434045378632],[34.98668109492191,31.671454499005602],[34.9867688523926,31.671466385416124],[34.98685735320683,31.671469589522438],[34.995009183096805,31.67136335905911],[35.00692566927577,31.680183650862727],[35.02210626614734,31.707816269411996],[35.0221773252409,31.707925917422386],[35.0382127832889,31.729121992018037],[35.040201548584314,31.734700107545347],[35.04129963198646,31.742738620865943],[35.040277897819834,31.749822481522788],[35.02958019909834,31.76887652847924],[35.0295483319421,31.76893884787067],[35.02952140417221,31.769003455280483],[35.0270943484562,31.775530529314725],[35.02706987934733,31.77560648450329],[35.02705223443484,31.77568430856783],[35.02704155243668,31.77576338968361],[35.02703791733085,31.77584310614342],[35.02701984379579,31.790640536854145],[35.02496614299446,31.807486305470828],[35.02495964477535,31.80758075310599],[35.02496310369479,31.807675360814535],[35.02497648148012,31.807769081770033],[35.02652072234975,31.815612302049328],[35.02654359741549,31.815703212138267],[35.026575804723436,31.81579124964288],[35.03489316832792,31.835310233214358],[35.03533198228887,31.84836185456444],[35.035339282583415,31.848449910329663],[35.03535518218501,31.84853682589075],[35.035379527846764,31.848621763519887],[35.035412084915215,31.84870390455338],[35.035452539591994,31.84878245728227],[35.03550050195833,31.848856664583156],[35.03750138563148,31.85164227350985],[35.039305454835606,31.858128962551298],[35.03932856585388,31.8582003782418],[35.03935754754727,31.858269619713933],[35.04459264470188,31.869444229574977],[35.046354966409204,31.880158001757422],[35.04637407248817,31.880246249312517],[35.04640192467191,31.880332138363592],[35.049573238756494,31.88866220028962],[35.04742314079468,31.90476936670457],[35.047415305961565,31.904900299824096],[35.04752954888804,31.9135754579534],[35.025772722301355,31.913830804513843],[35.01685357256912,31.91255467550955],[35.00800795474934,31.904847666180896],[35.00794102126515,31.90479471546408],[35.00786937314215,31.904748342883952],[35.007793654671204,31.904708965442765],[35.00771454674549,31.90467693723948],[35.00763276073763,31.90465254628552],[35.00132613641871,31.903093163725508],[34.996379912225144,31.89453674162418],[34.996331199411706,31.894461407820536],[34.99627522871826,31.894391297895137],[34.99621255626686,31.894327108456757],[34.99614380476791,31.894269477288493],[34.99606965733291,31.894218977010798],[34.99599085068713,31.894176109391953],[34.995908167849535,31.89414130036251],[34.995822430352725,31.894114895783268],[34.99573449008025,31.894097158008833],[34.99564522080234,31.894088263280857],[34.995555509494146,31.89408829997692],[34.99546624752282,31.894097267732413],[34.99537832179091,31.89411507744416],[34.99529260592417,31.894141552155734],[34.995209951591235,31.89417642881571],[34.99513118004149,31.89421936089131],[34.99505707394518,31.894269921811535],[34.994988369616834,31.894327609205575],[34.994925749699284,31.894391849894316],[34.99486983638095,31.89446200558544],[34.98798921849099,31.904038217296463],[34.96993096992655,31.915480493572783],[34.969863370913245,31.915527803938577],[34.96980038872756,31.915581106298728],[34.96974255272289,31.915639952656942],[34.96035759549272,31.926108258875082],[34.95157642691244,31.93133936939813],[34.95150034242165,31.931390102218277],[34.95142979891744,31.93144829399426],[34.95136552471087,31.931513343937752],[34.951308183387,31.93158458045476],[34.95125836695386,31.931661268079363],[34.951216589730365,31.931742615066867],[34.95118328303638,31.931827781567993],[34.95115879073961,31.931915888299734],[34.95114336570546,31.9320060256233],[34.95113716718633,31.93209726293551],[34.951140259177485,31.93218865827658],[34.95115260975633,31.932279268055193],[34.95353431352406,31.944915509579488],[34.95240499831868,31.954918873510724],[34.945032921319395,31.9721548569208],[34.94500421162026,31.972231427778848],[34.93834387224872,31.99279177619623],[34.938315072267024,31.99290548536027],[34.93567440057975,32.00718604494269],[34.92854160185336,32.022169198749296],[34.92850058857483,32.02227089147717],[34.92847224644148,32.02237681703309],[34.92245258336017,32.05199865677497],[34.90841469311803,32.08622410422361],[34.908384333150366,32.086310367681186],[34.908362883924184,32.08639926673881],[34.90835056689909,32.08648988352888],[34.908347509246255,32.086581282448506],[34.90835374253543,32.086672519819444],[34.90836920240897,32.08676265363141],[34.90839372924632,32.08685075326819],[34.90842706981207,32.08693590911605],[34.91551280130032,32.10263363811649],[34.91557056982595,32.10274142397009],[34.92324301537482,32.11497946504668],[34.93342559470329,32.1427751251587],[34.935249170702285,32.15300635389373],[34.935904519922836,32.18123119316935],[34.93591382954797,32.18134107867682],[34.935936508526595,32.181449000675514],[34.94407194992409,32.211024687314115],[34.9441010985536,32.21111266267922],[34.94413913998223,32.211197173963534],[34.94978712379181,32.22219380707151],[34.94983515719958,32.222276256419526],[34.94989164987131,32.22235315688305],[34.95625364842525,32.230114791227486],[34.95634398785117,32.23020992200242],[34.97256925076356,32.24497386735145],[34.98090864345598,32.2555576807898],[34.98095923149704,32.255616482834995],[34.981014694908836,32.25567071050661],[34.981074621698866,32.255719960991414],[34.99401295441705,32.265450249323855],[34.993164211242586,32.27559580156212],[34.993161101110395,32.275677227023785],[34.993165368323794,32.275758600051375],[34.994289704856726,32.287232731511615],[34.99430003765778,32.28730653891662],[34.99431644163256,32.28737923836243],[35.002326929050184,32.31709157397586],[35.00902597647544,32.348375939919066],[35.00904978018196,32.34846469728543],[35.00908251050104,32.34855056469916],[35.00912382620954,32.3486326469674],[35.009173296579135,32.34871008835853],[35.009230405866774,32.34878208152344],[35.01904610702143,32.35993545354679],[35.0239355255073,32.37141582524402],[35.02634212637839,32.39383119680867],[35.02635535926156,32.39391605915508],[35.02637662116008,32.39399927368931],[35.02640571844035,32.39408008257073],[35.02644238611139,32.39415774986717],[35.02648629023813,32.39423156825709],[35.0265370309826,32.39430086547122],[35.02659414624527,32.39436501041495],[35.02665711587342,32.39442341891576],[35.048524755761726,32.41284618051974],[35.02637319435714,32.43499754857645],[35.02630909023052,32.435068878152016],[35.02625293999077,32.43514662387844],[35.0262053812029,32.435229902982044],[35.026166953879176,32.43531776985972],[35.019009764807016,32.45439214295066],[35.005096585845074,32.4721730697362],[35.00504173167172,32.4722514197348],[35.004995501791235,32.47233514846803],[34.99164754637889,32.49987440386666],[34.977183825012844,32.51923740180148],[34.9771311341681,32.51931629605802],[34.977087040986575,32.51940029855904],[34.97705203542675,32.51948847587821],[34.975491308997,32.52411770013062],[34.975469182371896,32.524194414499576],[34.975453941670324,32.52427278798335],[34.97544570683626,32.52435220378437],[34.975444542677664,32.52443203690205],[34.97556905904547,32.52861065551934],[34.975575958817856,32.52869823881381],[34.97559136508253,32.528784732092966],[34.975615131034154,32.52886931116764],[34.97564703020843,32.52895117008902],[34.97568675864007,32.52902952882848],[34.97573393775931,32.529103640710375],[34.975788117999194,32.52917279952714],[34.97584878307954,32.52923634626864],[34.975915354926535,32.52929367540188],[34.97598719918111,32.529344240641066],[34.99626701690043,32.54218489973823],[34.996339797864785,32.54222636886448],[34.99641611908278,32.542260891739325],[35.00643100476142,32.546240561085284],[35.006515057225535,32.546269246139516],[35.00660152765244,32.54628950729279],[35.014477676498,32.54772924194147],[35.01456858412124,32.54774111268254],[35.01466022774013,32.547743673458605],[35.0147516563982,32.547736897697305],[35.01484192136956,32.547720855708555],[35.01493008600352,32.54769571395492],[35.022183769582774,32.545221275170164],[35.022272604063865,32.54518559148292],[35.02235714565923,32.545140673677764],[35.029069374203814,32.541102633149954],[35.029140181025234,32.54105533523105],[35.0509775633418,32.52492375797722],[35.05104275617404,32.5248707206666],[35.051102717546854,32.52481183352485],[35.061683005607875,32.51340284875744],[35.063779021322205,32.512260905666196],[35.07414248720531,32.514196612871146],[35.09114865238948,32.52022358507957],[35.09124133067401,32.52025092694326],[35.091336406099906,32.52026817528593],[35.10044815502999,32.521420128920646],[35.100569538845164,32.521427196181605],[35.1195493296202,32.521247938994044],[35.144232276759524,32.52942542861316],[35.144314566913366,32.52944841897437],[35.144398666368204,32.52946350233682],[35.157018676415355,32.531113144736096],[35.15709611271833,32.53111988183817],[35.15717384153305,32.53111991223885],[35.15725128308225,32.53111323571138],[35.162573710708344,32.53042174112039],[35.16265811768827,32.53040665606331],[35.16274070605647,32.53038360701467],[35.162820726186155,32.53035280318291],[35.16289745176156,32.53031452416404],[35.16546266577561,32.528878208972145],[35.165541771388405,32.52882834888878],[35.165615276688484,32.52877055012799],[35.16568238820648,32.5287054366114],[35.16574238149211,32.528633711221424],[35.16579460893446,32.52855614821379],[35.16583850675275,32.5284735848597],[35.16587360108216,32.52838691240772],[35.16589951308913,32.52829706646299],[35.16903475684158,32.51483483423001],[35.17440968908406,32.51277919240518],[35.184523606043236,32.51310347759017],[35.184655516861696,32.51309801862504],[35.204055861988586,32.51086156196815],[35.22521996813947,32.51404724256417],[35.22532638658528,32.514056846667266],[35.234941424222264,32.51435123662848],[35.23501550820824,32.514350454005886],[35.23508927680429,32.51434358059965],[35.23516223010983,32.514330662988115],[35.264635686395,32.50785046449642],[35.2879906910322,32.5133056575431],[35.28805923577492,32.51331888769084],[35.288128599760185,32.51332676526101],[35.297232539697966,32.51400435383426],[35.29734264130474,32.51400579405333],[35.2974520947612,32.513993778275626],[35.305814952511284,32.512553475689074],[35.30589020828994,32.512537172160854],[35.3059637950223,32.51251449551928],[35.32334713895058,32.50633170995799],[35.346806120743544,32.506825081694814],[35.34688706847893,32.506823140931274],[35.34696751418128,32.506813932706734],[35.34704680670696,32.50679753155441],[35.36066798215126,32.50333446896113],[35.38147132905944,32.52041318134118],[35.381546747165764,32.52046878578547],[35.391200668073644,32.52683843055067],[35.391274695172875,32.526882342686264],[35.3913525784736,32.52691898253534],[35.39143360565256,32.52694801498861],[35.39151703563246,32.5269691745143],[35.39160210535991,32.52698226758667],[35.39168803678435,32.52698717445604],[35.39177404397409,32.52698385024402],[35.39185934030451,32.526972325353974],[35.39407581888118,32.52656409558845],[35.394164868721276,32.52654296256868],[35.39425131182805,32.526512894847855],[35.394334254264685,32.52647420336622],[35.39441283829594,32.52642728824523],[35.39448625125829,32.526372634649704],[35.39455373396396,32.52631080777059],[35.39461458855192,32.52624244698014],[35.39897392212422,32.52081293862558],[35.40175325358442,32.52145011801409],[35.401838740799,32.521465417718396],[35.40192530464147,32.52147240670859],[35.40201213909082,32.52147101990816],[35.402098435606305,32.52146127023001],[35.402183390656056,32.521443248456215],[35.40226621319897,32.52141712239273],[35.402346132050354,32.52138313530691],[35.40242240306261,32.521341603662364],[35.402494316054224,32.52129291417228],[35.4025612014225,32.5212375201986],[35.40262243637837,32.521175937530685],[35.40267745074542,32.5211087395826],[35.40272573226893,32.52103655205392],[35.40276683138563,32.52096004710366],[35.40280036540973,32.52087993709157],[35.40282602209622,32.520796967945216],[35.40284356254825,32.52071191221436],[35.402852823441584,32.52062556187757],[35.40316046601147,32.5153793020027],[35.4040476356615,32.51463436499807],[35.43039934236221,32.51634997831231],[35.430488144507734,32.516351368364695],[35.43057665128195,32.51634399922548],[35.43066400080881,32.51632794265511],[35.43074934248151,32.516303355011935],[35.43083184524564,32.51627047572961],[35.44723481832463,32.50877563452856],[35.45940991940276,32.51976682332865],[35.45949996068049,32.51983822517899],[35.468438480858296,32.52603995158031],[35.46851717979221,32.52608875599428],[35.468600477104495,32.526129215242754],[35.468687490934435,32.526160900987506],[35.46877730007488,32.526183477774566],[35.468868953725,32.526196706585644],[35.4689614815563,32.52620044736857],[35.469053903985426,32.526194660520034],[35.469145242544904,32.526179407304845],[35.46923453024209,32.526154849207344],[35.474203900662886,32.52450873235128],[35.47429057882629,32.52447495530037],[35.47437330732057,32.52443241133001],[35.47445120227927,32.524381554977516],[35.47452343147715,32.52432292958922],[35.48144549377217,32.518084316237086],[35.48402966125865,32.51775169858476],[35.49834751936319,32.52645194379463],[35.49841329674103,32.52648824411417],[35.49848187253017,32.52651893186054],[35.4985527688694,32.52654379319028],[35.50955219930494,32.529892426989434],[35.51415990482331,32.533235002415566],[35.51423097419712,32.533281601406976],[35.5143061220209,32.533321289270056],[35.51438467824306,32.5333537121301],[35.514465942421246,32.53337858089039],[35.52371764520165,32.53573839439897],[35.52380303381564,32.53575581984342],[35.523889707468,32.53576490496863],[35.5239768534743,32.535765564589084],[35.524063654721154,32.53575779251994],[35.524149297327746,32.535741661635],[35.52423297827713,32.535717323183455],[35.52431391294557,32.535685005371676],[35.52439134245949,32.53564501122351],[35.52446454081094,32.535597715738966],[35.524532821664934,32.53554356237812],[35.52459554479477,32.53548305890304],[35.52465212208504,32.53541677261682],[35.52470202304599,32.53534532504437],[35.52474477978765,32.535269386104716],[35.524779991406895,32.53518966782962],[35.524807327746466,32.535106917687315],[35.524826532490685,32.53502191157393],[35.524837425568705,32.53493544653843],[35.52483990484298,32.534848333309164],[35.5248339470669,32.5347613886922],[35.52481960810281,32.534675427912646],[35.524797022398154,32.53459125697076],[35.518014066986,32.51345916874431],[35.517986157544904,32.513383925262865],[35.517951656285355,32.51331146712673],[35.51791083753576,32.51324237046918],[35.51202788491187,32.50422749753988],[35.51198130446421,32.504162605328254],[35.5119291536488,32.5041020988849],[35.51187184328128,32.50404645484651],[35.511809824821384,32.50399611154639],[35.51174358681664,32.50395146556155],[35.49952840506873,32.49648433091141],[35.49945824132181,32.4964456210519],[35.499384912483656,32.49641330563606],[35.49930899988037,32.496387640849534],[35.49923110532126,32.49636883015402],[35.4991518463279,32.49635702267432],[35.48427090307924,32.49481354279032],[35.47120115939574,32.488707292082786],[35.470737016697356,32.47898277512941],[35.47368521322209,32.4629488006846],[35.47369663002678,32.4628644524998],[35.473700027483616,32.46277940300248],[35.47369537520441,32.4626944129089],[35.47368271480097,32.46261024240402],[35.47035560711036,32.44590557791713],[35.472003860380944,32.42769020835838],[35.47200739245635,32.42759380489552],[35.472000585910656,32.42749757717529],[35.47074296465815,32.41742680682137],[35.47072886064334,32.417344861983835],[35.470707254135,32.41726456853187],[35.470678329558815,32.41718661182258],[35.470642333804946,32.41711165726745],[35.47059957412069,32.41704034465262],[35.470550415487914,32.41697328267789],[35.47049527750769,32.416911043761054],[35.44627005570222,32.39198724462638],[35.42978930545957,32.36827492447714],[35.42561137010156,32.35691826061979],[35.425583137243216,32.35685024347287],[35.407709720967624,32.31832306279476],[35.407666249978774,32.31824078910196],[35.397624530464064,32.30140494231701],[35.391223695367714,32.28781408606232],[35.38696787349039,32.27451822234076],[35.380641484206535,32.24557224128117],[35.38116719695975,32.23734384443157],[35.39043135251553,32.21990253728891],[35.39047082467445,32.21981789422644],[35.390501312601316,32.21972961633753],[35.39052248798634,32.2196386542442],[35.39212177084436,32.210687947195666],[35.39213370166285,32.21059109850389],[35.39213507715899,32.210493527393716],[35.39212588116305,32.2103963808694],[35.39098949464463,32.20280640142837],[35.39096621663528,32.20269747566118],[35.384675845518714,32.180184172237794],[35.37846454256595,32.13821400099085],[35.38790166594831,32.11477264528982],[35.40199048794116,32.09805382258992],[35.40205304984069,32.09797017552706],[35.40210549858107,32.09787984307427],[35.41919416665314,32.06406981907364],[35.419229420764175,32.06399085942672],[35.41925693443209,32.06390888091572],[35.42552635063783,32.04175212005485],[35.42554374235447,32.04167918413972],[35.425555002551896,32.04160505366367],[35.427393074890965,32.0248207363074],[35.42739840068736,32.02471634608077],[35.427323662168114,32.01423239082384],[35.42731913347483,32.01414840698756],[35.427306784759786,32.01406521261841],[35.42728672386527,32.013983534259395],[35.42725912598467,32.01390408521405],[35.42722423213244,32.01382755931715],[35.42718234703935,32.013754624875375],[35.42168350205872,32.00513851168754],[35.41788358841227,31.995308970324576],[35.417852020755525,31.995236859050223],[35.4178142726928,31.995167782016395],[35.41208925877204,31.985700294786028],[35.41203963984249,31.985626698319354],[35.411983012740926,31.98555834739072],[35.41191992825177,31.985495906816535],[35.41185099996732,31.98543998392605],[35.41177689831966,31.98539112265416],[35.41169834405965,31.98534979825082],[35.41161610124657,31.985316412658506],[35.41153096981648,31.985291290602717],[35.4114437778016,31.985274676433537],[35.411355373276464,31.985266731748947],[35.41126661610913,31.985267533823055],[35.41117836959761,31.985277074854473],[35.41109149207301,31.9852952620422],[35.411006828550995,31.985321918488268],[35.41092520251267,31.98535678491832],[35.41084740789502,31.985399522203462],[35.410774201368646,31.9854497146588],[35.410706294978006,31.985506874086607],[35.41064434921571,31.985570444524782],[35.41058896659821,31.98563980765444],[35.41054068580543,31.985714288813973],[35.40093047243129,32.00227547981473],[35.39530708540943,32.00815090196998],[35.39164085693491,32.010096066055155],[35.36201722587267,32.00247982084537],[35.34718942421087,31.996018483598338],[35.347082724964984,31.995979794869843],[35.3258739198078,31.9897717461342],[35.32579676966973,31.989752816371535],[35.32571825085088,31.989740763371653],[35.32563897506906,31.98973568103605],[35.325559559939336,31.989737608959754],[35.30499745053874,31.991146639315172],[35.28511614795293,31.987682635919775],[35.28452475595688,31.9871018791572],[35.28697672578063,31.96766603754983],[35.286983343516205,31.967582157857308],[35.28698209905243,31.967498026718296],[35.286973003266226,31.967414379459438],[35.286956135656986,31.96733194717814],[35.28693164365172,31.967251450352613],[35.28689974131652,31.967173592544718],[35.28686070748556,31.967099054250657],[35.28681488332402,31.967028486953264],[35.286762669346246,31.966962507427905],[35.28670452191511,31.9669016923517],[35.27466559689447,31.95543503403378],[35.26742796085844,31.9461344958352],[35.26737144232697,31.946068676621934],[35.26730884911237,31.946008604975372],[35.26724076283027,31.94595483908075],[35.26716781613783,31.945907878530313],[35.26709068685511,31.945868159681105],[35.26701009166677,31.945836051600338],[35.26692677946261,31.945811852636034],[35.26684152437895,31.945795787644766],[35.2651142704121,31.945555841473617],[35.26735804036751,31.9399864517989],[35.267383913606075,31.939913273971435],[35.267403385550075,31.93983813901084],[35.27052469357229,31.925225920997462],[35.27345500495924,31.919022060001822],[35.27817195961667,31.912333223562314],[35.28860371228647,31.905317270286567],[35.28867950372864,31.905260275391985],[35.28874887741312,31.905195622065577],[35.29718669297892,31.896457140339585],[35.297237276818095,31.896400105909713],[35.29728285244417,31.896338995245465],[35.29732309285758,31.896274246808378],[35.31460937135319,31.865637495683064],[35.31464954556019,31.865557176294338],[35.31468151508917,31.865473252994057],[35.31470496161948,31.86538656140664],[35.314719651694006,31.86529796472034],[35.31472543904364,31.865208345092483],[35.314722266043745,31.86511859486583],[35.31471016428787,31.865029607683507],[35.314689254273226,31.864942269591012],[35.31465974420085,31.864857450213854],[35.314621927902586,31.864775994098686],[35.314576181915356,31.864698712304158],[35.314522961732024,31.864626374325205],[35.30861968313086,31.857388835382928],[35.30855738842424,31.857320032571163],[35.2866071985879,31.835456757824293],[35.27298800776277,31.816719204960712],[35.27234724643569,31.789887876648294],[35.27234042829455,31.78979673866528],[35.27232440241873,31.789706762055538],[35.27229933406508,31.789618874646646],[35.2643661049254,31.76635543030359],[35.279580420228214,31.75743429479397],[35.279650052649,31.75738902218465],[35.279715215058275,31.75733752321772],[35.27977535250699,31.757280236478934],[35.288155865684175,31.748524616846602],[35.292773583387394,31.76132623247399],[35.294386676897574,31.7766186423756],[35.294399234494115,31.776700964730313],[35.29441934725035,31.776781774014147],[35.294446842974665,31.77686037839355],[35.29448148626758,31.776936104911844],[35.294522980537025,31.777008305250625],[35.29457097053758,31.777076361280212],[35.29462504541185,31.777139690351653],[35.29468474220791,31.777197750284966],[35.31613728756167,31.796212068578285],[35.31620140496422,31.796263855725144],[35.316269991051506,31.796309560194505],[35.333366313043406,31.806604143553727],[35.33344424345387,31.80664599518254],[35.33352590591339,31.806679994453315],[35.33361051155176,31.80670581292858],[35.333697243067256,31.806723201198427],[35.33378526262191,31.80673199128986],[35.33387371993512,31.80673209828942],[35.33396176049747,31.806723521163484],[35.33404853382543,31.806706342768223],[35.33413320167711,31.806680729049226],[35.33421494614981,31.806646927438422],[35.334292977581036,31.806605264463865],[35.3343665421768,31.80655614259543],[35.33443492929332,31.806500036356898],[35.33449747830197,31.80643748774199],[35.33455358497099,31.806369100978653],[35.33563827644859,31.804905881778062],[35.33568453531052,31.804837065710228],[35.33572426440856,31.804764284309666],[35.33575712650969,31.80468815536768],[35.33578284267011,31.804609325090553],[35.335801194603015,31.804528462614346],[35.33581202653144,31.80444625432507],[35.33581524651059,31.804363398032415],[35.335810827208284,31.804280597046514],[35.33481561309113,31.794301815269023],[35.33480538348405,31.794229282551093],[35.331618612738275,31.776797417870213],[35.331593430175396,31.776694407476548],[35.331556306143106,31.776595074154333],[35.323343908051655,31.758036303633354],[35.32158295723198,31.748029583887714],[35.3215617080937,31.747937476351947],[35.32153091546825,31.747848105561186],[35.321490919037245,31.747762457388237],[35.32144216001187,31.747681476640725],[35.32138517626582,31.747606056638674],[35.32013487652764,31.74612039495759],[35.32007735148871,31.746058230481353],[35.32001423750871,31.746001748822934],[35.31994609354002,31.7459514501973],[35.3198735230818,31.745907780061017],[35.31979716883525,31.74587112516717],[35.31047770483587,31.741925419813075],[35.29867062110113,31.71266137200912],[35.298634249472165,31.71258243943043],[35.29859043411049,31.71250738304194],[35.2985395835942,31.712436902744233],[35.298482172104194,31.712371655765853],[35.29841873500244,31.712312250534662],[35.2983498638397,31.71225924100425],[35.27526978339766,31.69620760598494],[35.27409312599039,31.694337243237342],[35.272542847462915,31.684215241020063],[35.2725236554064,31.684122706391857],[35.272494866016004,31.684032694373485],[35.272456796721144,31.683946197429957],[35.272409867270696,31.68386416926936],[35.272354595104865,31.683787514327346],[35.27229158964994,31.68371707779492],[35.27222154559881,31.68365363629941],[35.265686269960625,31.678331422524128],[35.262778618055,31.670633670810954],[35.26273964774048,31.670545195203225],[35.26269141194313,31.670461410201998],[35.26263446725751,31.670383282605357],[35.262569470770366,31.6703117139304],[35.26249717247845,31.670247530010588],[35.26022120073139,31.66843592562922],[35.260154519249156,31.668387660529767],[35.26008370685414,31.668345689770785],[35.26000935591737,31.66831036445269],[35.259932088411034,31.66828198008441],[35.25985255070549,31.668260774111346],[35.259771408162095,31.668246923929047],[35.25968933956728,31.668240545399254],[35.253002226664485,31.66802769712625],[35.25290760964177,31.66802966371567],[35.252813722220075,31.668041554910335],[35.25272160252173,31.66806323922815],[35.252632269123154,31.668094476903505],[35.2525467097924,31.668134922538407],[35.24969652622275,31.669670541086493],[35.24962609510894,31.669712742144625],[35.249559803057195,31.66976118628747],[35.24949820180326,31.669815470323925],[35.24944180404229,31.669875142458604],[35.23753805559538,31.683680541906245],[35.232674308209134,31.686822783880533],[35.22627606061533,31.689004042879866],[35.219654851875454,31.689426838401342],[35.20917370039031,31.68459928883973],[35.20908980398709,31.684565644256413],[35.20900295590205,31.684540584835347],[35.208914032181944,31.684524363353837],[35.208823929810706,31.684517143439862],[35.208733557661475,31.684518997921533],[35.20864382732864,31.68452990809248],[35.199373731140156,31.686132952367895],[35.1859490011925,31.68351113257841],[35.185864636448585,31.683498771639265],[35.18577948056136,31.68349444986843],[35.18569429785252,31.683498206056214],[35.1856098528845,31.68351000648873],[35.18552690359808,31.6835297452505],[35.18544619450951,31.683557245175102],[35.18536845002795,31.68359225943534],[35.18529436795361,31.683634473758655],[35.1852246132145,31.68368350924789],[35.16809188125447,31.696983159852262],[35.16801939643555,31.697045890485047],[35.167953994817594,31.697115974788797],[35.16789641836027,31.697192617680347],[35.15679338498625,31.71373923659696],[35.14803344842875,31.722862134398856],[35.13711218987292,31.72966217745749],[35.12193261777133,31.735033829846106],[35.096452098101445,31.701960651486257],[35.096396522072006,31.701895223375256],[35.096334965141956,31.701835387958315],[35.09626798736787,31.70178168962934],[35.096196198126144,31.70173461694585],[35.07686310278837,31.690337678422235],[35.049670845818206,31.66795029852485],[35.03786683781886,31.647435229516702],[35.032886828545294,31.63459700631065],[35.03285208115708,31.6345187028943],[35.03281004628536,31.63444405789742],[35.03276110477677,31.63437374762266],[35.032705700053825,31.634308409098995],[35.0326443340974,31.634248634310065],[35.032577562898666,31.63419496483066],[35.03250599142167,31.634147886919912],[35.0324302681222,31.634107827115663],[35.0323510790726,31.63407514836993],[35.03226914174579,31.634050146760462],[35.03218519851481,31.634033048808195],[35.032100009926666,31.634024009424927],[35.0240776929737,31.63355735533186],[35.01861792753318,31.628006187227406],[35.01855297339022,31.627946327236995]]],[[[35.51163478396514,33.14611768252691],[35.51171140194803,33.14607237207957],[35.511783169313524,33.1460197147231],[35.51184938403928,33.145960225547334],[35.51190939841841,33.14589448647039],[35.51196262539531,33.1458231405464],[35.51200854430816,33.14574688567519],[35.512046705982016,33.145666467775506],[35.512076737122584,33.14558267348849],[35.51918867833192,33.12214908480515],[35.51921110984454,33.12205852148641],[35.519224045048304,33.12196612252558],[35.51922734493149,33.12187288091346],[35.51922097403099,33.12177979869665],[35.51920500081346,33.12168787620875],[35.519179596939445,33.12159810132003],[35.51820071957823,33.11871793076265],[35.51854135894161,33.11459071914719],[35.51994824153016,33.11238066409569],[35.52250578581987,33.11115570746724],[35.52258042237125,33.111115534088675],[35.52265094860789,33.1110685174417],[35.52271673897817,33.111015074553244],[35.522777209936514,33.11095567944954],[35.522831825119326,33.110890858951585],[35.52288010010239,33.110821188002426],[35.522921606697636,33.110747284567466],[35.52295597675103,33.11066980415331],[35.524098458120825,33.10772779544345],[35.524125737354886,33.10764618502944],[35.524145098062476,33.107562342443074],[35.52415636326242,33.107477034110794],[35.52415942997668,33.10739103985779],[35.524154270171614,33.10730514577942],[35.52414093101432,33.10722013705534],[35.524119534441446,33.10713679077195],[35.52409027604451,33.10705586881884],[35.524053423281956,33.1069781109242],[35.51914524143619,33.097785255588214],[35.51703303007346,33.0896619510815],[35.517006978955706,33.08957859804869],[35.5169729720535,33.08949816223938],[35.51693132955186,33.08942140098045],[35.51688244352721,33.089349037001774],[35.51682677425588,33.089281751631546],[35.51676484588049,33.089220178381375],[35.51669724147494,33.08916489698156],[35.51662459755464,33.08911642792277],[35.51654759808352,33.08907522755549],[35.51646696803431,33.08904168379333],[35.51638346656269,33.0890161124607],[35.51629787985962,33.08899875431923],[35.51621101374917,33.08898977280094],[35.516123686101366,33.08898925246948],[35.51603671913176,33.08899719822392],[35.515950931660015,33.08901353525264],[35.51586713140046,33.0890381097377],[35.515786107357265,33.08907069030307],[35.51570862239567,33.089110970193126],[35.515635406059445,33.089158570160826],[35.51019243591379,33.09308559055038],[35.503958765042604,33.09545079641632],[35.48358585697511,33.09731656871362],[35.48349705732106,33.09732918903254],[35.48340995478162,33.097350585261914],[35.48338926134819,33.097357918657124],[35.4851,33.102606],[35.503703,33.130615],[35.51162473348203,33.146122354248426],[35.51163478396514,33.14611768252691]]]]}},{"type":"Feature","properties":{"id":"jordan-rift-dead-sea","name_he":"בקעת הירדן ובקע ים המלח","name_en":"Jordan Rift Valley & Dead Sea Basin","rock_summary_he":"משקעי בקע - חוואר, מלח, גבס וקונגלומרט, ניאוגן-קוורטרני (תצורות עמורה, לשון), עד כ-5 מיליון שנה","description_he":"הבקעה נוצרה כתוצאה מתנועת גזירה שמאלית לאורך שבר ים המלח (הטרנספורם הסורי-אפריקאי), הגבול בין לוח ערב ללוח סיני-ישראל. בתוך הבקע הצטברו משקעי אגמים קדומים (כמו ימת הלשון) שיצרו את שכבות החוואר הלבנות סביב ים המלח, ותהליכי המסת מלח יוצרים היום בורות שקיעה מסוכנים. זהו האזור השפל ביותר על פני היבשה, ונקודה מרכזית להסבר הטקטוניקה של האזור.","color":"#A85C32","sources":[{"title":"בקע ים המלח - ויקיפדיה","url":"https://he.wikipedia.org/wiki/בקע_ים_המלח"},{"title":"ימת הלשון - ויקיפדיה","url":"https://he.wikipedia.org/wiki/ימת_הלשון"}],"rock_photo":{"file":"assets/rocks/jordan-rift-dead-sea.jpg","title":"Rock Salt in Mount Sodom closeup","author":"Shayshal2","license":"CC BY-SA 4.0","license_url":"https://creativecommons.org/licenses/by-sa/4.0","source_url":"https://commons.wikimedia.org/wiki/File:Rock_Salt_in_Mount_Sodom_closeup.jpg"},"rock_class":"alluvium","rock_class_he":"סחף עמקים"},"geometry":{"type":"MultiPolygon","coordinates":[[[[35.629316762908964,32.98097380002038],[35.629363624014054,32.980916951485405],[35.62940567845174,32.98085646063179],[35.629442644419946,32.98079273280197],[35.634124025157064,32.97190263719439],[35.63416259061327,32.971819357095114],[35.634192474234744,32.971732582452994],[35.635719823786616,32.96643408065362],[35.635740102324164,32.966348069666786],[35.63575184805064,32.96626048458329],[35.635754947726966,32.9661721698],[35.63574937146955,32.966083976748706],[35.63573517303839,32.96599675568764],[35.6357124893188,32.96591134750415],[35.63568153900167,32.96582857560789],[35.63564262047517,32.96574923799236],[35.63559610894793,32.96567409954165],[35.63554245283181,32.96560388465616],[35.635482169418715,32.96553927026885],[35.63541583989351,32.965480879318974],[35.63534410373088,32.96542927474638],[35.63526765253021,32.96538495406433],[35.63518722334799,32.96534834456297],[35.635103591591935,32.96531979918995],[35.63501756354537,32.96529959314765],[35.63492996859395,32.96528792124],[35.63484165122969,32.9652848959944],[35.634753462909266,32.965290546576874],[35.634666253845275,32.96530481851085],[35.63458086480942,32.96532757420241],[35.63449811902676,32.96535859426676],[35.634418814239034,32.96539757964333],[35.63434371501383,32.965444154478966],[35.62400808243586,32.972579625005565],[35.612783315906945,32.97614749364875],[35.59714252061735,32.97307936767731],[35.597035201813306,32.97306495390952],[35.596926928716655,32.973063533013054],[35.58728785318618,32.97351758673737],[35.5871938326211,32.97352698119357],[35.58710131516144,32.97354618124887],[35.58701132056918,32.973574975273095],[35.586924840798346,32.97361304588776],[35.58684282906124,32.973659973464336],[35.586766189321864,32.97371524074954],[35.58669576633204,32.97377823856673],[35.57838951852889,32.98203352552008],[35.569963022511125,32.98794570558053],[35.56989543144716,32.98799809159844],[35.56983311743128,32.98805665618013],[35.56977664304728,32.98812087059247],[35.5697265181575,32.988190155094536],[35.569683195299795,32.98826388417158],[35.56964706560182,32.9883413921823],[35.56961845524995,32.988421979368425],[35.56798016158873,32.99384040626756],[35.56795851415893,32.993927443251486],[35.56794563702996,32.994016202630355],[35.56794165808358,32.99410580294159],[35.56794661683441,32.994195354371385],[35.569593823320275,33.009800729583205],[35.56701345531823,33.021289557261554],[35.55577395828817,33.04065764159598],[35.55572674174855,33.04075115222492],[35.54607677148895,33.06299301777639],[35.546046826750036,33.06307199385937],[35.54602441739659,33.06315342929359],[35.54600974079439,33.06323660685318],[35.54600292620462,33.0633207939688],[35.54566281932789,33.073370718166025],[35.53464178408505,33.07934061531986],[35.534567647491734,33.07938552050528],[35.53449817435156,33.07943734900073],[35.53443400902449,33.07949562009946],[35.53437574664076,33.079559793339904],[35.53001253285552,33.084857311452055],[35.52996210237047,33.08492473568601],[35.52991819341216,33.08499657762729],[35.529881190279426,33.085072208502694],[35.52985141683015,33.08515096637763],[35.51063738794998,33.14418955545308],[35.512282,33.147409],[35.517656,33.172886],[35.520033,33.222185],[35.527784,33.244251],[35.53688,33.257868],[35.542771,33.271536],[35.549489,33.281019],[35.561167,33.28213],[35.566955,33.276187],[35.585042,33.252209],[35.597754,33.244354],[35.597858,33.24438],[35.598064,33.244251],[35.603852,33.240091],[35.603892,33.240323],[35.604576,33.244251],[35.604576,33.244354],[35.61806,33.256125],[35.620065,33.269536],[35.631092,33.274565],[35.649484708584296,33.27639544627258],[35.6494877316129,33.27637067120566],[35.64948966486119,33.276280812357015],[35.64948262579542,33.276191208776275],[35.64946668461812,33.2761027541043],[35.64944200031496,33.27601633052357],[35.64940881906922,33.275932799959946],[35.64936747180648,33.27585299548643],[35.64931837089423,33.27577771301474],[35.64530458646502,33.27024822942149],[35.64546993123236,33.270109485650174],[35.645533880615666,33.27005031998152],[35.64559180977844,33.269985248389624],[35.64564317589582,33.269914880627425],[35.64568749764193,33.2698398760756],[35.64572435970011,33.269760937563845],[35.645753416654685,33.26967880478499],[35.64577439622764,33.26959424736372],[35.64578710183,33.26950805764484],[35.64579141440402,33.26942104326857],[35.64578729353875,33.26933401960259],[35.64577477784872,33.26924780210161],[35.64317561761444,33.255918312678496],[35.6437751532168,33.24883337326038],[35.649157573475186,33.22507211647605],[35.64917168091894,33.22499398697943],[35.64917884803507,33.22491491820773],[35.6491790190507,33.22483552545639],[35.6478686686897,33.1936308481182],[35.647861291522766,33.193547617764494],[35.647846227312655,33.19346543027188],[35.64782360590383,33.19338499404725],[35.647793622279266,33.193307002402655],[35.64775653487984,33.19323212757929],[35.6442254841007,33.18686483404525],[35.64417820872233,33.18678877309924],[35.64412360821781,33.18671778708783],[35.64406222321499,33.18665257888024],[35.627425389054444,33.17065488233576],[35.61638857907046,33.15570159762601],[35.617908137080626,33.14773717009018],[35.62742780252577,33.123556710185284],[35.62746092306667,33.12345533213407],[35.62748181873005,33.12335074795387],[35.6286207531094,33.115144969056054],[35.62862837287376,33.11506205386064],[35.62862829724116,33.11497878931405],[35.62819441492764,33.10578987149314],[35.628185968089696,33.105702251386504],[35.628169002046405,33.10561587554768],[35.62381524582439,33.088043832119126],[35.623787503982406,33.08795278956275],[35.62375030293831,33.087865185686205],[35.623704058717195,33.08778200017736],[35.61450068654169,33.0731113402639],[35.616575033158654,33.05865942502053],[35.6165834338627,33.05856778179741],[35.61658243213525,33.05847575979616],[35.615987794588456,33.04890238287937],[35.615976797404386,33.04880735002017],[35.615955774946,33.04871402136097],[35.61592496474586,33.04862345142141],[35.61588471492813,33.04853666355039],[35.61583548027511,33.04845463836323],[35.6157778170887,33.048378302661774],[35.60362383788189,33.03395195386646],[35.597773040897806,33.02431968157538],[35.6008912740276,33.016016760697426],[35.60585304451663,33.007175083140794],[35.629316762908964,32.98097380002038]]],[[[35.409638062895546,31.984507331124696],[35.409584635162034,31.984575530682417],[35.40953801235846,31.984648551340925],[35.40949862650567,31.984725716468944],[35.40946684256477,31.984806311031306],[35.40944295505526,31.984889588214685],[35.40942718532596,31.984974776347777],[35.4094196795039,31.985061086051847],[35.409420507140254,31.985147717555357],[35.40942966056592,31.985233868104864],[35.409447054962506,31.9853187394036],[35.41015429872982,31.988085064729066],[35.410186078791504,31.988184795926056],[35.410229223281924,31.98828016278047],[35.42467491570399,32.01582322460658],[35.42370200381692,32.03281731213513],[35.420185074645985,32.05196128058398],[35.412578842534096,32.07169717199345],[35.398920730211216,32.097270496443],[35.38480637455483,32.112477246395414],[35.38475542972039,32.11253718783842],[35.38470991377518,32.112601348975225],[35.38467017445836,32.112669239618484],[35.38463651537598,32.11274034108766],[35.37626138481128,32.13263693571686],[35.37622863554431,32.1327282005128],[35.37620589460446,32.13282245881281],[35.37619342594885,32.13291861654829],[35.3761913743028,32.13301555760365],[35.37619976348005,32.13311215677119],[35.38290269456789,32.18049793941517],[35.38292702228247,32.180614075400655],[35.38921759899341,32.20312811464842],[35.390321574769374,32.21050162120379],[35.38819177106485,32.22049866141273],[35.37816620671723,32.235275395028204],[35.378115078213376,32.23536050867262],[35.37807363645763,32.23545073636932],[35.37585992940137,32.24106845593667],[35.37583112874964,32.241153850464656],[35.375811012648384,32.241241697180136],[35.3757997827976,32.24133111526221],[35.3757975517967,32.24142120813421],[35.37591070833492,32.245887617386366],[35.37591867934482,32.245986475372355],[35.37593747942686,32.2460838560445],[35.3788985266473,32.257884903732126],[35.379856183845234,32.270938326825046],[35.37986679270575,32.271025016202564],[35.379885754055366,32.27111026913985],[35.37991288933913,32.2711932828283],[35.38673804628612,32.2890830183058],[35.38677299011368,32.289162790061724],[35.38681548051333,32.28923881091455],[35.40474878713152,32.31796553505884],[35.422624597657425,32.357014680618796],[35.42749433186854,32.37031400486266],[35.42752482014943,32.37038712766654],[35.42756162084574,32.3704572859766],[35.42760444879841,32.37052393615431],[35.44497731947079,32.39510914977306],[35.44502201684384,32.39516723230208],[35.44507129195035,32.395221485405344],[35.46785769330225,32.41834387662612],[35.46900266065775,32.427605487085074],[35.46735351392745,32.44594851227828],[35.46734991437015,32.446034456260485],[35.467354536139496,32.44612035133681],[35.46736733701575,32.44620541285841],[35.470684019980105,32.46280782642825],[35.46768604539712,32.47943085092379],[35.4676758556836,32.47950478562184],[35.46767182685639,32.47957931037201],[35.467673986620724,32.47965391268602],[35.468402702750225,32.489985345505055],[35.46841351111789,32.49007466521419],[35.46843318343758,32.4901624594685],[35.468461523111635,32.490247850885666],[35.46849824692416,32.49032998609642],[35.468542987871366,32.49040804427277],[35.46859529882928,32.490481245331054],[35.46865465702212,32.490548857727795],[35.46872046924675,32.49061020577048],[35.46879207780087,32.49066467637015],[35.47324665213633,32.493714119292676],[35.47333086120362,32.49376523266824],[35.47342015198321,32.49380683676483],[35.482444308857055,32.497424558793625],[35.48252053337374,32.49745121382001],[35.48259884023851,32.49747092935461],[35.482678599064926,32.497483546683306],[35.49832758524877,32.499243865460095],[35.509789079576606,32.506265327472924],[35.51413451732064,32.51420598830612],[35.51782747189045,32.52991911797456],[35.5178507775033,32.53000077200397],[35.51788167485104,32.530079866163135],[35.51791988888884,32.53015569636441],[35.525970942809884,32.544415260245664],[35.526013614749765,32.54448351635484],[35.526062214813116,32.544547686634054],[35.526116354211986,32.54460725773765],[35.526175599845146,32.54466175311217],[35.53946458730143,32.55583046996174],[35.53954575716201,32.55589122868881],[35.53963324595564,32.5559424720315],[35.54638272505523,32.55940066386054],[35.54563510985139,32.56045916266842],[35.54558656773327,32.560535817877295],[35.54554599036423,32.56061697103744],[35.54551379014853,32.5607017973564],[35.54549029435001,32.56078943470992],[35.54547574176598,32.56087899240404],[35.545470280300265,32.56096956022764],[35.54547396545994,32.561060217703215],[35.545486759791245,32.5611500434421],[35.5455085332602,32.561238124508904],[35.545539064574214,32.56132356570004],[35.546128635819,32.56274319932566],[35.54616557340101,32.56282132437171],[35.546209833542406,32.56289554665723],[35.54626100818065,32.562965181879534],[35.546318625504036,32.56302958802699],[35.54638215430164,32.563088171298155],[35.54645100886085,32.5631403915764],[35.54652455436749,32.5631857674096],[35.5466021127585,32.563223880448945],[35.555899025108594,32.56725052169522],[35.55471022269399,32.57254702796971],[35.55469536130203,32.57263220532185],[35.55468874213992,32.57271841569815],[35.55469042630042,32.57280486340426],[35.555856343233536,32.59004288811377],[35.55525111230944,32.6059909462965],[35.555251806797614,32.60607420516543],[35.55526019260278,32.60615704356136],[35.55527619795362,32.60623875249792],[35.55529968586563,32.606318632655395],[35.55533045531356,32.60639600036599],[35.55536824295191,32.606470193465114],[35.5554127253688,32.60654057695861],[35.55546352185396,32.606606548457485],[35.568272012277625,32.621738333804664],[35.56808706347797,32.62198501958476],[35.56160601926315,32.62358574575895],[35.56152156614281,32.6236110524427],[35.56143999427455,32.62364450073247],[35.56136208642182,32.623685769658564],[35.561288590188155,32.62373446320449],[35.5612202108432,32.62379011410711],[35.56115760455498,32.623852188340514],[35.56110137209324,32.62392009024053],[35.56105205306456,32.62399316822072],[35.561010120734174,32.62407072102497],[35.560975977484624,32.62415200445679],[35.560949950954445,32.624236238520595],[35.56093229089414,32.62432261490654],[35.56092316676959,32.62441030474706],[35.560922666135895,32.62449846657068],[35.56093079379711,32.62458625437679],[35.56094747176024,32.62467282575384],[35.56097253998358,32.62475734996313],[35.56100575791253,32.624839015910595],[35.56104680678795,32.62491703993001],[35.56109529270493,32.6249906733031],[35.56268657553051,32.62716716031984],[35.56274217870719,32.62723585921976],[35.56280425197176,32.62729877314454],[35.56287219671939,32.62735529538242],[35.56294535772347,32.62740488086002],[35.56297444197749,32.62742067165863],[35.564061,32.625477],[35.572536,32.62124],[35.572536,32.615013],[35.565612,32.615013],[35.565612,32.607546],[35.571296,32.598554],[35.574397,32.572767],[35.579978,32.560391],[35.575844,32.554965],[35.574397,32.554396],[35.57388,32.556748],[35.572536,32.560391],[35.570159,32.556825],[35.565612,32.546102],[35.55941,32.55295],[35.562821,32.532021],[35.565612,32.525587],[35.551969,32.525587],[35.551969,32.518817],[35.55724,32.519334],[35.561374,32.519179],[35.568505,32.510265],[35.570573,32.506027],[35.579978,32.497733],[35.579978,32.49148],[35.570986,32.489207],[35.564991,32.48391],[35.561271,32.477089],[35.55941,32.470396],[35.563131,32.468174],[35.565405,32.466314],[35.568092,32.46497],[35.572536,32.464195],[35.572536,32.456728],[35.566232,32.453111],[35.55941,32.450527],[35.565612,32.443706],[35.551969,32.436212],[35.554139,32.434455],[35.556207,32.434791],[35.55786,32.43412],[35.55941,32.429443],[35.551969,32.429443],[35.551969,32.423242],[35.55817,32.417997],[35.5591,32.413966],[35.554863,32.411175],[35.545148,32.409573],[35.549592,32.39854],[35.551969,32.395285],[35.556827,32.390918],[35.560961,32.384717],[35.563958,32.377043],[35.565612,32.367948],[35.55941,32.367948],[35.55941,32.374821],[35.551969,32.374821],[35.551969,32.367948],[35.557343,32.358207],[35.556517,32.328209],[35.565612,32.313352],[35.561167,32.301699],[35.560857,32.28263],[35.564578,32.263587],[35.572536,32.251908],[35.567575,32.249506],[35.563751,32.246818],[35.561064,32.243149],[35.55941,32.237594],[35.572536,32.237594],[35.559562,32.190371],[35.555173,32.174394],[35.55941,32.162534],[35.55941,32.155093],[35.551246,32.151527],[35.546698,32.147031],[35.546698,32.141605],[35.551969,32.135197],[35.535226,32.110806],[35.534606,32.09923],[35.545148,32.086828],[35.528301,32.075098],[35.522824,32.057838],[35.524684,32.011691],[35.535536,31.988229],[35.537706,31.977584],[35.538326,31.963942],[35.53998,31.955622],[35.545871,31.944563],[35.545148,31.936605],[35.5406,31.932006],[35.533676,31.9303],[35.527474,31.927355],[35.524684,31.919241],[35.52853890699599,31.906590026878717],[35.52158493511767,31.904365408345928],[35.518141568859875,31.90198785978623],[35.52402184852802,31.8671417653919],[35.52403231101042,31.867053228487922],[35.52403396256312,31.86696409084561],[35.52402678697998,31.866875227141485],[35.52401085467252,31.866787509364023],[35.52398632197889,31.866701798257118],[35.523953429629834,31.866618934873905],[35.523912500386494,31.8665397323238],[35.523863935873216,31.86646496779375],[35.523808212636595,31.866395374921954],[35.52374587746929,31.86633163659894],[35.5236775420445,31.8662743782666],[35.52360387691387,31.86622416178093],[35.52352560492758,31.86618147989876],[35.52344349414127,31.86614675144248],[35.523358350279395,31.86612031719029],[35.523271008828914,31.866102436532273],[35.523182326840946,31.86609328492508],[35.52309317452085,31.866092952170224],[35.52300442668919,31.86610144153292],[35.52291695419741,31.866118669710012],[35.52283161538251,31.866144467647427],[35.52274924764445,31.866178582199016],[35.52267065922905,31.86622067861061],[35.518099299458655,31.868969059347275],[35.518015752463235,31.869025908979637],[35.51793910527994,31.869091766328776],[35.51787032422926,31.8691658011058],[35.507825582142424,31.881275552862945],[35.50329006453838,31.884243668628436],[35.494449863008214,31.885914986552834],[35.48680509374578,31.884912405740124],[35.49401271852528,31.88220710161485],[35.49410213742695,31.882167881759546],[35.49418678134972,31.882119205858288],[35.5002843111603,31.87815770805016],[35.500344694178644,31.878114845105916],[35.50040134915135,31.878067163296382],[35.500453892549395,31.878014985406278],[35.5081978305378,31.86966465052325],[35.508247445661176,31.86960636329643],[35.50829192852901,31.869544070955435],[35.50833095737853,31.86947822408624],[35.519166657470876,31.849285732463184],[35.5371846268998,31.825405103737157],[35.537235998193964,31.825329280066757],[35.53727939738906,31.82524862804432],[35.53731437504949,31.82516398289013],[35.537340568951855,31.825076221176744],[35.538326,31.821034436735122],[35.538326,31.819299],[35.54403138105835,31.80470000037478],[35.54158293010068,31.800494693448233],[35.54721326869423,31.796558146933528],[35.55238318880153,31.783329291413285],[35.54370764293951,31.769355311686923],[35.53791237522286,31.755005527639504],[35.537879175541214,31.754932802871174],[35.53783965327814,31.754863311134166],[35.5377941202746,31.75479760073637],[35.53774293579782,31.754736190149927],[35.52361346046215,31.73923859240373],[35.51643280674839,31.726948715181436],[35.516384453022816,31.726874583292858],[35.51632905166036,31.726805559320795],[35.516267138455106,31.726742310805427],[35.50332118248672,31.714757236503125],[35.49896893009969,31.70447972541266],[35.49641010972454,31.690775926607245],[35.49638982544851,31.690690583892273],[35.491509886110855,31.673853496914898],[35.49061424086116,31.66725336126902],[35.49109753566985,31.662820726793633],[35.48538117341901,31.651500333671905],[35.47941863733132,31.647589623779826],[35.467393784479235,31.63711836315572],[35.46255805403808,31.6264723265479],[35.46250114346372,31.626366446319874],[35.45355797132812,31.61210269125703],[35.443426223955,31.590979886143366],[35.440095853041456,31.581236044575277],[35.43988640265525,31.573047780714322],[35.444969932982964,31.56006615624622],[35.444997338098375,31.559984991476068],[35.44501690214593,31.559901588788417],[35.446376743440254,31.552545556575453],[35.44638876895916,31.55245500135159],[35.4463915530002,31.55236369357104],[35.44569671276813,31.518124023405584],[35.4608212364246,31.531156412362584],[35.460890880119706,31.53121070390342],[35.460965509092695,31.531257909115666],[35.46104440489547,31.531297573557914],[35.46112680800341,31.53132931538324],[35.46121192512733,31.53135282901522],[35.46129893685039,31.53136788808969],[35.46138700551656,31.53137434763396],[35.46147501758457,31.53137215209081],[35.46034293329978,31.51604426415523],[35.44780759480937,31.504746760049265],[35.45850166773238,31.49012203327132],[35.457128,31.433524],[35.456884,31.423509],[35.452854,31.400823],[35.435077,31.360619],[35.43132162392768,31.35480870410311],[35.42273852690783,31.347260249760087],[35.41851120713819,31.334988502164354],[35.416473,31.331835],[35.41728897189878,31.33104183408819],[35.41574845465611,31.317431247322414],[35.42278718103124,31.309871847917638],[35.422261,31.303],[35.408205,31.282019],[35.3957,31.25768],[35.40027874277295,31.234782942156606],[35.39991826537307,31.232698652287187],[35.40106535924853,31.230849285291573],[35.401177,31.230291],[35.410686,31.204608],[35.421331,31.184506],[35.42329849293976,31.181206354513456],[35.424592317331616,31.176146028964837],[35.424608934706285,31.17606608235],[35.4246182377434,31.175984958667488],[35.42516212740961,31.168091921010898],[35.42516324019938,31.16798729136399],[35.425152201614274,31.16788323968956],[35.421388020146956,31.14511668703898],[35.421955669205666,31.13213119695396],[35.421955387606346,31.132046601498146],[35.42194716444778,31.13196240618886],[35.4219310723828,31.13187935490418],[35.421907253587186,31.13179818141455],[35.41580261365086,31.114116225424237],[35.40748398957663,31.08309376639325],[35.407458232124455,31.08301309298075],[35.40742500613381,31.08293519767041],[35.40738460578377,31.08286077013825],[35.39841726200763,31.068048311189806],[35.39835486038078,31.067958135232924],[35.39828195478718,31.06787621795358],[35.37673584697127,31.0464512904084],[35.376674458580005,31.046395627289034],[35.376608210695736,31.046345846416507],[35.37653766494655,31.046302369816924],[35.37646341939644,31.0462655660708],[35.366171468498784,31.041741482111362],[35.35108690295316,31.032934926322778],[35.3510121751148,31.03289587280198],[35.35093412046956,31.03286398393766],[35.350853424108564,31.032839539620635],[35.3507707943095,31.032822754400414],[35.35068695631994,31.03281377560205],[35.35060264599187,31.032812682033104],[35.33678982667887,31.033280979538905],[35.33377359048195,31.03231171546912],[35.32255355828709,31.023630212563006],[35.30575348471448,31.007728195172927],[35.30569902433655,31.007680644465736],[35.30564092295813,31.007637618516075],[35.294255868305314,30.999894762507623],[35.29418495864128,30.99985119131421],[35.2941103272831,30.99981435668751],[35.294032612432936,30.999784573614935],[35.293952478661105,30.999762096783286],[35.29387061122309,30.99974711840081],[35.291879480703194,30.99947727063058],[35.2917888024383,30.999469624089766],[35.29169781553466,30.99947117350142],[35.291607450194896,30.99948190302516],[35.291518630267085,30.99950170296794],[35.29143226379981,30.999530370905475],[35.29134923375879,30.999567613751733],[35.291270388999806,30.999613050755286],[35.291196535590544,30.999666217391923],[35.29112842856972,30.999726570113694],[35.29106676422797,30.999793491905866],[35.291012172989355,30.99986629859496],[35.2909652129662,30.999944245843377],[35.29092636425328,31.00002653675913],[35.28683893952806,31.0099563239026],[35.28140939164389,31.01672937174054],[35.273118497139,31.022161214780656],[35.261657999933554,31.02598797748622],[35.26157847122232,31.026018793537393],[35.2615022166931,31.026056999449146],[35.26142992117228,31.026102252101975],[35.26136223393118,31.02615414509103],[35.26129976285514,31.02621221237595],[35.26124306898415,31.02627593246628],[35.26119266147432,31.02634473310488],[35.26114899302521,31.02641799640724],[35.26111245581427,31.026495064410565],[35.26108337797474,31.026575244982826],[35.26106202064879,31.026657818038647],[35.260657569268936,31.028596230820156],[35.260644267186585,31.028679179540585],[35.26063875728489,31.028763007200695],[35.26064108757096,31.028846983419843],[35.26065123774131,31.028930376523025],[35.26066911935866,31.029012459915844],[35.26069457662258,31.029092518415265],[35.260727387726895,31.029169854480912],[35.26076726679227,31.029243794292654],[35.26081386635706,31.02931369362153],[35.26086678040469,31.02937894344283],[35.28264619953839,31.05381056240734],[35.29546861026996,31.07260844924521],[35.29356699106992,31.089885470211684],[35.28921140173886,31.10589926572572],[35.28919158630143,31.10599061373445],[35.2891813521867,31.1060835242998],[35.28918080978553,31.10617699523678],[35.28940316132401,31.11099162173206],[35.28941041128968,31.111071375766056],[35.289424722119215,31.111150169598925],[35.289445980504986,31.111227379371456],[35.28947401813128,31.111302393766422],[35.28950861300698,31.11137461884874],[35.297279328962475,31.12590115444232],[35.301826475073234,31.13715492771133],[35.312276233996634,31.179129072175648],[35.312292026597646,31.17918479356185],[35.31713092704562,31.194376653925435],[35.317165712141495,31.19446827992111],[35.317210253929666,31.194555580293876],[35.317264024214595,31.194637519798622],[35.31930123800586,31.19740124897636],[35.31935294222913,31.197465074740556],[35.31941025024094,31.1975239206976],[35.319472684682914,31.197577296678478],[35.32989768806533,31.20569645453029],[35.33307622752208,31.209878946170257],[35.33465346770077,31.218912591966685],[35.33467450409386,31.219004414506642],[35.341178066301545,31.241829926304852],[35.342951014697874,31.268641467726162],[35.34295922256022,31.26871699498716],[35.342973771001496,31.268791560924516],[35.346721825105696,31.284452482655436],[35.34674692291494,31.28453827845033],[35.34678040797214,31.284621161315837],[35.34682194994024,31.284700313595255],[35.346871138999084,31.284774954434884],[35.353075760952805,31.293242609238305],[35.35311913131688,31.293297226340204],[35.3531666006545,31.29334832113726],[35.37276119892133,31.312865112491654],[35.381454838665455,31.323592809903598],[35.393275124174934,31.353380533663394],[35.39694369019893,31.37039488211863],[35.39890356655299,31.41635235331712],[35.38866379142867,31.45132345806919],[35.388641808566724,31.451416665200853],[35.3886298537957,31.45151168045785],[35.38862806246745,31.45160742807795],[35.38895276474246,31.461009656385873],[35.38516850256045,31.47287994786888],[35.385143528811035,31.472976463040464],[35.38263302503051,31.485503456989438],[35.37510956909172,31.49035627669319],[35.37503173301767,31.49041258423199],[35.374960342172365,31.49047686751563],[35.37489620997017,31.49054839411201],[35.37484006712178,31.49062634906005],[35.37479255330865,31.49070984415518],[35.36870706680755,31.50287121692696],[35.36158771059192,31.507111161181854],[35.35455631020113,31.508426925847242],[35.34089413750912,31.508645244139707],[35.340785467214126,31.508653580803976],[35.34067860146361,31.508674992117587],[35.335256626783924,31.510107638379687],[35.31861952062062,31.503408485648567],[35.31853191012198,31.50337834898472],[35.318441665588146,31.503357378956334],[35.31834974336805,31.503345797789212],[35.31825711758962,31.503343728212528],[35.318164769836564,31.50335119215822],[35.31807367874631,31.503368110528573],[35.31798480963903,31.503394304034433],[35.31789910428785,31.503429495095205],[35.31781747093862,31.50347331078044],[35.317740774684935,31.50352528676191],[35.31010768151247,31.509292990332398],[35.30256947031347,31.513102260476973],[35.302495867822564,31.51314390548743],[35.302426499054626,31.513192274977794],[35.3023619764788,31.51324694188527],[35.302302869776355,31.513307423546042],[35.30224970081083,31.5133731859568],[35.30220293902046,31.513443648489574],[35.30216299727336,31.513518189018168],[35.30140130482184,31.515115734413218],[35.30136688764924,31.515198234849038],[35.301340824408925,31.515283742574915],[35.301323372221646,31.515371414034576],[35.30131470325783,31.515460384325948],[35.30131490303909,31.515549775733632],[35.30132396959454,31.515638706387808],[35.30234296220084,31.52232294712318],[35.30235916917889,31.522404045856604],[35.30238275214061,31.522483314479757],[35.302413511950576,31.522560083645388],[35.30867119993861,31.53631143668651],[35.310431947946846,31.543367689735792],[35.31005357925324,31.54938144314961],[35.30780802844709,31.55696547344656],[35.29619235844301,31.58080005348321],[35.28911582114337,31.591877650190366],[35.28089720266777,31.59970091135779],[35.26921045781612,31.605859583470597],[35.269137634928306,31.605902443467286],[35.269069152620965,31.605951944233812],[35.26900561456583,31.60600764942078],[35.26326850340963,31.61153485356006],[35.26320287764779,31.61160522035538],[35.26314513914529,31.61168219107597],[35.26309594784796,31.611764885953487],[35.26163844043301,31.61454312556747],[35.26160161441182,31.61462247261567],[35.26157266543699,31.614705019976327],[35.2615518669909,31.614789987820455],[35.2615394155575,31.614876573452644],[35.261535428766095,31.614963958894165],[35.2615399442801,31.615051318610444],[35.261552919441236,31.61513782730994],[35.26157423167251,31.615222667740714],[35.26160367963623,31.615305038411027],[35.261640985136026,31.615384161161106],[35.261685795745,31.615459288514437],[35.27183103809734,31.630729091495205],[35.27330280969147,31.639290193144607],[35.273322115181,31.639376719371548],[35.273349839860536,31.639460926449747],[35.27338571471546,31.639541997311706],[35.27806677870997,31.648852066529358],[35.27811173761728,31.648931233410217],[35.278164464614136,31.649005453098795],[35.278224420147254,31.649073966107924],[35.278290990693996,31.649136071346653],[35.29464467046332,31.662913645452086],[35.2947252865509,31.66297417954786],[35.29481216695342,31.663025317850398],[35.3269452952932,31.679589616655402],[35.32703243552021,31.67962882940287],[35.345103077701964,31.686632331854007],[35.34517701856749,31.686657357896006],[35.34525284989179,31.6866758825992],[35.34533000120289,31.686687766603974],[35.36319526686922,31.688651017608695],[35.36329639182073,31.688656398800187],[35.36339748114585,31.688650385366216],[35.37339278656272,31.687488679082435],[35.39283928336991,31.691553542417445],[35.392926043640166,31.691567298114187],[35.40486112113254,31.692866368291295],[35.41233566654613,31.698361576494356],[35.42727374589148,31.71413874900542],[35.43089712769484,31.72787226336138],[35.424789323554904,31.750009764773445],[35.41833995812813,31.76302623839721],[35.413123440958664,31.769177952770896],[35.40103415047101,31.778245536605027],[35.400973897619735,31.778294945861525],[35.400918144381066,31.7783493816686],[35.40086730867582,31.778408435980772],[35.40082177156347,31.778471666132702],[35.39775198475977,31.783148595404047],[35.397708902075266,31.78322149280206],[35.397672861052435,31.783298116512587],[35.39764418072766,31.783377788259855],[35.3976231149802,31.78345980278677],[35.397609850284766,31.783543434097872],[35.396921078571026,31.789766095845952],[35.396915682620964,31.789876107154626],[35.39692376522493,31.789985953755966],[35.39960145484982,31.809747821749223],[35.39921975762724,31.813975285565],[35.38242186319277,31.834099296205327],[35.38236809148755,31.834170633833157],[35.382321656871,31.834246950802513],[35.37590194790162,31.846083665410557],[35.36959308367912,31.85475687864816],[35.36953546042316,31.85484688399933],[35.36948891230285,31.854943085222615],[35.361742842203256,31.873720860698665],[35.36171158573219,31.87380950171308],[35.36168974419688,31.873900919128022],[35.36167755581019,31.873994115907205],[35.36109340628315,31.881487068297893],[35.36109099749547,31.881580783879055],[35.361098350205864,31.881674241623845],[35.36508341827144,31.912010004032055],[35.36403877799406,31.936971180838846],[35.36403952236547,31.93706129539011],[35.36404927492231,31.937150883749137],[35.36406793788392,31.937239047689054],[35.36409532413252,31.937324903264443],[35.364131159089325,31.9374075896739],[35.36417508346746,31.937486277890578],[35.364226656874244,31.93756017897413],[35.36518492626075,31.93879647240095],[35.36524369244866,31.938864909465373],[35.365309014201095,31.93892712011789],[35.365380235308905,31.938982479402828],[35.365456640299215,31.939030431191988],[35.3655374616229,31.93907049377136],[35.365621887365236,31.93910226468035],[35.36570906940225,31.939125424754824],[35.36579813192078,31.939139741333335],[35.365888180216736,31.939145070594428],[35.365978309683086,31.939141359001418],[35.3660676148974,31.939128643840224],[35.3661551987175,31.939107052844786],[35.366240181294,31.939076802913892],[35.36632170890908,31.93903819793225],[35.36639896255275,31.93899162571771],[35.3664711661505,31.938937554125353],[35.37529049940398,31.931615282802785],[35.37536914609194,31.931541599646973],[35.375438421554726,31.93145904409457],[35.38590492605238,31.917349826678567],[35.38864956922089,31.917263248088375],[35.402298664969884,31.921128674395288],[35.40237626046506,31.921146979393782],[35.40245517144516,31.92115834561842],[35.40253477868949,31.921162683877533],[35.40261445751374,31.92115996012847],[35.40269358267189,31.921150195744698],[35.41199241235495,31.91958183236427],[35.41208404110446,31.919561412894943],[35.41217304439685,31.919531559982058],[35.41225845387824,31.919492598424664],[35.423250480382414,31.913767887930298],[35.423321601497996,31.913726612090397],[35.42338865841661,31.913679017156774],[35.423451091344795,31.913625500453584],[35.43683431864283,31.901048510473796],[35.44998245397982,31.892893826864537],[35.4500744481266,31.892828443430588],[35.459122631112976,31.885501994483562],[35.466688308597526,31.88408607127985],[35.48055579113021,31.884861036568367],[35.4773114411909,31.886473590586313],[35.477231081913764,31.8865188065836],[35.47715577076788,31.88657200744016],[35.47708629825064,31.886632634737488],[35.47702339357473,31.886700052106033],[35.47696771701403,31.88677355190481],[35.476919852973055,31.886852362649094],[35.47688030385288,31.88693565710825],[35.470935652735264,31.901313882156895],[35.45330472943336,31.92248335463297],[35.45325225648989,31.9225529544266],[35.45320676238134,31.922627303785426],[35.453168673827925,31.92270570533623],[35.445430777188704,31.9408158292706],[35.43651375365802,31.94790594481058],[35.42151182773222,31.954680479302194],[35.42143197821556,31.95472144726661],[35.421356605842,31.954770164047336],[35.4212864600846,31.954826145223983],[35.42122223844501,31.954888834141887],[35.4211645795178,31.954957607447263],[35.42111405664051,31.955031781285573],[35.42107117219265,31.955110618101536],[35.421036352600176,31.95519333397305],[35.42100994409536,31.955279106406223],[35.41664147243496,31.972473451303603],[35.41241357513056,31.981295725439953],[35.409638062895546,31.984507331124696]]]]}},{"type":"Feature","properties":{"id":"golan-heights-basalt","name_he":"רמת הגולן","name_en":"Golan Heights Basalt Plateau","rock_summary_he":"בזלת געשית, ניאוגן-קוורטרני, מכ-5 מיליון שנה ועד כ-100 אלף שנה","description_he":"הרמה נבנתה משכבות בזלת שנפלטו במשך כ-5 מיליון שנה מהרי געש ובקעים באזור שדה הבזלת א-שמה, ועוביה המקסימלי מגיע לכ-750 מטר. פני השטח מפוזרים בגבעות חרוט סיגים (כמו החרמון הקטן ומירון גולן) ומכוסים באדמת בזלת פורייה. הבזלת הנקבובית משמשת אקוויפר טוב, ובמגעים בין שכבות בזלת לסלעי גיר בלתי חדירים פורצים מעיינות ומפלים כמו נחל דבורה וגמלא.","color":"#4B4640","sources":[{"title":"גאולוגיה של הגולן - ויקיפדיה","url":"https://he.wikipedia.org/wiki/גאולוגיה_של_הגולן"},{"title":"חבורת בשן - ויקיפדיה","url":"https://he.wikipedia.org/wiki/חבורת_בשן"}],"rock_photo":{"file":"assets/rocks/golan-heights-basalt.jpg","title":"138231 hexagonal pool PikiWiki Israel","author":"רוני קניגסברג","license":"CC BY 2.5","license_url":"https://creativecommons.org/licenses/by/2.5","source_url":"https://commons.wikimedia.org/wiki/File:138231_hexagonal_pool_PikiWiki_Israel.jpg"},"rock_class":"volcanic","rock_class_he":"סלע וולקני (בזלת)"},"geometry":{"type":"Polygon","coordinates":[[[35.56317460780588,32.662663287493054],[35.55184881229023,32.66652581519249],[35.55176865584933,32.66655751268808],[35.55169189932833,32.66659673287074],[35.55161924678222,32.666643115990375],[35.551551364621965,32.666696236594326],[35.551488875501825,32.66675560742983],[35.551432352607975,32.66682068391341],[35.55138231440093,32.66689086912609],[35.551339219859926,32.666965519288716],[35.54196050955966,32.68517345479854],[35.54192508353552,32.6852510608455],[35.541897164536465,32.685331672452634],[35.54187700340959,32.68541456533939],[35.54186478129893,32.68549899472837],[35.54186060801792,32.685584202036964],[35.54186452106271,32.685669421693106],[35.54310676653852,32.69894574716919],[35.54311858604707,32.69902945158969],[35.54313820689306,32.699111677821485],[35.54316545597386,32.69919170043322],[35.547986870697535,32.71143382345757],[35.549633410605225,32.735480450948586],[35.54964386993542,32.73556881397055],[35.549663003614064,32.73565571232256],[35.54969062461722,32.735740296608476],[35.549726462960784,32.73582174005124],[35.54977016833949,32.73589924657427],[35.549821313551014,32.735972058582746],[35.54987939867166,32.73603946436884],[35.549943855942956,32.73610080506835],[35.550014055321235,32.73615548110084],[35.55008931063607,32.736202958030276],[35.55016888629729,32.73624277178896],[35.550252004485124,32.73627453321354],[35.550337852753,32.736297931848995],[35.55042559196897,32.73631273898315],[35.55051436451778,32.73631880988229],[35.55060330268382,32.736316085205836],[35.5506915371326,32.736304591586396],[35.5507782054082,32.73628444136943],[35.550862460363405,32.73625583151512],[35.55094347844022,32.73621904167321],[35.55102046771983,32.73617443144945],[35.551092675663284,32.73612243689067],[35.55115939646723,32.73606356622259],[35.551219977962894,32.73599839488209],[35.55127382799074,32.73592755989257],[35.55132042018861,32.735851753637306],[35.556524409404496,32.72636312158121],[35.56377436991766,32.7369988370131],[35.56382679166569,32.73706827377021],[35.56388567306862,32.73713232440092],[35.56395046387589,32.73719039034789],[35.56402055861317,32.73724192898107],[35.564095302240574,32.73728645866856],[35.564173996274015,32.73732356327751],[35.56425590531261,32.73735289606294],[35.56434026391105,32.73737418290805],[35.564426283732715,32.73738722488588],[35.57775648208286,32.73875320531966],[35.59173378309851,32.74614656609375],[35.59181244846555,32.74618343305613],[35.59189430191207,32.74621254364145],[35.591978580744566,32.746233626603264],[35.59882126721262,32.7475982360066],[35.61156191361768,32.7584539358989],[35.611655420561775,32.75852367707236],[35.624097007839374,32.7666037459177],[35.63580930690615,32.78879688742211],[35.635845528550405,32.788859320885024],[35.643114097636385,32.800304390121],[35.64316826331136,32.80038061746903],[35.66197544445408,32.82413083552385],[35.66205096006504,32.82421478814633],[35.67392639949794,32.83585701883721],[35.67807430245725,32.852138697870046],[35.677650393259405,32.86539840755039],[35.67076526374582,32.8926996118251],[35.670746566491914,32.89279538332785],[35.670738347575465,32.89289261612815],[35.67017711197527,32.91153868459363],[35.66901387865561,32.91633945834348],[35.65740570528881,32.930111843117615],[35.657333966160245,32.93020963795225],[35.65165276963621,32.939162122794095],[35.63993688220602,32.95080013976092],[35.6398685163098,32.950876247006626],[35.639809229352025,32.950959621254775],[35.63975978739403,32.95104918520625],[35.624983224207675,32.98183260990372],[35.619087738611,32.98982929637012],[35.605620865351426,33.00434832559245],[35.6055539148417,33.00442955972723],[35.60549690754108,33.004518055620245],[35.59487774255899,33.02333627837487],[35.59483739010055,33.02341699213261],[35.59480532308728,33.023501341040436],[35.59478186389289,33.02358847712819],[35.59476724835561,33.02367752440586],[35.594761623407265,33.02376758767],[35.59476504559616,33.023857761503315],[35.59477748051861,33.02394713937694],[35.59479880316478,33.024034822763916],[35.594828799175424,33.024119930172155],[35.5948671669969,33.024201606006194],[35.600433291117604,33.034654233522396],[35.60048192408787,33.034735046621904],[35.600538747416074,33.03481032631519],[35.61308567581681,33.04973659664848],[35.61358122590779,33.058401008194494],[35.61145476383111,33.06937686398207],[35.61144066619103,33.0694832986966],[35.61143934324292,33.06959065484092],[35.61165688251262,33.074180542616716],[35.61166667277901,33.074276939355826],[35.61168676918831,33.074371724982164],[35.61171693881617,33.07446380089749],[35.61175683198616,33.07455209991003],[35.611805986322615,33.07463559860364],[35.62657438344455,33.09688882687717],[35.63172129322748,33.11036154172696],[35.63175693401004,33.110442624103435],[35.63180037193427,33.110519810655994],[35.631851186316354,33.110592353855054],[35.6319088850336,33.1106595511406],[35.66038880931084,33.140701222999084],[35.6632023240911,33.157649154545766],[35.66177378957678,33.16666792988553],[35.6573716923473,33.17598567526056],[35.645752136185294,33.19077239500724],[35.64570106271127,33.19084439647974],[35.6456572886702,33.19092105510691],[35.64562123519603,33.19100163338433],[35.64559324914596,33.19108535609805],[35.645573599763466,33.19117141778267],[35.645562476088024,33.191258990470395],[35.64555998513642,33.19134723165665],[35.64626638817681,33.22523770884355],[35.64024670202227,33.25375378689991],[35.64023345540432,33.25383455750233],[35.640227601573365,33.253916197540086],[35.64022918894537,33.25399803178324],[35.64069540870267,33.26117352693804],[35.64070457891857,33.261255859981055],[35.64072128075257,33.261337001040786],[35.642739376637834,33.26927222947713],[35.64276226982153,33.269348092706956],[35.642791747314526,33.26942164816158],[35.64282758059975,33.26949232562029],[35.6428694918884,33.269559577173304],[35.647418570375486,33.27618982375833],[35.652143,33.27666],[35.66049,33.289261],[35.698523,33.32267],[35.716197,33.326727],[35.729426,33.327812],[35.743689,33.331171],[35.757538,33.336313],[35.769423,33.342643],[35.785753,33.357887],[35.8057,33.391348],[35.8211,33.406722],[35.822443,33.401373],[35.816966,33.395198],[35.815415,33.378868],[35.812315,33.373365],[35.809938,33.360032],[35.793505,33.349929],[35.785753,33.342875],[35.763842,33.334401],[35.802083,33.31249],[35.768597,33.272699],[35.775625,33.264896],[35.803633,33.248463],[35.807664,33.201721],[35.830195,33.189991],[35.833399,33.161129],[35.822443,33.14157],[35.811488,33.126765],[35.811488,33.111908],[35.848902,33.098678],[35.845801,33.085423],[35.85903,32.99021],[35.864611,32.97773],[35.888073,32.944941],[35.874017,32.922333],[35.866885,32.920782],[35.849729,32.895823],[35.83805,32.866031],[35.841874,32.853577],[35.834226,32.827946],[35.784203,32.777949],[35.75759,32.744347],[35.757435,32.744282],[35.740175,32.740535],[35.685191,32.711234],[35.652015,32.686171],[35.640226,32.680999],[35.635995,32.679143],[35.612334,32.681535],[35.611758,32.6819],[35.612224,32.681546],[35.593827,32.670358],[35.578737,32.653434],[35.57143163652746,32.64795497739559],[35.5714219734926,32.647967025753246],[35.571373287756565,32.648041869549786],[35.57133225741856,32.64812116902102],[35.57129928629283,32.6482041437138],[35.57127469887609,32.648289977004026],[35.571258737153904,32.64837782413374],[35.57002460545205,32.65780919833116],[35.56317460780588,32.662663287493054]]]}},{"type":"Feature","properties":{"id":"coastal-plain-kurkar","name_he":"מישור החוף","name_en":"Coastal Plain (Kurkar Sandstone & Dunes)","rock_summary_he":"כורכר (אבן חול גירני מאובנת) וחולות, קוורטרני, כ-100 אלף שנה ועד היום","description_he":"לאורך החוף נוצרו שלושה-ארבעה רכסי כורכר מקבילים לקו החוף - דיונות חול קדומות שהתאבנו בזמן ירידות והעלאות של מפלס הים. בין הרכסים נוצרו עמקים פוריים (בקעים) ששימשו לחקלאות ולהתיישבות, והכורכר עצמו שימש כאבן בנייה מרכזית (יפו, קיסריה). זהו האזור הצפוף ביותר באוכלוסין בישראל, והבנת רכסי הכורכר מסבירה את מיקומן של ערי החוף הקדומות.","color":"#E3C16F","sources":[{"title":"מישור החוף - המכלול","url":"https://www.hamichlol.org.il/מישור_החוף"},{"title":"רכסי הכורכר - שביל הים","url":"https://israelseatrail.org.il/רכסי-הכורכר/אוקיאנוגרפיה-וגיאולוגיה/"}],"rock_photo":{"file":"assets/rocks/coastal-plain-kurkar.jpg","title":"Herzliya coast","author":"Shlomo Katzav","license":"CC BY-SA 4.0","license_url":"https://creativecommons.org/licenses/by-sa/4.0","source_url":"https://commons.wikimedia.org/wiki/File:Herzliya_coast.jpg"},"rock_class":"sandstone","rock_class_he":"אבן חול"},"geometry":{"type":"Polygon","coordinates":[[[34.91659497681743,32.616652096977425],[34.91667321022774,32.61661128117636],[34.91674707063923,32.61656300037564],[34.91681584804399,32.616507718690606],[34.91687888129617,32.616445967534965],[34.916935564467565,32.61637834051236],[34.9169853526722,32.61630548771019],[34.917027767304305,32.616228109450404],[34.92314005718063,32.603651124147504],[34.931248116128856,32.59201237720207],[34.93181146625204,32.59224800275115],[34.93189379977892,32.592277821784236],[34.931978641452794,32.592299498378935],[34.932065188107444,32.59231282733057],[34.93215262043621,32.59231768245864],[34.932240110748076,32.59231401780137],[34.9323268308031,32.592301868050775],[34.932411959653095,32.59228134822426],[34.932494691413275,32.592252652575795],[34.93257424289122,32.592216052756946],[34.932649861001146,32.592171895245315],[34.93272082989307,32.59212059806448],[34.93278647772952,32.59206264682677],[34.93284618304558,32.591998590136114],[34.93289938063206,32.59192903439462],[34.932945566886175,32.59185463806196],[34.93298430457895,32.591776105421985],[34.9330152269943,32.59169417991551],[34.93805872983855,32.57607019217169],[34.95494235918231,32.56514865850219],[34.95501513433261,32.565096261523166],[34.96405077906329,32.55788089290071],[34.96412125445691,32.55781829841349],[34.9641847966311,32.557748676268766],[34.96424070859483,32.5576727901485],[34.96428837705245,32.55759147244388],[34.96736251022578,32.55165506141045],[34.97521076788784,32.5420690067305],[34.97526570971188,32.541994366340866],[34.975312684016245,32.54191447136904],[34.97842717844656,32.53593209104158],[34.97846923573274,32.53583868129286],[34.97850040558045,32.535741097292785],[34.97852028415942,32.53564060331996],[34.98037869794717,32.52229323863858],[34.99451032387402,32.50196626502163],[34.994551850204516,32.50190066711246],[34.994587568591555,32.5018317344015],[35.00759071748891,32.47384378269578],[35.022089482385475,32.455061738179616],[35.022142046366326,32.45498590528202],[35.022186569840706,32.454905089066635],[35.02222258483939,32.45482013896181],[35.02880571807209,32.43676885766784],[35.044497222781025,32.42193357149566],[35.04455578989795,32.421872749404166],[35.05206669033386,32.41330195909607],[35.05212210884264,32.413232006698266],[35.05217032691858,32.41315690965286],[35.05221087044409,32.413077406372345],[35.05224334076376,32.41299427859471],[35.05226741860418,32.41290834369682],[35.05228286721332,32.41282044665734],[35.05228953468846,32.41273145174822],[35.052287355469815,32.412642234036525],[35.052276350985146,32.412553670780085],[35.05225662943909,32.41246663280162],[35.05222838474922,32.412381975926124],[35.05219189463924,32.41230053256576],[35.05214751790827,32.412223103534885],[35.05209569090278,32.412150450175865],[35.05203692322615,32.41208328687296],[35.051971792727805,32.41202227402792],[35.02911818286256,32.392648903523096],[35.02682403786116,32.370642754412124],[35.026810248902095,32.37055385221147],[35.02678765315913,32.3704667708181],[35.02675647641497,32.37038238037257],[35.021657560435614,32.35845171423971],[35.02161499193037,32.35836524261382],[35.02156342049903,32.35828381898585],[35.021503437584386,32.35820837715612],[35.01185027915572,32.347319386466424],[35.00524898634865,32.31641173840724],[35.005237782090425,32.31636533949739],[34.99725451288873,32.286768297059815],[34.99616486153123,32.27565742917693],[34.997058657484885,32.2653029737449],[34.99706195684284,32.26521763314464],[34.997057152178655,32.26513236404696],[34.99704428675746,32.26504793428471],[34.99702347643005,32.264965104132656],[34.99699490858967,32.26488461946137],[34.99695884048457,32.26480720502079],[34.99691559690152,32.26473355791398],[34.99686556724119,32.26466434131984],[34.99680920201163,32.26460017852133],[34.99674700877157,32.26454164729285],[34.996679547559914,32.26448927469756],[34.982261453688366,32.254354577743854],[34.97763137974482,32.247772034265736],[34.977553669586555,32.24767624589347],[34.96213176093159,32.2311270814285],[34.95166699433735,32.21752275293618],[34.942988615663616,32.20229810957637],[34.93730636420819,32.178314554286395],[34.93709386834071,32.153789036777425],[34.937090836965154,32.153722619214946],[34.93708291067084,32.153656606672946],[34.935468211202576,32.143419812973086],[34.935454672010266,32.143351346114095],[34.93543586809055,32.14328413426163],[34.92594909095641,32.11382851121782],[34.92590915762405,32.113726332061916],[34.92585708901286,32.113629770627256],[34.918183229958316,32.101267066668534],[34.911439615511334,32.08715792086203],[34.92626173870944,32.04945508530755],[34.92628880252274,32.04937551811679],[34.9263083262803,32.049293773326575],[34.93128064252173,32.023120248757074],[34.9389413563861,32.00417659013513],[34.938973903916114,32.004080993225486],[34.93899553687148,32.00398235182401],[34.93900598288767,32.003881907851614],[34.93971675966317,31.988927321962475],[34.93971634100563,31.98883381780236],[34.93970622315105,31.988740861725354],[34.939686515312346,31.988649457106614],[34.939657430217466,31.988560590574732],[34.9396192818132,31.988475221361984],[34.9395724818764,31.98839427095032],[34.89913428284586,31.926151628690885],[34.89908941921083,31.926088669019048],[34.899039317922735,31.926029791799714],[34.8784753028785,31.903867361540232],[34.865341227111955,31.885438266778927],[34.848388478078725,31.844821117931556],[34.84601940955763,31.835502182238585],[34.84498081051472,31.823692553358658],[34.84496860389633,31.823604201642453],[34.8449477122248,31.82351749198123],[34.84491834067767,31.82343327595243],[34.844880777713534,31.823352380643456],[34.84483539223906,31.823275600528873],[34.84478262998597,31.82320368966782],[34.844723009133475,31.823137354298407],[34.84465711521923,31.8230772459017],[34.84458559538878,31.82302395480356],[34.84450915203991,31.82297800437699],[34.84442853592438,31.82293984590211],[34.84434453877478,31.822909854134117],[34.844257985528905,31.82288832362281],[34.84416972622803,31.822875465819795],[34.844080627668646,31.82287140700183],[34.83683946862001,31.822900719773042],[34.828576579747605,31.81978555517669],[34.78190676202667,31.791305862875017],[34.777740132771804,31.785458753376172],[34.767108896897234,31.76504587895034],[34.76706614878494,31.764972476852623],[34.76701667103498,31.76490343178537],[34.754356124361514,31.748889777119132],[34.75428239373056,31.74880745884883],[34.70522627106405,31.700380783798067],[34.69608089510448,31.689470258176065],[34.688688135397506,31.677727222601824],[34.68863443217176,31.677650985810892],[34.6885731286144,31.67758071520109],[34.688504882874724,31.677517165191155],[34.688430427632646,31.67746101804809],[34.679211364481816,31.671230850508987],[34.671297001223365,31.66417735380419],[34.673243789593535,31.648823572377836],[34.67324980619488,31.648755488468417],[34.67325063863804,31.64868714430077],[34.67295101078323,31.637076854284267],[34.67294518049144,31.636995210429564],[34.67293195677744,31.636914433918736],[34.666669428165214,31.60720584394898],[34.662446210146115,31.57339975856941],[34.66242627487241,31.573293020951724],[34.660359399970254,31.565026353475968],[34.66848417601013,31.56173653039834],[34.66856084925366,31.561701213280703],[34.668633876276175,31.561658867808063],[34.66870261461253,31.561609866520467],[34.66876645952786,31.561554640513396],[34.66882484933785,31.561493675645156],[34.67662099120244,31.552549232830703],[34.67668381034356,31.552468283937237],[34.67673702132361,31.552380719335673],[34.67677993443843,31.55228767401112],[34.679137234943504,31.546302139355703],[34.67917392157815,31.54618676491731],[34.686001864981314,31.518352663240524],[34.68601928916502,31.5182615801452],[34.686027248241366,31.51816918758308],[34.68602565770924,31.518076466481713],[34.68601453445521,31.51798440125673],[34.68599399657438,31.517893969360355],[34.685964262116464,31.517806130903836],[34.685925646770826,31.51772181846399],[34.67952844977473,31.505464829854326],[34.6794953208019,31.505406726335078],[34.67945796826197,31.505351243585054],[34.6634604323298,31.483396276396423],[34.66340917940342,31.48333227893375],[34.6633523149678,31.483273211399077],[34.663290310965316,31.48321956401922],[34.66322368199378,31.483171782036813],[34.65200463265549,31.475876332361626],[34.65193293166553,31.475834285587332],[34.65185765734663,31.47579903306822],[34.65177945175743,31.47577087549362],[34.651698981959086,31.475750053035927],[34.65161693432552,31.475736743302054],[34.64648604624782,31.475146028983378],[34.65033275810969,31.469695080537587],[34.65038834809193,31.469605618016942],[34.65043310552835,31.469510273585477],[34.653698233336634,31.461343622448858],[34.653726266812846,31.46126247578873],[34.65374644083485,31.461179027211298],[34.65375857182761,31.46109403606321],[34.6557689632311,31.43978380631383],[34.66822870395628,31.430613672734278],[34.66829251470666,31.43056206318133],[34.66835135887644,31.43050485547641],[34.668404747161254,31.430442525316263],[34.66845223562382,31.43037559099216],[34.67392813235862,31.421859622044295],[34.67396897273481,31.421789317839377],[34.67400330168043,31.421715614779398],[34.67403083902815,31.421639114373928],[34.67405136003862,31.42156044096237],[34.67406469723462,31.4214802366186],[34.67407074176788,31.421399155910816],[34.67425991333057,31.414928445587137],[34.67425711013985,31.41482646544419],[34.67424278367598,31.414725457722373],[34.67253132649807,31.406177391157065],[34.67251041322783,31.40609390095913],[34.6724816203135,31.406012790256337],[34.67244521108505,31.40593480085894],[34.67240151852861,31.40586064603081],[34.67235094224109,31.405791003966197],[34.6722939447756,31.40572651158718],[34.67223104741113,31.405667758718604],[34.67216282538508,31.405615282693752],[34.65900093563793,31.39645847618134],[34.6615108619505,31.390626314761096],[34.66864432712739,31.37999183918712],[34.66868806987018,31.37991950126831],[34.66872483259366,31.37984337831378],[34.66875429095975,31.37976414191613],[34.670704509084274,31.37365411383711],[34.67072876055996,31.373561330831922],[34.67074300185029,31.373466494099727],[34.670747071258255,31.373370680426156],[34.670740922579384,31.37327497768914],[34.67072462562639,31.37318047250702],[34.67033962748215,31.37149110928845],[34.67031451055553,31.371402226563887],[34.67028041623352,31.371316386154202],[34.670237703600826,31.37123449213893],[34.67018682251106,31.371157407033802],[34.6701283088488,31.371085942706635],[34.67006277888563,31.37102085182667],[34.66999092278948,31.37096281993738],[34.65560542661088,31.360517484994023],[34.6555238014064,31.360464703773374],[34.636469337909006,31.34955551552176],[34.6364013496035,31.349520341525785],[34.63633061824996,31.349491072168036],[34.63625765552593,31.349467919185923],[34.62332647870709,31.34596228801133],[34.60002091495058,31.336709683960066],[34.59992803118212,31.33667854444979],[34.599832313169344,31.336657684785948],[34.599734895000964,31.336647352118568],[34.579710320198195,31.335620828883613],[34.57411198070847,31.334430731389595],[34.56356141038093,31.322022731616144],[34.553396400308536,31.30685618481939],[34.55334161215126,31.306782807103467],[34.5532796510717,31.306715376724615],[34.55321115856067,31.306654591797987],[34.55313684372972,31.30660108163753],[34.55305747596957,31.306555400240644],[34.55297387698459,31.30651802055254],[34.55288691228554,31.30648932956981],[34.55279748222881,31.306469624333786],[34.53591033440917,31.3036406729346],[34.53582603603555,31.30363061112722],[34.535741164638274,31.30362853707668],[34.53565647541096,31.30363446923808],[34.52502492371919,31.30488530062801],[34.51497020080705,31.29320294077313],[34.514907656876424,31.293137275949828],[34.51483882244242,31.293078238394216],[34.51476439635405,31.293026427491437],[34.5146851342302,31.29298236925726],[34.5146018407881,31.29294651099766],[34.514515361673425,31.29291921676748],[34.51442657487468,31.29290076367433],[34.51433638180943,31.29289133906523],[34.514245698172466,31.292891038624536],[34.514155444639194,31.292899865402507],[34.51406653751834,31.292917729784328],[34.50615834406666,31.294926025303315],[34.499598027918225,31.295128346722052],[34.49008952790954,31.293534164195272],[34.48439347658168,31.290505935471522],[34.48431904658029,31.290470635377723],[34.48424170073356,31.290442288566208],[34.48416208702034,31.290421132517526],[34.48408087241892,31.290407344470303],[34.483998737319354,31.290401039936405],[34.481606017548806,31.290327256065126],[34.481514520536,31.290329089613824],[34.481423682744854,31.290340205411194],[34.48133444340057,31.290360488524485],[34.4812477252011,31.290389729234683],[34.474922544270235,31.292887406497787],[34.474838337490134,31.29292577245997],[34.474758515241334,31.292972582047316],[34.47468392134641,31.29302734042302],[34.474615344357574,31.2930894687215],[34.46768450848762,31.300049939610357],[34.45783843627763,31.30372293132247],[34.457757880359416,31.303757540044685],[34.45768107417446,31.303799822778352],[34.45760874662481,31.303849378254082],[34.457541584109585,31.30390573618309],[34.45748022401098,31.30396836172031],[34.457425248645386,31.304036660540145],[34.457377179737136,31.304109984476714],[34.45733647346728,31.30418763767502],[34.45730351614433,31.30426888319476],[34.45727862053813,31.304352950003935],[34.45726202291168,31.304439040296128],[34.45725388077889,31.30452633706174],[34.457254271409816,31.304614011841586],[34.4572631910973,31.304701232589053],[34.4572805551922,31.304787171566367],[34.46004389566768,31.315695926062215],[34.46006608676117,31.315770000943466],[34.46009455453769,31.315841897524486],[34.460129088844155,31.315911085054715],[34.469979862363886,31.333691269000408],[34.474048951477236,31.344125559980643],[34.4740800990723,31.344196296617792],[34.47411720096221,31.34426409996784],[34.47415998351621,31.344328469973178],[34.47420813120795,31.344388931897498],[34.482787608978036,31.354261142158553],[34.4828611125118,31.354336354205547],[34.49760778551632,31.367758938088205],[34.50646796768568,31.385999427142252],[34.50652989767828,31.386107260713093],[34.5245888384072,31.413052222796576],[34.5246368420047,31.413117318941815],[34.52469049594444,31.4131778425591],[34.52474936689776,31.413233304837764],[34.549307001107266,31.434368812257233],[34.54937787701656,31.434423904778647],[34.5494538886686,31.43447166259672],[34.5685254939769,31.44516642096888],[34.58432301714814,31.462776061461337],[34.592166556720734,31.47946762425012],[34.59220002761712,31.479531979041056],[34.59223857247672,31.479593429295896],[34.6062403239543,31.50003656446962],[34.59939359635924,31.537124456592494],[34.59460956090847,31.54617915040601],[34.583201808763214,31.559194724268536],[34.58314575369856,31.559265557093347],[34.58309708124215,31.5593416521085],[34.58305628169143,31.559422242777966],[34.583023766036845,31.559506517279157],[34.582999861821826,31.559593626680766],[34.57941250153307,31.57581717163373],[34.57612659559851,31.584531330818983],[34.56387045939901,31.603377272951597],[34.563836161102024,31.60343455494878],[34.55216447038194,31.624677671664355],[34.54621764113686,31.63131244423445],[34.53738878985189,31.638242901760098],[34.53732447234656,31.638298494033034],[34.537265687114385,31.6383599068882],[34.53721295866785,31.63842659236809],[34.53716675747766,31.63849795547009],[34.537127495774904,31.638573359455386],[34.53709552387297,31.638652131530318],[34.53707112704184,31.638733568849357],[34.53705452296276,31.638816944786292],[34.53704585978598,31.63890151541754],[34.53704521480887,31.638986526159844],[34.537052593786264,31.63907121850303],[34.537067930879076,31.639154836777863],[34.53816890660818,31.643885770188923],[34.538195678018454,31.643978139022177],[34.53823215263598,31.644067123920003],[34.54279784661665,31.65370362085925],[34.544374461181924,31.664070937701844],[34.544389854966184,31.66414885373444],[34.544412057956905,31.664225109251824],[34.54444089724826,31.664299110414],[34.544476148254205,31.66437028093675],[34.55190484845165,31.677839413837354],[34.551947632318786,31.67790926742947],[34.55199659019127,31.677974941704036],[34.56727506993095,31.69663391438123],[34.58203076109685,31.718621624559457],[34.582360510026994,31.72601014581305],[34.58237041947838,31.72610905571874],[34.58239117642038,31.72620626948335],[34.582422527634535,31.72630060117496],[34.58393878463793,31.730140006819653],[34.602712,31.757758],[34.60963,31.76553],[34.665945,31.873887],[34.693207,31.926459],[34.711925,31.951606],[34.743337,32.039862],[34.743988,32.044623],[34.742686,32.055609],[34.743337,32.06037],[34.757009,32.066596],[34.837657,32.280707],[34.87322,32.430325],[34.904145,32.560614],[34.909841,32.570258],[34.915863,32.614895],[34.91653627832474,32.61667573177209],[34.91659497681743,32.616652096977425]]]}},{"type":"Feature","properties":{"id":"shephelah","name_he":"השפלה","name_en":"Shephelah (Judean Foothills)","rock_summary_he":"קירטון (גיר רך) וחוואר עם קרום נארי, אאוקן-סנון, כ-56-34 מיליון שנה","description_he":"השפלה היא אגן שקוע בין ההר המרכזי למישור החוף, שהתמלא בסלעי קירטון וחוואר רכים המכוסים לעיתים בקרום נארי קשה. הרכות של הקירטון אפשרה לאורך הדורות לחצוב בו מאות מערות מלאכותיות (בית גוברין-מרשה, פארק עדולם) - תופעה ייחודית שחשוב להכיר. השפלה הייתה גם זירת מפגש היסטורית בין ההר לחוף (למשל קרב דוד וגוליית בעמק האלה).","color":"#DDD6A3","sources":[{"title":"שפלת יהודה - ויקיפדיה","url":"https://he.wikipedia.org/wiki/שפלת_יהודה"}],"rock_photo":{"file":"assets/rocks/shephelah.jpg","title":"Bell caves in Beit Guvrin Israel","author":"Rs1985rs","license":"CC BY-SA 3.0","license_url":"https://creativecommons.org/licenses/by-sa/3.0","source_url":"https://commons.wikimedia.org/wiki/File:Bell_caves_in_Beit_Guvrin_Israel.jpg"},"rock_class":"chalk","rock_class_he":"קירטון"},"geometry":{"type":"Polygon","coordinates":[[[34.84304725024322,31.83591095278011],[34.84305646166799,31.835990546070686],[34.84307271553808,31.83606900468371],[34.84552128827968,31.84570647676448],[34.845562571832644,31.84583044794386],[34.862138272528476,31.885688112742493],[34.8621724115953,31.885760860093114],[34.86221290359201,31.885830272275832],[34.862259425699754,31.88589579590819],[34.878086072651875,31.906201356412485],[34.87813609344883,31.906260148199518],[34.89800818046765,31.9276829711788],[34.900472810141906,31.93183580146995],[34.905405019531266,31.948163511528747],[34.90543138305118,31.948238614282477],[34.90546427902594,31.948311094028917],[34.90550345015791,31.948380383863814],[34.90554859006796,31.948445941832976],[34.91736361092326,31.964077401208616],[34.928606673543555,31.98301888995826],[34.928649642430784,31.98308457516677],[34.928698171027165,31.98314626671579],[34.93807109113122,31.994047525449883],[34.938133894713346,31.994113499609618],[34.9382030452037,31.994172787798707],[34.93827783428955,31.99422478272459],[34.93835749590172,31.994268951800056],[34.93844121406143,31.994304842598552],[34.93852813123842,31.99433208748843],[34.938617357134724,31.994350407398613],[34.938707977804015,31.994359614677133],[34.93879906501322,31.994359615013277],[34.93888968575047,31.9943504084036],[34.93897891178199,31.994332089151968],[34.939065829160064,31.9943048449036],[34.93914954758466,31.994268954723],[34.94099188724695,31.99336618246163],[34.94106991300777,31.993323030245254],[34.94114328599127,31.993272369230418],[34.94121128604312,31.99321469665394],[34.94127324574425,31.993150578570948],[34.94132855696147,31.993080644299095],[34.94137667681635,31.993005580241803],[34.9414171330135,31.992926123151232],[34.94247566187616,31.990564613671093],[34.94251435016906,31.99046195576776],[34.9478342818106,31.973228674260596],[34.955552597717855,31.954746411790147],[34.95558440940695,31.954657338255398],[34.95560669734978,31.954565418041298],[34.955619215386236,31.95447166636441],[34.956468385902156,31.94390191356765],[34.95647098324316,31.94380686961112],[34.95646353930086,31.943712082019232],[34.95644613715426,31.94361860868],[34.95396976357711,31.933362169712066],[34.96217350713574,31.928498702105184],[34.96224986091942,31.9284480122127],[34.96232066370855,31.928389820026517],[34.96238518130746,31.928324728975568],[34.97172132029787,31.917893085169954],[34.98986972099426,31.906386098813684],[34.989939431473644,31.90633712445771],[34.99000419890747,31.906281778111907],[34.990063442944475,31.90622055570949],[34.99011663272602,31.906154005836324],[34.99559273011718,31.898594814657407],[34.999122573745055,31.905178187452684],[34.99917039249427,31.905257321569756],[34.999226077875335,31.90533113199989],[34.999289042177786,31.905398839738577],[34.9993586208685,31.90545973018988],[34.99943407960528,31.90551316070836],[34.99951462198718,31.905558567381647],[34.999599397959834,31.905595470982036],[34.99968751278703,31.905623482024318],[35.00638692764808,31.907379876241812],[35.01628729591942,31.91552064090696],[35.01635617931034,31.915571973527516],[35.01642964311245,31.91561650474418],[35.016507017992566,31.91565382883031],[35.01658759898342,31.915683605723885],[35.016670651906686,31.91570556412581],[35.01675542006211,31.91571950397173],[35.02658481248757,31.916857323022445],[35.0267058230161,31.916863122376817],[35.04934892328978,31.91642224150676],[35.049434995651346,31.91641643025146],[35.04952011620945,31.916402404820907],[35.04960350288248,31.916380294079755],[35.049684389519655,31.91635030117991],[35.04976203294032,31.916312701694],[35.04983571976229,31.916267841083407],[35.049904772956296,31.916216131524216],[35.04996855806653,31.916158048120163],[35.050026489039965,31.916094124537416],[35.050078033610944,31.91602494810128],[35.050122718191645,31.915951154399913],[35.05016013222333,31.915873421444566],[35.050189931948545,31.915792463440074],[35.05021184356955,31.9157090242228],[35.05022566576393,31.915623870426312],[35.050231271534365,31.915537784437603],[35.05041043999803,31.90504961552209],[35.052562691694874,31.888415900673465],[35.05256971906853,31.888327681491862],[35.052568048206695,31.888239198633613],[35.05255769526518,31.888151307652365],[35.05253876034808,31.88806485837881],[35.05251142653987,31.887980686703578],[35.04927546168296,31.879465870682157],[35.04747966307078,31.868627753659776],[35.047462572742134,31.868547494267727],[35.0474382432914,31.86846912509539],[35.047406876972886,31.868393297637247],[35.04213423570289,31.85713001476401],[35.04029589861881,31.850533267299046],[35.04027078962487,31.850456626278195],[35.040238920514305,31.85038254073679],[35.04020054719638,31.850311605582423],[35.04015597780919,31.850244390425054],[35.03827129558486,31.847661340806752],[35.037849178478446,31.834785384529518],[35.03784262350324,31.83470253821269],[35.037828454673,31.83462064972655],[35.03780679279851,31.83454041729479],[35.03777782258016,31.83446252502071],[35.02939785195941,31.814766230345413],[35.02796930028884,31.807512136988766],[35.030010248971614,31.790887812563994],[35.030016955676444,31.790777821260516],[35.030011747995154,31.776255896889584],[35.03225058927283,31.770246509735486],[35.043075362624904,31.750914765944522],[35.04311232776126,31.75084101130811],[35.04314238389861,31.750764181650393],[35.04316527848499,31.750684922546103],[35.04318081914459,31.750603899983833],[35.044299222841374,31.742872231446203],[35.04430733757402,31.74278898578334],[35.04430768930222,31.74270534628574],[35.04430027498824,31.742622035318757],[35.04313751771759,31.734077126358102],[35.04311981115002,31.733984016425808],[35.04309241100346,31.733893284876746],[35.04087546020622,31.727742930519995],[35.04084052961771,31.72765944298848],[35.0407973910793,31.727579885585076],[35.04074648078626,31.727505062754368],[35.0246779315715,31.706269219791587],[35.00930169608918,31.67834216359073],[35.009250478972106,31.678259948021054],[35.00919072274371,31.67818371294942],[35.009123119587166,31.678114341440832],[35.009048452580124,31.678052637056552],[34.99631538407223,31.6686356922452],[34.996238756251465,31.66858486343565],[34.99615734197021,31.6685421187798],[34.99607199109213,31.668507904478602],[34.99598359457405,31.668482577686735],[34.995893075165476,31.668466402784343],[34.99580137777626,31.66845954861726],[34.987438463452236,31.668262970740336],[34.98577184856848,31.655154567486303],[34.98603420217099,31.654023883225932],[34.988528376946164,31.65196280025267],[35.008034867579354,31.639979938677246],[35.008105329847986,31.639931912591102],[35.00817093060299,31.63987743344652],[35.008231080941016,31.639816990307242],[35.02112423664517,31.62557063911265],[35.02117986728101,31.625502796926042],[35.02122862801244,31.62542986050853],[35.02127005547222,31.62535252296588],[35.02130375598035,31.625271519227198],[35.02132940928504,31.625187619061013],[35.02134677160612,31.625101619760233],[35.0213556779516,31.625014338565588],[35.021356043685564,31.624926604899493],[35.021347865332494,31.624839252484133],[35.02133122061028,31.624753111418723],[35.02130626769165,31.62466900029116],[35.0212732437011,31.624587718399102],[35.02123246246155,31.624510038154327],[35.021184311512066,31.624436697742603],[35.02112924842518,31.6243683941088],[35.02106779645861,31.624305776333912],[35.021000539582786,31.624249439466922],[35.02092811693149,31.62419991887011],[35.02085121672825,31.624157685131596],[35.02077056974618,31.624123139593372],[35.019134249431396,31.62351478174423],[35.01905604226431,31.623489703548096],[35.0189758746013,31.623471859145234],[35.01889441403878,31.623461397134943],[35.01881233893978,31.623458404639642],[35.01873033278486,31.623462906579345],[34.990034456327486,31.626356183911373],[34.96002246731878,31.626042707728345],[34.959934572170816,31.62604608822005],[34.95984742679525,31.626058032602696],[34.95976186359015,31.626078426785526],[34.95967869984097,31.62610707596672],[34.95959872991397,31.626143706494073],[34.95952271766852,31.626187968478913],[34.95945138916091,31.626239439138143],[34.95938542570913,31.626297626832628],[34.959325457385056,31.626361975763217],[34.95927205699612,31.626431871279674],[34.95827392781393,31.62787987894751],[34.95823025699814,31.6279498993197],[34.958193183309135,31.628023625395524],[34.95816301844019,31.628100437330495],[34.95814001599937,31.62817968933608],[34.95812436937735,31.628260715109093],[34.95510999764555,31.648918510598588],[34.94998199456013,31.663438086924142],[34.94194709011138,31.6653618067298],[34.924368971816875,31.665674233688993],[34.9242863362874,31.665679512186806],[34.92420453563561,31.665692363125974],[34.9241242622882,31.66571267772579],[34.924046195743514,31.665740284027088],[34.91840026464698,31.66803418391991],[34.918318978360844,31.66807203111329],[34.918241861453204,31.668117778822715],[34.91816967936844,31.668170972967133],[34.918103148569024,31.66823108555392],[34.91804292942409,31.668297519919612],[34.91798961965478,31.668369616652253],[34.91794374840138,31.668446660136553],[34.91790577097121,31.66852788565692],[34.91787606431935,31.668612486987858],[34.917854923307075,31.668699624396368],[34.917842557775124,31.668788432976925],[34.917839090460866,31.668878031236357],[34.91784455578006,31.668967529843314],[34.92009322606502,31.689174685669517],[34.9201097070423,31.689272935133896],[34.92013694574591,31.689368761189268],[34.9256314606083,31.705289355936216],[34.92525497431867,31.7103245136999],[34.92233793583275,31.71662373074895],[34.917505365877304,31.722222004600564],[34.910869510178756,31.726756629515478],[34.90351026210181,31.727661516131757],[34.89460611526033,31.726795650842124],[34.85273401608273,31.714823103014258],[34.81939472621925,31.697640209977703],[34.81930699632976,31.697600776672985],[34.81921555915358,31.697570931039426],[34.81912145905215,31.69755101396276],[34.812756787753436,31.69655573991393],[34.81266488249904,31.696546169324655],[34.81257248032048,31.696546072569667],[34.79673297173079,31.69734363186624],[34.785113015027626,31.694862065577404],[34.77194562477427,31.688829499754597],[34.74890426789341,31.67522029902719],[34.723856904748544,31.654047984816156],[34.71218755034283,31.642806411365957],[34.68392498909257,31.60587623143461],[34.679771001283065,31.596617873583103],[34.675239211436676,31.56356050269237],[34.67522413615445,31.563478781939764],[34.675201587664404,31.563398799997195],[34.675171758200655,31.563321238739903],[34.67513490207026,31.563246759405903],[34.675091333485184,31.563175996958694],[34.675041423883506,31.56310955467396],[34.67498559876279,31.56304799899642],[34.67000417552091,31.55804061852688],[34.66993906976141,31.557981285587513],[34.66986847567244,31.557928601318373],[34.66979306948936,31.557883070392986],[34.66971357354361,31.557845128961496],[34.66963074934331,31.557815140472737],[34.669545390278614,31.557793392192643],[34.669458314021654,31.55778009245249],[34.66937035469393,31.55777536865324],[34.66928235487603,31.557779266045145],[34.669195157536436,31.557791747294285],[34.669109597956485,31.557812692840184],[34.66902649572912,31.55784190204113],[34.658430055201684,31.56215993228151],[34.658347419914634,31.56219859951907],[34.65826912394402,31.56224543419544],[34.65819597187719,31.562299955026734],[34.658128715441585,31.562361601744374],[34.65806804577977,31.56242974085254],[34.65801458634713,31.562503672138117],[34.657968886505046,31.562582635866246],[34.6579314158756,31.56266582058753],[34.65729136090845,31.564303767996485],[34.65726225874816,31.564391204974925],[34.65724225026187,31.56448115952683],[34.657231545221556,31.564572688555256],[34.65723025586044,31.564664832456195],[34.65723839569638,31.564756625179236],[34.65725587939013,31.564847104355763],[34.65947959376199,31.573852040823517],[34.663338799837135,31.605504459662797],[34.66335053270114,31.605576340753053],[34.670068752796126,31.63833581855858],[34.67030936141439,31.647509967650866],[34.66817804620764,31.66279988682049],[34.66816980209682,31.66289818784461],[34.66817236577522,31.662996800644283],[34.668185706443715,31.663094540519822],[34.668719711486816,31.665863960698424],[34.66874215972317,31.66595472740301],[34.6687739038808,31.666042675265036],[34.668814601337615,31.666126855042812],[34.668863812836534,31.66620635816446],[34.66892100722642,31.666280326534338],[34.66898556719496,31.666347961794667],[34.669056795931425,31.666408533942384],[34.68639487588197,31.67966444748812],[34.69362237651805,31.691190254016373],[34.6936950813655,31.69129021968605],[34.70299219622223,31.702383445975375],[34.70304971668263,31.70244584914058],[34.75207984996438,31.750845183680802],[34.76499924611866,31.767311280755166],[34.778802162229645,31.792489540066715],[34.778845040098886,31.792559907451764],[34.778894174172095,31.79262605821442],[34.77894915256739,31.792687437825045],[34.77900951441104,31.792743531749682],[34.77907475370083,31.792793869763315],[34.791207915124765,31.80129894025107],[34.79126713995489,31.80133708843856],[34.82611694308485,31.821900931099073],[34.82622561218142,31.8219555141625],[34.834332933956006,31.825362844856482],[34.83443026394702,31.825397325310973],[34.83453090279279,31.82542043054011],[34.839323284271316,31.826234583361757],[34.8394027576032,31.826244470418505],[34.83948279521393,31.826247253445725],[34.839562763347494,31.826242910406766],[34.839642028797996,31.826231475690808],[34.84232575493471,31.82572152578261],[34.84304725024322,31.83591095278011]]]}},{"type":"Feature","properties":{"id":"northern-central-negev","name_he":"הנגב הצפוני-מרכזי (מכתשים)","name_en":"Northern-Central Negev (Makhtesh Craters)","rock_summary_he":"גיר, קירטון וחול נוביארי, קרטיקון-אאוקן (חבורת אבדת), כ-140-40 מיליון שנה","description_he":"אזור מדברי המחשוף שכבות סלע צעירות יחסית (קירטון וגיר של חבורת אבדת) מעל שכבות עתיקות יותר, ובו נחשפים שלושת מכתשי הסחיפה הגדולים בעולם - רמון, הגדול והקטן. המכתשים נוצרו כתוצאה משילוב של קמרון א-סימטרי, שכבת גיר קשה מעל שכבות רכות, ונחל ניקוז בעל בסיס סחיפה נמוך שחשף בהדרגה את הליבה. זהו אתר המפתח להסביר תהליכי סחיפה וקריאת חתך גיאולוגי מלא (טריאס עד קרטיקון) בטיול אחד.","color":"#D19A4B","sources":[{"title":"מכתש רמון - ויקיפדיה","url":"https://he.wikipedia.org/wiki/מכתש_רמון"},{"title":"ההיסטוריה של התפתחות המכתשים בנגב - עזרא זילברמן","url":"https://earth.huji.ac.il/sites/default/files/earth/files/zilberman.pdf"}],"rock_photo":{"file":"assets/rocks/northern-central-negev.jpg","title":"Layers of sedimentary rock in Makhtesh Ramon (50749)","author":"Rhododendrites","license":"CC BY-SA 4.0","license_url":"https://creativecommons.org/licenses/by-sa/4.0","source_url":"https://commons.wikimedia.org/wiki/File:Layers_of_sedimentary_rock_in_Makhtesh_Ramon_(50749).jpg"},"rock_class":"limestone","rock_class_he":"גיר"},"geometry":{"type":"MultiPolygon","coordinates":[[[[35.21224876460087,30.66397423374968],[35.212209346228576,30.664048764555343],[35.21217707527511,30.664126657010883],[35.21215223495391,30.664207227523544],[35.21213504326638,30.66428976899765],[35.21212565108865,30.664373557040143],[35.2121241408475,30.664457856317956],[35.21213052579698,30.66454192701135],[35.21565961054942,30.693168892973905],[35.21567468307412,30.693255817328083],[35.21569819360363,30.693340848377424],[35.21572991623298,30.693423169086465],[35.215769546149836,30.693501988462508],[35.216776840169636,30.695282209220817],[35.216822580178736,30.695354750259096],[35.21687501684591,30.695422608542323],[35.21693367407532,30.69548516795492],[35.216998019291864,30.695541860492135],[35.21706746827665,30.695592171417175],[35.21714139047145,30.695635643934747],[35.21721911470372,30.695671883338512],[35.21729993528055,30.69570056059478],[35.22579550458128,30.698266371525147],[35.22589341771553,30.698290053814755],[35.22599336410255,30.698302645574877],[35.22609409159515,30.69830398905356],[35.23455083701417,30.69794303082226],[35.234638853990845,30.69793492971019],[35.23472565184616,30.697918233946908],[35.234810393397005,30.69789310456648],[35.23489226129372,30.697859783946935],[35.23497046590366,30.69781859347249],[35.235044252927295,30.69776993043372],[35.23511291067365,30.697714264195614],[35.235175776924684,30.697652131670466],[35.23523224532249,30.697584132139227],[35.2352817712178,30.69751092147133],[35.23532387692318,30.697433205798692],[35.23535815632047,30.697351734704913],[35.23538427877784,30.697267293995417],[35.23540199233884,30.697180698118167],[35.236143955659806,30.692357832848092],[35.236153615863856,30.6922590373625],[35.23615233711714,30.69215977895065],[35.23614013497597,30.692061265117783],[35.236117157882646,30.691964694311125],[35.23472364767843,30.687273784252632],[35.23469915065394,30.687202425880127],[35.234668763055474,30.687133369994097],[35.23463269842613,30.6870671018717],[35.22055719021422,30.66360283223322],[35.22050795913783,30.6635292306334],[35.220451733626795,30.663460823131707],[35.22038905795063,30.663398271920723],[35.22032053881717,30.66334218250346],[35.218168829478984,30.661750939825666],[35.21809613464638,30.66170245588884],[35.21801908074069,30.66166124998593],[35.21793839408827,30.66162771053246],[35.217854835258535,30.6616021536784],[35.21776919189462,30.661584820328038],[35.21768227128894,30.661575873869193],[35.21759489277346,30.661575398633072],[35.21750787999649,30.661583399099353],[35.213952500938994,30.66208534183896],[35.21386378111261,30.66210244759065],[35.21377722351543,30.6621283627736],[35.21369370054272,30.66216282619429],[35.21361405400441,30.662205490503386],[35.21353908664068,30.662255925696563],[35.213469554031334,30.66231362344845],[35.213406156980454,30.662378002235922],[35.21334953445318,30.662448413199133],[35.212294984452036,30.663903718684438],[35.21224876460087,30.66397423374968]]],[[[34.503695848898616,30.57118274200562],[34.513727979345106,30.61389130039944],[34.51375335120807,30.613979044446097],[34.51378748585202,30.6140637650176],[34.51383003170071,30.6141445895183],[34.513880550545046,30.614220685480873],[34.5139385220566,30.614291269140473],[34.51400334914675,30.614355613507257],[34.51407436411653,30.61441305585418],[34.53914043255929,30.6326647135348],[34.53375821434447,30.641002307362335],[34.52109216833804,30.65398184636733],[34.52103562927824,30.65404555634192],[34.52098536648176,30.65411432608408],[34.5209418301808,30.654187539584505],[34.51531991741071,30.664749523313674],[34.51528087159135,30.664832901858716],[34.51525054837281,30.664919833212096],[34.51522926508412,30.665009407647094],[34.51521724445248,30.66510068777745],[34.514398558503146,30.675342675036617],[34.50938989684858,30.691915325763592],[34.50936817502613,30.692002798361653],[34.509355310964885,30.692092004913597],[34.50935143367537,30.692182050788613],[34.50940837269912,30.700246565489767],[34.509415761531216,30.70035547333497],[34.50943628079937,30.700462685616078],[34.51089187611925,30.706168422731356],[34.51091570695198,30.706246765948734],[34.51094655991075,30.706322618853967],[34.51098417957999,30.706395353500344],[34.51102825452605,30.706464367755594],[34.51107841987539,30.706529090286626],[34.52159958362433,30.71889748300681],[34.52164521936966,30.7189472240391],[34.56321942131473,30.760981718140165],[34.567402998453126,30.77292086344819],[34.570910776565206,30.796188738032242],[34.57092865801266,30.796277075921044],[34.57095528519925,30.79636318237664],[34.57099039108621,30.79644619385453],[34.571033623603604,30.796525277849124],[34.577493368243076,30.80705258242986],[34.577541330958624,30.80712303077072],[34.57759574225587,30.807188626514048],[34.57765611422061,30.807248781453044],[34.577721905488424,30.80730295616939],[34.59394544886193,30.819420009730845],[34.594045131347244,30.81948467135283],[34.610107245779986,30.828456206560606],[34.61021756990063,30.82850835282399],[34.650538588735394,30.844319077577097],[34.65063822707904,30.84435159267429],[34.66587546342972,30.848358968424428],[34.671007868244615,30.85111515939827],[34.69068382999641,30.874570207469976],[34.68825748282748,30.885768924829254],[34.680216886522544,30.909802743269168],[34.68019382785265,30.909884223285534],[34.68017852912083,30.909967509803824],[34.68017112576233,30.910051865512624],[34.680171683316935,30.910136543635286],[34.68018019684878,30.91022079454092],[34.680196590990036,30.910303872380663],[34.68022072060811,30.91038504169048],[34.689610143681975,30.937268682047854],[34.690502656417934,30.947277929840578],[34.68257358185845,30.972637970476697],[34.68255366568838,30.972712845040718],[34.68254026305211,30.972789155089263],[34.68253347327567,30.972866335093823],[34.68174022641773,30.990604235791128],[34.67738967639807,30.99668509077016],[34.67734798583859,30.996748910894578],[34.67731184558792,30.996816030141538],[34.67728151492386,30.996885966983392],[34.66951125823629,31.017108654504813],[34.669484854870866,31.017188268970088],[34.669465978048216,31.017269995748766],[34.66945479173105,31.01735312496803],[34.669451393082895,31.01743693457355],[34.66945581162416,31.01752069660122],[34.66946800897573,31.017603683500194],[34.673133814234355,31.036405975253658],[34.67315408172379,31.0364888143839],[34.67318209909701,31.036569363247487],[34.68062019318005,31.05507697474884],[34.664728949579796,31.06920848339144],[34.649905023328564,31.076970281754736],[34.636741332199776,31.080672064025027],[34.60998033849305,31.079311819759987],[34.60987323191098,31.079312757550852],[34.6097669952589,31.079326413067303],[34.58729593358237,31.083586994684918],[34.587201625343106,31.083610209724732],[34.587110367847025,31.083643452039272],[34.58702322384762,31.08368633449995],[34.58103352618524,31.08704680656275],[34.58095009779537,31.087099838795012],[34.58087298902039,31.087161701147988],[34.580803130183746,31.087231647247506],[34.574701712736754,31.09405189263375],[34.56387907589238,31.097066366581085],[34.547295060259366,31.096827445313906],[34.51726064527892,31.09276853139976],[34.481653853638065,31.083536885416937],[34.48157660382614,31.0835204373128],[34.48149820942791,31.083510825242346],[34.45942016808572,31.081782792319917],[34.44732732763124,31.077942577253566],[34.44723969875824,31.077919535166203],[34.447150197139905,31.07790542072359],[34.44705972992014,31.077900376982697],[34.44696921402969,31.077904455064377],[34.446879566892605,31.077917613635226],[34.446791697127686,31.077939719326505],[34.44670649533917,31.077970548085926],[34.44662482509001,31.078009787448515],[34.44654751414924,31.078057039703605],[34.446475346102105,31.07811182592584],[34.446409052408036,31.078173590829316],[34.44634930498696,31.07824170839569],[34.44629670940901,31.078315488219182],[34.44576908424912,31.07914055525093],[34.445724223347824,31.079219151180148],[34.445687482293785,31.079301854961816],[34.445659232571735,31.079387830387137],[34.44563975981151,31.079476208168078],[34.44562926090003,31.07956609472665],[34.44562784199063,31.07965658122979],[34.44563551742974,31.07974675277846],[34.44565220961186,31.07983569765808],[34.44567774976416,31.079922516556802],[34.44856092306386,31.08816731384805],[34.446961679150235,31.09503117624861],[34.44188810496394,31.100565252353423],[34.430996401547034,31.108491760164057],[34.43092692767722,31.108547793947775],[34.430863345588484,31.1086104335638],[34.42302782301183,31.11713580658006],[34.422966318067594,31.117210400364577],[34.422913169487785,31.117291161241976],[34.42286899058673,31.117377157262553],[34.42283429117208,31.117467396065056],[34.42082665939055,31.12366307131264],[34.41269840864636,31.134404903294026],[34.41264837154878,31.134478293601564],[34.41260581252207,31.13455625883497],[34.41257114611471,31.13463803956971],[34.41254470999668,31.134722839216163],[34.411503756318716,31.13875190243506],[34.411485277668746,31.138842353494084],[34.41147616222317,31.138934221678102],[34.41147650589509,31.139026540346162],[34.41173588435032,31.143734867896406],[34.40857252861181,31.145437408062513],[34.40850151745199,31.145479950002024],[34.40843471539754,31.145528836472113],[34.40837268757747,31.145583653905234],[34.408315958731926,31.145643938559335],[34.40826500877305,31.145709180441028],[34.40822026872498,31.145778827619978],[34.399199916847245,31.16135224149717],[34.39915756853526,31.161434919478317],[34.399123967944625,31.16152152218269],[34.39909947302651,31.161611127021185],[34.399084344728244,31.16170277942261],[34.39907874421341,31.16179550300283],[34.39908273114499,31.161888309966315],[34.399096263049714,31.16198021162925],[34.399119195770545,31.162070228952082],[34.40398829978516,31.177750571481077],[34.40401719646631,31.177830189887384],[34.40405344986591,31.177906739216724],[34.404096738890324,31.17797954147747],[34.404146680131944,31.178047951865498],[34.40420283126497,31.178111364475168],[34.40426469496304,31.17816921766579],[34.40433172330407,31.178220999036025],[34.4152093898896,31.185834811227533],[34.42706898557528,31.19566285308407],[34.42770787156488,31.197001428526807],[34.42379117957581,31.2090045011936],[34.402935800068676,31.22214853907107],[34.40286490974148,31.2221981327641],[34.402799108814904,31.22225430402845],[34.402739005336045,31.222316533801923],[34.40268515470355,31.22238424703739],[34.40263805453535,31.222456818016667],[34.402598140070324,31.222533576132584],[34.40256578014634,31.222613812085857],[34.402541273791996,31.22269678443953],[34.40252484746334,31.222781726470377],[34.401005921850306,31.23333541984293],[34.400997799767794,31.233420026839006],[34.400997695272565,31.23350502272767],[34.401005609296604,31.233589649438773],[34.401021471255476,31.233673152194836],[34.40104513967791,31.23375478624281],[34.40107640346753,31.23383382349648],[34.40111498378559,31.233909559030195],[34.40116053653796,31.233981317366023],[34.40121265544402,31.234048458498272],[34.40438395547355,31.23775800184301],[34.40564753849166,31.24110953416805],[34.40377504774589,31.243650679688958],[34.403727913991425,31.243721410432748],[34.403687662841456,31.243796272130922],[34.40365465329792,31.243874597088396],[34.40362917977454,31.243955686721108],[34.403611469470874,31.24403881778673],[34.403601680345986,31.244123248835294],[34.40359989970955,31.244208226822213],[34.40367804439811,31.247180304035833],[34.40368422142474,31.247264519924716],[34.40369826408375,31.247347786216373],[34.403720048756895,31.247429369913363],[34.403749383672576,31.247508552830208],[34.41283496507266,31.268895162644583],[34.4128774086663,31.26898183726068],[34.41292888916024,31.269063468789263],[34.41298881459569,31.269139118573808],[34.439979281066975,31.29969171584444],[34.44003571115516,31.299750064511514],[34.440097168917546,31.29980309153524],[34.44016315442771,31.299850365568815],[34.45088392320628,31.30682164246601],[34.45096149004796,31.30686674580443],[34.45104316246503,31.306903901454813],[34.45112812868144,31.30693274011173],[34.45121554418273,31.306952975135808],[34.45130454010995,31.306964405402745],[34.45139423189567,31.306966917302375],[34.45148372805601,31.306960485867886],[34.4515721390515,31.306945175023973],[34.467020740361825,31.303468722877497],[34.46709785884026,31.30344773105011],[34.46717281088903,31.30341998024977],[34.467245005412536,31.30338568932808],[34.46731387306189,31.303345128714106],[34.47237750845592,31.300051549338598],[34.472439301933726,31.300007542459596],[34.47249716979894,31.299958487903506],[34.47255070090116,31.2999047342023],[34.47688864459662,31.295164996554313],[34.482319006339246,31.293231714022095],[34.48841021113088,31.296170201569048],[34.488486246909126,31.296202666133365],[34.48856494099795,31.29622801623977],[34.48864562931759,31.29624603796506],[34.49927727096482,31.298112603403276],[34.499368629291446,31.29812386361505],[34.49946065994184,31.29812573326802],[34.506490968516054,31.297908791717763],[34.50659715344726,31.29789919688591],[34.50670145864862,31.29787711238043],[34.51364078489583,31.295972165995206],[34.523632186061526,31.307579628669014],[34.523692314060504,31.30764298498456],[34.52375830047373,31.307700214279944],[34.523829523774445,31.307750777511796],[34.523905313109594,31.307794198424478],[34.523984954618584,31.307830068035933],[34.52406769815717,31.307858048489887],[34.52415276436303,31.30787787623814],[34.524239351996634,31.307889364522907],[34.5243266454881,31.30789240513591],[34.524413822619074,31.30788696943758],[34.53566516310339,31.306635005267136],[34.55191495136846,31.30945308161327],[34.561776094988474,31.32463638939512],[34.56181711871788,31.324694404534064],[34.56186259127276,31.324749002606136],[34.573224460416675,31.337344682582344],[34.57328463384404,31.337405335815948],[34.573350287523,31.337460009855],[34.573420829787786,31.337508211981373],[34.57349562491706,31.337549507801306],[34.573573998863026,31.337583525160127],[34.57365524532587,31.33760995749608],[34.573738632118854,31.337628566603044],[34.5738234077668,31.337639184777213],[34.599205985639195,31.339600528421705],[34.6223096569651,31.34878543954801],[34.6224067476558,31.34881777728656],[34.635254474082565,31.352299295608567],[34.65394270338492,31.36301474692078],[34.66744258825249,31.372745072347424],[34.665972226472526,31.378617433407832],[34.65867373410448,31.389535962607884],[34.65862649720164,31.389615124184726],[34.65858760569664,31.389698702477823],[34.65584289661565,31.39648582254911],[34.65581473436085,31.396566214569404],[34.65579429856552,31.39664890899359],[34.65578177229373,31.39673316504404],[34.655777267755994,31.396818227954064],[34.655780825304,31.396903335729117],[34.65579241306919,31.39698772597275],[34.65581192724824,31.397070642716162],[34.65583919303289,31.3971513431902],[34.655873966175925,31.397229104479063],[34.65591593517913,31.397303229996208],[34.655964724083674,31.39737305572439],[34.65601989583797,31.39743795616391],[34.656080956212804,31.397497349935865],[34.65614735822862,31.397550704990152],[34.669803210706306,31.407497767120844],[34.671263843675774,31.415094261319915],[34.67111211997791,31.42081114524035],[34.666182727507724,31.42841189737946],[34.653310983287966,31.438016640552824],[34.65323897853342,31.438076442535984],[34.653173574173266,31.438143399473915],[34.653115477621185,31.43821678716023],[34.653065317249634,31.43829581183354],[34.6530236355933,31.438379618762795],[34.652990883481074,31.438467301492057],[34.652967415159885,31.438557911644725],[34.65295348446315,31.43865046918118],[34.650820898681886,31.46048449400639],[34.648120080677856,31.467478561322544],[34.642787919546706,31.475853397458994],[34.642744388746,31.475929760236717],[34.64270851465625,31.476010005199896],[34.64268063946329,31.47609336693002],[34.64266102905535,31.476179050279228],[34.64264987048675,31.476266237954835],[34.64264727019377,31.476354098315113],[34.64265325297938,31.4764417933019],[34.64266776177662,31.476528486434464],[34.64269065819299,31.47661335078828],[34.64272172383046,31.476695576882676],[34.64276066236872,31.476774380402077],[34.64280710239158,31.476849009677217],[34.642860600929765,31.47691875285497],[34.64292064768619,31.476982944688363],[34.64298666990343,31.47704097288205],[34.64305803782697,31.477092283932716],[34.64313407071217,31.477136388408674],[34.643214043317535,31.477172865618318],[34.64329719282244,31.47720136762291],[34.64338272610333,31.477221622555398],[34.6506816840061,31.478577519692738],[34.661252600603625,31.48543730305343],[34.6765686027152,31.50642150914363],[34.68282237602237,31.51789642126472],[34.682683268907205,31.521345508723815],[34.675372159411715,31.547695399288983],[34.66802200719613,31.558887447739842],[34.667977157768625,31.558963652736434],[34.66794000275408,31.55904389099132],[34.66791090079802,31.559127387990106],[34.6678901328124,31.559213337762802],[34.667877899263985,31.559300910663552],[34.66787431823933,31.559389261378975],[34.667879424304914,31.559477537087677],[34.66789316817353,31.559564885692293],[34.66791541717996,31.559650464044495],[34.66794595656163,31.559733446083637],[34.66798449153159,31.55981303081046],[34.66803065012401,31.55988845001888],[34.668083986784666,31.55995897571124],[34.67298322003261,31.565815285597306],[34.676667098369236,31.596359195333147],[34.67668322837556,31.59645187433818],[34.67670894426988,31.596542363386448],[34.67918606481796,31.60379383860427],[34.67921680555281,31.603871767505986],[34.67925465896154,31.603946500537173],[34.6792992970791,31.604017390204707],[34.68538397371323,31.61275076502368],[34.68546242101566,31.612848161310275],[34.695791376604596,31.623989341213807],[34.70864869406119,31.641598527744875],[34.70869298681969,31.641654401028706],[34.708741563508504,31.64170659276757],[34.721433582809546,31.654303475830712],[34.72148379199122,31.654349665460117],[34.7467592267259,31.675891323069127],[34.74681797966133,31.675937331906002],[34.746880342195965,31.675978315253435],[34.755702177819046,31.68126561541276],[34.77057746168806,31.693566740390278],[34.770655922995644,31.693624759280187],[34.783234639331454,31.701910618324746],[34.78330109398947,31.701950402501335],[34.78337072318097,31.701984325619847],[34.78344301121994,31.702012136439713],[34.78351742272845,31.702033628989106],[34.79406241555586,31.704593367927274],[34.794133420334596,31.704607605781668],[34.7942053399675,31.704616088794417],[34.822171543728615,31.706778411523164],[34.86357798872327,31.723696795141],[34.863697533364046,31.723736134889254],[34.885588629073496,31.7292779135423],[34.88570797906884,31.729299692230867],[34.90103507903636,31.73103968629024],[34.90113853784467,31.731045428206663],[34.90124197094762,31.731039240490087],[34.91099817723417,31.729889069446077],[34.911089264629105,31.729873555078974],[34.91117828128738,31.729848783247125],[34.91126428895043,31.729815015052022],[34.911346381075276,31.729772606419168],[34.91715290159958,31.72638454545306],[34.917220504959815,31.726340936557797],[34.91728394406304,31.72629146504839],[34.9173427120269,31.726236526205263],[34.92418945824313,31.71923682872747],[34.924253184089736,31.71916426999707],[34.9243087687557,31.719085301029793],[34.92435557227947,31.71900083101709],[34.928096407441565,31.711301934445586],[34.92813346869801,31.71121410856094],[34.92816103286446,31.711122855399513],[34.92817879071444,31.71102919867788],[34.92818654303288,31.710934189076777],[34.928403381319015,31.70330953380994],[34.92840171689123,31.703223562109116],[34.92839185552853,31.70313814163623],[34.92837388724815,31.70305405213295],[34.92834797606952,31.702972061191474],[34.92304332123416,31.688613197297705],[34.92102478558365,31.669693081908857],[34.926631573729345,31.668461313075],[34.944554210971994,31.668085027923894],[34.94463679838256,31.668079486840817],[34.94471852743553,31.668066381655343],[34.94479870682582,31.668045823217668],[34.95178871920727,31.66590651817935],[34.95187590412654,31.66587483565626],[34.95195936476175,31.665834347203756],[34.95203821447324,31.665785482948785],[34.95211161560525,31.66572876199819],[34.9521787883847,31.665664786924005],[34.95223901920511,31.66559423736207],[34.95229166820752,31.665517862791944],[34.95233617607803,31.665436474574864],[34.9523720699896,31.66535093733427],[34.957999235787184,31.649729683704102],[34.958023568369036,31.64965102156474],[34.95804060997585,31.64957046481241],[34.961492171241545,31.628545561681488],[34.96778643383594,31.627258901898454],[34.99295460735661,31.62802439278939],[34.99307879982019,31.628019584535114],[35.01476065814942,31.62567319921225],[35.01484811061457,31.625659354440067],[35.01493377948055,31.62563698354872],[35.01501683559845,31.625606303055605],[35.01509647510693,31.625567609902877],[35.0151719272124,31.625521278583477],[35.015242461649215,31.625467757516585],[35.015307395747534,31.625407564707594],[35.015366101040556,31.62534128273456],[35.0154180093472,31.62526955310972],[35.01546261827123,31.625193070070587],[35.01549949606372,31.625112573860743],[35.01552828580176,31.625028843565378],[35.01554870884292,31.624942689570883],[35.015560567522144,31.624854945721495],[35.01556374706481,31.62476646124892],[35.01555821669762,31.62467809255301],[35.014762165381576,31.617581770459115],[35.018833632020886,31.616815617967394],[35.01892200581274,31.616794316630866],[35.019007780005,31.61676420912403],[35.01909007952362,31.616725602605683],[35.01916806474344,31.616678890942094],[35.01924094005403,31.61662455068877],[35.01930796197662,31.616563136228606],[35.019368446749084,31.616495274116016],[35.01942177730174,31.6164216566848],[35.020582862891345,31.61463550416278],[35.02062423478401,31.61456505622961],[35.02065904786965,31.61449114686715],[35.02068701528223,31.614414385101767],[35.02070790656526,31.61433540346413],[35.02072154957084,31.614254852777044],[35.020727831878155,31.614173396792577],[35.021168944055034,31.600205301052917],[35.027322128200595,31.572625791626105],[35.027334969351564,31.5725550456676],[35.02734212206701,31.572483500405948],[35.030057393486096,31.527046042058544],[35.03427349740674,31.504015974105222],[35.03428348113788,31.503946045022456],[35.03428794983204,31.50387554833972],[35.034672450681995,31.487891407931137],[35.053044359249164,31.483878329592397],[35.0531379481332,31.48385252707695],[35.053228213348156,31.48381679417912],[35.05980077837666,31.480795338525816],[35.05988513123528,31.480751008635018],[35.059964324211585,31.480698008479543],[35.060037469508885,31.48063693222018],[35.06010374712832,31.480568464555276],[35.06016241406145,31.480493373044883],[35.06151128092012,31.478564476165953],[35.061560250766185,31.478486181216283],[35.06160093964694,31.47840328031188],[35.06163291916646,31.47831664628105],[35.061655852626046,31.478227191256604],[35.061669498569046,31.478135857072385],[35.061673713323145,31.478043605347114],[35.061668452513,31.477951407359914],[35.061653771527425,31.477860233824114],[35.05323100027021,31.438532017193463],[35.057625590764665,31.43625449744961],[35.072482967286355,31.433944809774932],[35.07256603069174,31.433927856253],[35.07264713042333,31.43390316243281],[35.072725546901104,31.433870947417176],[35.072800584352976,31.433831497042828],[35.072871576988184,31.433785161344222],[35.072937894904754,31.433732351447787],[35.07299894967845,31.43367353592408],[35.07305419958373,31.43360923663026],[35.07310315440039,31.43354002407977],[35.07834059122766,31.425341869088943],[35.07837646715546,31.425280497677566],[35.078407387414565,31.42521648619495],[35.08566761801685,31.408534321070952],[35.10690150041417,31.410596227005684],[35.106978694649065,31.410600387155522],[35.10705596112061,31.410597907413017],[35.10713272974945,31.410588806073935],[35.11671523905213,31.409032888900082],[35.11681711564162,31.40901021628592],[35.11691568239382,31.40897590182425],[35.12419925991556,31.405956146452947],[35.12427956201416,31.405918104886624],[35.12435572146502,31.40587233015721],[35.12442699589328,31.405819268460245],[35.12449269054153,31.40575943702202],[35.124552165042026,31.40569341905781],[35.12460483965881,31.40562185808691],[35.124650200938696,31.405545451659858],[35.1246878067163,31.405464944558936],[35.12471729042408,31.405381121538326],[35.12540506860465,31.40306651145407],[35.1254263931571,31.40297888331986],[35.12543884079945,31.40288956096744],[35.12544228654159,31.402799441306417],[35.12543669578392,31.402709429252386],[35.125422124664716,31.40262042864044],[35.12457497523111,31.398692195421116],[35.124561220905996,31.398636956463235],[35.11468106407808,31.363708272359673],[35.11241398263024,31.351538481720034],[35.12358458158693,31.341092500704622],[35.12363938825173,31.34103658653938],[35.123689127884575,31.34097612057122],[35.13116437033003,31.33103734600494],[35.139593136211,31.331414137104783],[35.13968285321781,31.331413671392284],[35.139772078076454,31.331404275499473],[35.13985992411673,31.331386042797842],[35.13994551837043,31.331359154474487],[35.14002801024645,31.331323877731567],[35.140106579983474,31.331280563130978],[35.14018044679637,31.331229641110667],[35.140248876635226,31.331171617707152],[35.140311189479924,31.33110706952681],[35.14036676609787,31.331036638015835],[35.140415054197575,31.33096102308591],[35.140455573917045,31.330880976158834],[35.14048792259241,31.330797292699284],[35.14051177875939,31.330710804309902],[35.140526905347805,31.330622370467268],[35.14125812777489,31.32453488256603],[35.14675825962046,31.320381076759965],[35.146828565523826,31.32032211923949],[35.146892503177725,31.3202563097745],[35.1469494080324,31.32018433236983],[35.14950475944506,31.316589634019998],[35.149551853430374,31.316516069652085],[35.14959159441872,31.316438286533582],[35.14962360808142,31.31635701731998],[35.14964759287506,31.31627302750302],[35.149663322881864,31.31618710820038],[35.14967064993758,31.31610006870398],[35.149669505027155,31.316012728857068],[35.14965989893473,31.31592591133195],[35.14635801398636,31.295300868420018],[35.148274037863715,31.277178762173612],[35.14827902632724,31.27708453153892],[35.14827412112808,31.2769902965332],[35.148259376188896,31.276897093078052],[35.14823495360021,31.276805945755303],[35.148201121838554,31.276717856543787],[35.1308701023654,31.237819052509643],[35.12668739411482,31.215760220541753],[35.12666731684702,31.215676460491224],[35.12663932461795,31.215595003276327],[35.12660367381026,31.215516594969],[35.126560690952026,31.215441953716034],[35.12651076972603,31.215371763161524],[35.12645436736405,31.21530666618533],[35.124293617750176,31.213041582856782],[35.12306026152011,31.208000115644484],[35.123036127692494,31.207918428068506],[35.12300437951207,31.20783938785884],[35.12296530135245,31.207763702991492],[35.12291924324307,31.207692051388126],[35.12286661773389,31.207625074843808],[35.12280789620017,31.207563373278333],[35.12274360462023,31.207507499362652],[35.121145652031444,31.20624638948213],[35.1210694736772,31.206192436436332],[35.12098811653943,31.206146664294813],[35.12090245586754,31.206109565479515],[35.12081341320884,31.206081539103742],[35.1021899168024,31.201265598141745],[35.08242298629735,31.191374414485125],[35.08561629355136,31.183487558100715],[35.085646047766886,31.183401898382375],[35.08566703120048,31.18331367935834],[35.08567903083401,31.18322379660425],[35.085681924850434,31.18313316258549],[35.085675683870484,31.183042697394082],[35.0856603712509,31.182953319408153],[35.08563614244126,31.182865935968813],[35.08560324340587,31.182781434169083],[35.08556200812683,31.18270067184835],[35.08551285521352,31.182624468883837],[35.08545628365303,31.182553598867397],[35.0853928677445,31.18248878125225],[35.08532325126908,31.18243067404928],[35.08524814095437,31.182379867147073],[35.06572954963729,31.17056459635474],[35.06316352739668,31.16049785152794],[35.06313655195136,31.160410731948232],[35.06310089819664,31.160326789672872],[35.05819422170668,31.150229593571428],[35.058149658789056,31.15014872632097],[35.058097044966566,31.15007285042555],[35.058036934007205,31.150002764489813],[35.05796995858742,31.149939206178257],[35.05789682363308,31.1498828444512],[35.05781829890004,31.149834272523872],[35.05773521087234,31.149794001622762],[35.04637913283937,31.144992781120926],[35.04630116719861,31.144963984744177],[35.04622087754803,31.14494250348574],[35.046138948616864,31.144928520542898],[35.046056079114486,31.144922155165506],[35.04597297577171,31.144923461639014],[35.04589034731359,31.1449324288215],[35.045808898415245,31.144948980238716],[35.04009285852583,31.14638828500641],[35.040766538676806,31.14424042112142],[35.04078652500443,31.144165552872625],[35.04079999706621,31.144089242902627],[35.0408068549908,31.144012056914],[35.04080704793888,31.14393456710344],[35.040603703083775,31.138925535274637],[35.04059547730193,31.138835316198126],[35.04057822332056,31.138746381135405],[35.03436526277305,31.113573636219424],[35.02733776931561,31.071006940693124],[35.02890015362819,31.060486385770787],[35.03660988976962,31.047291356747202],[35.036648767686756,31.047217077749856],[35.03668056506814,31.047139503344127],[35.03670500598858,31.047059306690237],[35.03672187835937,31.04697718370325],[35.03757437226153,31.04155826106114],[35.03758369561832,31.041472222746695],[35.03758471218699,31.04138568672458],[35.03757741256801,31.041299453134272],[35.037561864255984,31.041214319318854],[35.03753821101552,31.041131072452544],[35.03750667155198,31.041050482262232],[35.03746753748922,31.040973293910348],[35.037421170673184,31.040900221104835],[35.037367999826145,31.040831939499995],[35.037308516582584,31.040769080449174],[35.03724327094341,31.040712225167063],[35.037172866190474,31.04066189935561],[35.03709795330841,31.0406185683432],[35.03701922496547,31.040582632782098],[35.03693740910882,31.040554424943892],[35.036853262233805,31.040534205647177],[35.03676756238907,31.04052216184598],[35.03668110198252,31.0405184049011],[35.03659468045447,31.040522969550437],[35.03545572385289,31.040638243684835],[35.03536652597308,31.04065181703138],[35.035279135325545,31.040674252989632],[35.035194430186024,31.040705326078275],[35.035113261840905,31.040744724012868],[35.03503644603181,31.04079205084429],[35.03496475475738,31.040846830938026],[35.034898908514705,31.04090851375431],[35.03483956905832,31.040976479381026],[35.025926957698154,31.052281899351435],[35.00955606154615,31.063931086018982],[35.00948681445432,31.063985661248406],[35.00942323966762,31.064046750215404],[34.99579495840562,31.078491175905807],[34.98796717977903,31.08290070077365],[34.97670080031203,31.085892357141446],[34.97661479247309,31.085919883101994],[34.97653197604677,31.085955889579093],[34.9764531848234,31.0860000140619],[34.97637921206786,31.086051812308007],[34.97631080253299,31.08611076281608],[34.976248644961515,31.086176272076266],[34.97619336515177,31.086247680545632],[34.976145519657265,31.086324269288397],[34.976105590183295,31.086405267214115],[34.97361661070343,31.09216629178583],[34.97099957960491,31.092821917422786],[34.970920976644706,31.092845465358128],[34.97084484503963,31.092876074332608],[34.970771817615365,31.09291348991648],[34.97070250139486,31.092957401101675],[34.96561211459601,31.096517315778662],[34.96190205836129,31.097678363495966],[34.95675223661489,31.097477776255438],[34.939561203315165,31.092053793775978],[34.939747717157005,31.072106266796432],[34.939743571396846,31.07201115903227],[34.93972940282369,31.071917021230803],[34.939705369962425,31.071824906651553],[34.92875114757555,31.03740596541951],[34.92891771662693,31.034145233145924],[34.94300658413936,31.024195918116995],[34.943084583307865,31.02413409961598],[34.94315527985757,31.02406404681293],[34.94321780924846,31.023986616375566],[34.9510866901433,31.013057331947802],[34.951132317451716,31.01298731886084],[34.95117125409225,31.012913375493028],[34.95613936393255,31.002311976943847],[34.956171275695255,31.00223473666637],[34.95619588517606,31.0021548693106],[34.95621298017377,31.002073063552142],[34.95622241328262,31.00199002478095],[34.95622410316335,31.001906469018934],[34.95621803524456,31.001823116745868],[34.954215481849786,30.985090961058418],[34.96662166886273,30.980516355365932],[34.966698104017524,30.980484095396505],[34.96677124377737,30.980444934011885],[34.973881942142015,30.976204795566186],[34.97395140501654,30.976158890512362],[34.974016328419,30.976106762624266],[34.97407615670406,30.976048858037135],[34.97413037783282,30.97598567232594],[34.974178527755114,30.975917746264024],[34.97422019438101,30.975845661194903],[34.97506397344455,30.97421628473843],[34.97509989187115,30.974137953141046],[34.97512815407947,30.974056545401247],[34.97514850096532,30.973972807854388],[34.975160745991154,30.973887508195183],[34.9751647768962,30.97380142843959],[34.97516055672566,30.97371535775539],[34.97514812416949,30.973630085227192],[34.97512759320773,30.973546392622218],[34.975099152065496,30.97346504722317],[34.97506306148741,30.973386794793868],[34.96103248168279,30.946438371019003],[34.957004712151154,30.936680665061782],[34.95509246270303,30.925888561122385],[34.956712720295315,30.91601133542438],[34.957800935866246,30.91341515054678],[34.9681102246171,30.905599762583222],[34.96818187948794,30.905539314797572],[34.96824685779165,30.90547174131643],[34.973382168854684,30.899541909566032],[34.97259596102515,30.911708867546245],[34.97259472745392,30.91180082610469],[34.97260288486924,30.911892430442713],[34.97262034809261,30.911982724041593],[34.97264693477568,30.912070764069153],[34.9726823673043,30.912155631224664],[34.97272627569734,30.91223643933806],[34.97277820146996,30.912312344623164],[34.97283760242105,30.912382554488417],[34.98889236280265,30.929502169342143],[34.988982781068046,30.929586209101565],[35.00031501188795,30.938754258558472],[35.00037217548128,30.938796872527234],[35.0316327292244,30.960228229597742],[35.03169698769905,30.960268414394346],[35.03176439929487,30.96030305030332],[35.0454581538473,30.966624895293894],[35.0598581769784,30.980233342754428],[35.05993953610509,30.980301607721096],[35.06002837034003,30.98035981332112],[35.07219744046041,30.987343466875213],[35.081563036540686,30.99495898250365],[35.08164139592338,30.995015976861833],[35.08172542833146,30.99506421692935],[35.0818141597619,30.99510314356512],[35.08190656174626,30.995132305578217],[35.08200156327141,30.99515136495751],[35.08403689408882,30.99544678021911],[35.084126760962874,30.995455249840692],[35.08421702423975,30.995454675045476],[35.084306775961196,30.99544506161533],[35.0843951133147,30.99542650625174],[35.08448114771487,30.9953991956031],[35.084564013741726,30.995363404387202],[35.08464287784595,30.995319492627875],[35.08471694673356,30.995267902033476],[35.08982910648087,30.991312144052618],[35.089904157558735,30.991247145555317],[35.08997159247534,30.991174275801907],[35.094267236551914,30.985985379499123],[35.09431443020641,30.98592304692926],[35.09435603606561,30.985856853706267],[35.09439174015474,30.98578729935119],[35.102653014242854,30.96781212082266],[35.104222049587946,30.966639469659178],[35.10772323084894,30.966439902258227],[35.123626098686756,30.96971477050901],[35.12370383761467,30.96972726286102],[35.12378237089615,30.969732912947013],[35.12386109747045,30.969731677523598],[35.15729542899046,30.9677417410896],[35.15738181039961,30.967732398534018],[35.15746688841013,30.96771477005366],[35.15754987011266,30.967689019942288],[35.15762998213506,30.96765538818557],[35.157706477849956,30.967614188224474],[35.157778644333234,30.96756580403405],[35.157845809008315,30.967510686544863],[35.15790734591442,30.967449349440432],[35.1579626815404,30.967382364369787],[35.15801130016976,30.967310355619826],[35.15805274868701,30.967233994297093],[35.15808664080061,30.967153992073197],[35.16402669320283,30.95100307522863],[35.16404984938153,30.950930856674805],[35.16406684312074,30.95085694496426],[35.16587283914443,30.941144451773454],[35.16588488580463,30.941054798934942],[35.16588787203785,30.94096438966613],[35.16571782134804,30.93111179975915],[35.16571348684052,30.931037757650504],[35.16570307043404,30.930964323868878],[35.162791412141,30.915154262128564],[35.16992930655699,30.90293762694516],[35.16998348984793,30.90282855762876],[35.17340525398874,30.894583017824818],[35.17343692021988,30.89449369201473],[35.183062244840684,30.862002153304147],[35.18307986408036,30.861932611054822],[35.183091888495326,30.861861886409237],[35.184744158521404,30.849078741544474],[35.18475128671179,30.84898648643467],[35.18474890491058,30.848893987010854],[35.18473703829376,30.848802221005226],[35.184715812293184,30.848712158397653],[35.18468545127072,30.848624751162838],[35.18464627614674,30.84854092320781],[35.174205167865004,30.828899596270034],[35.17709311711045,30.81385802744519],[35.17710497280772,30.81377607610981],[35.177109246379445,30.813693382001723],[35.17710590165022,30.813610645119294],[35.17663960000593,30.80822849988951],[35.17662717150084,30.808138350048544],[35.1766057027828,30.80804991614266],[35.176575413348544,30.80796410232246],[35.17653661287805,30.807881785950734],[35.166628409615996,30.789352738839813],[35.16316109187461,30.776587548652547],[35.163138043561304,30.776514981377584],[35.16310894406525,30.77644462191858],[35.151301964531996,30.751001092945387],[35.147879138655405,30.737667732999025],[35.147855080088135,30.73758911694001],[35.14782394782467,30.737513024354534],[35.14778600165795,30.737440090221064],[35.14774155824168,30.73737092316139],[35.1352828764494,30.719801397622376],[35.11697985404995,30.690684392426242],[35.11690238540677,30.690579010697938],[35.097965348852036,30.668396737393753],[35.08793643979224,30.65149064301209],[35.08835619532107,30.638868691505255],[35.08835459801306,30.638777411100754],[35.08834376152027,30.638686762140125],[35.08411905558369,30.614033979006603],[35.08478391975098,30.59991248843771],[35.084783947520116,30.599828429085665],[35.08477613265045,30.599744733785624],[35.08476054331443,30.599662132647378],[35.08473731550448,30.599581346235883],[35.0847066518467,30.59950307928546],[35.08466881983325,30.599428014552096],[35.0762688294015,30.584535264473107],[35.083473085573615,30.57574152747933],[35.09922308363523,30.56258477452457],[35.09929763204366,30.562514948073105],[35.09936378835019,30.562437124287342],[35.10732877036667,30.551910907004736],[35.107382337509904,30.55183169595925],[35.10742719815619,30.55174724863262],[35.115832877658676,30.53366620247519],[35.11586706440172,30.533581718627634],[35.115892531560824,30.533494210469705],[35.11809873521881,30.52417881634529],[35.118113086805856,30.524104357175872],[35.11812111945205,30.524028954174895],[35.118656392421705,30.51567532427789],[35.118657580683525,30.51558347734232],[35.118649401008255,30.515491987646445],[35.11863193859854,30.51540180818212],[35.11860537534955,30.515313878293327],[35.118569987954324,30.515229113891614],[35.11747813433238,30.512948669592365],[35.11743230791188,30.51286472388006],[35.11737783224148,30.51278611507162],[35.11731532248892,30.512713730858806],[35.117245484547006,30.512648388641985],[35.10614603187451,30.503318502123193],[35.09574561706378,30.492261085787035],[35.09198650366942,30.487329912365983],[35.09009404368602,30.481112880797095],[35.0889966152922,30.472039234808886],[35.08960637034384,30.45572460474209],[35.08960600202469,30.455648655810954],[35.08857590248574,30.43377407433282],[35.090095170922666,30.412864676587482],[35.09009733576007,30.412780409633687],[35.09009160724761,30.412696309751595],[35.09007803563781,30.412613114695073],[35.09005673998563,30.412531554280527],[35.083577593352715,30.39175183206472],[35.0820533394843,30.381699635852055],[35.082600300918656,30.373832037315708],[35.08567323508661,30.358965242671633],[35.085686773606156,30.358878670671597],[35.08569182928223,30.358791192429493],[35.08576395241969,30.350804301666713],[35.085759996555325,30.350711495064765],[35.08574649576235,30.350619590533768],[35.083775776342414,30.34077062289985],[35.083753812781296,30.340683643933126],[35.074984465128104,30.31205142294564],[35.07495530146127,30.311970300469973],[35.0749185102726,30.311892340326583],[35.07487442910424,30.311818257763736],[35.074823462380536,30.311748732454703],[35.07476607769762,30.31168440226205],[35.074702801533405,30.31162585738555],[35.074634214417465,30.31157363494738],[35.053169826829404,30.296799109024956],[35.03360754914326,30.27857572815075],[35.02695142867123,30.271112288251405],[35.006961020892724,30.240382925395657],[34.9968790168223,30.22284499537996],[34.98843542839174,30.19754591265359],[34.988409759890665,30.197478204561616],[34.98837873135943,30.19741277912378],[34.9722518906962,30.166667689005134],[34.96442467277937,30.141345054309557],[34.96307567624103,30.119550068422267],[34.96436212233015,30.11041461573688],[34.96857382837846,30.102674492153888],[34.98492083495587,30.08290811976951],[34.98496997138996,30.082842891648514],[34.98501299294353,30.082773478084626],[34.98504954540064,30.082700450591155],[34.988283684329815,30.075432696521904],[34.98831208657977,30.07536068203479],[34.98833419520716,30.07528649320308],[34.988349846641604,30.07521067891184],[34.98962899611,30.067312648472445],[34.98963882457306,30.067224826186006],[34.989639992830064,30.067136463366577],[34.98963248961764,30.06704841193567],[34.987492026117586,30.05118527465387],[34.98747757869181,30.051105506356688],[34.987456012160486,30.051027361657102],[34.98742750149765,30.050951474560364],[34.98739227801662,30.05087846075529],[34.979619300404956,30.03646356474805],[34.97094806564354,30.015763534053104],[34.9709240473566,30.015710995862612],[34.96067753797204,29.995075908926566],[34.95582385056725,29.980024695632324],[34.961729218734675,29.951481269732795],[34.96174242085931,29.95139793776339],[34.961747761530546,29.95131373568235],[34.96174519381303,29.95122940348182],[34.9617347402726,29.951145682297447],[34.95799040855793,29.929476882834603],[34.95783240762391,29.92226221463502],[34.965371344476004,29.90051927904064],[34.96540532676493,29.900391718510566],[34.96713798819979,29.8912319047192],[34.96715105635669,29.891133169333568],[34.96715313490764,29.891033594574086],[34.96684867813074,29.882209290024115],[34.96684365932504,29.882140491756164],[34.96683338604657,29.882072279954894],[34.96339439292349,29.863977771760545],[34.963134235921295,29.856589912110817],[34.96576091156786,29.850240059171004],[34.974359361338514,29.84188510226453],[34.97441975401366,29.84182034622662],[34.97447349103003,29.841749969009218],[34.974520052225266,29.841674651848123],[34.97455898689737,29.841595123796687],[34.974589918167375,29.841512154668738],[34.97461254662749,29.84142654758696],[34.97462665323925,29.841339131208848],[34.974632101453786,29.84125075170548],[34.97462883853361,29.841162264570773],[34.974616896063054,29.84107452634048],[34.97459638964257,29.84098838630115],[34.974567517769756,29.840904678269172],[34.9745305599179,29.840824212519667],[34.97448587383079,29.84074776794317],[34.974433892059785,29.840676084506164],[34.97437511777687,29.84060985608836],[34.97431011990402,29.84054972376609],[34.97423952760615,29.84049626960686],[34.97416402420101,29.840450011035013],[34.974084340544735,29.840411395823235],[34.97400124795739,29.840380797758176],[34.973915550756715,29.840358513022295],[34.96838427390827,29.839207330968257],[34.947210296378536,29.829330738822257],[34.931376401034086,29.818043050858364],[34.869442415954836,29.756973439578324],[34.86052782651588,29.746032042749622],[34.85427045109751,29.734521446846234],[34.85422191200545,29.734442202984248],[34.85416546036672,29.7343683866879],[34.854101698027804,29.73430078493307],[34.84760037432105,29.72808476817587],[34.847534722675235,29.728027804592323],[34.84746388223778,29.727977439714973],[34.84738851374782,29.727934143304395],[34.847309320178276,29.727898319192537],[34.84722704017914,29.72787030151613],[34.84714244118801,29.727850351600143],[34.84705631227204,29.727838655520358],[34.84696945676823,29.727835322367817],[34.84668836774536,29.727838119393866],[34.84832613137526,29.708137637294634],[34.856866447301066,29.695174158665726],[34.85690198893889,29.695115453636618],[34.85693295420339,29.695054211160702],[34.86182886828404,29.684378828115015],[34.86679693250783,29.67992499503174],[34.8668645916469,29.679857527277488],[34.866924716816,29.67978326678325],[34.86697663033344,29.67970305055253],[34.86701974707254,29.679617782717013],[34.867053581056716,29.679528424345953],[34.86902651137228,29.673344716785888],[34.869053186960656,29.67323961920481],[34.88248077987768,29.60277207890348],[34.882491270789956,29.602702205818986],[34.88517274543821,29.57837130664728],[34.8915050311615,29.55273176938507],[34.89433040988826,29.54714950965272],[34.90423361328583,29.535718485527504],[34.9043090192944,29.53561806611828],[34.90983737757099,29.52707341453134],[34.90987963126645,29.527000903875436],[34.90991494710581,29.526924772663108],[34.91385851298905,29.51726779676271],[34.913881773148994,29.517204075655208],[34.91390016794148,29.517138783648107],[34.9173171690336,29.502986991128054],[34.915782,29.50023],[34.914073,29.493801],[34.910818,29.489936],[34.903005,29.489691],[34.893728,29.490546],[34.886729,29.490058],[34.878108,29.504298],[34.855267,29.545717],[34.848239,29.569643],[34.8501,29.63876],[34.824365,29.7417],[34.785194,29.835699],[34.741373,29.940241],[34.735068,29.994553],[34.735585,30.000702],[34.734965,30.006697],[34.733208,30.012588],[34.730417,30.018169],[34.69166,30.114545],[34.632645,30.26203],[34.599469,30.344506],[34.58841,30.35882],[34.53384,30.400213],[34.526915,30.409618],[34.524745,30.421142],[34.526502,30.438712],[34.53601,30.468581],[34.536217,30.482172],[34.526295,30.494574],[34.510379,30.513332],[34.504384,30.530334],[34.502363911009304,30.568819022564227],[34.503695848898616,30.57118274200562]]],[[[35.16283163103705,30.517524413658027],[35.16281210275007,30.517613142042485],[35.16280161937715,30.51770338714813],[35.16280028774619,30.51779422935726],[35.16280812142681,30.517884742967556],[35.162825040592054,30.51797400562519],[35.16285087283188,30.518061107723828],[35.16728404308218,30.53064126991773],[35.167317659750026,30.530723479227536],[35.16735921570919,30.530801974789412],[35.16740830625331,30.53087599214856],[35.16746445329799,30.530944810462614],[35.16752711003681,30.53100775952183],[35.16759566626654,30.53106422627613],[35.16766945432984,30.531113660805474],[35.16881491289184,30.53180170256364],[35.16848379767215,30.532881928458508],[35.16846176922671,30.532969127814702],[35.168448553891125,30.533058090363195],[35.16844428363897,30.53314792768882],[35.168449001114666,30.53323774264054],[35.16846265920763,30.533326638290745],[35.16848512152276,30.533413726892345],[35.16851616374248,30.53349813874414],[35.17343196040103,30.545048253807852],[35.173469009099044,30.54512500013638],[35.17351315065799,30.54519789820042],[35.17356398929676,30.545266294382877],[35.17362106918702,30.54532957543134],[35.17368387854027,30.545387173956602],[35.17375185419658,30.54543857351998],[35.17382438667407,30.545483313263787],[35.17390082563356,30.545520992043475],[35.17398048570966,30.54555127202436],[35.17406265265588,30.545573881710713],[35.17414658974865,30.545588618380044],[35.175112205367206,30.54571135984709],[35.175198753704905,30.545718140505702],[35.175285552698696,30.545716550925352],[35.175371794733024,30.545706605896186],[35.1754566773745,30.545688397951075],[35.17553941083814,30.545662096504657],[35.175619225335836,30.545627946277023],[35.1756953782388,30.54558626501673],[35.17576716098733,30.54553744054435],[35.175833905683525,30.545481927143992],[35.17589499130572,30.545420241336465],[35.175949849486734,30.545352957073334],[35.175997969802204,30.545280700396628],[35.17603890451981,30.545204143613883],[35.176072272765126,30.545123999042676],[35.1760977640655,30.54504101238294],[35.17611514123881,30.544955955778622],[35.17612424260026,30.54486962063335],[35.176124983466835,30.54478281024684],[35.175658164668846,30.533034584164852],[35.175331952763194,30.532110193768258],[35.17399460119793,30.530493160584875],[35.17393725871741,30.530430152980216],[35.17387421549261,30.53037284966335],[35.17380603643116,30.530321764108667],[35.17373333246108,30.530277354075423],[35.173656755056484,30.530240017505935],[35.173576990399894,30.530210088959755],[35.17349475323368,30.530187836615813],[35.173410780455484,30.530173459869346],[35.173325824515125,30.530167087545202],[35.170164337293514,30.530080064014193],[35.168765914246684,30.51702833124512],[35.16875210732696,30.516940599913706],[35.16872972093062,30.51685465652069],[35.16869897304639,30.516771337944377],[35.16866016308339,30.51669145550378],[35.168613668955686,30.516615787058356],[35.16855994340228,30.51654506943357],[35.168499509578574,30.51647999124601],[35.1684329559621,30.516421186197938],[35.16836093062221,30.5163692269066],[35.1682841349094,30.516324619328334],[35.168203316625984,30.51628779783177],[35.16479953302595,30.51493558507972],[35.164715407884444,30.514906887772245],[35.16462886228664,30.514886628591835],[35.16454074038066,30.514875005142404],[35.16445190168961,30.51487213079671],[35.164363212727984,30.514878033590538],[35.16427553854982,30.514892655949236],[35.16418973431119,30.5149158552493],[35.16410663692915,30.51494740520948],[35.16402705691861,30.514986998097903],[35.1639517704868,30.515034247733606],[35.163881511962195,30.51508869325327],[35.16381696663215,30.51514980360639],[35.16375876405864,30.51521698273505],[35.16370747193771,30.515289575387715],[35.16366359056226,30.515366873510448],[35.16362754794227,30.51544812315312],[35.16286000524051,30.517438106156735],[35.16283163103705,30.517524413658027]]],[[[35.132315750774204,30.447204586376827],[35.13226124463327,30.447276458285735],[35.13221420656227,30.447353425230368],[35.132175109060995,30.44743471407391],[35.132144344865814,30.447519508265835],[35.13212222300461,30.447606956044233],[35.13210896569259,30.447696178991773],[35.13210470610011,30.447786280859464],[35.13210948701501,30.447876356569523],[35.13212326041274,30.447965501306914],[35.1333576410139,30.453949485473306],[35.133049518769425,30.46508265332748],[35.13305106416191,30.465165846415516],[35.133060286154134,30.465248541233937],[35.13307710592108,30.46533003094847],[35.13310137969573,30.465409619025458],[35.1331328999979,30.46548662518551],[35.13317139740768,30.465560391218172],[35.13321654286831,30.465630286607993],[35.133267950498805,30.465695713923864],[35.148329758389956,30.483140682233397],[35.16098080854575,30.502868926864878],[35.16245921636777,30.51141051399597],[35.16247713690151,30.511491591539947],[35.16250245345367,30.511570672421662],[35.162534950529974,30.51164708350527],[35.16257435151555,30.51172017438023],[35.16262032102953,30.511789322897577],[35.16267246777976,30.511853940465674],[35.16273034789351,30.51191347706029],[35.16279346869571,30.511967425906395],[35.16372116793958,30.512689002446894],[35.16379276136768,30.512739300605286],[35.16386890055803,30.512782409158714],[35.163948865899044,30.512817920676863],[35.1640319016172,30.512845499531007],[35.16411722292001,30.512864885066122],[35.16420402341334,30.512875894064404],[35.164291482722824,30.5128784224769],[35.16437877424745,30.51287244640692],[35.164465072972014,30.51285802233588],[35.16454956326447,30.51283528658948],[35.164631446584806,30.512804454049252],[35.164709949032144,30.51276581612167],[35.16478432865914,30.512719737983986],[35.16485388248433,30.512666655132826],[35.164917953136154,30.512607069268228],[35.16497593506598,30.51254154355191],[35.165027280271296,30.512470697284716],[35.165071503475026,30.51239520005339],[35.165108186712,30.512315765402196],[35.16513698327926,30.51223314408897],[35.16515762101287,30.512148116989543],[35.16516990486014,30.512061487717464],[35.165810975369844,30.505130491568153],[35.162122,30.494677],[35.157368,30.470854],[35.140005,30.430185],[35.140005,30.428662963352718],[35.13998600753377,30.428662419268964],[35.13989673011109,30.42866875501136],[35.13980852343749,30.428683926780018],[35.139722259844284,30.428707784531777],[35.13963879244644,30.428740092322307],[35.13955894670559,30.42878053063954],[35.13948351226653,30.428828699563496],[35.13941323514789,30.42888412272137],[35.13934881036435,30.42894625199867],[35.13929087505314,30.429014472959867],[35.13924000217302,30.429088110924937],[35.139196694837906,30.429166437641694],[35.13916138134132,30.429248678487934],[35.139134410920626,30.429334020132163],[35.13541743129727,30.443514476085262],[35.132315750774204,30.447204586376827]]],[[[35.132338519598946,30.261845548237147],[35.1322497131964,30.261859778094944],[35.13216277047526,30.261882800458583],[35.13207855968912,30.2619143854152],[35.1319979218091,30.261954217541582],[35.131921662125485,30.262001899054155],[35.1318505422057,30.262056953781435],[35.1317852722889,30.262118831919324],[35.13172650419321,30.262186915521717],[35.13167482480627,30.262260524671635],[35.131630750224346,30.26233892427122],[35.13159472059831,30.26242133138277],[35.131567095738056,30.262506923047567],[35.12753525421894,30.27752928171375],[35.121954936183585,30.29211451444099],[35.121927374772376,30.292198769052227],[35.12190823588219,30.292285326396136],[35.12189770519502,30.292373346709304],[35.121895884877645,30.29246197603485],[35.12190279259047,30.29255035450738],[35.12191836131611,30.29263762469521],[35.12432106776206,30.30309661772343],[35.12533963943302,30.31680438155647],[35.125350405266985,30.31689149851008],[35.12536960655852,30.316977152331898],[35.12539706065198,30.317060528224935],[35.125432506385486,30.317140833061426],[35.133517252658166,30.333277681911582],[35.13354972613502,30.333336848175172],[35.13358654212722,30.333393414562416],[35.13898684884212,30.341046919850868],[35.139038471509444,30.341113271037194],[35.139096059974634,30.341174516023813],[35.14451350092421,30.346421725643445],[35.15060629902416,30.35720313125152],[35.15067327837983,30.35730489404832],[35.15992662405148,30.3694809798357],[35.15998451248221,30.369549735371514],[35.16004897005499,30.3696123741409],[35.16011935391341,30.36966827142698],[35.160194962096305,30.369716869747904],[35.16027504053862,30.36975768441677],[35.160358790591935,30.369790308375567],[35.16044537698966,30.369814416254922],[35.16046997292235,30.36981867985681],[35.162122,30.361404],[35.159952,30.347503],[35.154474,30.336754],[35.147756,30.32647],[35.141762,30.313965],[35.132356,30.261875],[35.13234366931927,30.261845244516323],[35.132338519598946,30.261845548237147]]],[[[35.14299070812416,30.136081812923173],[35.142937804068794,30.13601313018141],[35.14287853703044,30.13594985636174],[35.142813456960255,30.13589257859507],[35.14274316774971,30.135841828373675],[35.14266832162697,30.135798076619402],[35.142589613104754,30.13576172931385],[35.14250777253576,30.135733123731214],[35.14242355933562,30.135712525308627],[35.142337754936094,30.135700125183135],[35.1413448670446,30.135605175803523],[35.14125720459461,30.135601090757323],[35.14116956103446,30.135605562793323],[35.14108276966969,30.13561854939188],[35.14099765570324,30.13563992707782],[35.14091502838953,30.1356694925944],[35.14083567334016,30.13570696483588],[35.1407603450544,30.13575198752022],[35.14068975974547,30.13580413257659],[35.14062458853088,30.135862904215415],[35.14056545105152,30.13592774364228],[35.140512909580174,30.1359980343709],[35.14046746367549,30.1360731080846],[35.140429545432234,30.136152250990598],[35.14039951537298,30.136234710606665],[35.140377659020295,30.136319702915664],[35.140364184182026,30.136406419819867],[35.140250018075925,30.137485756866546],[35.14024503992859,30.13757528419447],[35.140248994884814,30.137664862555233],[35.14026184368837,30.137753602809028],[35.14028345880418,30.137840624134945],[35.14441443356136,30.15151906149618],[35.14444410069451,30.151602292070585],[35.144481786379046,30.151682212383932],[35.14452712736837,30.15175805209643],[35.14457968662756,30.15182908020057],[35.14463895754587,30.151894612067228],[35.1447043688199,30.15195401604466],[35.144775289960286,30.15200671954692],[35.1448510373689,30.152052214572947],[35.144930880927944,30.15209006260307],[35.14501405103745,30.152119898825855],[35.145099746033324,30.152141435654475],[35.14518713991448,30.1521544654987],[35.14527539030455,30.152158862765837],[35.145276,30.152158833214497],[35.145276,30.14014166232568],[35.14303675828884,30.136155267265618],[35.14299070812416,30.136081812923173]]]]}},{"type":"Feature","properties":{"id":"arava-eilat-mountains","name_he":"ערבה והרי אילת","name_en":"Arava Valley & Eilat Mountains","rock_summary_he":"בסיס גרניט וגניס פרקמברי (כ-600-1000 מיליון שנה) מכוסה בחול נוביארי אדום, קמבריון-קרטיקון","description_he":"הרי אילת הם הקצה הצפוני החשוף של המסיב הערבי-נובי, ובהם נחשף הסלע העתיק ביותר בישראל - גרניטים וגנייסים פרקמבריים בני כמיליארד שנה. מעליהם מונחים חולות אדומים (חול נוביארי) שיצרו נופים ציוריים כמו עמודי שלמה ומכרות תמנע העתיקים, ולכך מתלווה חשיפת מינרלים כמו נחושת. הערבה עצמה היא המשך בקע ים המלח דרומה, עם משקעי תצורת חצבה האדומים ומעיינות חמים לאורך קו השבר.","color":"#9B6B8C","sources":[{"title":"הרי אילת והים האדום - רשות הטבע והגנים","url":"https://www.parks.org.il/area-south/as-eilat/"},{"title":"תמנע - עיצוב הנוף - מכון ישראלי לארכיאולוגיה","url":"https://www.israeliarchaeology.org/תמנע-עיצוב-הנוף/"}],"rock_photo":{"file":"assets/rocks/arava-eilat-mountains.jpg","title":"Solomon's Pillars Timna Park","author":"Tiia Monto","license":"CC BY-SA 3.0","license_url":"https://creativecommons.org/licenses/by-sa/3.0","source_url":"https://commons.wikimedia.org/wiki/File:Solomon%27s_Pillars_Timna_Park.jpg"},"rock_class":"basement","rock_class_he":"סלעי יסוד גבישיים"},"geometry":{"type":"Polygon","coordinates":[[[35.14448945487219,30.142416784633397],[35.14453580183202,30.14249131617074],[35.14458918797658,30.14256097900382],[35.14464910561084,30.142625110648495],[35.14471498492619,30.142683101221465],[35.144786199419215,30.142734399240208],[35.144862071849694,30.142778516867487],[35.14494188068105,30.142815034550612],[35.14502486694207,30.142843605011347],[35.14511024144459,30.14286395654846],[35.14519719228862,30.142875895621582],[35.145276,30.14287896261524],[35.145276,30.123382],[35.129049,30.089741],[35.086261,30.034034],[35.074686,29.994604],[35.074065,29.982564],[35.070345,29.973727],[35.065384,29.965976],[35.061456,29.957346],[35.054118,29.923394],[35.053188,29.862623],[35.048951,29.842314],[35.002545,29.733096],[34.995104,29.708162],[34.989833,29.651964],[34.980324,29.627004],[34.966992,29.608116],[34.95986,29.586206],[34.955577,29.558987],[34.951345,29.54564],[34.944998,29.536851],[34.927745,29.518012],[34.91977,29.507392],[34.91623390845522,29.501041576819528],[34.91621460974313,29.501051677126608],[34.91613932523381,29.501101256274634],[34.91606937793682,29.501158117728245],[34.91600546955734,29.50122169105831],[34.91594824121866,29.501291338502728],[34.91589826703046,29.501366361364422],[34.91585604832944,29.501446007020593],[34.91582200864992,29.501529476472975],[34.91579648947499,29.50161593236331],[34.91216640479369,29.51665022818441],[34.908280370447386,29.526166321269063],[34.90283194144974,29.534587433858352],[34.89289728998403,29.546054757715197],[34.89283028609338,29.546142429180566],[34.89277451449849,29.546237641240758],[34.889852814369064,29.552010208588293],[34.8898120418332,29.552103522506155],[34.88978207160459,29.552200845023304],[34.8834109493092,29.577997632255112],[34.883390112608566,29.57811483375164],[34.88070597657079,29.60246988157609],[34.86729516809968,29.67284933768942],[34.86541314507302,29.67874811674225],[34.860488022744306,29.68316345273202],[34.860422618824906,29.68322842854651],[34.860364205217195,29.68329975441543],[34.86031339486954,29.683376681898896],[34.8602707209474,29.68345840377792],[34.855325483878346,29.694241334012023],[34.846696684694344,29.707339122757393],[34.846652029818166,29.707414684520828],[34.84661494750731,29.707494236643875],[34.84658579043918,29.707577022532995],[34.84656483591685,29.707662254839395],[34.846552283231766,29.707749122947217],[34.844639582215535,29.72788003357096],[34.844635582527424,29.72797314282175],[34.84464123282665,29.728066166497264],[34.84465647252715,29.728158107139077],[34.844681138219244,29.728247978901724],[34.844714965421865,29.72833481812357],[34.84475759141843,29.728417693659797],[34.844808559146166,29.72849571686671],[34.844867322097,29.728568051130353],[34.851956194686174,29.736425154621134],[34.857375200565414,29.746719053739632],[34.857417536034006,29.746791139066968],[34.857466377391624,29.746858985276177],[34.86625188061251,29.757938985081957],[34.86632418933581,29.758019680644715],[34.92827027429262,29.81929141305623],[34.9283704483323,29.819376939446833],[34.944739329714736,29.831398223402427],[34.94482146456494,29.831451906723974],[34.94490895539264,29.831496329552543],[34.96983213960518,29.84248562707333],[34.963065102418334,29.848831542943163],[34.96300903907855,29.848889028036513],[34.962958322532764,29.848951281277465],[34.96291335648682,29.84901780712761],[34.96287449887233,29.849088076038385],[34.96284205899753,29.849161528666304],[34.96019826216639,29.855952477841154],[34.96017050848202,29.85603550209682],[34.96015095204362,29.856120829933666],[34.96013977787183,29.856207654077252],[34.9601370916839,29.85629515309678],[34.96014291889347,29.85638249917656],[34.96414611855076,29.890958051017506],[34.96250465935366,29.89962356405094],[34.95654758626461,29.914719958267902],[34.95650919104785,29.914842052980596],[34.95486246811701,29.921765332236884],[34.95484795605034,29.921840368607047],[34.954839862551104,29.921916365660913],[34.954838245982984,29.92199277536994],[34.95500358815867,29.92974734161301],[34.95500759525398,29.929815122647796],[34.95501670096172,29.92988240869075],[34.95873263979604,29.951242580872115],[34.95281638526139,29.97998929471419],[34.952802597532354,29.9800789799694],[34.95279791053851,29.980169597730143],[34.952802371922544,29.980260226878467],[34.952815936335064,29.980349946180667],[34.952838465895546,29.980437843651494],[34.95736265178967,29.99499385657368],[34.95738629178124,29.99506054488552],[34.9574150974335,29.995125170070516],[34.96820697089143,30.01698302209186],[34.97689321607723,30.03771674099647],[34.97693127595045,30.037796385620847],[34.984618931723496,30.052042515500293],[34.986631436629445,30.06711872483751],[34.9854393607382,30.074472472371166],[34.982420632465036,30.081247868762446],[34.9661721383924,30.100873262184855],[34.96611991358263,30.100942947098602],[34.96607466796927,30.10101735309588],[34.96156876359716,30.10930570954025],[34.96153359320488,30.109377904869653],[34.96150499835257,30.109452947900657],[34.96148320670899,30.109530241149724],[34.961468391776584,30.109609169217347],[34.96008068350486,30.119391858893444],[34.96007246378879,30.119482747704357],[34.96007349057629,30.119574001665306],[34.96144986570759,30.14175479565797],[34.96146237973476,30.141858530839524],[34.9614868324583,30.141960116532804],[34.968924742063535,30.166499642483174],[34.968952880260936,30.16657892287161],[34.96898829801403,30.16665522962694],[34.98529413494017,30.197875757568625],[34.99207421041401,30.219354464561466],[34.992099043925556,30.219423261754343],[34.992129381885114,30.21948981523099],[34.99958711672963,30.234231634715524],[34.99963360827563,30.234312772926554],[35.02371618281963,30.271695441862303],[35.02377675373188,30.27177860580496],[35.028285076412324,30.277278135283385],[35.02835829785371,30.277357269426144],[35.04995632608529,30.298060793106696],[35.05001738999453,30.29811425852076],[35.05008302223853,30.298162005353753],[35.07181096609374,30.3125168049694],[35.08162496187909,30.344440366131224],[35.08285249820249,30.356966743225883],[35.079059834223656,30.381643232982146],[35.07905058480412,30.381733572298643],[35.079050486257536,30.381824383829606],[35.07905953958722,30.381914743007826],[35.08064598812298,30.39238810943422],[35.08065890851031,30.392455793795126],[35.08067696933491,30.392522291281807],[35.087091126471464,30.413003708207178],[35.08557738225263,30.432771983714158],[35.08557511704275,30.43286621922852],[35.08692690053274,30.48052021680018],[35.08693538175689,30.480620551730677],[35.08695501787732,30.48071931129839],[35.08867611705786,30.48739731148433],[35.08870642911115,30.48749264710223],[35.08874713445461,30.487584029680598],[35.08879773016614,30.487670330170687],[35.0916776772801,30.492010265218575],[35.09171791650719,30.492066139968625],[35.09176230964539,30.492118774865514],[35.10306421800386,30.504523250757664],[35.103146569899096,30.504602819752083],[35.11506112320187,30.514731382087575],[35.11564560515915,30.516490010246972],[35.113003805269706,30.532659375507865],[35.10481381720952,30.550271857474694],[35.09711835356059,30.56044485782504],[35.080986537355265,30.573971703716257],[35.08092021915498,30.574033247669185],[35.08086041512662,30.574101139053187],[35.07330602072655,30.583600020059123],[35.07325270543084,30.58367455396949],[35.07320724585055,30.583754123128788],[35.07317011329627,30.583837902589067],[35.07314169274662,30.5839250237513],[35.073122278856886,30.584014583370752],[35.07311207290416,30.58410565292154],[35.073111180700536,30.584197288223276],[35.07311961149611,30.58428853923005],[35.07313727788304,30.584378459880206],[35.07316399670181,30.584466117904796],[35.074967907153976,30.589457569555197],[35.075006079310214,30.589547570736325],[35.07505378812305,30.5896329006566],[35.081778887171005,30.600261353843464],[35.08111858111911,30.614118067682437],[35.08111923319491,30.614215743510016],[35.081130466676896,30.61431277340942],[35.085360119387786,30.6390192416379],[35.08496127939774,30.65198320451482],[35.084962652292255,30.65206774931278],[35.08497195343127,30.652151792138262],[35.08498910071551,30.652234591162077],[35.08501394278932,30.65231541553384],[35.085046260376686,30.65239355183301],[35.08508576821676,30.652468310366135],[35.095472265710406,30.670067551420917],[35.09551480109403,30.670132969433336],[35.09556284306203,30.670194457192448],[35.11451126882433,30.69239119630644],[35.13277143154952,30.721442592321075],[35.1327996258955,30.72148476234135],[35.145098623652636,30.73880323206571],[35.14844930371347,30.75193295807143],[35.14847351257718,30.7520123448989],[35.14850493159459,30.75208916405539],[35.16032943207559,30.77757762428465],[35.16380662730341,30.790375469023502],[35.16383882315809,30.790472018303742],[35.16388171389696,30.79056431522185],[35.17372227376899,30.808943189118263],[35.174111393285536,30.813493570082933],[35.17119260476516,30.82907402620803],[35.17118073694936,30.82916021341315],[35.17117724631932,30.82924714381566],[35.17118216549337,30.829334005090722],[35.17119544850408,30.829419985559465],[35.1712169712278,30.829504281773744],[35.17124653254452,30.829586106024017],[35.171283856217265,30.829664693700096],[35.18172130914584,30.849150993231806],[35.180150885801744,30.861273410565744],[35.170482006674646,30.894499755466896],[35.160517580405006,30.914960660415975],[35.160484851915896,30.91503652739628],[35.16045921905026,30.91511507616392],[35.160440897850506,30.91519564468345],[35.160430042733886,30.915277553896257],[35.16042674519097,30.91536011344392],[35.16043103301456,30.915442627486772],[35.160442870065445,30.91552440056869],[35.163797954846174,30.933000320899442],[35.16403159629941,30.94137330845598],[35.162310417399866,30.95045797010034],[35.156436056885894,30.967155441275143],[35.15641043474744,30.967241875803825],[35.15639358835861,30.967330440022963],[35.156385686753616,30.96742024529211],[35.156386809216,30.967510390518306],[35.15639694448314,30.96759997119752],[35.156415990859244,30.967688088490288],[35.15644375723576,30.967773858240566],[35.15647996500893,30.967856419847205],[35.156524250875215,30.967934944899095],[35.156576170476725,30.968008645487338],[35.15663520285975,30.968076782110984],[35.15670075570198,30.968138671097105],[35.156772171255774,30.96819369146065],[35.156848732947886,30.968241291135328],[35.156929672569476,30.968280992512952],[35.157014177984195,30.968312397235692],[35.15977656609808,30.969184208534372],[35.15986467416752,30.969207185449754],[35.15995465295361,30.969221142118222],[35.16004558145454,30.969225935682577],[35.16013652894745,30.969221517077024],[35.16022656451506,30.96920793152937],[35.16031476657437,30.969185318098102],[35.16598634046393,30.9674210472565],[35.18090246147419,30.972299883837582],[35.18099773494761,30.972325361238887],[35.181095224015834,30.97234026138293],[35.18119375807192,30.972344405355162],[35.19096621398566,30.97221945274387],[35.23637569485376,31.005709291047417],[35.26573889630245,31.0312977444247],[35.26580351074205,31.0313490370845],[35.265872550509826,31.031394197611746],[35.26594543550442,31.03143284654858],[35.26602155331527,31.031464659150274],[35.26610026436832,31.031489368113892],[35.26618090729999,31.031506765824265],[35.268555123043825,31.03190609039118],[35.26864782496778,31.03191677649444],[35.268741135089925,31.03191780635519],[35.26883405028734,31.031909168901983],[35.2689255716827,31.03189095699107],[35.26901471538265,31.03186336640813],[35.26910052305505,31.03182669376348],[35.275057469191765,31.028906784661626],[35.27514097176357,31.02886019744134],[35.275219060450844,31.028805014060588],[35.28510236280806,31.02100160933888],[35.28517781365514,31.020934852643716],[35.28524533094486,31.020860081644912],[35.285304068686706,31.020778233221854],[35.29047643088362,31.012645571135042],[35.290520995264764,31.01256706502439],[35.29055747096536,31.012484489502935],[35.29058549101314,31.012398675340936],[35.2931612573564,31.002923652638934],[35.30437279622169,31.010464787753016],[35.320561824641736,31.02587409219454],[35.32063851498458,31.025939315096075],[35.33316695438172,31.035439939996245],[35.333235461074466,31.03548706942616],[35.333308025094205,31.035527675006513],[35.33338402701742,31.03556141011853],[35.33346281807387,31.03558798679138],[35.33354372568459,31.03560717816035],[35.34821663730909,31.0383786541114],[35.35423154080999,31.040862179781996],[35.35431874471779,31.0408930426688],[35.35440865597733,31.040914791340576],[35.35450032474395,31.04092719603901],[35.35459278260624,31.040930125717814],[35.354685052816585,31.04092354942714],[35.35711861012216,31.04062377621028],[35.36203821666583,31.041314934281612],[35.3768028992113,31.048669055006577],[35.396934043082574,31.0690728727653],[35.40548614292958,31.08302775987498],[35.40976317131646,31.094922840112773],[35.40934059925746,31.095857856643725],[35.409308596780214,31.095938912219673],[35.40928458350636,31.096022682904405],[35.409268784572646,31.096108383304845],[35.40926134810217,31.096195209935836],[35.40926234381565,31.096282348753228],[35.40927176237776,31.096368982785975],[35.40928951548466,31.096454299795635],[35.41324554868427,31.111718632569403],[35.413262033958276,31.111774682313865],[35.42032584397145,31.13319685617962],[35.419586512026676,31.14511530089084],[35.41958595335392,31.145216859470704],[35.4195968403165,31.145317834375035],[35.423358080337735,31.16806659654773],[35.42260849917782,31.17705077883504],[35.420468317724435,31.18424952526163],[35.420447064244534,31.184336714500905],[35.42043459956745,31.184425586913264],[35.42043104762706,31.18451525885744],[35.42043644373963,31.184604838742587],[35.420450734252654,31.184693435893166],[35.42047377707831,31.184780169404792],[35.42050534310622,31.18486417690288],[35.42054511848147,31.18494462311707],[35.420592707725156,31.185020708186162],[35.420647637666605,31.18509167561098],[35.420709362148,31.1851568197761],[35.42077726745473,31.18521549296565],[35.42085067841741,31.185267111803412],[35.42091019636662,31.185300644869724],[35.421331,31.184506],[35.436214,31.159546],[35.443242,31.132209],[35.438488,31.103736],[35.391565,31.023947],[35.385158,30.994647],[35.385261,30.963279],[35.374099,30.945141],[35.34711,30.92271],[35.334928,30.912585],[35.322216,30.88995],[35.319528,30.867316],[35.320045,30.84494],[35.316635,30.822823],[35.310847,30.813314],[35.293897,30.800188],[35.286145,30.792333],[35.279531,30.780241],[35.27612,30.768976],[35.271573,30.743706],[35.263882,30.719967],[35.263821,30.71978],[35.205324,30.617099],[35.162122,30.494677],[35.16194608307261,30.493795454152053],[35.16190712714224,30.49380302651356],[35.16182249743192,30.49382829615783],[35.16174075209505,30.49386173928405],[35.16166267838392,30.49390303381663],[35.16158902819104,30.49395178206665],[35.16152051080803,30.494007514561808],[35.16145778609475,30.49406969456772],[35.16140145812447,30.49413772325693],[35.161352069366345,30.494210945475974],[35.161310095461104,30.494288656054852],[35.16127594064041,30.49437010659822],[35.16124993383385,30.494454512692805],[35.16123232550119,30.494541061461785],[35.161223285220295,30.4946289193932],[35.16122290005402,30.49471724036714],[35.16123117371173,30.494805173804348],[35.161248026513555,30.494891872857753],[35.16127329615782,30.49497650256808],[35.16271930424791,30.49907407218069],[35.14337721027531,30.47477233091541],[35.13540547068361,30.454653074953303],[35.13433210371737,30.446660567585468],[35.143340846953045,30.437998486133353],[35.140005,30.430185],[35.140005,30.406155],[35.144965,30.395872],[35.159332,30.375615],[35.161200479113134,30.36609781122697],[35.15293986224669,30.35451318541886],[35.1472408869245,30.34379347021037],[35.147195195147184,30.343716928848355],[35.14714215561911,30.343645283003575],[35.14708228867235,30.3435792355411],[35.134858456561695,30.33136757176596],[35.130794465584486,30.322797695151536],[35.12914006036617,30.315821508084596],[35.1294193198579,30.310877140291478],[35.13257601673184,30.29855918364699],[35.132594069904705,30.298470345673067],[35.13260309452282,30.298380142242262],[35.13260299902418,30.298289488541062],[35.13121451372382,30.271319899263812],[35.132352608356385,30.266920981926418],[35.14087632348523,30.314124928456476],[35.140896263989696,30.31421096983648],[35.140924542005195,30.314294642392497],[35.14096088519898,30.314375140312073],[35.14100494356624,30.31445168835624],[35.141056292800805,30.314523549325486],[35.14111443838147,30.31459003115939],[35.141178820334524,30.314650493601555],[35.14124881862655,30.314704354365606],[35.14132375913574,30.314751094742945],[35.14140292014401,30.314790264598187],[35.141485539287594,30.314821486704215],[35.14157082089897,30.314844460375074],[35.14165794366959,30.31485896436176],[35.14174606855956,30.314864858982954],[35.141834346878014,30.314862087470228],[35.141921928456476,30.314850676514766],[35.14200796983648,30.314830736010308],[35.142091642392494,30.31480245799481],[35.14215064804868,30.314775818126243],[35.141762,30.313965],[35.132356,30.261875],[35.125225,30.244667],[35.124812,30.21609],[35.145276,30.154905],[35.145276,30.148362291565068],[35.142596675462535,30.139013383889314],[35.14448945487219,30.142416784633397]],[[35.22364891431164,30.695030003930356],[35.21813772919237,30.692197447585826],[35.21392228807703,30.665541987102667],[35.21465350878097,30.663817038906505],[35.217414634674086,30.663400226126125],[35.21855524239872,30.663999686627708],[35.23166218405447,30.68535407786698],[35.234302628377755,30.691918510661868],[35.23396844333152,30.695950657313514],[35.23351999985541,30.69627842318687],[35.22364891431164,30.695030003930356]],[[35.1726459292493,30.532428358298418],[35.173663344875656,30.5327705176907],[35.17403459026924,30.53555615014455],[35.1726459292493,30.532428358298418]],[[35.16704667932772,30.51765915035535],[35.16723136933051,30.518786434213002],[35.16684541001103,30.517526718972928],[35.16704667932772,30.51765915035535]]]}},{"type":"Feature","properties":{"id":"jezreel-beit-shean-valleys","name_he":"עמק יזרעאל ועמק בית שאן","name_en":"Jezreel & Beit Shean Valleys","rock_summary_he":"משקעי סחף ובזלת מקומית, ניאוגן-קוורטרני (תצורות גשר, עובדיה), עד כ-2 מיליון שנה","description_he":"עמקי השבר הצפוניים (יזרעאל, חרוד, בית שאן) הם המשך צפוני-מערבי של מערכת בקע ים המלח, ובעברם הרחוק היו מחוברים לים התיכון. הקרקע השטוחה מורכבת ברובה מסחף עבה שהצטבר על גבי משקעי אגם קדום (תצורת עובדיה, גשר), עם מבצבצי בזלת מקומיים. הבנת מבנה השבר מסבירה גם את מיקומם של מעיינות וחמי מרפא (חמת גדר, גן השלושה) לאורך קווי השבר.","color":"#7F9450","sources":[{"title":"עמק יזרעאל - ויקיפדיה","url":"https://he.wikipedia.org/wiki/עמק_יזרעאל"},{"title":"גיאולוגיה - רשות ניקוז ונחלים כינרת","url":"https://kineret.org.il/מידע-ושירותים/גיאולוגיה/"}],"rock_photo":{"file":"assets/rocks/jezreel-beit-shean-valleys.jpg","title":"Jezreel Valley field","author":"Itai","license":"Public domain","license_url":"","source_url":"https://commons.wikimedia.org/wiki/File:Jezreel_Valley_field.jpg"},"rock_class":"alluvium","rock_class_he":"סחף עמקים"},"geometry":{"type":"Polygon","coordinates":[[[35.48112417973197,32.516218577160444],[35.481042980301126,32.516238071713126],[35.48096393725893,32.51626500835423],[35.4808877310962,32.51629915518304],[35.48081501788078,32.516340218225494],[35.48074642360925,32.51638784396504],[35.4727371757709,32.52251840554688],[35.468895641928356,32.52295545106004],[35.44807205473926,32.50580441067163],[35.447998971197734,32.505750177634404],[35.44792078428281,32.50570360261211],[35.447838293472685,32.505665161844504],[35.44775234225388,32.5056352483968],[35.44766380949631,32.50561416814051],[35.447573600466704,32.50560213662585],[35.44748263757202,32.50559927687768],[35.44739185092768,32.505605618137544],[35.447302168846875,32.50562109556468],[35.44721450834842,32.50564555089902],[35.447129765779984,32.50567873407945],[35.43012600646789,32.51334988084938],[35.403956105894345,32.51163773525885],[35.403870636163525,32.51163621181094],[35.40378540742825,32.511642804114295],[35.403701188577536,32.51165745269662],[35.40361873938975,32.51168002540607],[35.403538803678266,32.5117103186035],[35.40346210258122,32.51174805899952],[35.403389328055745,32.51179290612007],[35.40332113663549,32.511844455377904],[35.40325814350773,32.51190224172261],[35.40320091696348,32.511965743836065],[35.403149973270644,32.512034388835445],[35.40153733649312,32.514438025004054],[35.4014930017514,32.514511440436195],[35.40145585632868,32.514588742522655],[35.401426237532704,32.514669229303706],[35.401404414323885,32.514752169900255],[35.401390584872985,32.514836811150765],[35.40086871727083,32.519382944673566],[35.390363958550545,32.515384886054484],[35.36848582356462,32.50282965172879],[35.36837372861672,32.50277526670009],[35.36196584328495,32.50019772848492],[35.36187712368713,32.50016730898476],[35.361785720097465,32.50014628764265],[35.361692625149125,32.50013489274811],[35.361598849843254,32.50013324804847],[35.361505412569606,32.50014137140499],[35.36141332804694,32.5001591745989],[35.34662357211488,32.50382723339443],[35.323021863110725,32.50334496176818],[35.32294063090693,32.50334697082534],[35.32285991098892,32.50335629831595],[35.32278036134434,32.503372868207066],[35.322702630421354,32.50339654542937],[35.3050971150156,32.50964079612624],[35.29719113583484,32.51100278541918],[35.28855474305571,32.510357820851866],[35.26485966527982,32.504851039967676],[35.26478107479512,32.5048364201152],[35.26470149704977,32.5048288315173],[35.26462155984385,32.504828334041505],[35.26454189381326,32.50483493161248],[35.26446312745457,32.50484857218104],[35.234816998308716,32.511350570349535],[35.22556602696253,32.51106651317139],[35.20423660323288,32.50786415316745],[35.20415808062294,32.50785586634396],[35.2040791338839,32.50785449371506],[35.20400037065923,32.5078600458457],[35.184440674780355,32.5101046145396],[35.17411904002336,32.509785296706276],[35.174034623928954,32.509786646985795],[35.17395070578732,32.50979590148492],[35.173868024067765,32.50981297876518],[35.16898254576908,32.51106356583567],[35.168888705540844,32.51109313858396],[35.1687986541838,32.511132778071484],[35.16871346792683,32.51118201055568],[35.168634164854645,32.51124024764539],[35.16665817754944,32.5128648161239],[35.1665953737146,32.512921607039466],[35.16653818486911,32.51298404873796],[35.16648711720694,32.513051588530985],[35.16644262274184,32.5131236286055],[35.166405095306374,32.51319953131525],[35.16637486706607,32.51327862482477],[35.16635220557927,32.513360209055946],[35.163341990807886,32.526580487342954],[35.15705890056714,32.528106820596136],[35.145027426105365,32.526530667008714],[35.120171807857304,32.51830863872593],[35.120076878818665,32.518282897924756],[35.11997970776865,32.51826766971861],[35.11988145525486,32.51826313598324],[35.10066078574756,32.51842765047955],[35.09189850470272,32.51731890379043],[35.07397450388616,32.51102531181719],[35.07390220561652,32.5110032892658],[35.07382831454183,32.51098741029717],[35.06362809675232,32.509239858922875],[35.06354429794053,32.5092295204305],[35.06345989905629,32.50922708042656],[35.063375642927014,32.50923256038649],[35.0632922711237,32.509245912079],[35.063210517434044,32.50926701799068],[35.063131101404075,32.50929569236017],[35.0630547220052,32.509331682813176],[35.059878080514,32.51101495679307],[35.059791769376574,32.51106708455993],[35.05971183085971,32.51112853982857],[35.059639268331594,32.51119855122789],[35.049074079670625,32.522602378330106],[35.026587819278824,32.53918843274031],[35.01995543150245,32.5429458790373],[35.01328160365594,32.54485006712373],[35.005851824721226,32.54362781169102],[35.00208647259726,32.54252646923663],[34.999634438100834,32.54165646778868],[34.99845087076939,32.54119561655236],[34.997351520723555,32.540740817570644],[34.978463811612386,32.52886676911089],[34.978388065637496,32.5288241094826],[34.978308557251154,32.52878895677148],[34.97822602826626,32.52876163895219],[34.97814124867791,32.528742410899866],[34.97805500947929,32.52873145201216],[34.977968115281776,32.52872886453544],[34.97788137680785,32.52873467261085],[34.97779560332713,32.52874882204909],[34.977711595105816,32.52877118083594],[34.97763013594026,32.52880154036402],[34.977551985844144,32.52883961737906],[34.977477873957525,32.52888505662268],[34.97740849174401,32.52893743414691],[34.97734448653934,32.52899626126968],[34.977286455511816,32.52906098913418],[34.97723494009068,32.529131013829705],[34.9771904209146,32.529205682026145],[34.977153313347294,32.52928429706953],[34.97712396360222,32.52936612548184],[34.97710264551235,32.52945040380434],[34.97708955797541,32.52953634572062],[34.97708482309804,32.529623149392975],[34.977078989338615,32.530567383146646],[34.975789039864594,32.53121861507422],[34.97571402796683,32.531261110517846],[34.97564342627957,32.53131058828346],[34.975577882651514,32.53136659435774],[34.975517998518086,32.53142861482289],[34.97546432338256,32.53149608057243],[34.97541734977378,32.53156837253335],[34.97537750872666,32.531644827346796],[34.97206031881945,32.53883080243359],[34.96372479324496,32.551928013976806],[34.96368081492516,32.55200529606374],[34.96364467732141,32.5520865406769],[34.96361673318194,32.55217095476721],[34.96359725527651,32.552257714347505],[34.96358643373386,32.552345972535726],[34.963584374185785,32.55243486782151],[34.963591096736046,32.55252353247563],[34.96360653576414,32.552611101020126],[34.96896440871773,32.576135937876494],[34.96899085150952,32.57622874373563],[34.97997685662688,32.60817648864877],[34.97674535613782,32.61426969247862],[34.97185163207133,32.62000004784503],[34.95451656940407,32.633083805079316],[34.95445256149556,32.63313693165038],[34.95439373200025,32.63319574096415],[34.954340583470554,32.63325973064063],[34.9542935699291,32.63332835404644],[34.94448007884009,32.64917682787281],[34.93342286271292,32.661251510845815],[34.93336874667807,32.661316488822635],[34.93332096793604,32.6613862589775],[34.93327994827773,32.66146020537925],[34.93324604982481,32.6615376752288],[34.93321957183294,32.66161798462206],[34.93320074804993,32.661700424587444],[34.93318974465218,32.661784267344665],[34.932987003763785,32.66420675244081],[34.93298390116065,32.66428950047847],[34.93298841701717,32.66437218343271],[34.93300051310542,32.664454101370495],[34.93302008702883,32.66453456083485],[34.939674967931815,32.687277953064914],[34.94108103249487,32.70971280502234],[34.94109035587527,32.70979733383983],[34.94110761588411,32.70988060531455],[34.941132658416215,32.70996187596111],[34.94116525988054,32.71004042015843],[34.94120512919646,32.710115536628365],[34.941251910392694,32.710186554697096],[34.941305185785545,32.71025284028319],[34.94136447970822,32.71031380155895],[34.958437740877024,32.72628307760904],[34.95851853687521,32.72635025092286],[34.96734393304033,32.73285534123337],[34.96742403408515,32.73290803795868],[34.96750928660795,32.73295191425744],[34.96759872303238,32.73298647215414],[34.96769132829672,32.73301131943275],[34.97114144336461,32.73374252881411],[34.97123674782198,32.73375744294043],[34.97133310108304,32.73376207109801],[34.97142939623072,32.73375636011807],[34.97152452701558,32.73374037560899],[34.971617400564504,32.73371430120258],[34.9869447318803,32.7285101191097],[34.98701275239342,32.7284839059843],[34.98707842836281,32.728452273956336],[35.007067268959176,32.7178069049932],[35.029691142840974,32.716997163058444],[35.02976082229073,32.716991954974425],[35.029829887702604,32.71698135692078],[35.05203546140615,32.712685671389956],[35.05212095534882,32.712664748857165],[35.05220399674988,32.712635575370534],[35.05228379138839,32.71259842994986],[35.058261730541005,32.70945123767707],[35.058339937304204,32.709404874691195],[35.05841306749073,32.709350858026305],[35.05848037482743,32.7092897389074],[35.06533233157186,32.70240504716508],[35.08234202130336,32.70779181589044],[35.08243510161701,32.70781590623302],[35.082530220685,32.70782992951002],[35.097551125471725,32.70922991031893],[35.11465759805765,32.7205410592522],[35.114736483977936,32.720587631037866],[35.11481969546749,32.72062594249366],[35.114906370422446,32.72065559669779],[35.11499561085607,32.72067628642099],[35.11508649220225,32.720687797309566],[35.11517807289438,32.72069001010617],[35.11526940412035,32.72068290188536],[35.12571000707914,32.719332922531585],[35.12580772514556,32.719314753512684],[35.12590284385571,32.71928592011654],[35.134667573333466,32.71609078662377],[35.13476683803382,32.7160476746253],[35.13486021035634,32.71599295959504],[35.14206108679806,32.711169355252565],[35.14212349066422,32.71112354594924],[35.14218172708111,32.7110725434539],[35.15053975134959,32.70309207428247],[35.169043396106396,32.70164122576392],[35.16913768478168,32.70162879230994],[35.169230134980715,32.701606478507884],[35.195740707822814,32.69370429296452],[35.20270134079951,32.694258350282716],[35.22299010511999,32.6996437682288],[35.22307210131812,32.69966148813281],[35.2231553911985,32.69967149649581],[35.24248552111558,32.701084480420484],[35.242565337762024,32.70108676319487],[35.242645042602064,32.70108196250925],[35.24272400823973,32.70107011615217],[35.24280161309768,32.701051317372134],[35.24287724630994,32.701025714143576],[35.26197272073738,32.69360203183468],[35.27778407249746,32.700724894071136],[35.27787964082078,32.70076156225044],[35.27797875472901,32.7007871414019],[35.290422278435535,32.70325351091244],[35.29050322750422,32.703265759225815],[35.29058495468645,32.703270600773735],[35.290666783687485,32.70326799549225],[35.29074803737002,32.703257964940136],[35.30029963479901,32.70163483142433],[35.30038693619934,32.701615490331015],[35.30047188748446,32.70158758170252],[35.30055365008952,32.70155138102844],[35.30063141692549,32.7015072456502],[35.300704420346115,32.701455611233705],[35.3098634742027,32.694269157346874],[35.313200370680306,32.69300971395939],[35.328087005136,32.695134704384195],[35.32817936800968,32.69514306207862],[35.328272100591434,32.69514187053663],[35.32836421822707,32.69513114241026],[35.35007574309265,32.6914604216501],[35.372128346175664,32.695327035824576],[35.37220622607791,32.69533721156575],[35.372284696598314,32.69534055855071],[35.38453088767266,32.695328051543925],[35.384638832183285,32.695321443696486],[35.384745204799025,32.695301936066144],[35.391141702008575,32.69372648867322],[35.39123646501479,32.69369753090945],[35.39132747030157,32.69365833120015],[35.39795027907988,32.690362204741966],[35.39802308396126,32.69032166087752],[35.39809182674206,32.690274556888454],[35.39815591807125,32.69022129661038],[35.412536160241025,32.6770993960545],[35.433037620667875,32.67652586582845],[35.43312460157352,32.67651920305874],[35.433210528826,32.67650415055967],[35.43329459512601,32.67648084975173],[35.433376010658144,32.676449519549465],[35.4482955908919,32.66986125633829],[35.45264184649847,32.67106229470315],[35.47621693545543,32.68599759708241],[35.476320668492804,32.68605413508883],[35.49038954046206,32.69256340634918],[35.49046578504479,32.692594531070036],[35.49054455546311,32.69261855617858],[35.52360295952696,32.70106931732912],[35.52373187600051,32.701092435995776],[35.53255815243626,32.70201920086231],[35.53263171422979,32.70202388979209],[35.53270541301101,32.70202254325013],[35.53277875442274,32.70201517026879],[35.53854253657049,32.701196136586525],[35.538632809077235,32.701178562787064],[35.53872081682767,32.70115186822272],[35.53880564085095,32.70111633163628],[35.538886395420505,32.70107232409831],[35.53896223730271,32.701020305132495],[35.54412554922843,32.69707630882608],[35.54419428601838,32.69701813538934],[35.54425686549822,32.696953384298716],[35.54431266118594,32.696882703776176],[35.544361114511936,32.696806801403135],[35.54440174041086,32.69672643703684],[35.54443413217759,32.69664241520347],[35.544457965538754,32.69655557704406],[35.54447300189899,32.696466791893805],[35.5444790907296,32.69637694857922],[35.54468112291019,32.6849119657761],[35.55241781593594,32.668515933111955],[35.566473778908495,32.66290855324658],[35.56655860551207,32.6628694968837],[35.566638928349334,32.662821860826256],[35.56671388261583,32.66276615795299],[35.57214506732821,32.65827435378426],[35.57220653986241,32.6582185436863],[35.57226260762664,32.658157306072795],[35.57231279344688,32.6580911621166],[35.57518589889595,32.653917810718276],[35.57523401768555,32.65383966384702],[35.57527392800183,32.65375702294883],[35.575305214858716,32.65367074732084],[35.57532755293659,32.65358173405398],[35.5753407099649,32.653490908705066],[35.57534454913733,32.65339921567286],[35.5753390305343,32.653307608378284],[35.57532421153805,32.65321703935074],[35.57471877813857,32.650420333603925],[35.569849,32.646768],[35.562718,32.64421],[35.560547,32.640903],[35.560031,32.632686],[35.56389618848454,32.62577182040073],[35.56326131361876,32.62490346634046],[35.56972691893684,32.62260798823951],[35.569807255139956,32.62257502106034],[35.56988404022701,32.62253446503932],[35.569956559362915,32.622486697735006],[35.57002413742671,32.62243216383978],[35.570086145296614,32.62237137104001],[35.57014200570689,32.62230488528967],[35.57019119862192,32.62223332554159],[35.570233266077494,32.62215735798526],[35.57026781644427,32.62207768984489],[35.57029452807369,32.62199506279552],[35.57031315229232,32.621910246058285],[35.570323515716964,32.62182402923937],[35.57032552186874,32.621737214979085],[35.57031915207126,32.62165061147965],[35.57030446562451,32.6215650249812],[35.570281599252795,32.62148125225605],[35.57025076583189,32.62140007319109],[35.57021225240724,32.62132224352736],[35.57016641752174,32.62124848782449],[35.57011368787783,32.621179492715335],[35.55706207546466,32.6057098935837],[35.557641741644986,32.58918620706217],[35.5576398765711,32.589088720273196],[35.55648406989881,32.573354185925346],[35.55770810980346,32.566173808139894],[35.55771857949886,32.56608727282232],[35.55772062884602,32.5660001305485],[35.55771423862162,32.565913198731884],[35.55769946876735,32.56582729281175],[35.557676457827654,32.56574321860426],[35.55764542165013,32.565661764743744],[35.55760665136086,32.565583695285056],[35.55756051063356,32.565509742536676],[35.557507432278264,32.56544060019141],[35.557447914181466,32.56537691681946],[35.55738251463582,32.56531928978467],[35.53241146978611,32.545378512714215],[35.512237965423466,32.523616808318984],[35.51217624158506,32.52355632768249],[35.512109001750304,32.52350204560221],[35.51203686583225,32.52345446252806],[35.51196049888307,32.523414017148944],[35.511880604962634,32.52338108234827],[35.50725641556254,32.52172982143654],[35.507180965789,32.52170655640968],[35.50710376732324,32.52168999359934],[35.50702541430084,32.52168026047636],[35.494164937320825,32.520652972532005],[35.48952878406126,32.5191597407663],[35.48471453913954,32.51606195313339],[35.4846401892193,32.51601898342026],[35.484562082442665,32.51598329535041],[35.48448092990018,32.51595521383098],[35.484397470411295,32.515934994518425],[35.48431246379808,32.51592282149105],[35.48422668396776,32.51591880557311],[35.48414091186701,32.51592298332583],[35.48120683649602,32.51620669252707],[35.48112417973197,32.516218577160444]]]}},{"type":"Feature","properties":{"id":"nw-negev-loess-dunes","name_he":"מישורי הלס וחולות הנגב הצפוני-מערבי","name_en":"Northwestern Negev Loess Plains & Dune Fields","rock_summary_he":"לס (אבק רוח מלוכד) וחולות נודדים, קוורטרני — עיקר ההרבדה כ-95,000 עד 10,000 שנה לפני זמננו","description_he":"זהו השטח הפתוח הגדול שבין מישור החוף הדרומי לרמות הנגב. הכיסוי הוא לס — אבק דק שנישא ברוח והצטבר לשכבה רכה בעובי מטרים רבים, ובמערב מונחים עליו שדות חולות (חלוצה, שונרה ואגור). מקור האבק כפול: אבק רחוק מהסהרה ומערב הנגב, יחד עם שחיקת גרגרי החול המקומיים בסיני ובנגב עצמם. ללס אין כמעט חדירות, ולכן גשם עז יוצר נגר עילי חזק ונחלי אכזב — וזה בדיוק מה שאיפשר את החקלאות הקדומה של הנבטים בעזרת סכרים ומתקני ניצול נגר. חשוב להסביר למטיילים שהאדמה החקלאית של מערב הנגב אינה 'סתם חול' אלא לס פורה.","color":"#E0C9A6","sources":[{"title":"גאולוגיה של ישראל – ויקיפדיה","url":"https://he.wikipedia.org/wiki/גאולוגיה_של_ישראל"},{"title":"הנגב – ויקיפדיה","url":"https://he.wikipedia.org/wiki/הנגב"},{"title":"Sand dunes as a major proximal dust source for late Pleistocene loess in the Negev Desert – Quaternary Research (Cambridge)","url":"https://www.cambridge.org/core/journals/quaternary-research/article/abs/sand-dunes-as-a-major-proximal-dust-source-for-late-pleistocene-loess-in-the-negev-desert-israel/9FA95A62C2F1C1573439189E21E205C9"}],"rock_photo":{"file":"assets/rocks/nw-negev-loess-dunes.jpg","title":"Complex Ripples in Sand Dune in Negev Desert","author":"Hezi Yizhaq (https://imaggeo.egu.eu/user/yiyeh/)","license":"CC BY 3.0","license_url":"https://creativecommons.org/licenses/by/3.0","source_url":"https://commons.wikimedia.org/wiki/File:Complex_Ripples_in_Sand_Dune_in_Negev_Desert.jpg"},"rock_class":"loess","rock_class_he":"לס וחול"},"geometry":{"type":"MultiPolygon","coordinates":[[[[34.978637821223984,31.088316585353667],[34.98991520262544,31.085349540615038],[34.98999275850026,31.08532534423607],[34.99006781641506,31.08529425263112],[34.990139764751774,31.085256519153702],[34.9975330091223,31.080942868205653],[34.99760489130548,31.0808962038577],[34.99767200911587,31.080842913997913],[34.99773375396815,31.080783481827797],[35.01146022245511,31.066250068681196],[35.0294673067814,31.053007011272367],[35.029539493337246,31.052947921242833],[35.02960517550675,31.05288167637101],[35.02966364760959,31.05280898838283],[35.04141974705746,31.036534716698057],[35.05711560564446,31.02842025590073],[35.057179336372,31.028383943519557],[35.057239898449694,31.028342562009147],[35.06460537525586,31.02285652727738],[35.064686500395005,31.022788321130406],[35.06475904470737,31.02271105089402],[35.07430969277099,31.011255145191782],[35.07436384960284,31.011183142049692],[35.074410536053094,31.011106084991162],[35.085273242119946,30.99096663253573],[35.08531200052118,30.990885269284938],[35.08534242735475,30.99080043768679],[35.08536421751871,30.990712988381475],[35.085377152514404,30.990623798257964],[35.08538110263749,30.99053376166111],[35.08537602827852,30.99044378142369],[35.08536198032009,30.990354759813336],[35.08533909962668,30.990267589485157],[35.085307615632104,30.990183144530715],[35.08526784403891,30.990102271713155],[35.085220183652666,30.9900257819764],[35.085165112383045,30.989954442313465],[35.08510318245156,30.989888968075537],[35.07620486489078,30.981378532476246],[35.07614640471248,30.981327268125906],[35.07608373795708,30.981281240918417],[35.06155319781179,30.971546313068725],[35.04966267554863,30.959001091345765],[35.04959246239712,30.95893456750357],[35.04951551574164,30.958875962721883],[35.049432724297844,30.958825953872065],[35.03674972846576,30.952067189902735],[35.00049434141719,30.924631461262617],[34.98730585564869,30.91178665902528],[34.97327083271278,30.894713086447997],[34.9732125238873,30.894648749640552],[34.973148286697985,30.89459033108673],[34.97307871903796,30.894538374522185],[34.97300446841412,30.894493363537062],[34.97292622592048,30.89445571707494],[34.9728447198057,30.894425785533468],[34.972760708694885,30.89440384750301],[34.97267497452859,30.894390107173656],[34.97258831528486,30.894384692434688],[34.972501537551985,30.894387653684248],[34.972415449021106,30.89439896336026],[34.97233085096853,30.894418516196946],[34.97224853079785,30.894446130204617],[34.97216925471104,30.89448154836355],[34.97209376057704,30.894524441016213],[34.97202275106391,30.89457440893559],[34.97195688709875,30.894630987041026],[34.97189678171601,30.894693648726985],[34.96372001770713,30.904085947542757],[34.95541313031105,30.911497201699504],[34.95534761626279,30.911561971045774],[34.95528906667071,30.911633098424495],[34.9552380950159,30.91170983856485],[34.955195235378014,30.911791387385666],[34.95516093683922,30.91187689042054],[34.952922513277024,30.91840591227827],[34.952895575674106,30.918501319783037],[34.95287929493701,30.918599111214238],[34.95208487780806,30.925800710670288],[34.952079460113005,30.92590334590541],[34.95208577935237,30.926005929579173],[34.95293157771072,30.933100774044327],[34.95294569992853,30.933185003627276],[34.95296774250331,30.93326751535115],[34.95575537925163,30.942014697777648],[34.955779809713825,30.94208198184171],[34.955809510150836,30.942147111533874],[34.971777720038375,30.9737683110412],[34.96357124392831,30.97864963823733],[34.95238310157009,30.982427860763465],[34.95230451991433,30.982458571676776],[34.952229159345364,30.982496506113158],[34.952157682127854,30.982541330706802],[34.95209071639977,30.982592651541573],[34.95202885065238,30.982650017612713],[34.95197262855856,30.982712924790242],[34.95192254419507,30.982780820249243],[34.951879037700635,30.982853107328037],[34.95184249140801,30.982929150771632],[34.95110006721724,30.984679698316356],[34.95106895116144,30.98476473240243],[34.95104653697448,30.98485246272185],[34.95103305153788,30.98494200124832],[34.95102863135429,30.985032441652454],[34.95103332116583,30.985122868475855],[34.95282286807824,31.002581994821785],[34.94187746506672,31.019260534768808],[34.93527375163062,31.024402150864837],[34.92625564677738,31.028595274591126],[34.92618360467753,31.02863281505734],[34.9261152411031,31.028676698681192],[34.92605111303579,31.028726567927595],[34.925991742949215,31.028782016494507],[34.92593761455203,31.02884259262324],[34.92588916884707,31.02890780277907],[34.92477435036345,31.030559186473223],[34.92472720768365,31.030637281348387],[34.924688212406835,31.03071974716052],[34.92465776513685,31.030805736726954],[34.92463617866271,31.030894366665006],[34.924623674745234,31.030984726467093],[34.924620381838906,31.031075887854495],[34.924626333772196,31.031166914313697],[34.92464146940007,31.031256870717325],[34.924665633232145,31.03134483293083],[34.93346286908893,31.05799898953498],[34.9356531615257,31.079751124345464],[34.93566451395127,31.079829280302423],[34.93882326011707,31.096420559325164],[34.938843538967426,31.096504781566704],[34.938871821265835,31.096586663978364],[34.93890784497792,31.096665447922856],[34.93895127634542,31.096740403470076],[34.93900171297845,31.096810836159857],[34.939058687583625,31.096876093436144],[34.939121672293474,31.096935570692864],[34.939190083557186,31.0969887168756],[34.93926328754712,31.09703503958709],[34.93934060603122,31.09707410964926],[34.93942132265683,31.09710556507953],[34.95266944106707,31.101546656301025],[34.95275022248842,31.101569604009455],[34.952832791132636,31.10158492244115],[34.95291642811884,31.10159247822675],[34.96184913620579,31.101980620748254],[34.96193055066436,31.101980472471958],[34.9620116186109,31.101972967533975],[34.96209167665579,31.1019581673482],[34.96217006967356,31.10193619302649],[34.96224615616389,31.101907224387595],[34.96231931350107,31.101871498485682],[34.975477085346185,31.09469149361751],[34.97555186560166,31.094645828172965],[34.97562185090333,31.09459310742766],[34.97568637790981,31.094533831084405],[34.97574483501506,31.094468560981905],[34.97579666814536,31.094397915769484],[34.97584138601098,31.094322565043345],[34.97587856476276,31.094243222999946],[34.97590785200951,31.09416064166663],[34.977270566755024,31.089629039643885],[34.978637821223984,31.088316585353667]]],[[[34.517780218791735,30.6667087509096],[34.52108120093108,30.659708859319686],[34.52483723215357,30.654125184334802],[34.53681298850011,30.64202533260998],[34.53688366639038,30.641944863315896],[34.53694428484537,30.641856567934482],[34.54233399225115,30.632907852379518],[34.542376727209394,30.63282807909236],[34.54241123471086,30.632744417354733],[34.54243716584407,30.632657713085344],[34.54245425841473,30.63256884296647],[34.54246233959681,30.632478705579686],[34.542461327680044,30.632388212320134],[34.54245123289611,30.63229827818125],[34.542432157315154,30.632209812503095],[34.542404293813775,30.632123709777872],[34.54167937169335,30.630216728892243],[34.54164295954093,30.63013377485084],[34.54159839231586,30.630054901659708],[34.54154612158966,30.629980908491024],[34.54148667698855,30.629912545070777],[34.54142066082708,30.629850504082277],[34.54134874200527,30.629795414147637],[34.5165121830201,30.612682752608343],[34.506578891525244,30.570338133477726],[34.5065537396521,30.570250944593287],[34.50651993581669,30.570166731654826],[34.50647782367124,30.570086350777142],[34.50642783133084,30.570010619118015],[34.50322708942668,30.565656442543066],[34.503171327399244,30.565587908092652],[34.50310911410561,30.565525171494933],[34.50304104912638,30.565468837373835],[34.50296778843775,30.56541944864943],[34.50289003808957,30.56537748130551],[34.50280854740078,30.565343339802347],[34.502724101737854,30.565317353178653],[34.50263751494583,30.5652997718805],[34.502549621504876,30.565290765347644],[34.50254911026649,30.565290763351555],[34.502214,30.571675],[34.480407,30.651205],[34.418808,30.7913],[34.367855,30.907417],[34.329511,30.994492],[34.297989,31.078776],[34.258611,31.184144],[34.248351,31.211449],[34.230396,31.25923],[34.224608,31.275715],[34.200269,31.314267],[34.222667,31.326646],[34.236664,31.342353],[34.281423,31.376695],[34.301606,31.407701],[34.348399,31.437649],[34.368175,31.468166],[34.44337,31.534573],[34.47877,31.578274],[34.481204,31.583141],[34.489513,31.600409],[34.513927,31.627143],[34.602712,31.757758],[34.603309732038284,31.758429519716906],[34.60335176324378,31.75839101105196],[34.603410645048484,31.758325357996526],[34.603462818661285,31.758254257330282],[34.60350778312593,31.758178391741694],[34.603545106706356,31.75809848967065],[34.60357443103212,31.758015318314214],[34.60359547453935,31.757929676260197],[34.60360803517425,31.757842385819345],[34.60361199233315,31.757754285129753],[34.60360730802055,31.757666220109297],[34.60359402721387,31.757579036333354],[34.60357227743168,31.757493570915862],[34.60354226750921,31.75741064447155],[34.603504285593246,31.75733105323665],[34.603458696375384,31.757255561423666],[34.58653858696161,31.732109832243076],[34.58414897842653,31.72577766435725],[34.583639730275664,31.71797251578492],[34.5836286221676,31.717878592071592],[34.583607718867974,31.717786352676246],[34.583577251217704,31.717696816224024],[34.58353755567948,31.71761097149073],[34.5834890706221,31.71752976648349],[34.56910746678107,31.696088949597662],[34.569051161347055,31.69601380063652],[34.55583379908922,31.680168276504396],[34.548690693300244,31.669292961283315],[34.54541419898011,31.66134273079378],[34.54445873672349,31.65299396408138],[34.54444586803293,31.652913758997766],[34.54442582009894,31.652835040899618],[34.54439875623689,31.65275845104386],[34.53899511410688,31.63941613044803],[34.544640489059134,31.63490175412307],[34.54701133437127,31.634846451946935],[34.547101901285814,31.634839756366958],[34.547191332382724,31.634823967899454],[34.547278717099225,31.63479924729825],[34.5473631657082,31.63476584626169],[34.54744381837718,31.63472410486993],[34.547519853922935,31.63467444812232],[34.547590498172475,31.634617381610173],[34.547655031845515,31.634553486368997],[34.554194128096924,31.627390477448046],[34.554261682532875,31.627306970921722],[34.55431880758003,31.62721601120128],[34.56680412802994,31.6044194909925],[34.57876099075556,31.585970082604216],[34.57880900407413,31.58588650850221],[34.57884780465483,31.585798279118077],[34.582277138764425,31.576707914779064],[34.582314251155786,31.576582688450937],[34.585780776978794,31.560745857536453],[34.59699968599784,31.547996697654376],[34.597064873645095,31.54791317875958],[34.597119794877216,31.547822578023347],[34.60218091038993,31.538243368358042],[34.60222004139619,31.53815902344576],[34.602250261432566,31.538071091373798],[34.602271247954285,31.537980510659597],[34.6091515863069,31.499290584481862],[34.60916271618794,31.499203593292783],[34.60916532645829,31.49911593185475],[34.60915939233218,31.49902843255546],[34.609144970157004,31.498941926243017],[34.609122196878275,31.498857234336644],[34.60909128873927,31.498775161026895],[34.60905253922772,31.498696485639492],[34.60900631628893,31.498621955235233],[34.59480201154963,31.478031203525013],[34.5879445950907,31.462567710786068],[34.58790311992282,31.462485748031625],[34.58785350610946,31.46240843986782],[34.58779627049687,31.46233659164364],[34.57131788381331,31.443689339635753],[34.57125114489059,31.44362142334498],[34.571177604061326,31.44356093819977],[34.571098084502204,31.44350856123847],[34.5500080341782,31.431165134604587],[34.52636704576086,31.410491305623147],[34.50909039558925,31.384542389315644],[34.50011612220167,31.36610303316014],[34.500075307021746,31.366028363631795],[34.5000276220504,31.365957882706127],[34.49997349359229,31.365892220484128],[34.499913405556995,31.365831963987468],[34.48495484323773,31.3521870422613],[34.4770392300086,31.343225682310305],[34.47279644172,31.330605172822132],[34.47276848479236,31.33053256623613],[34.472734361517276,31.330462645507936],[34.46328327756835,31.313049385400788],[34.459433171513766,31.303694677926472],[34.459395207273964,31.303614032478738],[34.4593494520239,31.30353753784601],[34.459296354558845,31.303465944334096],[34.45923643569097,31.303399954175614],[34.4591702831409,31.30334021464211],[34.45909854577302,31.303287311695186],[34.45902192723097,31.303241764239072],[34.45894117903593,31.30320401903086],[34.45885709321523,31.303174446298478],[34.45877049453364,31.303153336109226],[34.449165572857005,31.301310427159912],[34.441180742456,31.298331848558686],[34.42250711983637,31.277050926535463],[34.41729320141403,31.265149479774067],[34.41725814003445,31.26507818650758],[34.40768475477143,31.247604552720023],[34.407434942260004,31.244666760544753],[34.41034014144654,31.234544979187795],[34.410360048991826,31.234460426320563],[34.41037171257719,31.234374348109075],[34.410375023551325,31.234287546408822],[34.410369951071075,31.234200829814903],[34.41035654238879,31.234115006129617],[34.41033492241208,31.234030874837437],[34.41030529254033,31.233949219657465],[34.40601328372154,31.223693955897286],[34.426272783750775,31.210785104058452],[34.426348668892196,31.21073103248891],[34.42641855669975,31.21066940470559],[34.426481698054715,31.210600881289047],[34.42653741615276,31.210526196733266],[34.42658511375851,31.210446151572718],[34.42662427960727,31.21036160380153],[34.42665449388515,31.21027345967675],[34.4306531883377,31.196285543611502],[34.43067388443936,31.196196115781753],[34.4306853639807,31.196105045009887],[34.43068750755089,31.196013278619173],[34.4306802928524,31.19592177116875],[34.430663794932926,31.195831474524237],[34.43063818540474,31.195743327956386],[34.4306037306596,31.195658248370734],[34.43056078909768,31.195577120769894],[34.430509807399524,31.195500789047713],[34.430451315879615,31.195430047211044],[34.430385922970004,31.195365631120424],[34.41654508276358,31.183057369875492],[34.41645803988469,31.18298906633272],[34.406535380968684,31.1761444983619],[34.402164351407,31.161223606543924],[34.410602809429044,31.147621524599288],[34.414071070866314,31.14577175804079],[34.41414746128578,31.145726024778728],[34.414218959215674,31.14567296751282],[34.414284864944825,31.145613105485534],[34.41434453348986,31.145547024533833],[34.41439738090734,31.14547537135588],[34.41444289000846,31.14539884718218],[34.41448061542051,31.145318200913014],[34.414510187945496,31.14523422178935],[34.414531318173275,31.145147731668995],[34.41454379931385,31.1450595769835],[34.41539453265169,31.13575354465822],[34.42338683459852,31.12523818348527],[34.42344385797527,31.125153605709556],[34.42349094453035,31.125063118572502],[34.42352748940116,31.124967884450157],[34.4254697399734,31.118898469775925],[34.4329377062745,31.110780112182844],[34.44379503622554,31.102883886183132],[34.44386561457778,31.102826904230525],[34.44393009862049,31.102763107248123],[34.44947637720794,31.096693044389838],[34.44953468826786,31.09662230464756],[34.44958550054874,31.096545999975632],[34.44962828683924,31.096464922085968],[34.449662603203016,31.096379912215813],[34.449688093584896,31.096291852399332],[34.45157199578934,31.088275278972162],[34.451587097614215,31.08819469078302],[34.4515948027193,31.08811306264633],[34.45159504715678,31.088031072027388],[34.45158782889796,31.087949399399882],[34.45157320785012,31.08786872259836],[34.45155130535932,31.087789711192595],[34.4495440319014,31.081650078671156],[34.459662239468095,31.084856738682955],[34.45976360747716,31.084882489345997],[34.45986727841812,31.084896306216358],[34.48102887029933,31.08647275557427],[34.517727647542124,31.095882114689438],[34.5178332138936,31.095902550279362],[34.548370137328,31.09993969579239],[34.54848151330001,31.099947435314643],[34.56411265845491,31.10006176247527],[34.56419653335355,31.100058461450434],[34.56427973591356,31.10004736057675],[34.564361542386116,31.10002855641668],[34.57600637272982,31.096773298710062],[34.576087725594135,31.09674631922148],[34.57616614312105,31.096711723371886],[34.576240914113804,31.09666982492348],[34.57631136044737,31.09662100386836],[34.57637684321862,31.096565702982236],[34.57643676854074,31.09650442380873],[34.58232836459139,31.089875733574733],[34.588046475428975,31.08649777320916],[34.61007105107149,31.082312672172026],[34.63689889736415,31.08367322028445],[34.63699590455118,31.083672905138762],[34.63709231430959,31.083662150970557],[34.637187006561106,31.083641082720614],[34.65088605107328,31.079807766821496],[34.650970670618136,31.079779496364864],[34.65105207538631,31.079742986779713],[34.66528666996964,31.07249103723816],[34.665381464535365,31.072435196288254],[34.665468737388,31.072368206210104],[34.68300634781768,31.057115568444264],[34.68307114993176,31.057053258992994],[34.68312941259734,31.056984795546498],[34.68318055449819,31.05691086119938],[34.683224065365586,31.056832193632204],[34.68325951106947,31.056749577751265],[34.683286537950046,31.056663837857208],[34.683304876346384,31.05657582942053],[34.683314343286995,31.05648643054614],[34.68347129166559,31.053663363057428],[34.68347216647749,31.05358302649974],[34.683465873456285,31.053502932020027],[34.68345246274979,31.05342371787515],[34.68343204122525,31.053346015306776],[34.6834047716177,31.053270443511106],[34.67579703095814,31.034812547182707],[34.672484013220576,31.01758942698113],[34.68000493105579,30.998152881571745],[34.68460853868702,30.991803051887906],[34.68465553294255,30.991731263954208],[34.684695477480865,30.99165532712957],[34.684728009252105,30.991575931592305],[34.68475283257991,30.991493798956444],[34.684769721848824,30.991409675713086],[34.68690086423457,30.977351429493197],[34.69608156783599,30.94361586060784],[34.696103817788234,30.94350880564859],[34.69611292124354,30.943399842573303],[34.69631925575771,30.934259132052777],[34.696317191551636,30.934174611698253],[34.696307205416026,30.934090657970696],[34.69628938547483,30.934008011730786],[34.69626388898246,30.933927402301112],[34.69623094093605,30.933849541030163],[34.696190832089975,30.933775115014942],[34.69614391638999,30.933704781037584],[34.69609060784987,30.9336391597695],[34.68643333265525,30.92283103396116],[34.68517575793891,30.91475506665948],[34.68597421295885,30.90670282894211],[34.693841634050756,30.874914901481937],[34.693859223820326,30.874824013269798],[34.69386738408168,30.874731798969204],[34.693866028496544,30.874639234237865],[34.69385517140747,30.874547298441158],[34.69383492768605,30.87445696429013],[34.6938055115175,30.874369187549885],[34.69376723413462,30.874284896927286],[34.69372050052472,30.874204984244905],[34.69366580514481,30.87413029500528],[34.67318021270184,30.848979858987683],[34.67312130929518,30.848914367739454],[34.673056286005725,30.848854948157346],[34.67298576566946,30.848802169401363],[34.67291042377675,30.848756537021277],[34.66704575373284,30.845585897985117],[34.66696574030705,30.845547609158245],[34.66688234638887,30.84551738272974],[34.64950314310795,30.84017130939136],[34.60813915917038,30.822500354967406],[34.59237618241944,30.8127300585787],[34.5740383929703,30.797822569769398],[34.57200984415103,30.79303126284292],[34.56917946512505,30.772620015317358],[34.56915888947887,30.772516602063728],[34.56579827382401,30.75962524568982],[34.565772103151566,30.75954172572109],[34.56573794359523,30.75946114275773],[34.565696118215385,30.759384258904593],[34.56564702257112,30.759311801282582],[34.56559112097932,30.759244455151986],[34.56552894212335,30.759182857431707],[34.548364985288295,30.74375875717471],[34.51624775656488,30.71042968122656],[34.51256520077854,30.70136951891758],[34.511021900962334,30.694087747465527],[34.517780218791735,30.6667087509096]]]]}},{"type":"Feature","properties":{"id":"judean-desert-basic","name_he":"מדבר יהודה והמדרון המזרחי","name_en":"Judean Desert & Eastern Slopes","rock_summary_he":"קירטון, חוואר וצור (חבורת הר הצופים), סנון-פלאוקן-אאוקן, כ-90-34 מיליון שנה; דולומיט חבורת יהודה נחשף בערוצים העמוקים","description_he":"המדרון היורד מרכס הרי יהודה אל ים המלח — צניחה של כ-1,200 מטר על פני כ-25 ק\"מ בלבד. הסלע השולט הוא קירטון רך של חבורת הר הצופים, ובתוכו שכבות צור קשות. ההבדל בקשיות הוא שיוצר את הנוף המדורג האופייני: הצור מגן על ראשי הגבעות בעוד הקירטון הרך נסחף וייוצר מדרונות תלולים וקניונים (נחל דוד, נחל ערוגות, נחל צאלים). בערוצים העמוקים נחשף מתחתיו הדולומיט הקשה של חבורת יהודה. הצל הגשם של הרכס — הרוח הלחה מתרוקנת ממערב — הוא שהופך את האזור למדבר למרות הקרבה לירושלים.","color":"#CFC0A0","sources":[{"title":"מדבר יהודה – ויקיפדיה","url":"https://he.wikipedia.org/wiki/מדבר_יהודה"},{"title":"חבורת הר הצופים – ויקיפדיה","url":"https://he.wikipedia.org/wiki/חבורת_הר_הצופים"},{"title":"'הפרצוף הדולומיטי' של מדבר יהודה – המכון למדעי כדור הארץ, האוניברסיטה העברית","url":"https://earth.huji.ac.il/sites/default/files/earth/files/01.melah_6_raz.pdf"}],"rock_photo":{"file":"assets/rocks/judean-desert-basic.jpg","title":"Judean Desert Landscape","author":"The Turtle Ninja","license":"CC BY-SA 3.0","license_url":"https://creativecommons.org/licenses/by-sa/3.0","source_url":"https://commons.wikimedia.org/wiki/File:Judean_Desert_Landscape.JPG"},"rock_class":"chalk","rock_class_he":"קירטון"},"geometry":{"type":"MultiPolygon","coordinates":[[[[35.488041685512016,31.661953613713653],[35.488024256598734,31.662039767849418],[35.488015315099425,31.66212721126951],[35.488014946303885,31.662215109882226],[35.48855688745015,31.67434274570526],[35.48856797033448,31.67444892618308],[35.488591548123345,31.674553047324384],[35.49348243210316,31.691432227395016],[35.49585545020332,31.704498039607362],[35.495875590120335,31.704584453362838],[35.49590414120731,31.704668464009927],[35.49978708361162,31.714477723277117],[35.49982566250237,31.714562171868117],[35.49987273618112,31.71464219663992],[35.5027110878912,31.718943138782745],[35.50275973826804,31.71900996673275],[35.50281431481902,31.719072049211363],[35.50287435715833,31.719128862515774],[35.5140336265848,31.728756209144578],[35.52115694475821,31.74096139771502],[35.52120905628917,31.741040752756412],[35.521269236965985,31.74111417700576],[35.53533532863558,31.756538849046308],[35.54100288707796,31.77065430359278],[35.54103643520794,31.770728066831126],[35.54107648209029,31.77079851354553],[35.55072049109569,31.78611459030224],[35.550772349489826,31.786188456128816],[35.55083134509872,31.78625675672551],[35.55089688465574,31.786318805253647],[35.55096830908754,31.78637397774608],[35.55104490014178,31.78642171938186],[35.55112588761002,31.786461550065592],[35.55115486212091,31.78647234891751],[35.55941,31.765349],[35.527578,31.735067],[35.502479,31.68536],[35.489282580258795,31.659226481388956],[35.489220857071686,31.659259975730386],[35.489148553093436,31.65930882610766],[35.489081319674995,31.659364448873465],[35.48901978882914,31.659426321158367],[35.48896453896289,31.659493861345737],[35.4889160894403,31.65956643453908],[35.48887489570033,31.659643358530257],[35.488841344975555,31.65972391021241],[35.48806743559106,31.6618695706559],[35.488041685512016,31.661953613713653]]],[[[35.080790842914034,30.995925425103298],[35.08073807999196,30.995998970297855],[35.07138410895618,31.01052790742972],[35.06299171693687,31.01957939809853],[35.055309534729936,31.024838989082888],[35.04088556721069,31.030758713063765],[35.04080881745755,31.030794519155826],[35.040735773186114,31.030837380971523],[35.03652444884089,31.03358280124702],[35.03645238665773,31.033635032706652],[35.036385835647366,31.03369412624807],[35.03632544661983,31.03375950398871],[35.0362718101264,31.033830526592087],[35.03622545068455,31.033906499519958],[35.03618682164861,31.033986679824274],[35.0361563007764,31.03407028341258],[35.03613418653504,31.034156492715713],[35.03612069518227,31.034244464682942],[35.03516590828145,31.0435077749869],[35.0270182444406,31.05906066477213],[35.026977823134786,31.059149154764828],[35.026947189268796,31.059241490711383],[35.02692670078084,31.059336593722023],[35.02557692722609,31.06780182509775],[35.02556695778725,31.067895975023887],[35.02556693398374,31.06799065130252],[35.02610911822093,31.07833398184769],[35.02611929249359,31.078429714425248],[35.03197125568652,31.114832917171984],[35.03198395148799,31.114896969036167],[35.037951454354584,31.140160368412268],[35.03783409554363,31.144247517335554],[35.03603843597762,31.14842450849991],[35.03600820182712,31.1485053071057],[35.035985842674414,31.14858862929269],[35.035971563961986,31.14867370947208],[35.03596549688685,31.148759765902135],[35.03596769719508,31.148846007871025],[35.0359781446696,31.14893164296214],[35.035996743315934,31.149015884335043],[35.03602332224423,31.149097957955192],[35.03605763723949,31.14917710970599],[35.03609937300541,31.14925261231785],[35.0361481460615,31.149323772050522],[35.036203508266546,31.149389935067433],[35.0362649509363,31.149450493443297],[35.03633190951742,31.149504890749924],[35.036403768774754,31.149552627168838],[35.03647986844426,31.149593264083762],[35.037576195595555,31.15011278189326],[35.037654005205525,31.150145282197954],[35.037734515021945,31.15017035757771],[35.03781701828737,31.150187787907676],[35.03790079074484,31.150197420175267],[35.03798509699574,31.150199169823384],[35.03806919695554,31.150193021492694],[35.03815235235065,31.150179029156472],[35.038233833199364,31.15015731564679],[35.04534000496095,31.14790216772361],[35.05536154002767,31.15166368334097],[35.0600979452197,31.160872243590198],[35.06316262944213,31.1721591883079],[35.06319117747382,31.172246454455014],[35.06322846815369,31.172330357826457],[35.06327411336539,31.17241002516728],[35.063327638039716,31.172484627310567],[35.0633884850991,31.172553387807287],[35.063456021255554,31.17261559100749],[35.06352954360191,31.172670589508666],[35.07552501144821,31.180723457528163],[35.07563767672139,31.180787826544474],[35.082492476007474,31.184073087126322],[35.07932701419105,31.19099597779448],[35.07929270653193,31.19108260768769],[35.07926753939696,31.1911723203913],[35.079251782532886,31.191264154345294],[35.07924560482516,31.191357125253642],[35.079249072487784,31.191450236634193],[35.07926214835361,31.191542490499177],[35.079569086817976,31.19311649818053],[35.0795917677714,31.193207354405967],[35.07962376668052,31.19329536207134],[35.079664737116495,31.193379568381822],[35.07971423552228,31.1934590616971],[35.079771726014734,31.193532981401013],[35.07983658618622,31.193600527218827],[35.07990811384295,31.19366096788123],[35.07998553460715,31.19371364904124],[35.101247024577276,31.20661609271538],[35.10131732171019,31.206654578360702],[35.10139076377967,31.206686657859173],[35.12469170595643,31.2156515163372],[35.13036332336225,31.24408130746902],[35.13038847438634,31.244178667201897],[35.14242580407096,31.28192603166442],[35.147816682298014,31.31579672899477],[35.14346964632789,31.320834052948705],[35.13389768291097,31.326717035440733],[35.13382060663497,31.326770118362465],[35.133749459471055,31.326830918279956],[35.13368501073516,31.326898777762285],[35.13362795731296,31.326972963043286],[35.132236094595086,31.328991911876106],[35.13029846850023,31.329416569424104],[35.130210547396025,31.32944056239334],[35.13012550353276,31.329473324024228],[35.13004420895474,31.32951451837726],[35.1299674972609,31.32956372304335],[35.129896155057025,31.329620433475228],[35.12983091388988,31.329684068161104],[35.12977244274587,31.329753974587522],[35.121685499137826,31.340482750695834],[35.10954743988137,31.350910823281463],[35.10948436329713,31.350970539694153],[35.10942733707543,31.351036058511784],[35.10937689238424,31.35110676946253],[35.109333499088166,31.351182013912688],[35.109297561371946,31.351261091001515],[35.109269413975674,31.351343264169323],[35.10924931907691,31.351427768018155],[35.109237463848594,31.351513815441045],[35.10923395871568,31.351600604953475],[35.10923883632655,31.351687328158768],[35.10925205124894,31.35177317727787],[35.11205920046387,31.365549971693476],[35.11207565477721,31.365617342507136],[35.121331610096625,31.3980397269934],[35.121944377392765,31.403777062842824],[35.1160109549906,31.406115141711453],[35.10687400928611,31.407596630149385],[35.08471854883662,31.40556500591951],[35.084633791908175,31.40556124941129],[35.08454905784411,31.40556549047957],[35.08446509961101,31.405577691437248],[35.08438266328125,31.40559774386377],[35.08430248140321,31.405625469568612],[35.08422526649172,31.405660622174718],[35.08415170469641,31.40570288930786],[35.084082449704496,31.405751895372468],[35.08401811693193,31.405807204889264],[35.08395927805469,31.40586832636502],[35.08390645592871,31.4059347166601],[35.08117040498884,31.40972760917534],[35.08112867629222,31.40979091553848],[35.0810924242986,31.409857509627514],[35.081061906306715,31.409926918790504],[35.0752689923927,31.424769628647553],[35.07104110793012,31.431300510377906],[35.0569113799493,31.4333356287819],[35.056829578945255,31.433351304390115],[35.05674957735436,31.43337447494058],[35.05667206033877,31.433404941992446],[35.05659769178186,31.433442444615004],[35.0506523242528,31.436794272244107],[35.050578190333866,31.436840962142984],[35.05050894736765,31.436894638918456],[35.050445251519726,31.436954793914513],[35.050387706389586,31.43702085708573],[35.05033685729085,31.43709220239919],[35.05029318608367,31.437168153766905],[35.05025710660853,31.437247991452665],[35.05022896076452,31.43733095889242],[35.05020901526948,31.437416269863707],[35.05019745913244,31.437503115936106],[35.05019440186256,31.437590674132153],[35.05019987243138,31.437678114726108],[35.05021381899827,31.437764609106654],[35.05849156302398,31.47687768476715],[35.052170794597735,31.47815699354783],[35.03983602543566,31.477793502234316],[35.03974499635776,31.477795427267374],[35.039654627600086,31.477806539711384],[35.039565844047694,31.477826725835303],[35.039479554361726,31.4778557790429],[35.03939664167972,31.477893401987203],[35.03931795457702,31.477939209613684],[35.039244298382,31.47799273310115],[35.03917642693388,31.478053424659915],[35.03546701571637,31.481724569733483],[35.03539838123127,31.481800709551358],[35.035338850049236,31.481884160152184],[35.03528919445614,31.48197383894837],[35.03297880277148,31.48677259045484],[35.03294448957853,31.486853817549502],[35.03291828972457,31.486938012583618],[35.032900454703494,31.487024367364263],[35.03289115571468,31.487112052966985],[35.031995341177485,31.502909028098177],[35.02562556354335,31.52965972041728],[35.025609715019804,31.52974385969847],[35.02560193349811,31.529829124241267],[35.02531411610501,31.536452547667395],[35.025314842067104,31.53654483266103],[35.025325014859256,31.536636558128436],[35.02739452203483,31.54931950876027],[35.02538275540121,31.573471046451846],[35.01431070961855,31.60434579646892],[35.014284724038795,31.60443144130658],[35.01426737333697,31.604519243594243],[35.01300813336205,31.61312137393995],[35.01300051981571,31.613193632760353],[35.0129987599262,31.613266270257572],[35.01316457159511,31.623530238403497],[35.01317074883047,31.623621958979893],[35.01318625019565,31.623712570955085],[35.01321091396314,31.623801128964008],[35.01324448281304,31.623886709070852],[35.01328660651772,31.623968418408605],[35.013336845595745,31.624045404494424],[35.013394675897096,31.624116864123703],[35.02727767394151,31.639584431637804],[35.03126145323266,31.6507997830462],[35.031292964424814,31.650876960744803],[35.03133148138014,31.650950891770396],[35.0381955026054,31.662757109385907],[35.03824228802583,31.662829387258768],[35.038295765915684,31.662896863786287],[35.038355446855455,31.662958921436083],[35.038420784656495,31.6630149922683],[35.038491181359625,31.663064563133318],[35.05014279909425,31.67046181479428],[35.07184260734447,31.688847160073436],[35.07191976762065,31.688905703942407],[35.088883693845546,31.700392956081046],[35.09606260415153,31.707388243683187],[35.10620529599335,31.721334810494344],[35.10625458647714,31.721396676589347],[35.120610134620556,31.73787363423008],[35.12067164410871,31.737937575886285],[35.12073915055821,31.737995150462332],[35.12081199791034,31.738045798422014],[35.120889478201015,31.73808902754516],[35.120970838441146,31.738124417711273],[35.12105528793449,31.73815162498244],[35.12114200596204,31.73817038494589],[35.12123014975813,31.738180515283666],[35.12131886270079,31.73818191754449],[35.12140728263686,31.738174578100548],[35.12149455026072,31.73815856827993],[35.12157981746548,31.73813404367343],[35.13829894061861,31.732419050843642],[35.138393701436506,31.73238051542347],[35.13848347716769,31.732331475548815],[35.14982899225975,31.725268560433225],[35.149915766019845,31.725207145407275],[35.14999469271447,31.725135926956504],[35.15825253307878,31.71674823101001],[35.158307501484636,31.716687040547683],[35.15835665372907,31.716621087115712],[35.17018051175485,31.699141829936195],[35.186453539157725,31.686475778618533],[35.199117783884574,31.689127391989917],[35.19920215787492,31.689140913520635],[35.19928743392316,31.68914637224166],[35.19937284330237,31.689143718944955],[35.19945761608367,31.689132977548862],[35.20852746845198,31.68754312501585],[35.21881267574504,31.692309566292305],[35.21889995198563,31.692344596971278],[35.218990407223345,31.69237032906424],[35.21908305378856,31.692386481605627],[35.21917688008479,31.69239287822782],[35.21927086163421,31.692389449086885],[35.227248614861736,31.691679625252885],[35.22732678531672,31.691669201199208],[35.22740374314078,31.691651974062392],[35.22747889744217,31.691628076114547],[35.23379577034525,31.689310055939792],[35.23389280622537,31.689267820126226],[35.233984213415546,31.689214485788675],[35.239643475012834,31.685449733902146],[35.239720615852114,31.685392240713576],[35.239791178758594,31.685326841538927],[35.23985435738331,31.685254283719253],[35.25046976282144,31.671659036939573],[35.253249599551665,31.669987808957647],[35.270342378871206,31.684118747994596],[35.27357642591279,31.69851494220072],[35.27359910936548,31.69859738473412],[35.27362951421047,31.698677302540275],[35.27366736600423,31.698753974256366],[35.27371232308479,31.698826707819784],[35.27376397965562,31.69889484671491],[35.27382186944856,31.698957775899018],[35.27388546993245,31.699014927353844],[35.27395420702966,31.69906578521269],[35.295513524873066,31.71348464279572],[35.307964315071004,31.74364455908458],[35.30800369980866,31.743727651496478],[35.30805135752285,31.7438062914911],[35.30810679071959,31.743879658153656],[35.30816942073748,31.74394698561711],[35.3082385937882,31.744007571057026],[35.30831358778141,31.744060782028235],[35.308393619862564,31.744106063066898],[35.31904890687256,31.74943539690119],[35.32247970280984,31.76090594582026],[35.32252219850169,31.761019517873788],[35.329870356935665,31.777235477972926],[35.33260886251472,31.79116689593171],[35.333299027713515,31.8010332539735],[35.3331563333103,31.803523075392793],[35.32442969854781,31.79840076834552],[35.31165484844762,31.788804933722144],[35.29757502617089,31.775982861064193],[35.29551873610062,31.759899946059594],[35.29549821081586,31.759792154405766],[35.29546472051305,31.75968766169039],[35.28991017070258,31.74541579700068],[35.28987435730473,31.745335595301107],[35.28983089658293,31.74525926655331],[35.28978020248242,31.74518753775677],[35.289722757843364,31.745121092098344],[35.28965910980199,31.74506056244521],[35.28958986457933,31.745006525317066],[35.289515681707236,31.744959495395005],[35.289437267746635,31.744919920619424],[35.28935536955778,31.744888177923546],[35.28927076718675,31.744864569643305],[35.28918426643584,31.744849320637723],[35.289096691188604,31.744842576147217],[35.28900887556275,31.744844400410244],[35.288921655965474,31.74485477605146],[35.288835863127055,31.744873604247218],[35.287001202693936,31.74537120885169],[35.286924073442734,31.745395903578014],[35.28684947635203,31.745427431739348],[35.28677801545113,31.745465538045128],[35.286710269374886,31.745509913940086],[35.28664678667843,31.74556020010269],[35.28658808139533,31.745615989354654],[35.276930032878376,31.755659131870956],[35.26185505603834,31.764315903280952],[35.26178244864287,31.76436235777726],[35.26171461827762,31.764415545140942],[35.26165218712745,31.764474977502438],[35.261595727852026,31.764540109708932],[35.26154575833304,31.764610344324883],[35.261502736923894,31.764685037112077],[35.261467058245294,31.764763502939026],[35.261439049565624,31.764845022065415],[35.26141896779896,31.764928846744077],[35.2614069971485,31.765014208079773],[35.26140324741695,31.765100323082056],[35.26141359456719,31.76745755382759],[35.261418151362236,31.767544140537577],[35.26143101914146,31.767629886925167],[35.26145207847244,31.76771399713445],[35.2614811338928,31.767795690495717],[35.266834519447535,31.780822884629824],[35.26937344557112,31.790262217811705],[35.27010925950287,31.799657583516456],[35.26932935380873,31.814401809070723],[35.26932917123436,31.814493301065593],[35.269338278471665,31.814584338841744],[35.26935658140333,31.814673981583507],[35.27016618378072,31.817815024103442],[35.270191117002,31.817895837892443],[35.270223525793476,31.8179739544992],[35.27026312397615,31.818048684131508],[35.27030956188664,31.818119366905123],[35.284287565098104,31.837360163509853],[35.284369541582045,31.837457666473114],[35.311507350393114,31.86544809237376],[35.29486518685258,31.894552622700935],[35.2867537877198,31.902953403229983],[35.27619428134083,31.910069801028307],[35.27612897767819,31.910118240248245],[35.27606831212661,31.91017237542381],[35.276012779816334,31.910231764723324],[35.27596283398194,31.910295923432855],[35.27091816323838,31.917417915634438],[35.2708728412681,31.91748868908954],[35.2708343184686,31.91756338150452],[35.26749795835244,31.924848460874536],[35.267460881779506,31.924943238452574],[35.26743474251926,31.92504159596695],[35.264686230434485,31.938382167093184],[35.26184553214616,31.946509723539037],[35.26182042960807,31.94659479029137],[35.261803821942834,31.946681914772583],[35.26179587043936,31.94677025085447],[35.26179665232039,31.94685894064212],[35.261806159992524,31.946947122805515],[35.26182430111996,31.947033940944557],[35.2618508995212,31.947118551906154],[35.26188569688016,31.947200133972693],[35.26192835525476,31.947277894842333],[35.261978460358996,31.947351079323614],[35.26203552558635,31.94741897666965],[35.26209899673553,31.94748092748072],[35.262168257392794,31.94753633010815],[35.26224263491832,31.947584646497376],[35.26232140697872,31.94762540741335],[35.262403808562134,31.947658216997652],[35.262489039407804,31.94768275661292],[35.265373184577115,31.94836123450901],[35.272405521890406,31.957408421207994],[35.27245022301493,31.957461564281854],[35.27249888850187,31.957511102622693],[35.28403033642369,31.968377121965982],[35.28147296974549,31.987344888753885],[35.28146557338859,31.98743031990879],[35.281466341122176,31.98751606720559],[35.28147526597675,31.987601352229447],[35.2814922669324,31.987685400762036],[35.28151718965428,31.987767449809915],[35.28154980789365,31.987846754530988],[35.2815898255418,31.987922594996174],[35.282634081054944,31.98969191404483],[35.282680833413,31.989763186815445],[35.28273411871647,31.989829717013478],[35.28279345900334,31.989890907872024],[35.28285832199924,31.98994621051733],[35.28292812589185,31.989995128892122],[35.28300224454966,31.99003722420517],[35.28308001313829,31.990072118867193],[35.28316073408399,31.990099499877775],[35.28324368333076,31.99011912163294],[35.30471009602388,31.994134325230576],[35.30478580127218,31.99414517972603],[35.30486215473344,31.99414956762356],[35.304938605050395,31.994147457237645],[35.32527804839831,31.99271934192102],[35.34611217653401,31.998819144374522],[35.361021356017126,32.00530875464138],[35.36109304952796,32.00533638425401],[35.361166838383525,32.005357798263034],[35.39257349581699,32.01303520389644],[35.39266074129542,32.01305201625504],[35.39274921935884,32.01306014405927],[35.3928380676816,32.013059508093846],[35.39292642032941,32.01305011455704],[35.39301341619894,32.0130320550002],[35.393098207410304,32.01300550543555],[35.39317996757068,32.01297072462067],[35.3932578998285,32.01292805153664],[35.39333124463971,32.01287790208424],[35.4005865042404,32.007372519192444],[35.40065695140209,32.007313143314526],[35.400720959169945,32.007246876406334],[35.40077785678228,32.00717441290394],[35.407584819632454,31.997526612807537],[35.407625535542245,31.9974634639402],[35.40766084213922,31.99739713891502],[35.418862190480404,31.97405492944475],[35.418893217500575,31.973982254665934],[35.418917750162066,31.973907138436147],[35.42353338792712,31.957343094678357],[35.437989450788926,31.950816078579834],[35.43806045749476,31.9507801587038],[35.43812801383947,31.95073810718711],[35.43819159170011,31.950690252768265],[35.447677228053635,31.94287028898739],[35.44773844591429,31.942814914900627],[35.447794332812855,31.942754164834646],[35.44784441861522,31.9426885498337],[35.4478882819875,31.94261862186705],[35.44792555394041,31.942544969185672],[35.4561046958089,31.924356797415246],[35.4721617482635,31.904095860296202],[35.47221884767738,31.904015055181866],[35.47226673197851,31.903928470522292],[35.47987803243635,31.888178863831516],[35.48280256387358,31.88718828756763],[35.49526231535143,31.887718631634073],[35.49535813806567,31.887717603974405],[35.495453308338476,31.88770639380845],[35.50242348846439,31.88650623034854],[35.502512201801366,31.886486294563902],[35.50259845088632,31.886457509376505],[35.502681355393804,31.886420168590423],[35.50763158263713,31.88388235967282],[35.50770918567522,31.883837562730253],[35.50778194961178,31.883785271171483],[35.50784915318576,31.883726003328356],[35.51739236387301,31.874425217352208],[35.52098780819226,31.873265412350033],[35.51627047499808,31.902258441305037],[35.51626034712422,31.9023501165452],[35.516259655070854,31.902442346933633],[35.51626840610617,31.902534163832232],[35.516286508323525,31.902624602945536],[35.51631377160665,31.902712714448086],[35.51634990962632,31.902797572959866],[35.51639454284753,31.902878287264997],[35.51644720251545,31.902954009671603],[35.51650733557853,31.903023944914597],[35.51657431049681,31.903087358507854],[35.516647423874595,31.90314358445806],[35.52067211556702,31.90592252204998],[35.520747212439645,31.905969102167678],[35.52082651543818,31.906008092962328],[35.52090925999872,31.906039118521864],[35.528002324047854,31.908308233498754],[35.52801437137966,31.908311439610664],[35.549075,31.839195],[35.538326,31.826741],[35.538326,31.819299],[35.54095610235569,31.81256906155901],[35.54094856582888,31.81256576088349],[35.54086407567173,31.812538318725363],[35.540777291706526,31.812519339734866],[35.540689059451076,31.81250900882029],[35.54060023853359,31.812507426633545],[35.54051169431749,31.81251460858955],[35.54042428947033,31.81253048471602],[35.54033887555907,31.812554900335215],[35.540256284753376,31.812587617570923],[35.540177321718005,31.81262831766603],[35.5401027557731,31.81267660408812],[35.5400333133989,31.8127320063928],[35.53996967115778,31.812793984807122],[35.539912449102616,31.81286193548851],[35.539862204735805,31.81293519640784],[35.539819427577584,31.813013053799473],[35.53427311823524,31.82440644647499],[35.51571780579518,31.849120930144107],[35.515677423580726,31.84917938759456],[35.51564177844537,31.849240848322534],[35.50582420335337,31.867822118354162],[35.496592293397015,31.87715313533511],[35.484841674008884,31.882281114668785],[35.466670182039564,31.881083459462744],[35.46659465961821,31.881081659261476],[35.46651925227298,31.881086198990197],[35.46644449128836,31.88109704666413],[35.45809818790906,31.882668248919558],[35.458012257580116,31.882688839377888],[35.45792876056619,31.88271775714183],[35.45784850173606,31.882754723458834],[35.45777225474407,31.882799381992385],[35.45770075457248,31.882851302256913],[35.44830249754347,31.890407506367456],[35.435064333210946,31.898625279321156],[35.4349907139201,31.898676220325306],[35.434922519815885,31.898734223342803],[35.42159643151013,31.91126311525115],[35.4111720094504,31.916692814549883],[35.40272089276498,31.91814755116558],[35.38926068783878,31.9143207283799],[35.38916634740387,31.914299312153805],[35.38907025327851,31.91428814562041],[35.38897351573805,31.914287357798283],[35.38490096391252,31.914473305315934],[35.38481311220739,31.914481647415915],[35.384726499791554,31.914498553099847],[35.384641959375244,31.914523859832876],[35.38456030374805,31.91455732431067],[35.38448231796459,31.914598624798614],[35.38440875179681,31.914647364225],[35.38434031252554,31.914703073998595],[35.38427765814052,31.914765218513754],[35.38422139101437,31.914833200299856],[35.37373369908725,31.92885047661519],[35.367151249190506,31.934810063384198],[35.36813488773059,31.91308118274813],[35.368135047284696,31.91300347482424],[35.36812850301697,31.912926042793057],[35.364090007373846,31.881423512493395],[35.36460806686908,31.874628848031026],[35.37217466596725,31.856287404724092],[35.37841334005231,31.847725223826334],[35.37847709118255,31.84762428303675],[35.384871584182626,31.83583348351456],[35.39719364798349,31.82216608593204],[35.39726484732827,31.822076204397522],[35.401911955486945,31.815372933251854],[35.40195992042201,31.8152956833658],[35.401999845744456,31.815213987903753],[35.40203132391139,31.815128680782728],[35.40205403360534,31.815040632786204],[35.402067743014165,31.814950742675506],[35.4025976607184,31.809711900570104],[35.402602099841886,31.809606024336095],[35.40259406356586,31.809500360240904],[35.39992052338981,31.78978942404893],[35.40050429657594,31.78437243060113],[35.403525868204106,31.78002641535296],[35.41634831666837,31.770280792975658],[35.41640954376095,31.770229829392413],[35.416466024467866,31.770173651341274],[35.41651731628413,31.770112698956027],[35.42128334914709,31.763911411312666],[35.42133286401734,31.763840116141214],[35.421375280346886,31.763764382536813],[35.421410203573586,31.763684914983152],[35.426721486012354,31.749819429815616],[35.42674793870922,31.749739319138296],[35.43449721989625,31.721960016629954],[35.434515892366896,31.72187868171396],[35.4345269510549,31.721795966932095],[35.43453030088244,31.721712583430282],[35.434525913049164,31.721629248103806],[35.43430674669932,31.719422287161457],[35.4342948227269,31.719340562433654],[35.43427545725154,31.71926027488408],[35.43424881335234,31.719182100624323],[35.434215115400946,31.719106697969696],[35.43417464717206,31.719034701895474],[35.434127749453744,31.718966718689682],[35.43407481717761,31.718903320847478],[35.41780778696827,31.701144194467577],[35.41774126226987,31.701078732400457],[35.405133339434904,31.68989805301742],[35.40505946585331,31.68983916895595],[35.40497982687883,31.689788352890627],[35.404895299979444,31.689746164716546],[35.40480681647867,31.689713069266066],[35.404715351294136,31.689689431187265],[35.40462191219587,31.68967551092621],[35.39335521067663,31.688597605041053],[35.37373785380369,31.68450279800509],[35.3736430112883,31.684488226643126],[35.37354715647303,31.6844838355495],[35.37345137895817,31.684489674638623],[35.36333004062189,31.68565082434187],[35.34595305137658,31.68375269582898],[35.33073718612803,31.678043266408697],[35.29972786051003,31.662612975266235],[35.289528150719335,31.655446875296278],[35.28057602579539,31.647196658703912],[35.27618748952236,31.638459601367476],[35.27465300729273,31.629712014494633],[35.27463196593359,31.629620447604818],[35.27460149334934,31.629531573223165],[35.2745619216247,31.629446359886682],[35.27451368200522,31.62936573623496],[35.26477868134407,31.614870535041042],[35.2709501179389,31.60830663928924],[35.28254519780796,31.602210880136102],[35.28261678179424,31.602168926038058],[35.28268419787392,31.60212055780847],[35.28274687305916,31.602066186542263],[35.291371469873255,31.593857699586405],[35.291445445823776,31.593778255037513],[35.291509318904,31.59369048199367],[35.29879462304318,31.58229271690209],[35.298845366302665,31.58220222689898],[35.310571250092515,31.558136966422843],[35.31060300835588,31.55806370095402],[35.31062814754066,31.557987908885814],[35.313167857099465,31.54901716070765],[35.31318571154715,31.548941890402784],[35.313197036207676,31.54886536490272],[35.31320174741278,31.548788149589196],[35.31331746490747,31.542341436485383],[35.313314921837026,31.5422557772656],[35.313304243172176,31.54217074823962],[35.313285525732425,31.542087120334045],[35.311253512807696,31.534682067278034],[35.3112303482712,31.534609755436332],[35.311201170775725,31.534539653567887],[35.30543889869404,31.522191164537134],[35.30477079130684,31.515302169542167],[35.31162841506944,31.511879715780303],[35.31170641351961,31.51183581481082],[35.31177966573444,31.51178438362989],[35.31859722971053,31.50647260002379],[35.33470357349491,31.513080344896068],[35.334793574772625,31.51311180994219],[35.33488639964889,31.51313357738263],[35.33498100639033,31.513145402930835],[35.33507633326647,31.513147153873803],[35.335171310465086,31.513138810561458],[35.3352648720982,31.513120466627175],[35.341163529780566,31.5116356377179],[35.35475811416767,31.511421576715403],[35.354841496442155,31.51141638576571],[35.35492403813791,31.51140348545105],[35.36333244614942,31.509686196046708],[35.36341545420952,31.509665083174877],[35.363496079382884,31.509636175168747],[35.36357359145514,31.50959973384533],[35.36364728840698,31.50955608925015],[35.37127944988405,31.50453084096397],[35.371356183603126,31.50447427202481],[35.37142650325346,31.504409903901504],[35.37148961985651,31.504338458797122],[35.371544825251135,31.504260738317672],[35.37159150003902,31.50417761447815],[35.37754683065032,31.492116625190704],[35.38499297015984,31.487372513683052],[35.385061959470285,31.487323864672245],[35.38512608720132,31.487268965807782],[35.38518478916738,31.487208300081143],[35.385237548917885,31.487142401219742],[35.38528390228095,31.487071848991285],[35.385323441447056,31.48699726410306],[35.3853558185569,31.486919302741057],[35.385380748761825,31.486838650796937],[35.39191063168421,31.46156901630351],[35.391928204015265,31.461484447397954],[35.39193758847856,31.46139858344478],[35.391938698636395,31.461312215313185],[35.391608715797496,31.451928665134695],[35.40186917831504,31.416814506822252],[35.40189138992554,31.4167197183447],[35.401903232993696,31.41662308526106],[35.40190456893791,31.416525738322896],[35.400123569126336,31.37245514850416],[35.40011166885571,31.37234121659018],[35.397405947406945,31.356363912801203],[35.39738601261396,31.35627426205764],[35.39735704513245,31.356187109680686],[35.38407244752471,31.322131935505382],[35.38403436966681,31.322047450484035],[35.38398780609924,31.32196732884982],[35.38393325049023,31.32189242005448],[35.375007667344036,31.310876803500598],[35.37494350366847,31.310805708649816],[35.35537979717552,31.291321281549116],[35.34953318550246,31.283382911880427],[35.345931802107486,31.26829024116094],[35.344148937708376,31.241403516891626],[35.344137664170525,31.24130922505726],[35.344116518054804,31.241216645985794],[35.337581499772355,31.218260794883193],[35.33594605754068,31.20895929302109],[35.33592759155431,31.208877058048518],[35.33590151388643,31.208796911067267],[35.335868053234414,31.208719554954815],[35.33582750304338,31.20864566811314],[35.33578021893266,31.20857589851919],[35.33210071126698,31.203659185795587],[35.33203759485644,31.203583808901072],[35.331966633422994,31.203515766028776],[35.31987962061672,31.193131679650616],[35.315174900651876,31.178355047840462],[35.3046968070564,31.136280761270008],[35.304659775047234,31.136165667061853],[35.30046812384596,31.12562566485794],[35.30042910336778,31.125540691161476],[35.292198371872324,31.109825213599468],[35.29236586085787,31.105356669803445],[35.29682162064378,31.08869795355401],[35.296837648160086,31.08862650272086],[35.29684781401,31.088553985424078],[35.298466592735856,31.07218708351648],[35.29847096072315,31.072096592605728],[35.29846620908178,31.072006121029276],[35.29845238595987,31.071916585530495],[35.298429631426316,31.071828893367535],[35.298398176051535,31.071743933120132],[35.298358338571056,31.07166256568567],[35.29831052265582,31.071585615555772],[35.28327269196712,31.049901662516156],[35.283201164678175,31.049811445302197],[35.2622772200259,31.026634818454347],[35.26221042639679,31.02656821063945],[35.23686429351491,31.00381346582419],[35.23679734912625,31.00375893203172],[35.19206969569641,30.97076211603534],[35.192000630949636,30.970715930751563],[35.19192760139933,30.970676311255517],[35.191851229421324,30.970643595194314],[35.19177216587644,30.97061806138229],[35.191691084563715,30.97059992742489],[35.18266036441632,30.969013868945087],[35.16828872868794,30.961587002280243],[35.16820711400292,30.961549854461698],[35.168122207801446,30.961521012579205],[35.16803485295233,30.961500762947818],[35.16794591663227,30.961489306586802],[35.167856281717285,30.96148675722413],[35.16776683801841,30.96149314016747],[35.167678473448454,30.961508392052966],[35.167592065207664,30.96153236147427],[35.16750847107568,30.961564810485534],[35.15865023344397,30.965521798526733],[35.15155955710441,30.966620543351485],[35.12315021343245,30.967906463890742],[35.10797811223141,30.9646546495981],[35.10789882837994,30.964641329111867],[35.107818672146934,30.96463513695808],[35.107738283136044,30.964636122546793],[35.10384909116736,30.96485780656574],[35.103760003574294,30.964867351637007],[35.103672306503846,30.964885707329785],[35.10358686909975,30.96491269172539],[35.1035045381108,30.96494803738822],[35.10342612949883,30.96499139401624],[35.10335242035202,30.965042331912745],[35.1032841411833,30.965100346244963],[35.099796495318245,30.96837620883039],[35.0997256295694,30.9684508448611],[35.099663748249085,30.96853308349943],[35.09961166058859,30.968621849298383],[35.09097067038782,30.985488561696762],[35.08085072617959,30.995857551573156],[35.080790842914034,30.995925425103298]]],[[[35.54580706502018,31.79531580581355],[35.545775283417655,31.79523321484331],[35.54573554430006,31.795154144361103],[35.545688231877854,31.795079358845598],[35.545633803582646,31.79500958134704],[35.54557278564458,31.79494548649656],[35.54550576800455,31.79488769398364],[35.54543339861051,31.794836762564746],[35.54535637715287,31.7947931846611],[35.54527544829966,31.794757381597787],[35.54519139449688,31.794729699530254],[35.54510502840354,31.79471040609757],[35.545017185034595,31.7946996878348],[35.54492871368779,31.794697648369535],[35.54484046973235,31.79470430741997],[35.54475330633902,31.794719600604285],[35.5446680662313,31.79474338006309],[35.54458557353779,31.79477541588898],[35.54450662582417,31.794815398349368],[35.54443198638215,31.794862940881057],[35.54436237684969,31.794917583827672],[35.53713307710498,31.801190774305283],[35.5370705176693,31.801250568570097],[35.53701399028777,31.801316094841432],[35.536964017597015,31.801386747281416],[35.53692106163077,31.801461872657033],[35.536885519548086,31.801540776379735],[35.536857719961276,31.80162272892741],[35.53683791989767,31.80170697258936],[35.53682630242321,31.80179272847187],[35.536822974949864,31.80187920369964],[35.536827968242534,31.801965598746527],[35.53684123613462,31.802051114827687],[35.53686265595483,31.802134961284974],[35.5368920296614,31.802216362897116],[35.53692908567314,31.802294567047213],[35.53697348138035,31.802368850681205],[35.53702480631253,31.802438526993058],[35.537082585933504,31.802502951774766],[35.53714628602877,31.802561529372532],[35.5372153176448,31.802613718194],[35.53808473821033,31.803207554669076],[35.53816061583771,31.803254052956245],[35.53824071463846,31.80329283036157],[35.53832425147327,31.803323507751887],[35.538410409588565,31.803345785189244],[35.53849834660209,31.803359444863414],[35.538587202739,31.80336435322149],[35.53867610923804,31.80336046227363],[35.53876419684554,31.80334781006229],[35.53885060431427,31.803326520290245],[35.538934486824004,31.803296801111145],[35.539015024241465,31.80325894309436],[35.53909142913889,31.803213316384028],[35.539162954492866,31.80316036708011],[35.54032725319438,31.80220584040474],[35.54284962901369,31.806246850161806],[35.54289889544052,31.806317930617563],[35.542954756930605,31.806383954143136],[35.543016697653975,31.806444311071424],[35.543084145644485,31.806498444061184],[35.543156478081386,31.806545853243577],[35.543233027040536,31.806586100837997],[35.54328584615275,31.806607684313192],[35.548131143248874,31.794209478169375],[35.548115899961985,31.794202964876938],[35.548030654012535,31.794176175938837],[35.547943171766505,31.794157972210325],[35.5478543155741,31.7941485331334],[35.5477649613291,31.794147951753104],[35.547675989834815,31.79415623380036],[35.54758827812161,31.794173297635457],[35.547502690801636,31.79419897505282],[35.547420071546,31.794233012939074],[35.54734123476832,31.794275075768105],[35.547266957596676,31.794324748908487],[35.54582854257069,31.79539372083753],[35.54580706502018,31.79531580581355]]],[[[35.44630415953647,31.514417882546535],[35.446226957251085,31.51436673409822],[35.44614490755169,31.514323789908122],[35.44605887918827,31.51428950467339],[35.44596978303727,31.51426424140933],[35.445878562457175,31.51424826760577],[35.44578618330011,31.514241752394856],[35.44569362368533,31.51424476476026],[35.4437596392915,31.51440761355708],[35.44367410814881,31.51441896604729],[35.443590057141265,31.514438456648445],[35.44350825875524,31.514465906228548],[35.443429464774006,31.51450106250714],[35.44335439936827,31.514543602373916],[35.44328375244058,31.514593134858327],[35.44321817328465,31.51464920472288],[35.443158264617885,31.514711296647075],[35.443104577042014,31.51477883996355],[35.443057603982666,31.514851213902915],[35.44301777715447,31.514927753299045],[35.44298546259329,31.515007754702403],[35.442960957292094,31.515090482845235],[35.442944486471404,31.51517517739919],[35.442936201509355,31.515261059963237],[35.44293617855043,31.515347341217726],[35.44465616037678,31.551388665863687],[35.44326045711167,31.559495192186077],[35.4381391034459,31.572584774087698],[35.438109453619894,31.57267404799066],[35.438089283988695,31.572765929043708],[35.43807881489784,31.572859413481286],[35.438078160718185,31.572953480021464],[35.43850293954639,31.582317881842258],[35.43851158704843,31.582408010993454],[35.43852924660869,31.582496815177585],[35.43855573949403,31.58258339560386],[35.4422251106008,31.59272160016102],[35.44225804346333,31.592800626235647],[35.45392900677753,31.617435794960276],[35.458822412901995,31.63197178550301],[35.45885763978248,31.632060547818643],[35.45890207346575,31.63214507786996],[35.45895521367891,31.63222442394441],[35.4590164621234,31.63229769269514],[35.45908512921116,31.63236405919907],[35.47747492873223,31.64834034831897],[35.47755569536866,31.648402840389043],[35.485558832358585,31.653898738938558],[35.48563340728183,31.65394477457212],[35.48571210614293,31.653983338648615],[35.4857941826922,31.6540140654902],[35.48587885865157,31.654036663734384],[35.485965331094434,31.654050919096846],[35.486052780059346,31.65405669640333],[35.486140376325125,31.654053940871428],[35.486227289273835,31.654042678630045],[35.486312694766994,31.654023016471623],[35.48639578296031,31.65399514083952],[35.48647576598296,31.65395931606007],[35.48655188540839,31.65391588183616],[35.486588017950574,31.65389030721357],[35.480139,31.641119],[35.464222,31.568565],[35.461026680309196,31.52530187657634],[35.44630415953647,31.514417882546535]]],[[[35.45838023222178,31.48605562338589],[35.458293302117326,31.48606417658483],[35.45820761059918,31.48608111659634],[35.45812396486031,31.486106283849693],[35.45804315282296,31.486139441275565],[35.45796593571659,31.486180276539184],[35.45789304090729,31.48622840498243],[35.4578251550462,31.48628337324724],[35.45776291760139,31.486344663546113],[35.457706914834255,31.486411698539545],[35.445066173413394,31.503128950773668],[35.44501815556334,31.5031991119883],[35.44497697242232,31.50327349114438],[35.444942991502074,31.503351424494255],[35.44491651604289,31.503432216573223],[35.4448977823075,31.503515146405743],[35.44454089754879,31.505534581192183],[35.44452979517799,31.505622439195115],[35.44452738099077,31.505710962994264],[35.44453367836092,31.50579929551628],[35.44454862631829,31.505886581539713],[35.44457208013914,31.505971975975154],[35.444603812747296,31.50605465204724],[35.44464351691269,31.50613380929938],[35.4446908082259,31.506208681343637],[35.444745228819954,31.506278543280768],[35.44480625180329,31.506342718718596],[35.460028870487804,31.520850373980334],[35.46009698493506,31.5209090834298],[35.46017061806409,31.520960702609294],[35.46024903478196,31.521004716195154],[35.46033145224031,31.521040684791746],[35.46041704765066,31.521068249318024],[35.460504966498455,31.521087134592303],[35.460594331073835,31.521097152079463],[35.460684249233985,31.521098201773096],[35.460715998520676,31.521095391509842],[35.458745,31.494409],[35.459055,31.492808],[35.459158,31.491877],[35.458745,31.491567],[35.458125,31.491929],[35.458538,31.491619],[35.45840297301785,31.486055601044065],[35.45838023222178,31.48605562338589]]],[[[35.42240384561088,31.305991637727153],[35.42231780307196,31.306010978615333],[35.42223406651644,31.306038647690674],[35.4221534399588,31.30607437928262],[35.41521799026135,31.309564057521122],[35.41513825204537,31.30960941264313],[35.41506354496672,31.309662649121044],[35.41499464517387,31.309723213869255],[35.41493226848208,31.309790477667118],[35.414877062936704,31.309863741696077],[35.4148296020804,31.30994224479984],[35.41479037899459,31.310025171392194],[35.41475980117662,31.310111659930328],[35.414738186306245,31.31020081186558],[35.41409522272341,31.3136012892302],[35.41408199151641,31.313702298679242],[35.41408026015477,31.313804156305476],[35.41512698157055,31.34020282499755],[35.41513396473489,31.34028456649665],[35.415148362266855,31.340365332506405],[35.41517005453474,31.340444451927365],[35.41519886129355,31.340521267341874],[35.41523454318268,31.340595140476687],[35.415276803714825,31.340665457506496],[35.41532529173955,31.34073163415432],[35.42247383239789,31.34960905335935],[35.42252470125407,31.34966696230959],[35.42258033848783,31.34972030633705],[35.432369381391354,31.35833240199913],[35.43243881888925,31.358387663531897],[35.432513361200144,31.358435817939856],[35.43259228357001,31.358476397031193],[35.432674818658754,31.358509006266765],[35.432760164000825,31.358533328596106],[35.43284748980737,31.358549127540027],[35.43293594703404,31.358556249489816],[35.43302467563599,31.358554625200753],[35.43311281292987,31.358544270465345],[35.43319950198147,31.358525285959782],[35.433283899937415,31.358497856265096],[35.43336518622003,31.358462248072524],[35.43344257050554,31.35841880759055],[35.433515300408224,31.358367957178814],[35.43358266879561,31.35831019124162],[35.4335839077453,31.358308896395442],[35.416473,31.331835],[35.423915,31.324601],[35.422489262201324,31.30598107122782],[35.42240384561088,31.305991637727153]]],[[[35.4115954319696,31.095787147547455],[35.41163745063106,31.09570796602054],[35.41167138420643,31.09562499738443],[35.4116968960712,31.095539064696403],[35.411713733145085,31.09545102041744],[35.41172172840261,31.095361737955706],[35.41172080253,31.095272103002284],[35.411710964712015,31.09518300474499],[35.4116923125408,31.09509532704757],[35.41166503104778,31.095009939681674],[35.41162939086815,31.09492768969863],[35.40819811705227,31.08797964003667],[35.408156214800776,31.087904145202092],[35.40810727092374,31.08783301317253],[35.40805173590236,31.087766898649708],[35.40799012088292,31.087706410154038],[35.40792299297227,31.08765210442378],[35.40785097001805,31.0876044812908],[35.407774714922105,31.087563979080105],[35.40769492953904,31.08753097057548],[35.407612348216354,31.087505759588367],[35.40752773103546,31.08748857816159],[35.40661792453235,31.08734889765012],[35.4065306560421,31.087339826337566],[35.40644291895519,31.087339295599513],[35.40635554710737,31.087347310479988],[35.40626937086319,31.08736379480717],[35.40618520922448,31.08738859191731],[35.40610386204662,31.087421466143628],[35.40602610243693,31.087462105056048],[35.4059526694072,31.087510122430466],[35.405884260850264,31.08756506191936],[35.405821526907374,31.0876264013888],[35.40576506378939,31.087693557880733],[35.40571540811049,31.087765893153286],[35.405673031788325,31.08784271974648],[35.405638337559,31.087923307515734],[35.40561165514953,31.08800689057099],[35.40559323814419,31.088092674555607],[35.405583261574535,31.088179844195732],[35.40558182025588,31.088267571048537],[35.405588927886235,31.088355021375534],[35.40560451691609,31.08844136406631],[35.40718188841667,31.095258336720143],[35.40720770535967,31.095348315705095],[35.40724272875312,31.095435126385258],[35.40728657970736,31.09551782962637],[35.40733878383453,31.095595530729224],[35.407398776380575,31.09566738910868],[35.40746590833484,31.09573262738728],[35.407539453451236,31.095790539805062],[35.407618616104855,31.095840499854603],[35.40971332550639,31.09701480667214],[35.40979084338848,31.097053483770882],[35.40987172077186,31.09708452872004],[35.40995520829862,31.09710765387704],[35.41004053242693,31.09712264497902],[35.4101269025982,31.09712936312806],[35.41021351856186,31.097127746078105],[35.41029957778999,31.097117808811692],[35.41038428291304,31.09709964340116],[35.41046684910772,31.09707341815554],[35.410546511368665,31.097039376061122],[35.4106225315965,31.096997832530096],[35.41069420543661,31.096949172478155],[35.4107608688052,31.096893846758103],[35.41082190404229,31.096832367982543],[35.41087674563455,31.09676530577434],[35.41154574505143,31.0958617564764],[35.4115954319696,31.095787147547455]]],[[[35.40008932001704,31.22027010205833],[35.40004683672048,31.22019350144906],[35.39999710828881,31.220121393426545],[35.39994060575979,31.220054461012566],[35.399877864336794,31.219993338204482],[35.399809478319284,31.219938603969894],[35.39973609547344,31.21989077676254],[35.39965841089643,31.219850309611406],[35.399577160432266,31.219817585829528],[35.39949311370178,31.219792915383188],[35.399407066812614,31.219776531955848],[35.39833423466048,31.219625929271135],[35.39824855919789,31.219618054973882],[35.398162523321105,31.219618397542106],[35.39807691328008,31.219626953845204],[35.397992511433216,31.219643645690287],[35.397910089097664,31.219668320536787],[35.39783039950058,31.219700752890432],[35.3977541708956,31.219740646363977],[35.39768209990769,31.21978763638577],[35.39761484516685,31.219841293531438],[35.3975530212892,31.219901127448235],[35.39749719326022,31.219966591336203],[35.39744787127155,31.22003708694515],[35.397405506058554,31.22011197004187],[35.39737048478118,31.220190556297528],[35.3973431274859,31.22027212754149],[35.39732368418087,31.22035593832443],[35.397312332551245,31.220441222730695],[35.39730917633536,31.220527201377745],[35.39743302922241,31.23166110294152],[35.397440940827536,31.231770581063603],[35.39746212065141,31.23187828188891],[35.39891811923412,31.237459342959063],[35.398944421818555,31.237543175232016],[35.398978773359396,31.23762404331953],[35.39902084647052,31.2377011765112],[35.39907024017564,31.23777383969191],[35.39912648372983,31.237841340347824],[35.39918904110591,31.237903035166358],[35.39925731610306,31.237958336167264],[35.39933065802886,31.238006716306337],[35.39940836790072,31.238047714498393],[35.3994897051075,31.238080940011635],[35.399573894467856,31.238106076191503],[35.3996127006517,31.238113639191237],[35.401177,31.230291],[35.402828378968906,31.225830765899833],[35.40008932001704,31.22027010205833]]]]}},{"type":"Feature","properties":{"id":"korazim-eastern-galilee-basalt","name_he":"רמת כורזים ובזלות הגליל המזרחי","name_en":"Korazim Plateau & Eastern Galilee Basalt","rock_summary_he":"בזלת געשית (חבורת בשן), פליוקן-פליסטוקן, כ-5 מיליון שנה ועד מאות אלפי שנים","description_he":"רמה בזלתית המפרידה בין עמק החולה לכנרת. היא הורמה טקטונית על שולי בקע ים המלח וכוסתה בזרימות בזלת בפליסטוקן — אותה חבורת בשן שנמשכת משם צפונה אל הגולן ועד הר הבשן שבסוריה. לאירוע הזה יש תוצאה נופית מכרעת: זרימות הבזלת חסמו את מעבר הירדן דרומה, וכך נוצרו אגם החולה והביצות שיובשו במאה ה-20. הקרקע הבזלתית הכהה והפורייה היא שמסבירה את החקלאות באזור ראש פינה וכורזים.","color":"#6B655C","sources":[{"title":"רמת כורזים – ויקיפדיה","url":"https://he.wikipedia.org/wiki/רמת_כורזים"},{"title":"חבורת בשן – ויקיפדיה","url":"https://he.wikipedia.org/wiki/חבורת_בשן"},{"title":"גיאולוגיה – רשות ניקוז ונחלים כינרת","url":"https://kineret.org.il/מידע-ושירותים/גיאולוגיה/"}],"rock_photo":{"file":"assets/rocks/korazim-eastern-galilee-basalt.jpg","title":"The Jewish Synagogue, built in the 4th century AD of black basalt stones, Chorazin, Israel","author":"Carole Raddato","license":"CC BY-SA 2.0","license_url":"https://creativecommons.org/licenses/by-sa/2.0","source_url":"https://commons.wikimedia.org/wiki/File:The_Jewish_Synagogue,_built_in_the_4th_century_AD_of_black_basalt_stones,_Chorazin,_Israel.jpg"},"rock_class":"volcanic","rock_class_he":"סלע וולקני (בזלת)"},"geometry":{"type":"MultiPolygon","coordinates":[[[[35.52021757308959,33.12173567353591],[35.52029286597832,33.12168395376636],[35.52036252854462,33.12162486840005],[35.52042584318203,33.121559026085805],[35.520482157675254,33.121487105076994],[35.520530891918696,33.121409846244674],[35.52057154389228,33.121328045445786],[35.52522198884062,33.110641334250474],[35.52525027154692,33.110638748880184],[35.52533610252611,33.11062239492191],[35.52541994319135,33.110597795088744],[35.525501003327925,33.11056518123895],[35.525578518928135,33.11052486076445],[35.52565175939224,33.110477213693635],[35.5257200344145,33.1104226891095],[35.52578270048942,33.11036180091694],[35.52583916697696,33.110295122999126],[35.52588890166939,33.11022328380851],[35.52593143580748,33.110146960443565],[35.52596636849863,33.11006687226698],[35.525993370495364,33.10998377412553],[35.53264145125273,33.08554642709859],[35.53587248549142,33.081858753713654],[35.54403153708451,33.07861682360949],[35.544108520499336,33.07858196566539],[35.5441818950885,33.07854004082681],[35.54425101393067,33.07849141873222],[35.54431526762614,33.078436528067776],[35.547021939976524,33.07589501055087],[35.54708256200418,33.075832288827485],[35.54713682731865,33.075763992996954],[35.54718422615794,33.07569076462229],[35.54722431326293,33.07561329160224],[35.54725671206006,33.075532301709245],[35.547281118198846,33.07544855575285],[35.547297302410875,33.07536284043273],[35.54886633816958,33.0640765949252],[35.558427949275156,33.04205733203365],[35.56976110093954,33.022500895490005],[35.56980279528229,33.02241972069518],[35.56983605505912,33.02233474097539],[35.56986053831987,33.02224683002343],[35.57257918828092,33.01014040205285],[35.572595371650145,33.01004421096092],[35.57260104999719,33.009946833427676],[35.57259615662162,33.009849413293814],[35.570955744380136,32.99419446297234],[35.57225830007041,32.98990184873538],[35.58025737165021,32.98438151625021],[35.58032501966865,32.9843299467407],[35.58038749693695,32.984272221012866],[35.587958527587865,32.97658267510842],[35.597686700508056,32.97811213732846],[35.59776080302375,32.97812065875021],[35.597835356676654,32.97812301465784],[35.61284514406019,32.977974989515474],[35.612925317772046,32.977970617040754],[35.61300478272616,32.97795911644614],[35.613082906445975,32.97794057926701],[35.62239252458047,32.975287799902766],[35.62248870229072,32.975254406312146],[35.62258049311364,32.97521036396127],[35.63186346498368,32.970091234742526],[35.631949248032356,32.97003742369756],[35.632028443107274,32.969974316644794],[35.637350161890055,32.96522035739022],[35.6374210204155,32.96514958727555],[35.63748357758394,32.96507138279719],[35.64152918121792,32.9593928515979],[35.64157590402191,32.959320114290264],[35.64161543245206,32.9592432297044],[35.64164740178606,32.95916290724167],[35.641671517048145,32.9590798880242],[35.64168755573076,32.958994938056605],[35.64169536984764,32.95890884115822],[35.64169488729921,32.95882239173091],[35.641686112537876,32.95873638742928],[35.64166912652689,32.95865162180084],[35.6416440859934,32.958568876964044],[35.64161122198226,32.95848891639184],[35.64157083772428,32.95841247786725],[35.64105649106724,32.95754281410522],[35.64100733878815,32.957468388481516],[35.640951061233295,32.95739919341794],[35.6408882111122,32.95733590848861],[35.64081940568442,32.957279155223404],[35.64074532069741,32.95722949100386],[35.6406666837499,32.95718740358901],[35.64058426714602,32.957153306325075],[35.640498880310425,32.95712753408591],[35.64041136183884,32.95711033998419],[35.64032257126205,32.95710189288551],[35.640233380604364,32.95710227574998],[35.64014466581935,32.95711148481743],[35.64005729818696,32.95712942964436],[35.63895066885867,32.95741453219184],[35.64175082823304,32.95172834223981],[35.653204813812266,32.94180835930584],[35.65326364306179,32.941752578552496],[35.653317214121614,32.941691730260885],[35.65336509231398,32.94162630815653],[35.65925247725811,32.9327706349493],[35.66754360606229,32.925211246414314],[35.66760717839414,32.92514715848223],[35.6676640110095,32.92507702462274],[35.66771353216491,32.92500155039149],[35.66775524367118,32.924921495068986],[35.667788725905176,32.9248376640221],[35.671809404316434,32.91309237718049],[35.67183335217893,32.913009715494674],[35.671849295230274,32.91292514437942],[35.67185708769085,32.91283943713365],[35.67229234602781,32.902685668423345],[35.679703559508326,32.877830423168106],[35.67972702348205,32.87773171888278],[35.68205684963769,32.864706174478215],[35.682068690897275,32.86461087234488],[35.682070309965965,32.86451485104172],[35.68154879487667,32.850240211050156],[35.68154265021131,32.85016309288091],[35.6815299054161,32.85008678731666],[35.681510654660414,32.85001185816782],[35.67694771417704,32.83496707291298],[35.67691780611523,32.834883532171645],[35.676879816958305,32.834803342573935],[35.676834115977165,32.83472728359716],[35.67678114740497,32.83465609456722],[35.67672142611896,32.83459046747203],[35.66426504039427,32.822189656597196],[35.64559769558337,32.798618246140165],[35.626401002922876,32.76463466079199],[35.62635878431554,32.76456709222573],[35.62631075539464,32.76450352222724],[35.62625729255999,32.76444444899081],[35.62619881479665,32.7643903354699],[35.62613578039138,32.76434160574895],[35.613470367906416,32.755417251827446],[35.60065443746783,32.74379261464994],[35.600583456015066,32.74373453989863],[35.60050693285514,32.74368399042414],[35.60042566260486,32.74364149113242],[35.600340489174854,32.7436074833363],[35.5916505868533,32.74064155547505],[35.5763595570939,32.73032093001208],[35.57629206388644,32.73027957524436],[35.576221198073554,32.73024431072351],[35.5761475078198,32.7302154092293],[35.55698423244252,32.7236562858506],[35.556900430837096,32.72363207062967],[35.55681467860754,32.72361608184855],[35.556727781304566,32.723608469704786],[35.55664055523566,32.72360930570635],[35.55655381979668,32.7236185819999],[35.55646838977458,32.72363621144456],[35.55638506769327,32.72366202843048],[35.55630463627484,32.72369579043464],[35.55622785108666,32.72373718029901],[35.55615543344368,32.72378580920998],[35.55608806363241,32.72384122035078],[35.55602637452035,32.72390289319286],[35.55597094561093,32.72397024838565],[35.55592229759961,32.72404265319896],[35.54764211932179,32.73775856546376],[35.532010945314966,32.75219268019974],[35.53195813508614,32.75224567913994],[35.53190990942225,32.75230288135381],[35.51947804476603,32.768358212564344],[35.49982030160057,32.78452762067583],[35.49975761235472,32.78458432552349],[35.49970051960599,32.784646661703476],[35.49964952699567,32.78471407931978],[35.49960508435297,32.784785983650686],[35.49956758372681,32.784861740395144],[35.494678752396375,32.79602825656165],[35.494647004792014,32.79611184581515],[35.49462370822546,32.7961981727731],[35.49460909264457,32.796286385348616],[35.49240081707482,32.81548849406377],[35.4911775106687,32.81801067406857],[35.48421033857926,32.82413236648941],[35.46845734063999,32.833728478971494],[35.46838138762386,32.833780242354884],[35.46831111026732,32.833839482558105],[35.46824724156395,32.83390558170522],[35.468190447664995,32.83397785038142],[35.468141320931416,32.83405553482367],[35.46649136757849,32.8369859094564],[35.46645003760915,32.83706907989767],[35.46641749885394,32.83715606678217],[35.466394097809975,32.8372459438082],[35.46638008366916,32.83733775389764],[35.46637560566459,32.837430519387674],[35.46638071148143,32.837523252441656],[35.46901866317073,32.86217033369501],[35.4691834953622,32.87657094895897],[35.46918951094907,32.87666503804373],[35.46920533647744,32.87675798155243],[35.469230798277906,32.87684875952263],[35.46926561693257,32.87693637575654],[35.469309410341374,32.877019868753266],[35.46936169791529,32.87709832226033],[35.48195823524034,32.894007085835916],[35.48201092699365,32.89407138876027],[35.48206932735687,32.8941305553431],[35.482132938031626,32.89418408074832],[35.48220121626284,32.89423150827293],[35.48227357946969,32.8942724332438],[35.49300036868868,32.899701061318254],[35.493084795393976,32.899738478222226],[35.49317261185852,32.89976704676828],[35.493262893527465,32.89978646617924],[35.50124020101713,32.901078290213476],[35.498179787432,32.90907992413235],[35.49815021207468,32.90917171357942],[35.498130627771445,32.9092661405852],[35.498121259379225,32.909362120987275],[35.49812221446108,32.90945855278791],[35.49813348205126,32.90955432880665],[35.499792531190735,32.919178352699966],[35.49980977337939,32.91925711435715],[35.499833995192276,32.91933401686356],[35.49986500223613,32.91940844303465],[35.49990254566252,32.91947979555981],[35.52460789095927,32.961725408363044],[35.524656393539686,32.9617996860875],[35.52471197301444,32.96186882798974],[35.526710903390146,32.96411878617088],[35.52677033832487,32.96417963329426],[35.526835252002584,32.96423459781314],[35.526905064617196,32.96428318878689],[35.52697915260556,32.964324972203094],[35.546949389515106,32.97437472436732],[35.55079129767833,32.98123985875066],[35.55151918155155,32.98842308991847],[35.54922721590329,32.996288564053245],[35.53470957520938,33.01839437851449],[35.534660514580935,33.01847871716451],[35.534620872085384,33.01856787110831],[35.5345911136421,33.01866079251706],[35.53457158900293,33.01875638928277],[35.53040551268507,33.04684677502307],[35.512991823172904,33.046569702567965],[35.512906588597616,33.04657238697329],[35.51282199070544,33.04658312640982],[35.51273878901197,33.04660182445946],[35.51265773049778,33.04662831325206],[35.51257954290208,33.04666235497258],[35.512504928189145,33.04670364399619],[35.507281460465016,33.04992644766531],[35.49989093025015,33.045360377695715],[35.4866999504364,33.03403695371189],[35.48662697736534,33.033980540972955],[35.48654861368566,33.033931893260544],[35.486465682454615,33.03389152152375],[35.48637905470262,33.033859849788726],[35.486289640284824,33.03383721070514],[35.486198378324865,33.03382384205228],[35.48610622735118,33.03381988424171],[35.486014155229576,33.033825378842494],[35.485923128997655,33.033840268144594],[35.485834104708,33.033864395765],[35.485748017386705,33.03389750829024],[35.48277515430853,33.03521961587017],[35.48270020535053,33.035257222931065],[35.48262908183301,33.03530164232535],[35.48256240118161,33.03535248844676],[35.4695117228257,33.046302075280956],[35.464066391936065,33.04792404969257],[35.449292873888695,33.04721365642524],[35.42578982272987,33.04062279889057],[35.42571208486886,33.04060467554644],[35.42563304695086,33.040593511400594],[35.41692786606655,33.039755572728765],[35.416828858292526,33.039751522672276],[35.41673000537447,33.03975838145257],[35.41663250562238,33.039776065926496],[35.40140938074211,33.04341291118781],[35.3837471889663,33.044650416119346],[35.38365632290366,33.04466144872327],[35.38356704739013,33.044681653731814],[35.383480285860706,33.04471082215138],[35.38339693574664,33.04474865227392],[35.383317859192644,33.04479475279774],[35.383243874139254,33.04484864687498],[35.38317574586224,33.044909777043955],[35.37685712054848,33.051187918654065],[35.37679682845951,33.051254101752086],[35.37674341016307,33.05132594758746],[35.37669739425881,33.051402745211185],[35.37665923609618,33.05148373467396],[35.37256916801139,33.06141854666859],[35.372539899832525,33.06150075095585],[35.37252286114278,33.06156888373366],[35.401591,33.067931],[35.449443,33.085217],[35.480139,33.087387],[35.48395400095502,33.099090386320185],[35.50424525941804,33.097232091579336],[35.504325869572554,33.097221015673014],[35.50440514995584,33.09720270465076],[35.50448245255623,33.09717730818083],[35.51094200065212,33.094726399019365],[35.51101427479743,33.09469529785579],[35.51108355634884,33.09465800306941],[35.51114931578705,33.09461479970448],[35.51564684088986,33.09136990357083],[35.518003958093196,33.099676665944216],[35.5180293898034,33.09975308812491],[35.518061551987564,33.09982693062959],[35.51810018706543,33.09989760206898],[35.52374954051935,33.109214995140356],[35.52028411780216,33.110033201090054],[35.520190967485576,33.1100605752424],[35.52010130792612,33.11009782425708],[35.52001618253146,33.11014451465096],[35.519936581943185,33.11020010306742],[35.519863432508316,33.11026394259965],[35.51748546808113,33.11257673899473],[35.51742521935711,33.11264138884591],[35.517371601418986,33.112711635758394],[35.51732513121729,33.11278680245552],[35.51728625678856,33.112866164227135],[35.51725535293566,33.112948955916806],[35.517232717614164,33.11303437929899],[35.51634712129451,33.11719116002734],[35.51633283626989,33.11727961595696],[35.51632741759536,33.11736905393201],[35.51633091897946,33.11745858746608],[35.516343305717356,33.11754732912562],[35.51718273052269,33.1219479908758],[35.51720307018254,33.12203231271931],[35.517231432713636,33.122114284921224],[35.51726755466397,33.122193146063495],[35.51731110050631,33.12226816362591],[35.517361665754905,33.12233864079023],[35.517418780722565,33.12240392291279],[35.51748191488352,33.12246340360526],[35.51755048180129,33.122516530367285],[35.51762384457598,33.12256280971847],[35.517701321760235,33.1226018117822],[35.517782193689065,33.12263317427865],[35.517865709164575,33.122656605889915],[35.51795109243368,33.12267188896598],[35.518037550393835,33.122678881546406],[35.518124279960006,33.12267751867896],[35.51821047552426,33.12266781302298],[35.51829533643889,33.1226498547317],[35.51837807445336,33.12262381061494],[35.51845792103621,33.122589922589576],[35.520137425483824,33.12177949493417],[35.52021757308959,33.12173567353591]]],[[[35.64789885858945,33.1942843865434],[35.64798876751754,33.194260969075955],[35.6480757831734,33.194228407307456],[35.64815897825018,33.19418704824157],[35.64823746615611,33.19413733263281],[35.64831041046273,33.19407979028958],[35.64837703381848,33.19401503442806],[35.6484366262328,33.19394375513733],[35.66120699944614,33.176958887702774],[35.66125409019171,33.176889792518764],[35.66129456520563,33.17681662520353],[35.66132807511944,33.17674001731589],[35.66522312952962,33.166573456802574],[35.66524902574783,33.166495349711724],[35.66526767976357,33.1664152038481],[35.665278935635435,33.166333689204585],[35.666160310158574,33.156726470274016],[35.6661640659897,33.15664799618456],[35.6661609637814,33.156569493539465],[35.66615102717285,33.15649156053751],[35.66328413318302,33.139838010211434],[35.663265032373936,33.13975230400553],[35.66323767047125,33.13966886707775],[35.66320230793306,33.13958849366467],[35.663159281375584,33.139511948841275],[35.663109000368856,33.139439961238175],[35.66305194353808,33.139373216105774],[35.63433384256359,33.108921218284294],[35.62926803908718,33.09796908489942],[35.629230930761196,33.09789746753922],[35.6291875593874,33.09782946020084],[35.62443443447344,33.091065410181415],[35.624380771782654,33.09099642517872],[35.62432067087682,33.09093297050122],[35.62425469853086,33.09087564455119],[35.62418347688964,33.090824987934624],[35.624107677600946,33.090781478363134],[35.624028015481535,33.09074552614888],[35.62394524177617,33.09071747033523],[35.62386013707309,33.09069757549942],[35.62377350394273,33.090686029257476],[35.6236861593692,33.090682940494965],[35.62359892704579,33.090688338340115],[35.62351262960724,33.09070217188914],[35.62342808087195,33.0907243106863],[35.62334607816737,33.09075454595412],[35.623267394810895,33.09079259256227],[35.62319277281716,33.090838091716456],[35.62312291590061,33.090890614341944],[35.623058482839106,33.090949665129955],[35.62300008126149,33.09101468720859],[35.622948261917344,33.09108506739438],[35.62290351348323,33.09116014197479],[35.62286625795429,33.09123920296733],[35.62283684666465,33.09132150479611],[35.622815556974196,33.091406271322874],[35.622802589653006,33.09149270316631],[35.62279806698794,33.09157998524053],[35.62274220566143,33.10905756516526],[35.61964836126851,33.12718205258778],[35.614001555067986,33.147064567715574],[35.613980769301044,33.14715541686458],[35.61396948995482,33.14724792844402],[35.61334766188141,33.15617736918914],[35.613345835783996,33.15626492642585],[35.61335252817173,33.15635224661984],[35.613367675676756,33.15643850296699],[35.61339113487269,33.15652287873637],[35.613422683632685,33.15660457500358],[35.61346202323265,33.156682818215465],[35.613508781179796,33.15675686751466],[35.622394104303865,33.169418730740695],[35.62244366420163,33.16948298639771],[35.62249881032265,33.16954251687951],[35.64154138215699,33.18832471244945],[35.64499493044985,33.19406255410953],[35.64504653361742,33.194139107133644],[35.64510570771476,33.19420997093688],[35.64517183008043,33.19427439985246],[35.645244204939594,33.19433171592495],[35.64532207072535,33.19438131604404],[35.645404608092335,33.19442267829079],[35.64549094853831,33.19445536742956],[35.64558018354301,33.19447903948779],[35.645671374128085,33.194493445375436],[35.64576356073751,33.19449843350606],[35.645855773334574,33.19449395139189],[35.64780701452894,33.19429841015495],[35.64789885858945,33.1942843865434]]]]}}]}